trojan,vmess,shadowsocks
90412.0,72766.0,86917.0
90903.0,72805.0,87359.0
90534.0,85947.0,87929.0
115101.0,73205.0,88672.0
90835.0,72852.0,87920.0
90499.0,73355.0,87469.0
233512.0,73122.0,87333.0
90584.0,72345.0,88673.0
90236.0,87130.0,86869.0
90606.0,73510.0,88057.0
90643.0,72189.0,87542.0
90803.0,72806.0,87314.0
90691.0,72905.0,221724.0
90599.0,85617.0,87648.0
90608.0,85916.0,87209.0
90285.0,86706.0,87280.0
90338.0,72628.0,87660.0
91020.0,73141.0,87720.0
90668.0,85378.0,87329.0
90642.0,72736.0,88595.0
196713.0,72756.0,87020.0
90632.0,73296.0,87775.0
235820.0,85198.0,86995.0
90354.0,73968.0,87647.0
90974.0,86625.0,86997.0
90062.0,85839.0,87243.0
90305.0,72805.0,87351.0
91140.0,73308.0,87314.0
90481.0,72603.0,87395.0
90743.0,73045.0,87131.0
90617.0,72244.0,87225.0
91193.0,72771.0,87400.0
90630.0,87022.0,87324.0
90532.0,86797.0,87409.0
90931.0,72491.0,87238.0
90780.0,72767.0,87454.0
91531.0,85635.0,87566.0
90120.0,85720.0,88406.0
91007.0,85803.0,87588.0
90525.0,85646.0,87186.0
90530.0,85521.0,87225.0
90609.0,85187.0,87001.0
234076.0,72517.0,87504.0
90937.0,73229.0,87369.0
198162.0,85451.0,87038.0
90975.0,73164.0,87061.0
91349.0,87157.0,88067.0
235096.0,72690.0,86795.0
90426.0,87014.0,88678.0
234675.0,72482.0,87294.0
90726.0,85542.0,86620.0
90662.0,85149.0,87268.0
90719.0,72831.0,87723.0
90369.0,73741.0,88067.0
90520.0,86744.0,87333.0
90763.0,72783.0,87211.0
233704.0,73570.0,87544.0
90279.0,85990.0,88101.0
140792.0,85429.0,87312.0
90855.0,72891.0,86977.0
90008.0,85640.0,87401.0
90718.0,72857.0,87540.0
90859.0,72832.0,87613.0
90896.0,72663.0,87199.0
90878.0,72817.0,87531.0
90598.0,73073.0,87553.0
90458.0,72582.0,86904.0
90700.0,72866.0,237983.0
159031.0,72826.0,87470.0
90422.0,85351.0,87335.0
90665.0,72540.0,87328.0
90681.0,72798.0,87446.0
133813.0,73008.0,87520.0
90400.0,85545.0,87397.0
234404.0,85259.0,88234.0
90359.0,72796.0,87447.0
90765.0,72818.0,86858.0
96559.0,85515.0,87202.0
90793.0,85503.0,87426.0
90396.0,85138.0,91051.0
90914.0,72816.0,87662.0
90630.0,73205.0,87389.0
233514.0,72652.0,87339.0
90128.0,85481.0,87093.0
90444.0,85096.0,86830.0
90177.0,72804.0,87652.0
234273.0,72734.0,86789.0
90249.0,72562.0,88216.0
90745.0,85502.0,87319.0
90274.0,90994.0,87035.0
240871.0,85679.0,87320.0
90521.0,73348.0,87516.0
233600.0,72804.0,87104.0
90170.0,86821.0,87317.0
91477.0,72442.0,87402.0
90715.0,72711.0,87358.0
90538.0,85777.0,87461.0
90826.0,73334.0,87168.0
90052.0,73344.0,139900.0
234324.0,72756.0,87488.0
90460.0,85286.0,87688.0
234565.0,72709.0,87474.0
234039.0,85852.0,87553.0
165324.0,85715.0,87440.0
90212.0,85561.0,88328.0
90620.0,73429.0,87114.0
90723.0,73143.0,139597.0
90596.0,72317.0,87525.0
90443.0,72567.0,87334.0
233952.0,86023.0,87439.0
121793.0,86072.0,87229.0
233309.0,73447.0,87695.0
90471.0,85885.0,87185.0
90303.0,73353.0,86634.0
234872.0,73144.0,87301.0
91109.0,86010.0,88445.0
90432.0,72595.0,87156.0
90586.0,87374.0,87175.0
115673.0,72743.0,87098.0
90816.0,85426.0,87629.0
90816.0,72852.0,87551.0
90599.0,85198.0,87512.0
90525.0,72843.0,87563.0
90427.0,72226.0,87347.0
90785.0,85166.0,86672.0
90663.0,73000.0,87578.0
90681.0,85551.0,87927.0
90367.0,85250.0,87334.0
165043.0,85665.0,87149.0
90271.0,85994.0,87000.0
233590.0,74023.0,87164.0
90538.0,85647.0,87510.0
90599.0,72790.0,87616.0
90463.0,85775.0,88579.0
97149.0,85551.0,87886.0
240364.0,72562.0,86589.0
171592.0,85556.0,87561.0
90497.0,87340.0,87378.0
90511.0,72570.0,87984.0
233709.0,72265.0,87205.0
90380.0,85747.0,87387.0
90402.0,73235.0,87585.0
235284.0,72758.0,86884.0
90223.0,220160.0,87142.0
90325.0,72541.0,87011.0
90135.0,85807.0,87348.0
190381.0,73059.0,87342.0
91035.0,87152.0,87726.0
90541.0,72765.0,88084.0
90435.0,72483.0,87223.0
90657.0,85196.0,87463.0
90072.0,72817.0,87251.0
90908.0,73356.0,87205.0
235309.0,72765.0,88140.0
90480.0,72767.0,87134.0
234719.0,72844.0,87127.0
90528.0,85359.0,87638.0
96117.0,73474.0,87023.0
90270.0,72385.0,87809.0
90240.0,85558.0,87225.0
90983.0,85324.0,86598.0
234041.0,72028.0,87187.0
90699.0,85525.0,87316.0
90203.0,85823.0,87297.0
90202.0,72843.0,87392.0
90802.0,85491.0,87000.0
234914.0,85671.0,90509.0
90583.0,72482.0,86901.0
91059.0,72865.0,87090.0
90853.0,85060.0,87293.0
91103.0,72802.0,87004.0
90857.0,86051.0,87128.0
90092.0,85929.0,87544.0
90369.0,87150.0,86984.0
90230.0,85369.0,86993.0
90533.0,72848.0,87478.0
90641.0,85639.0,86995.0
234622.0,85458.0,87312.0
90436.0,85245.0,87608.0
90955.0,72860.0,87370.0
90721.0,72780.0,87063.0
90861.0,72476.0,87023.0
90711.0,85307.0,87278.0
90784.0,72854.0,87425.0
90786.0,72965.0,87189.0
90316.0,85103.0,87469.0
89918.0,73144.0,87545.0
234214.0,72661.0,87018.0
90560.0,85141.0,88030.0
90573.0,73177.0,87170.0
91736.0,85944.0,87335.0
233608.0,85347.0,87836.0
90457.0,85704.0,87415.0
90949.0,72736.0,87191.0
91015.0,72833.0,87561.0
234349.0,85786.0,87313.0
90923.0,72682.0,87580.0
90688.0,85795.0,87438.0
90217.0,85257.0,87517.0
90741.0,72628.0,87099.0
221101.0,85368.0,87569.0
234092.0,72840.0,86976.0
90980.0,73467.0,86806.0
90640.0,85476.0,86898.0
89198.0,85340.0,87195.0
108511.0,85654.0,87998.0
90175.0,85635.0,87019.0
88991.0,86781.0,87174.0
89648.0,85863.0,86878.0
89149.0,87263.0,87298.0
88783.0,72742.0,87560.0
91503.0,71931.0,87277.0
89258.0,73723.0,87828.0
89528.0,73081.0,87703.0
89597.0,72534.0,136693.0
88959.0,72566.0,86456.0
89715.0,72694.0,105771.0
89920.0,72770.0,86739.0
89870.0,72819.0,112013.0
89512.0,72634.0,87191.0
89421.0,72571.0,124276.0
88976.0,73141.0,105202.0
89082.0,72790.0,86570.0
88959.0,85414.0,149139.0
89420.0,72748.0,149526.0
89834.0,213992.0,156217.0
215969.0,85342.0,87117.0
90154.0,72817.0,86857.0
89289.0,85265.0,86891.0
89059.0,85471.0,86526.0
89828.0,85840.0,86622.0
212385.0,85580.0,87756.0
109427.0,85644.0,87186.0
88948.0,85601.0,86688.0
89445.0,86989.0,136267.0
114423.0,85707.0,87038.0
90319.0,85456.0,86726.0
89428.0,85707.0,86793.0
107653.0,85537.0,136363.0
89277.0,85721.0,86916.0
89613.0,209872.0,92513.0
89114.0,85449.0,162055.0
90378.0,85416.0,92966.0
89352.0,85993.0,150470.0
89215.0,85531.0,86895.0
52768.0,85877.0,87116.0
88707.0,85658.0,230010.0
90013.0,85903.0,86988.0
102767.0,85514.0,148861.0
88813.0,88541.0,86518.0
89310.0,85808.0,163057.0
89548.0,85316.0,155314.0
89032.0,85753.0,86919.0
88847.0,85354.0,86889.0
89267.0,87130.0,167824.0
89852.0,86014.0,86933.0
88749.0,85750.0,86598.0
89547.0,85674.0,86533.0
88974.0,86198.0,86562.0
89434.0,85781.0,86829.0
212387.0,85727.0,136163.0
89302.0,86067.0,74521.0
4813.0,203812.0,75133.0
85133.0,85693.0,230565.0
4721.0,85569.0,161918.0
4665.0,209502.0,86820.0
4689.0,85702.0,168020.0
4781.0,86362.0,148900.0
4781.0,85870.0,86648.0
4665.0,203744.0,86882.0
4717.0,85581.0,86986.0
4721.0,85613.0,86698.0
4781.0,85539.0,86480.0
4721.0,85297.0,86770.0
4741.0,85703.0,143405.0
4677.0,85575.0,136769.0
90422.0,85204.0,86886.0
89473.0,85579.0,87483.0
89314.0,85613.0,155659.0
89390.0,86535.0,130565.0
89646.0,85683.0,74586.0
89594.0,85366.0,86852.0
89790.0,85949.0,86990.0
89088.0,85589.0,87091.0
88802.0,86303.0,150143.0
89153.0,85897.0,87090.0
89177.0,85277.0,87523.0
90836.0,87235.0,149008.0
89698.0,85550.0,86886.0
89742.0,85471.0,86552.0
89714.0,86386.0,86731.0
89070.0,87161.0,86965.0
89635.0,85352.0,86822.0
89273.0,86965.0,86904.0
89257.0,85453.0,86882.0
91330.0,85595.0,87072.0
89303.0,85344.0,86816.0
89468.0,85663.0,86706.0
88889.0,85732.0,149325.0
90081.0,85147.0,86996.0
89198.0,85737.0,123849.0
89357.0,85059.0,86964.0
89409.0,85559.0,143065.0
89374.0,85535.0,143971.0
89506.0,85779.0,143740.0
89444.0,85776.0,123983.0
89389.0,86418.0,87607.0
89675.0,85166.0,86723.0
88808.0,87079.0,136910.0
89444.0,85295.0,87187.0
90530.0,87419.0,137534.0
90519.0,85924.0,155429.0
89986.0,214580.0,92932.0
88942.0,85792.0,86805.0
89661.0,85872.0,155343.0
89443.0,86159.0,86434.0
127959.0,85142.0,161017.0
103266.0,85764.0,232227.0
89282.0,85439.0,105494.0
89113.0,85370.0,93329.0
90257.0,85381.0,87310.0
89490.0,85796.0,136709.0
89547.0,85459.0,136809.0
88922.0,85660.0,86989.0
89508.0,85289.0,212488.0
89263.0,85615.0,87424.0
89616.0,86886.0,86760.0
88786.0,86137.0,150285.0
88983.0,85878.0,87116.0
89550.0,85559.0,199181.0
88395.0,85652.0,162590.0
88948.0,85819.0,87182.0
89269.0,85779.0,86621.0
89238.0,85573.0,86769.0
78029.0,85621.0,87295.0
89288.0,85728.0,155869.0
89374.0,85484.0,86566.0
89599.0,85185.0,86994.0
89501.0,86165.0,86884.0
89500.0,215954.0,86971.0
89358.0,85843.0,86920.0
89385.0,85903.0,86556.0
91532.0,85714.0,87178.0
95478.0,85237.0,86395.0
126572.0,85834.0,87260.0
89145.0,85534.0,87296.0
76794.0,87031.0,149225.0
89266.0,85896.0,106268.0
88840.0,85487.0,87068.0
88994.0,85437.0,86790.0
88841.0,85598.0,155730.0
89166.0,85540.0,229850.0
89184.0,85565.0,87090.0
89021.0,85299.0,86727.0
89431.0,85359.0,86363.0
88986.0,85854.0,86760.0
88990.0,85653.0,155787.0
89093.0,85548.0,155402.0
89039.0,85767.0,87912.0
89716.0,85555.0,86839.0
88909.0,85380.0,86617.0
89958.0,85448.0,86742.0
89296.0,87053.0,86898.0
108980.0,85659.0,87389.0
89356.0,85930.0,86931.0
89465.0,85747.0,155645.0
89120.0,85643.0,87079.0
89428.0,85850.0,87055.0
88864.0,87102.0,161418.0
89096.0,85604.0,87160.0
89344.0,85838.0,117943.0
89560.0,85752.0,87160.0
89077.0,85497.0,5607.0
89109.0,85583.0,155085.0
89312.0,85378.0,155667.0
89416.0,85766.0,87104.0
89248.0,214961.0,87627.0
91216.0,85342.0,230076.0
89749.0,85818.0,87020.0
89032.0,86002.0,87178.0
88758.0,85746.0,87206.0
89742.0,85265.0,86630.0
88965.0,85167.0,143129.0
89250.0,85850.0,149184.0
89573.0,85869.0,173897.0
89878.0,85838.0,124353.0
88914.0,85777.0,87893.0
90095.0,85636.0,86160.0
89357.0,85512.0,148447.0
89289.0,85550.0,125188.0
89683.0,85610.0,86899.0
90451.0,85445.0,124758.0
89286.0,85635.0,86721.0
89155.0,87209.0,149262.0
89360.0,85389.0,136583.0
89351.0,85596.0,87187.0
89019.0,85364.0,87111.0
89199.0,215283.0,87128.0
88963.0,85732.0,136758.0
89320.0,85766.0,86343.0
89322.0,85645.0,155628.0
89826.0,85309.0,87247.0
89817.0,85843.0,87450.0
212676.0,85824.0,99421.0
189614.0,85022.0,86594.0
89559.0,85977.0,86796.0
89116.0,85012.0,86886.0
89040.0,85765.0,86425.0
89044.0,86032.0,86914.0
89138.0,86083.0,130899.0
89230.0,85594.0,173795.0
89371.0,85411.0,86966.0
89882.0,85471.0,86716.0
89708.0,85706.0,86591.0
89026.0,85310.0,136783.0
200661.0,85603.0,87151.0
88974.0,85520.0,87179.0
89149.0,85370.0,759.0
90137.0,85459.0,17783.0
151729.0,85562.0,951.0
89146.0,85442.0,4651.0
89299.0,85663.0,219866.0
88927.0,85483.0,87009.0
89214.0,85876.0,87690.0
89386.0,85416.0,87635.0
88878.0,85367.0,87806.0
89094.0,85925.0,86954.0
89096.0,85448.0,87403.0
89145.0,85619.0,87673.0
89885.0,85721.0,87702.0
89135.0,85794.0,87336.0
214371.0,85621.0,87418.0
88927.0,85431.0,88399.0
89317.0,86057.0,87960.0
213101.0,85635.0,87219.0
88904.0,85566.0,86951.0
90322.0,85641.0,87399.0
212662.0,85743.0,87713.0
89234.0,85757.0,87594.0
88749.0,85682.0,87940.0
89126.0,85823.0,86914.0
94664.0,85809.0,87255.0
89270.0,85393.0,87308.0
88960.0,85910.0,87238.0
89011.0,85363.0,87766.0
90520.0,85442.0,87750.0
89263.0,215201.0,87756.0
89389.0,85467.0,87401.0
225067.0,85488.0,87384.0
89608.0,85702.0,87531.0
89253.0,85635.0,87349.0
88611.0,85503.0,86943.0
89360.0,85368.0,87444.0
89200.0,85346.0,86945.0
89572.0,86577.0,87738.0
89284.0,85734.0,87341.0
88768.0,85440.0,87210.0
89405.0,85635.0,87846.0
89524.0,79604.0,87760.0
89032.0,85395.0,87468.0
88985.0,85592.0,87534.0
218636.0,73395.0,87551.0
89051.0,73666.0,88076.0
89662.0,73153.0,87290.0
4781.0,85236.0,87413.0
85030.0,85439.0,87075.0
4721.0,73585.0,87512.0
4741.0,73137.0,87531.0
4781.0,73626.0,87644.0
4721.0,85320.0,87075.0
4781.0,85581.0,87602.0
4721.0,73543.0,87181.0
4721.0,72912.0,88534.0
4781.0,73455.0,87362.0
4749.0,85487.0,87261.0
4721.0,73358.0,87664.0
4781.0,73093.0,87470.0
4717.0,73241.0,87279.0
89243.0,73058.0,87273.0
88993.0,73355.0,87669.0
89609.0,85474.0,88065.0
89477.0,85740.0,87710.0
89057.0,85530.0,87188.0
89110.0,73110.0,87237.0
89112.0,85288.0,86754.0
88908.0,85767.0,88146.0
89492.0,73287.0,87211.0
90368.0,73368.0,86749.0
88982.0,73070.0,87890.0
89610.0,85464.0,87829.0
89427.0,85407.0,86943.0
89255.0,85687.0,87009.0
156824.0,85584.0,87566.0
89370.0,73636.0,87537.0
89510.0,85847.0,87047.0
89493.0,85761.0,89103.0
89274.0,85670.0,87350.0
89278.0,85598.0,87951.0
89131.0,73122.0,87562.0
89095.0,73433.0,87657.0
92097.0,73394.0,87037.0
101937.0,214096.0,87174.0
89346.0,110807.0,87451.0
88802.0,79629.0,87402.0
120129.0,85520.0,87593.0
88983.0,73393.0,87472.0
89354.0,85708.0,86919.0
101321.0,73231.0,87359.0
157951.0,85611.0,87350.0
89051.0,85823.0,87475.0
89482.0,73676.0,87768.0
89690.0,73229.0,87553.0
91390.0,85653.0,87384.0
89403.0,73100.0,87173.0
89018.0,73431.0,87801.0
89473.0,73443.0,87630.0
89508.0,72957.0,87174.0
89479.0,85535.0,86939.0
89260.0,85323.0,87384.0
89386.0,85890.0,87621.0
89252.0,73231.0,87283.0
91735.0,85673.0,87366.0
89565.0,85412.0,87203.0
89571.0,73357.0,86848.0
89068.0,73366.0,86718.0
89241.0,73302.0,87550.0
89004.0,85243.0,87439.0
89259.0,85497.0,88267.0
88995.0,85470.0,87178.0
88972.0,73128.0,86747.0
89589.0,73295.0,86680.0
88858.0,73176.0,87893.0
89060.0,73678.0,87288.0
89386.0,85699.0,87271.0
88882.0,73701.0,87303.0
88876.0,85685.0,88370.0
88837.0,73034.0,87180.0
90433.0,85697.0,87897.0
175927.0,73387.0,87563.0
89535.0,85401.0,87798.0
89422.0,73037.0,87281.0
88748.0,73157.0,87474.0
88970.0,72996.0,87573.0
89165.0,73486.0,87108.0
88690.0,85959.0,87209.0
88788.0,73283.0,87426.0
89065.0,85694.0,87314.0
88833.0,73136.0,87282.0
89603.0,86016.0,87563.0
89634.0,85688.0,87109.0
90569.0,85469.0,87278.0
89258.0,73263.0,87412.0
89261.0,85576.0,87885.0
88615.0,85424.0,87563.0
89344.0,85261.0,87609.0
89339.0,73126.0,86847.0
89048.0,73683.0,87404.0
90237.0,73260.0,86842.0
89082.0,73567.0,87408.0
89588.0,73106.0,87244.0
89490.0,85528.0,86916.0
89701.0,72917.0,87491.0
89315.0,73545.0,87537.0
95046.0,73488.0,87159.0
89064.0,85052.0,87079.0
92527.0,97948.0,86929.0
88828.0,73102.0,86939.0
151963.0,85949.0,87017.0
89041.0,85792.0,87362.0
88947.0,86075.0,87010.0
95191.0,73562.0,86991.0
88907.0,73111.0,87059.0
89564.0,74348.0,87753.0
89403.0,79627.0,87112.0
88922.0,72937.0,86579.0
89814.0,73613.0,87317.0
95715.0,73358.0,86617.0
88841.0,85263.0,87464.0
89284.0,85339.0,87119.0
89641.0,72977.0,87010.0
92214.0,85412.0,86943.0
89325.0,85366.0,87508.0
89236.0,73284.0,87471.0
89178.0,85846.0,87866.0
89913.0,73637.0,87243.0
89033.0,85679.0,87144.0
88863.0,85675.0,87656.0
89185.0,73198.0,87122.0
89252.0,73176.0,87283.0
89137.0,73355.0,87469.0
133282.0,73412.0,87233.0
91722.0,73315.0,86939.0
89274.0,85794.0,87436.0
89398.0,85565.0,87505.0
89525.0,73319.0,87069.0
212638.0,73170.0,87714.0
88895.0,85417.0,87005.0
88985.0,85651.0,87241.0
95567.0,85246.0,86945.0
89468.0,85700.0,87668.0
89737.0,73016.0,87470.0
88999.0,73177.0,86975.0
89360.0,85408.0,87078.0
90478.0,73211.0,87521.0
89386.0,73069.0,87386.0
88792.0,85600.0,87410.0
89062.0,73268.0,87885.0
89216.0,73436.0,87474.0
89097.0,85720.0,87499.0
89198.0,73675.0,87403.0
89128.0,85725.0,87301.0
89077.0,85465.0,87828.0
89102.0,85246.0,87003.0
88873.0,73212.0,87327.0
90865.0,85580.0,87560.0
89370.0,85685.0,88560.0
89129.0,85800.0,87591.0
4721.0,85388.0,87043.0
85071.0,85818.0,86949.0
4721.0,73351.0,87254.0
4761.0,85362.0,87962.0
4721.0,73098.0,87632.0
4753.0,98198.0,87041.0
4781.0,85084.0,87832.0
4753.0,73444.0,87147.0
4781.0,73163.0,87211.0
4813.0,73387.0,87536.0
4677.0,85610.0,87698.0
4781.0,85105.0,248063.0
4721.0,73194.0,249488.0
4721.0,85840.0,247597.0
88989.0,72992.0,249556.0
88874.0,73096.0,247439.0
91650.0,85785.0,247430.0
88950.0,85238.0,247542.0
89049.0,73095.0,247825.0
157062.0,73444.0,247776.0
89072.0,73244.0,246974.0
89379.0,85855.0,247454.0
88959.0,85114.0,247864.0
88851.0,85187.0,247672.0
89100.0,73742.0,247090.0
88802.0,73609.0,247912.0
89126.0,85925.0,247682.0
90220.0,85984.0,247776.0
88937.0,85321.0,247419.0
89128.0,73132.0,247194.0
89067.0,85144.0,247849.0
187865.0,73850.0,247508.0
89423.0,73447.0,247310.0
89126.0,85773.0,247648.0
89465.0,73063.0,247648.0
90990.0,73175.0,249479.0
89081.0,86021.0,105166.0
90991.0,85698.0,247429.0
90429.0,73186.0,248427.0
89477.0,73197.0,248466.0
89016.0,73731.0,247306.0
107954.0,73090.0,247798.0
90612.0,73159.0,247730.0
89523.0,85573.0,247774.0
161201.0,85312.0,248714.0
89122.0,75125.0,249898.0
89169.0,86122.0,247506.0
89051.0,73114.0,247642.0
89177.0,85288.0,247520.0
89001.0,73019.0,247743.0
95190.0,85716.0,247999.0
88727.0,73456.0,248310.0
89114.0,73557.0,249200.0
89173.0,73675.0,247262.0
95226.0,85107.0,247673.0
253558.0,85114.0,247574.0
148240.0,85548.0,247492.0
154474.0,73154.0,248522.0
168607.0,85850.0,247614.0
130045.0,73102.0,247631.0
162353.0,73046.0,248230.0
148841.0,85534.0,248737.0
130592.0,73373.0,247326.0
160053.0,85428.0,247210.0
166225.0,85349.0,247248.0
142181.0,73632.0,247535.0
160135.0,85391.0,248110.0
252989.0,86660.0,247608.0
173560.0,72998.0,248281.0
166672.0,73181.0,249530.0
160913.0,73373.0,247768.0
167687.0,73355.0,247896.0
178270.0,24085.0,249676.0
148339.0,73252.0,249271.0
147837.0,73467.0,247676.0
141842.0,73402.0,249497.0
160410.0,73146.0,249427.0
142563.0,73158.0,246820.0
142283.0,73411.0,248275.0
154733.0,85605.0,247649.0
117123.0,72896.0,247640.0
135032.0,11957.0,253443.0
147782.0,73439.0,247994.0
135669.0,73342.0,248050.0
192630.0,85834.0,247329.0
130069.0,85690.0,247836.0
110669.0,24360.0,247802.0
160424.0,85953.0,247112.0
150175.0,73184.0,247780.0
135289.0,85355.0,247395.0
110764.0,85611.0,231647.0
153767.0,85744.0,248110.0
160872.0,17930.0,248018.0
148277.0,24296.0,247445.0
130407.0,85837.0,247700.0
192165.0,73283.0,247980.0
135237.0,72971.0,247730.0
148083.0,85784.0,247578.0
123153.0,24102.0,249050.0
150073.0,86386.0,247558.0
136392.0,73439.0,247934.0
251892.0,73068.0,247207.0
161092.0,86048.0,247395.0
159976.0,85880.0,247528.0
135173.0,73068.0,258679.0
142277.0,86334.0,247431.0
141944.0,85565.0,249445.0
129947.0,85537.0,247086.0
160425.0,73503.0,247406.0
154552.0,86088.0,247911.0
161601.0,73232.0,247874.0
197657.0,30160.0,247778.0
147740.0,72955.0,248005.0
135848.0,85718.0,248608.0
155833.0,73050.0,247944.0
135617.0,11950.0,249088.0
153627.0,72860.0,251022.0
148174.0,86080.0,247866.0
165566.0,85941.0,248746.0
166504.0,72973.0,247708.0
147708.0,73753.0,247966.0
159956.0,73366.0,247669.0
161328.0,73319.0,247631.0
161466.0,73032.0,249612.0
136813.0,85928.0,247506.0
172442.0,74013.0,247493.0
166907.0,73200.0,247945.0
148118.0,73201.0,247362.0
147663.0,85944.0,247440.0
166344.0,73154.0,247782.0
142307.0,85906.0,247342.0
155253.0,24072.0,247158.0
147629.0,87465.0,247326.0
154544.0,85354.0,247751.0
160644.0,73184.0,248237.0
153528.0,73429.0,247802.0
141695.0,85951.0,247612.0
130020.0,73607.0,250345.0
162853.0,85447.0,251550.0
159988.0,85722.0,247872.0
123296.0,73163.0,248142.0
154841.0,72922.0,759.0
160515.0,73300.0,11303.0
130621.0,24333.0,245140.0
110934.0,85878.0,253793.0
141862.0,85667.0,247754.0
173514.0,85706.0,247972.0
166953.0,86153.0,247477.0
254053.0,85468.0,247546.0
155465.0,85593.0,247718.0
174122.0,85725.0,248070.0
154142.0,73078.0,247926.0
147989.0,85875.0,247954.0
153606.0,73206.0,242017.0
154350.0,18075.0,247898.0
129710.0,73719.0,249566.0
178732.0,24056.0,256402.0
149144.0,85775.0,247958.0
147766.0,73003.0,247510.0
148384.0,85986.0,247995.0
141795.0,85880.0,248182.0
136027.0,85554.0,247440.0
162211.0,86201.0,247440.0
142340.0,85836.0,247893.0
142483.0,73445.0,247989.0
154657.0,24233.0,248184.0
153939.0,73604.0,247965.0
147858.0,85468.0,253490.0
147641.0,85695.0,247984.0
141669.0,73069.0,250251.0
148476.0,36407.0,247610.0
136039.0,76731.0,248965.0
149998.0,85733.0,247818.0
166437.0,85658.0,254670.0
147471.0,73511.0,253763.0
166915.0,73399.0,247610.0
154888.0,86069.0,248243.0
135104.0,73421.0,248308.0
122958.0,73425.0,248272.0
148869.0,73009.0,247524.0
147914.0,73206.0,247520.0
141649.0,85276.0,247792.0
142033.0,73270.0,247904.0
141843.0,73209.0,247595.0
111514.0,73786.0,247468.0
255852.0,73658.0,248192.0
148402.0,85373.0,247709.0
128628.0,24209.0,253269.0
154060.0,86085.0,247769.0
252635.0,73036.0,248119.0
167045.0,86053.0,251322.0
160764.0,85992.0,233985.0
172010.0,73157.0,247100.0
148510.0,72955.0,247654.0
123916.0,72989.0,248088.0
129031.0,86005.0,247672.0
148372.0,73185.0,248978.0
135578.0,85977.0,247731.0
160561.0,86011.0,251570.0
167421.0,72948.0,104903.0
149742.0,73431.0,248180.0
154119.0,85497.0,248175.0
165312.0,86600.0,247820.0
149598.0,85823.0,247858.0
129657.0,85654.0,247792.0
185631.0,30387.0,252020.0
136187.0,85768.0,255205.0
153911.0,73198.0,247656.0
147873.0,73734.0,247615.0
166484.0,73460.0,250326.0
160299.0,86183.0,247233.0
129786.0,73451.0,247420.0
110714.0,73122.0,248329.0
110557.0,73404.0,247314.0
154909.0,73349.0,249197.0
173097.0,86106.0,247998.0
135578.0,24167.0,248180.0
141564.0,85914.0,248246.0
148349.0,85766.0,247994.0
254706.0,73051.0,248047.0
166485.0,18003.0,247610.0
230297.0,86195.0,247842.0
172615.0,85719.0,247846.0
141978.0,72975.0,247881.0
131223.0,85768.0,247892.0
149384.0,86055.0,247554.0
155964.0,85520.0,249071.0
160669.0,72892.0,247719.0
148676.0,85639.0,106766.0
149008.0,85288.0,169676.0
130112.0,73099.0,106082.0
172550.0,85831.0,105732.0
166886.0,73885.0,106729.0
148295.0,73454.0,120897.0
173184.0,85675.0,105906.0
166730.0,72994.0,106723.0
123344.0,73517.0,106240.0
149687.0,73513.0,106644.0
234385.0,85850.0,132475.0
147324.0,73581.0,106779.0
160151.0,73311.0,106032.0
128982.0,73042.0,108094.0
148244.0,73047.0,107737.0
142387.0,30518.0,106248.0
154737.0,73154.0,106587.0
148093.0,85646.0,106650.0
141573.0,73233.0,106086.0
160413.0,85578.0,125697.0
153835.0,85542.0,158549.0
161293.0,36459.0,106652.0
136064.0,86066.0,106506.0
128900.0,73038.0,106148.0
153696.0,72934.0,105793.0
129356.0,86303.0,133325.0
147778.0,73562.0,106794.0
123742.0,73450.0,106970.0
148133.0,85908.0,222193.0
161148.0,18052.0,105946.0
168591.0,73170.0,125189.0
197646.0,85640.0,106041.0
259652.0,73282.0,106405.0
141916.0,85588.0,106248.0
174317.0,85758.0,105820.0
129106.0,73817.0,106621.0
153713.0,73447.0,105861.0
147889.0,86047.0,105852.0
187888.0,73279.0,105851.0
160685.0,86055.0,106587.0
199044.0,85610.0,137654.0
6676.0,73304.0,172281.0
234690.0,85384.0,106533.0
178560.0,85492.0,106474.0
174747.0,24080.0,125980.0
185093.0,85730.0,106254.0
179203.0,73138.0,105645.0
171885.0,86068.0,158555.0
178761.0,85997.0,105860.0
186503.0,73558.0,106242.0
190706.0,85755.0,105765.0
179248.0,24309.0,106576.0
237383.0,73276.0,105829.0
254681.0,85506.0,106023.0
166700.0,85917.0,106108.0
172745.0,73459.0,105993.0
185629.0,86138.0,106293.0
237032.0,73359.0,106731.0
197394.0,73420.0,105639.0
178621.0,85606.0,105650.0
198107.0,85424.0,106484.0
180346.0,85675.0,106240.0
191924.0,85624.0,106972.0
237799.0,73186.0,221151.0
172980.0,85639.0,107363.0
203667.0,73108.0,106546.0
194803.0,73418.0,105924.0
172425.0,24164.0,106134.0
222862.0,73336.0,105692.0
172680.0,86024.0,106474.0
241065.0,73070.0,106186.0
209509.0,73260.0,145060.0
159800.0,73238.0,105964.0
209728.0,85084.0,106276.0
172638.0,86633.0,107194.0
168418.0,74352.0,119530.0
209467.0,86425.0,105529.0
240930.0,85718.0,107361.0
197600.0,86902.0,106186.0
234112.0,73331.0,106075.0
205053.0,73355.0,106520.0
256294.0,88868.0,107038.0
129777.0,85896.0,105522.0
173255.0,86117.0,106649.0
192667.0,73409.0,106012.0
166164.0,88614.0,107127.0
149225.0,85318.0,106389.0
179801.0,73533.0,106277.0
159356.0,88715.0,106506.0
247966.0,85405.0,106254.0
228612.0,74870.0,105200.0
252904.0,87623.0,106080.0
253224.0,72983.0,106726.0
173512.0,73356.0,106087.0
235693.0,85564.0,105984.0
136512.0,85730.0,150172.0
179701.0,85968.0,107243.0
173147.0,73666.0,106607.0
196963.0,73062.0,144350.0
255555.0,74058.0,137928.0
179132.0,129186.0,107403.0
253696.0,73363.0,105737.0
185407.0,87143.0,106804.0
179397.0,85580.0,107104.0
190787.0,74631.0,106383.0
172371.0,73140.0,106528.0
199001.0,73230.0,105728.0
247402.0,74223.0,107045.0
155825.0,87099.0,139029.0
172876.0,73191.0,131645.0
242617.0,73186.0,106818.0
253839.0,73408.0,106878.0
166726.0,85541.0,106315.0
173103.0,73013.0,106470.0
178731.0,73447.0,137102.0
247322.0,85964.0,105669.0
204024.0,85591.0,105691.0
178588.0,73154.0,149652.0
178399.0,72932.0,125397.0
253359.0,74295.0,177767.0
172523.0,85157.0,106427.0
167789.0,73297.0,105699.0
160131.0,90376.0,106120.0
173039.0,73185.0,106586.0
254414.0,86085.0,106441.0
179241.0,85331.0,244900.0
178392.0,87318.0,105671.0
166232.0,77795.0,106014.0
204988.0,74544.0,221661.0
178227.0,73563.0,107715.0
203298.0,74199.0,201759.0
173314.0,85304.0,219687.0
135647.0,73598.0,106273.0
255517.0,87841.0,105953.0
179159.0,86758.0,105697.0
254327.0,89573.0,106272.0
192152.0,73425.0,105898.0
240777.0,73227.0,125426.0
253275.0,74054.0,106578.0
172344.0,73521.0,106178.0
180229.0,73373.0,106696.0
160412.0,73803.0,105710.0
159947.0,73651.0,106196.0
185819.0,85742.0,105857.0
161311.0,85162.0,106364.0
172363.0,85398.0,105715.0
216250.0,73557.0,107215.0
193159.0,73433.0,105653.0
203913.0,73734.0,105697.0
167465.0,75195.0,246237.0
172861.0,85179.0,105482.0
247846.0,74874.0,106694.0
197051.0,86021.0,105868.0
253710.0,84778.0,106374.0
209526.0,73206.0,105759.0
160521.0,73237.0,106402.0
168395.0,73456.0,106059.0
161773.0,85826.0,164315.0
234101.0,85908.0,106073.0
260486.0,75617.0,112685.0
154229.0,85450.0,106284.0
166868.0,73086.0,246124.0
179170.0,85674.0,107029.0
197737.0,86946.0,106465.0
185481.0,74812.0,105594.0
229025.0,74674.0,107086.0
191735.0,75173.0,107188.0
166429.0,85628.0,105201.0
191549.0,73126.0,105752.0
178952.0,87844.0,106370.0
252986.0,85414.0,105358.0
255663.0,85891.0,106439.0
166982.0,73373.0,105637.0
216439.0,73865.0,106131.0
187155.0,85924.0,106141.0
179641.0,73903.0,105968.0
196906.0,73249.0,106222.0
166112.0,75100.0,145474.0
185989.0,85393.0,106144.0
167353.0,73603.0,106020.0
178887.0,73007.0,105923.0
199960.0,73363.0,105752.0
147259.0,85867.0,107386.0
161776.0,86706.0,130961.0
166695.0,86230.0,106936.0
172170.0,73486.0,105301.0
230116.0,85549.0,105630.0
173834.0,73847.0,106240.0
230207.0,85714.0,106942.0
191746.0,85820.0,106765.0
253682.0,73219.0,114754.0
148865.0,116618.0,106475.0
205561.0,73212.0,105746.0
254108.0,85979.0,105868.0
241743.0,74470.0,105713.0
246491.0,73168.0,106224.0
187527.0,73251.0,106818.0
259896.0,85474.0,106330.0
218072.0,73811.0,106044.0
149025.0,73115.0,108022.0
260309.0,73570.0,106252.0
153743.0,85370.0,105708.0
209741.0,87104.0,106770.0
198892.0,73498.0,105887.0
260558.0,86027.0,106395.0
199044.0,74996.0,106059.0
246985.0,85277.0,106347.0
110536.0,73670.0,106944.0
172980.0,87228.0,107349.0
154144.0,30068.0,105738.0
172476.0,86024.0,100068.0
172242.0,73156.0,99184.0
179922.0,85502.0,100700.0
247731.0,73274.0,98857.0
166418.0,73217.0,93596.0
247586.0,73525.0,105488.0
179526.0,73319.0,101132.0
160084.0,73216.0,106755.0
174057.0,85244.0,99932.0
166312.0,73130.0,106026.0
191556.0,85385.0,93374.0
209606.0,73386.0,93360.0
217423.0,87822.0,99463.0
160380.0,73302.0,100562.0
234830.0,73253.0,99328.0
156282.0,88028.0,99311.0
193372.0,73404.0,100185.0
193385.0,85774.0,105357.0
192861.0,73385.0,105701.0
216869.0,85591.0,93752.0
179365.0,73639.0,99579.0
253654.0,87015.0,99962.0
197954.0,86042.0,99710.0
241404.0,73455.0,105635.0
166765.0,88364.0,99575.0
198729.0,74748.0,105063.0
207005.0,73312.0,100161.0
178715.0,73284.0,106799.0
234753.0,73279.0,100735.0
129255.0,75027.0,93410.0
192435.0,73946.0,99915.0
256244.0,85555.0,99980.0
254304.0,73732.0,92942.0
253627.0,73443.0,99904.0
192161.0,73431.0,105351.0
184587.0,73159.0,99409.0
253573.0,85724.0,105878.0
180557.0,88154.0,99683.0
178781.0,73688.0,106735.0
90307.0,73191.0,99093.0
90733.0,73781.0,106453.0
90801.0,87077.0,106346.0
90441.0,73260.0,99275.0
90855.0,73702.0,99315.0
90421.0,85832.0,99752.0
90404.0,73141.0,100446.0
90710.0,73421.0,100228.0
90784.0,73299.0,99634.0
90927.0,86216.0,99191.0
90678.0,73195.0,4873.0
90962.0,73498.0,99511.0
90256.0,85241.0,99546.0
90348.0,73188.0,93441.0
91159.0,86945.0,99862.0
90561.0,75019.0,106227.0
90518.0,85214.0,99622.0
90826.0,85506.0,99822.0
90365.0,73955.0,100074.0
90513.0,88054.0,100264.0
90181.0,87026.0,99247.0
90219.0,89723.0,98638.0
90221.0,85370.0,99797.0
90531.0,85713.0,99722.0
91024.0,86335.0,100078.0
90988.0,85785.0,120285.0
90417.0,85326.0,100224.0
90631.0,74969.0,98761.0
90139.0,85470.0,99929.0
90412.0,73691.0,99567.0
90824.0,86119.0,99933.0
90102.0,85202.0,99665.0
90953.0,76208.0,99850.0
90175.0,85798.0,99839.0
90743.0,86851.0,106671.0
90343.0,74003.0,99043.0
91229.0,73480.0,99901.0
90844.0,75161.0,94306.0
90354.0,73245.0,106659.0
90534.0,73949.0,99037.0
90815.0,86365.0,105913.0
90465.0,76334.0,100007.0
90179.0,73119.0,106429.0
90264.0,72788.0,99544.0
90537.0,86710.0,106279.0
90277.0,73201.0,99694.0
90224.0,74436.0,101064.0
90542.0,85640.0,93362.0
90556.0,85105.0,99750.0
140570.0,73618.0,105380.0
90451.0,103869.0,94164.0
90233.0,73154.0,105568.0
90382.0,73291.0,99669.0
90558.0,73125.0,99939.0
90931.0,73377.0,100353.0
90807.0,116898.0,99872.0
90822.0,73397.0,100042.0
90545.0,116365.0,94374.0
90173.0,713.0,99656.0
90721.0,98169.0,106215.0
90432.0,73072.0,99332.0
90439.0,73149.0,99519.0
90549.0,73074.0,100530.0
90463.0,91498.0,99770.0
90888.0,73336.0,99380.0
90281.0,73552.0,106047.0
90445.0,73271.0,93736.0
90615.0,73530.0,100073.0
90437.0,85753.0,99907.0
90131.0,97974.0,99257.0
90570.0,72934.0,94150.0
90473.0,73358.0,100463.0
90549.0,104257.0,106178.0
97284.0,73265.0,105831.0
90687.0,104332.0,99643.0
90748.0,73474.0,100102.0
90568.0,116374.0,101438.0
90256.0,73496.0,99539.0
90443.0,97665.0,106699.0
90162.0,72964.0,99624.0
90639.0,73858.0,99347.0
90757.0,73092.0,99958.0
90090.0,104186.0,105890.0
90773.0,73155.0,106483.0
90349.0,73012.0,100370.0
90532.0,104121.0,99994.0
90116.0,73331.0,99582.0
90022.0,97805.0,100099.0
90698.0,85858.0,99903.0
90215.0,73678.0,99657.0
90655.0,104345.0,100996.0
90439.0,73137.0,105374.0
90248.0,116166.0,30504.0
90803.0,72924.0,99729.0
90499.0,73216.0,99040.0
90378.0,97024.0,99434.0
90327.0,11621.0,99547.0
90669.0,73693.0,94172.0
90552.0,153442.0,99937.0
90601.0,73283.0,93610.0
90578.0,73184.0,99879.0
90722.0,73079.0,99716.0
90472.0,116625.0,93560.0
90309.0,85525.0,100181.0
90645.0,73275.0,99927.0
90309.0,73594.0,100473.0
90863.0,73384.0,99487.0
140404.0,103914.0,106239.0
90455.0,73590.0,99876.0
90272.0,73056.0,99381.0
90514.0,97775.0,105882.0
91247.0,104094.0,99513.0
128632.0,98161.0,100171.0
91072.0,73297.0,100671.0
90482.0,73187.0,99068.0
90226.0,85660.0,100528.0
89827.0,769.0,100122.0
90851.0,116691.0,98994.0
90168.0,73255.0,93442.0
90938.0,98074.0,100083.0
90064.0,85619.0,101602.0
90554.0,73433.0,100210.0
90660.0,73105.0,99955.0
90529.0,73128.0,100417.0
90767.0,202150.0,99366.0
89883.0,777.0,105888.0
90375.0,11470.0,100178.0
90641.0,4615.0,105753.0
90602.0,73361.0,106699.0
90639.0,713.0,100066.0
78594.0,11277.0,99793.0
90466.0,11742.0,105711.0
90421.0,4145.0,99124.0
90811.0,73250.0,100130.0
90796.0,73576.0,100243.0
90568.0,73140.0,99890.0
90094.0,73252.0,106665.0
90113.0,92037.0,106434.0
90526.0,73464.0,99178.0
90497.0,97883.0,99927.0
89781.0,73266.0,99578.0
91109.0,110613.0,99223.0
90440.0,73086.0,105855.0
90453.0,98226.0,99870.0
90200.0,73332.0,101575.0
90185.0,116546.0,107612.0
90449.0,73241.0,106029.0
90624.0,91783.0,105669.0
90957.0,73592.0,99415.0
90421.0,73169.0,105985.0
90384.0,73414.0,105527.0
90077.0,116109.0,99475.0
90375.0,85583.0,99479.0
90093.0,97671.0,106423.0
90948.0,73445.0,93478.0
90680.0,104219.0,106305.0
90161.0,73002.0,99284.0
91371.0,73451.0,99347.0
90554.0,73490.0,105980.0
90402.0,73421.0,100189.0
90453.0,73186.0,99879.0
90293.0,73006.0,106234.0
90833.0,122005.0,94008.0
90589.0,98087.0,105711.0
90386.0,97716.0,99936.0
90572.0,73037.0,105463.0
90766.0,73529.0,100320.0
90394.0,73377.0,100128.0
90145.0,73433.0,105903.0
90046.0,116375.0,93252.0
90811.0,73236.0,99547.0
90779.0,73451.0,99424.0
89959.0,73208.0,74064.0
90453.0,713.0,74797.0
90126.0,73239.0,74629.0
90376.0,73367.0,74871.0
90818.0,97827.0,74485.0
90130.0,116545.0,74852.0
90459.0,116309.0,74690.0
90352.0,73628.0,87090.0
90719.0,73462.0,74658.0
90417.0,73282.0,75867.0
90905.0,73515.0,74257.0
90559.0,110005.0,87290.0
89867.0,74195.0,74642.0
90327.0,73161.0,87414.0
90867.0,110033.0,74615.0
90478.0,103802.0,74334.0
90340.0,91624.0,56284.0
90523.0,128039.0,62421.0
90418.0,73368.0,88056.0
90330.0,122229.0,74851.0
90058.0,103586.0,74525.0
90482.0,72983.0,74980.0
90462.0,103949.0,75646.0
90541.0,73260.0,74676.0
90159.0,73595.0,87233.0
90725.0,73898.0,75081.0
90353.0,116313.0,75007.0
90637.0,73471.0,87174.0
90326.0,73436.0,75007.0
90229.0,73409.0,75167.0
90992.0,73282.0,88552.0
90265.0,73625.0,74711.0
90307.0,73129.0,86681.0
90656.0,73491.0,74623.0
90372.0,73031.0,87689.0
90682.0,12048.0,86797.0
90141.0,73476.0,61952.0
90581.0,73035.0,87089.0
88760.0,73137.0,87058.0
90351.0,73732.0,77533.0
89076.0,73200.0,74306.0
213201.0,122297.0,74369.0
88870.0,97371.0,74696.0
91290.0,73728.0,73934.0
88847.0,97526.0,68512.0
90825.0,116575.0,87611.0
88977.0,73189.0,87508.0
4741.0,72965.0,74293.0
4741.0,103849.0,74743.0
4721.0,73223.0,74754.0
4721.0,48972.0,87024.0
4781.0,73610.0,75072.0
4721.0,73316.0,74532.0
4741.0,73172.0,74392.0
4721.0,73276.0,75199.0
4721.0,103610.0,75075.0
4781.0,73293.0,87752.0
4741.0,73429.0,75053.0
4665.0,5934.0,37389.0
4721.0,11663.0,74366.0
4717.0,17669.0,74616.0
4721.0,4932.0,74955.0
4805.0,4583.0,75379.0
4721.0,188789.0,87402.0
4741.0,73743.0,87343.0
4741.0,91900.0,55704.0
208200.0,73570.0,74585.0
4741.0,85339.0,62589.0
4741.0,110326.0,74199.0
4677.0,73235.0,74852.0
4741.0,73234.0,50213.0
4845.0,91405.0,74075.0
4721.0,73369.0,87243.0
4781.0,73758.0,87457.0
4721.0,73421.0,67956.0
4741.0,85564.0,87318.0
4781.0,116759.0,87167.0
5489.0,97880.0,74562.0
5131.0,73150.0,68431.0
4793.0,85539.0,74876.0
4677.0,73492.0,74847.0
89343.0,72923.0,244776.0
90472.0,713.0,74495.0
88683.0,85729.0,74601.0
211907.0,116401.0,37521.0
107353.0,73218.0,74688.0
211402.0,98191.0,74914.0
90141.0,85400.0,11597.0
89591.0,85494.0,759.0
88924.0,73399.0,74845.0
89288.0,98139.0,74535.0
95421.0,91177.0,75515.0
212973.0,79594.0,43706.0
88861.0,73730.0,87528.0
90179.0,73065.0,75704.0
89034.0,85583.0,74806.0
89258.0,73355.0,87591.0
88854.0,103785.0,74754.0
89157.0,85433.0,87729.0
211652.0,103865.0,74555.0
108061.0,73037.0,74872.0
90425.0,73265.0,74491.0
206044.0,73652.0,74331.0
90529.0,103960.0,37289.0
89102.0,73388.0,74359.0
88669.0,115965.0,75081.0
88825.0,73673.0,74787.0
89303.0,122728.0,74510.0
89443.0,104351.0,74564.0
89124.0,73305.0,86849.0
88980.0,73059.0,231938.0
107590.0,103966.0,75123.0
40125.0,73145.0,74798.0
187253.0,73378.0,74411.0
91422.0,73487.0,74851.0
88965.0,86121.0,75832.0
94496.0,85688.0,74102.0
88914.0,73363.0,74549.0
89078.0,73365.0,74913.0
90246.0,73230.0,74620.0
88581.0,74012.0,75114.0
88834.0,73409.0,74495.0
90822.0,73192.0,43333.0
119780.0,87100.0,75075.0
89254.0,73513.0,43546.0
89504.0,73609.0,87403.0
157842.0,73063.0,74462.0
91555.0,73388.0,73940.0
89014.0,73395.0,87111.0
89019.0,85213.0,87753.0
89819.0,73133.0,87830.0
177591.0,85705.0,74940.0
88761.0,73113.0,74592.0
212591.0,74383.0,75148.0
125841.0,85900.0,74221.0
88804.0,74069.0,74912.0
211436.0,85320.0,74791.0
211745.0,73446.0,74366.0
90114.0,73261.0,74619.0
77035.0,87067.0,87585.0
89643.0,73745.0,74733.0
162636.0,74795.0,74751.0
89496.0,86274.0,74351.0
90293.0,85250.0,75404.0
218029.0,85713.0,74260.0
89840.0,86969.0,74425.0
88903.0,85427.0,87412.0
89519.0,73028.0,74463.0
89988.0,73574.0,87189.0
90096.0,85432.0,74615.0
212232.0,85674.0,75378.0
162581.0,72899.0,75018.0
89569.0,73702.0,74455.0
90214.0,85265.0,75440.0
90848.0,73068.0,176236.0
212543.0,85739.0,74490.0
89076.0,86032.0,87697.0
218047.0,73062.0,74169.0
213131.0,73028.0,68431.0
211449.0,85377.0,74823.0
113739.0,73328.0,86783.0
15579.0,74630.0,74598.0
88918.0,85285.0,87863.0
89064.0,73337.0,87947.0
162349.0,73142.0,74552.0
88864.0,74815.0,74461.0
89424.0,73136.0,87025.0
89071.0,85803.0,74853.0
89200.0,85727.0,74642.0
89680.0,73144.0,74720.0
218115.0,73513.0,75316.0
89422.0,85134.0,75891.0
90040.0,85649.0,87956.0
4753.0,86554.0,87860.0
4753.0,73545.0,74689.0
4741.0,73795.0,87663.0
4741.0,73361.0,75445.0
4615.0,87268.0,74652.0
91297.0,73549.0,74430.0
5050.0,86088.0,74787.0
4717.0,86930.0,99850.0
4721.0,73192.0,74853.0
4721.0,73037.0,75579.0
4781.0,85772.0,231714.0
4721.0,85699.0,75320.0
4721.0,73258.0,74916.0
4697.0,85624.0,74657.0
4721.0,85561.0,74522.0
4677.0,73382.0,74801.0
90015.0,85565.0,87485.0
89231.0,86770.0,87277.0
90684.0,86281.0,75118.0
89335.0,87236.0,74418.0
221731.0,75833.0,50182.0
88746.0,86521.0,87017.0
89948.0,74241.0,87506.0
90000.0,85044.0,86935.0
88747.0,85102.0,74882.0
4741.0,85260.0,88189.0
4601.0,75128.0,74784.0
4601.0,85683.0,74619.0
4749.0,85297.0,74613.0
4721.0,74651.0,86769.0
116018.0,73619.0,74432.0
4741.0,73055.0,74785.0
4665.0,73136.0,74758.0
4653.0,86043.0,74279.0
4677.0,214752.0,12325.0
4741.0,86623.0,74290.0
4741.0,73281.0,74993.0
4709.0,73236.0,74558.0
4677.0,73654.0,74698.0
4721.0,72980.0,74867.0
4741.0,73592.0,74431.0
4741.0,73913.0,74233.0
4761.0,73343.0,87423.0
4677.0,76230.0,75110.0
4677.0,73404.0,74747.0
90335.0,73411.0,86731.0
89123.0,85739.0,74548.0
88736.0,73235.0,74486.0
90912.0,86008.0,93542.0
89890.0,85649.0,74883.0
65899.0,73037.0,107484.0
89474.0,75331.0,106671.0
107712.0,73274.0,107151.0
88725.0,85422.0,106143.0
90209.0,85476.0,107339.0
89178.0,86036.0,106403.0
88705.0,85814.0,106161.0
88782.0,73650.0,125280.0
89154.0,85845.0,107206.0
89162.0,76195.0,106467.0
163695.0,73719.0,106157.0
88941.0,74562.0,106579.0
125477.0,85590.0,108122.0
90523.0,85859.0,106244.0
90608.0,86322.0,106317.0
162343.0,73370.0,106650.0
90356.0,87237.0,106176.0
89087.0,73491.0,106422.0
90277.0,73238.0,106384.0
4633.0,86449.0,106143.0
76716.0,73394.0,106639.0
90282.0,85570.0,106552.0
88832.0,85663.0,105951.0
89278.0,86524.0,106740.0
90636.0,73361.0,107655.0
88458.0,86146.0,107144.0
150206.0,73391.0,106697.0
99245.0,85756.0,106788.0
90118.0,73201.0,106730.0
187874.0,73879.0,106274.0
88846.0,85622.0,106676.0
211384.0,73479.0,107606.0
88925.0,85551.0,105677.0
180814.0,73415.0,106493.0
168644.0,73469.0,106478.0
90317.0,73523.0,106699.0
89002.0,73223.0,106313.0
211415.0,86915.0,106261.0
89548.0,76042.0,106267.0
193299.0,87140.0,106499.0
154610.0,73451.0,105927.0
212268.0,85577.0,106367.0
200199.0,85796.0,105881.0
206171.0,73668.0,107291.0
4621.0,73763.0,106537.0
89484.0,73208.0,106363.0
101464.0,85623.0,106224.0
89058.0,73269.0,106499.0
89804.0,73912.0,106168.0
89390.0,73137.0,108140.0
90850.0,74621.0,106109.0
89567.0,85283.0,106019.0
89664.0,73815.0,106619.0
88922.0,73141.0,106386.0
89135.0,87042.0,105823.0
89303.0,85885.0,93875.0
212653.0,85849.0,106046.0
88890.0,85957.0,106485.0
88895.0,73400.0,106412.0
91486.0,73344.0,106723.0
211531.0,85965.0,105777.0
89169.0,73371.0,106543.0
90568.0,85583.0,106464.0
88802.0,75168.0,106005.0
212939.0,73260.0,106736.0
89283.0,85309.0,105156.0
90448.0,75045.0,105677.0
90641.0,73110.0,106437.0
89250.0,86883.0,105800.0
211834.0,74570.0,106844.0
90780.0,85764.0,106371.0
90373.0,74294.0,106490.0
89580.0,73382.0,106371.0
89009.0,85714.0,106546.0
226449.0,221497.0,106458.0
92063.0,85720.0,106106.0
89338.0,86049.0,105767.0
89459.0,75125.0,105869.0
89435.0,73143.0,106468.0
76627.0,73198.0,106045.0
90471.0,86932.0,106885.0
90941.0,73180.0,106548.0
89132.0,86708.0,106511.0
88923.0,86987.0,106467.0
92021.0,74460.0,106624.0
90705.0,85461.0,106466.0
90098.0,73465.0,106403.0
212496.0,73104.0,106493.0
89270.0,73102.0,106712.0
89501.0,86863.0,125602.0
212689.0,73354.0,250862.0
89575.0,86034.0,106606.0
157093.0,73404.0,105397.0
88932.0,74841.0,106092.0
162714.0,85367.0,106322.0
212564.0,73507.0,106243.0
88816.0,87087.0,106311.0
89428.0,220615.0,107061.0
89288.0,86072.0,107353.0
215195.0,73450.0,105796.0
235721.0,74716.0,106709.0
255241.0,86131.0,106147.0
235196.0,73267.0,106717.0
228044.0,73126.0,108217.0
254419.0,73430.0,106308.0
253397.0,85188.0,107278.0
221877.0,85777.0,106212.0
196832.0,86533.0,106204.0
256160.0,73003.0,106447.0
192732.0,73537.0,106801.0
234886.0,74876.0,106445.0
203726.0,85294.0,106573.0
230235.0,73113.0,106102.0
241008.0,73569.0,106380.0
215972.0,85337.0,106578.0
234646.0,85631.0,105996.0
235370.0,73453.0,106247.0
235463.0,73906.0,105913.0
217149.0,85566.0,107157.0
228624.0,85094.0,106268.0
216939.0,11542.0,106496.0
254329.0,85643.0,106105.0
222651.0,86854.0,106931.0
216401.0,167084.0,106093.0
241742.0,86050.0,106881.0
254869.0,85692.0,106812.0
240541.0,86822.0,105823.0
259802.0,85524.0,106528.0
222816.0,217311.0,106441.0
231674.0,85108.0,106749.0
240449.0,85668.0,106206.0
6612.0,86824.0,107038.0
253994.0,87041.0,106173.0
199367.0,85655.0,106136.0
253322.0,85979.0,106590.0
203055.0,85808.0,226026.0
234919.0,86867.0,106826.0
230265.0,85567.0,222535.0
208564.0,86450.0,105694.0
216337.0,85555.0,106113.0
253376.0,85959.0,106234.0
211259.0,85851.0,106432.0
255197.0,85929.0,105748.0
209781.0,87349.0,106871.0
253342.0,85691.0,106833.0
248079.0,85254.0,106231.0
185815.0,85188.0,106957.0
235315.0,85142.0,106763.0
220857.0,85766.0,106535.0
252984.0,86182.0,246876.0
216999.0,85118.0,106873.0
229398.0,85415.0,106402.0
254724.0,85694.0,106098.0
198828.0,216328.0,106726.0
229867.0,179111.0,106036.0
228435.0,85679.0,106765.0
192242.0,86910.0,106613.0
228756.0,85299.0,106373.0
210897.0,84963.0,155960.0
228393.0,216727.0,105899.0
253181.0,85311.0,107427.0
217604.0,217307.0,106953.0
235450.0,85755.0,106075.0
235426.0,85516.0,106567.0
253842.0,214802.0,105860.0
184554.0,216253.0,106415.0
241075.0,85700.0,106550.0
234187.0,87177.0,106104.0
252895.0,86332.0,106421.0
255079.0,85409.0,106447.0
247270.0,86186.0,105788.0
219435.0,85151.0,105702.0
234226.0,85788.0,107131.0
209310.0,85398.0,106065.0
210796.0,87097.0,106423.0
238367.0,91923.0,106128.0
234155.0,87089.0,106198.0
241633.0,85513.0,106623.0
241005.0,215696.0,106726.0
199467.0,85696.0,107122.0
253612.0,86728.0,106833.0
234718.0,85161.0,106708.0
234476.0,86895.0,106457.0
228518.0,85459.0,106147.0
197398.0,85657.0,106477.0
254766.0,73428.0,107079.0
248632.0,85868.0,106574.0
209996.0,85970.0,106210.0
235220.0,87089.0,106568.0
247415.0,85614.0,106347.0
252767.0,217779.0,107617.0
234165.0,85601.0,106097.0
253874.0,86095.0,106270.0
240478.0,87185.0,106203.0
254332.0,86643.0,219758.0
227956.0,85470.0,106614.0
210949.0,86040.0,106327.0
260194.0,85512.0,106673.0
229686.0,86992.0,106309.0
235796.0,85557.0,105673.0
185201.0,85698.0,106896.0
253090.0,85318.0,106344.0
257066.0,85503.0,152125.0
233598.0,85671.0,105787.0
217572.0,153522.0,106287.0
248646.0,87036.0,106055.0
253913.0,85407.0,106766.0
260328.0,87186.0,106499.0
197572.0,85750.0,106203.0
252662.0,85454.0,162280.0
234613.0,87185.0,87282.0
229171.0,86773.0,87673.0
210291.0,85736.0,87446.0
240699.0,85970.0,87733.0
252932.0,86231.0,87336.0
234078.0,85722.0,87476.0
203353.0,214835.0,87843.0
203864.0,85508.0,87599.0
252600.0,85626.0,87472.0
260377.0,216001.0,201648.0
258713.0,85268.0,87662.0
241529.0,86958.0,87523.0
235188.0,85979.0,87907.0
203439.0,85601.0,88028.0
259683.0,85967.0,87010.0
212344.0,85529.0,195750.0
233995.0,86959.0,88074.0
178957.0,87094.0,87626.0
198436.0,85995.0,88218.0
228623.0,85683.0,87977.0
218597.0,11431.0,88063.0
211359.0,85687.0,87565.0
252920.0,85434.0,87505.0
252888.0,85530.0,87216.0
252728.0,135395.0,87152.0
252480.0,86022.0,88363.0
253419.0,87010.0,87988.0
197753.0,86027.0,87339.0
180206.0,85434.0,182695.0
234044.0,86924.0,87803.0
221915.0,85451.0,87591.0
204473.0,86817.0,87172.0
209366.0,85744.0,87187.0
210021.0,85460.0,87307.0
247430.0,85471.0,87106.0
253037.0,85358.0,87306.0
230131.0,85421.0,87816.0
256147.0,85557.0,87344.0
247097.0,215181.0,87306.0
246720.0,87036.0,87146.0
186006.0,85911.0,156117.0
228072.0,87049.0,87117.0
255214.0,85910.0,86716.0
253387.0,85867.0,87703.0
154595.0,85570.0,87538.0
197103.0,85672.0,88159.0
253470.0,85920.0,87609.0
261231.0,85818.0,87896.0
209618.0,214626.0,87600.0
209714.0,11690.0,87862.0
241247.0,86019.0,87745.0
216565.0,85815.0,87787.0
253164.0,105345.0,87386.0
235208.0,160857.0,189855.0
262541.0,85882.0,87167.0
224682.0,85563.0,87647.0
199100.0,85783.0,87543.0
197888.0,85560.0,87625.0
240808.0,85924.0,137133.0
196602.0,85881.0,87766.0
228448.0,85585.0,87460.0
184827.0,86351.0,125738.0
235119.0,85904.0,87821.0
259563.0,215161.0,87175.0
254921.0,85729.0,87539.0
223822.0,85805.0,87144.0
224299.0,85456.0,87299.0
255549.0,219096.0,87141.0
209118.0,86093.0,87794.0
216358.0,85778.0,234318.0
252957.0,86702.0,87608.0
254752.0,85723.0,88086.0
248262.0,85417.0,87840.0
252652.0,217912.0,87592.0
253902.0,87130.0,87140.0
247415.0,85336.0,759.0
255690.0,85808.0,11609.0
240700.0,87035.0,81062.0
148804.0,86836.0,87139.0
236673.0,85381.0,87387.0
209684.0,86231.0,87223.0
252596.0,85700.0,143444.0
228787.0,85702.0,87994.0
253398.0,86947.0,87630.0
196767.0,85235.0,87635.0
143407.0,85577.0,188350.0
260686.0,85872.0,87224.0
231329.0,85988.0,86685.0
253013.0,135470.0,87307.0
255796.0,85854.0,87940.0
253286.0,216246.0,87407.0
241187.0,85571.0,87660.0
171858.0,85700.0,87746.0
178800.0,216730.0,88013.0
253287.0,85658.0,87281.0
89279.0,85633.0,87302.0
91956.0,85394.0,88358.0
101878.0,87405.0,86907.0
90422.0,85361.0,87611.0
89265.0,85355.0,87601.0
90650.0,87320.0,87950.0
89195.0,85716.0,87670.0
89512.0,85918.0,86676.0
89255.0,85140.0,87431.0
90295.0,85627.0,86755.0
101669.0,85698.0,232528.0
89990.0,85373.0,88360.0
90457.0,85572.0,87734.0
90781.0,216673.0,87492.0
91485.0,85486.0,88145.0
89724.0,85582.0,87421.0
88853.0,86560.0,87246.0
138287.0,85284.0,87309.0
89335.0,87259.0,87544.0
90114.0,86000.0,87949.0
89234.0,85601.0,87174.0
218384.0,216573.0,87790.0
90580.0,85661.0,87772.0
91083.0,85875.0,87181.0
89054.0,11349.0,87669.0
214143.0,87721.0,87417.0
88986.0,85563.0,87466.0
89173.0,85413.0,87697.0
89841.0,85590.0,113626.0
89246.0,86832.0,175245.0
89160.0,85641.0,87765.0
90166.0,87564.0,87367.0
88768.0,85608.0,87602.0
90625.0,85322.0,87179.0
198174.0,86222.0,93919.0
90905.0,86261.0,87488.0
90478.0,85569.0,87257.0
101247.0,214341.0,87341.0
144760.0,85828.0,87434.0
107688.0,216462.0,87825.0
90422.0,85767.0,87995.0
90810.0,85545.0,87267.0
89256.0,85875.0,87629.0
219664.0,128907.0,88118.0
95542.0,85451.0,87267.0
89070.0,85421.0,163273.0
89628.0,86465.0,87621.0
90646.0,87404.0,87517.0
89437.0,74727.0,190236.0
89268.0,73918.0,88119.0
89529.0,148367.0,87280.0
89204.0,73258.0,157337.0
90365.0,74051.0,86989.0
89181.0,117231.0,87317.0
89854.0,93511.0,87339.0
90712.0,76316.0,87700.0
89248.0,73404.0,86915.0
90821.0,104058.0,695.0
90467.0,85581.0,11565.0
91048.0,75442.0,225022.0
90109.0,74758.0,87766.0
89206.0,87385.0,86786.0
89275.0,91068.0,88032.0
91112.0,85141.0,112735.0
89602.0,73262.0,87350.0
90182.0,93443.0,87570.0
89710.0,73842.0,87299.0
89261.0,92576.0,87211.0
89115.0,85812.0,87428.0
89089.0,94897.0,86850.0
90821.0,116266.0,87908.0
88695.0,73161.0,87367.0
89428.0,85628.0,86748.0
113904.0,73294.0,87465.0
88857.0,73730.0,87845.0
117608.0,105647.0,87497.0
90667.0,93668.0,87145.0
91033.0,75904.0,193867.0
90387.0,74976.0,87695.0
89042.0,85444.0,86958.0
89583.0,87042.0,87260.0
89242.0,73728.0,89406.0
90557.0,86845.0,87595.0
89485.0,87010.0,87303.0
88823.0,73439.0,87239.0
93727.0,73598.0,87443.0
163587.0,87416.0,86845.0
89550.0,88391.0,88163.0
89982.0,73063.0,87569.0
88942.0,85447.0,87769.0
89461.0,88782.0,87604.0
89459.0,85469.0,87369.0
97750.0,85774.0,87865.0
90848.0,87398.0,87289.0
89492.0,87111.0,87598.0
89319.0,75496.0,87050.0
89353.0,87052.0,87950.0
89740.0,73422.0,87175.0
89325.0,73602.0,86979.0
89448.0,74010.0,87804.0
90273.0,74655.0,87804.0
90429.0,87146.0,86814.0
90942.0,87200.0,88333.0
89287.0,87543.0,87763.0
90549.0,73392.0,87108.0
89194.0,77803.0,87504.0
93092.0,74999.0,87867.0
89264.0,89389.0,87273.0
114347.0,87268.0,87437.0
91793.0,74538.0,87775.0
89249.0,73401.0,87055.0
89401.0,73238.0,87704.0
89576.0,73091.0,88012.0
90232.0,85477.0,87278.0
89971.0,73378.0,87299.0
163574.0,73352.0,87773.0
89332.0,75537.0,87857.0
90297.0,73616.0,151082.0
90582.0,85391.0,183238.0
90474.0,73222.0,87801.0
90467.0,74577.0,206918.0
107191.0,73187.0,106361.0
90963.0,87802.0,131264.0
206288.0,91757.0,199748.0
138285.0,74446.0,169048.0
91677.0,74913.0,144609.0
218097.0,87840.0,200206.0
89414.0,93736.0,199395.0
89386.0,86046.0,200498.0
90168.0,74131.0,194873.0
90483.0,87280.0,232370.0
211505.0,85480.0,199760.0
91938.0,87001.0,143999.0
89033.0,87679.0,87870.0
90763.0,73300.0,174461.0
89139.0,85622.0,150735.0
91084.0,73597.0,87596.0
90553.0,89807.0,169487.0
88655.0,75480.0,131140.0
213364.0,713.0,87296.0
91066.0,74579.0,163273.0
91240.0,72873.0,87581.0
91789.0,73059.0,199710.0
93578.0,88753.0,220983.0
90663.0,73676.0,200500.0
88780.0,88146.0,86792.0
89880.0,74122.0,169334.0
89673.0,86212.0,212912.0
89193.0,97933.0,201993.0
90921.0,90278.0,157397.0
89199.0,86023.0,199736.0
89147.0,74711.0,87850.0
95320.0,87098.0,201027.0
90927.0,74986.0,156199.0
90265.0,78190.0,87693.0
156794.0,87036.0,162165.0
90581.0,135906.0,232555.0
95549.0,87032.0,87431.0
148801.0,90193.0,231978.0
90773.0,88630.0,187923.0
90513.0,76065.0,194731.0
89751.0,85419.0,175954.0
89039.0,73794.0,149348.0
169911.0,88264.0,188088.0
90027.0,73725.0,169112.0
119734.0,88666.0,201903.0
90204.0,87267.0,87253.0
91192.0,73747.0,175870.0
90681.0,86842.0,231959.0
91795.0,76760.0,193944.0
91157.0,5211.0,213695.0
90101.0,11640.0,87813.0
218109.0,141599.0,214529.0
89177.0,73276.0,180700.0
89328.0,98118.0,226213.0
107525.0,85545.0,194358.0
115433.0,73301.0,200203.0
89329.0,105956.0,200342.0
88801.0,73631.0,150002.0
4805.0,87316.0,188159.0
84939.0,75152.0,199893.0
4711.0,88101.0,169139.0
5026.0,74905.0,87399.0
4697.0,73268.0,119235.0
4697.0,86384.0,219498.0
4721.0,87540.0,206131.0
4781.0,74972.0,175674.0
4781.0,73375.0,195470.0
4741.0,87649.0,231745.0
4877.0,73447.0,170108.0
4721.0,85561.0,169245.0
4721.0,75782.0,193124.0
4813.0,73635.0,86896.0
4813.0,73510.0,163444.0
113482.0,74464.0,149865.0
90357.0,86049.0,87859.0
88528.0,104966.0,155764.0
125892.0,73365.0,87460.0
89372.0,73236.0,182626.0
89171.0,75370.0,188475.0
90628.0,85687.0,182548.0
89512.0,105772.0,88291.0
101673.0,93402.0,206338.0
229352.0,85375.0,137814.0
224514.0,74141.0,88317.0
162465.0,85930.0,88045.0
89263.0,99728.0,188947.0
90939.0,73597.0,170061.0
139375.0,85775.0,199981.0
108288.0,86943.0,230627.0
90807.0,74408.0,87582.0
90955.0,87175.0,87502.0
89004.0,119626.0,232357.0
89735.0,85682.0,181510.0
90559.0,73921.0,235784.0
89217.0,86984.0,168809.0
89364.0,85776.0,197629.0
89186.0,104459.0,199280.0
88911.0,75175.0,168687.0
89808.0,97821.0,87621.0
91643.0,75679.0,240750.0
89144.0,91849.0,233856.0
88956.0,73557.0,188349.0
89198.0,87404.0,238496.0
221351.0,88586.0,175139.0
90643.0,215777.0,200750.0
91619.0,87204.0,175902.0
93623.0,73963.0,87758.0
90268.0,216211.0,168060.0
90827.0,123833.0,232560.0
91889.0,85284.0,150493.0
91025.0,73396.0,205745.0
92333.0,74921.0,193768.0
91114.0,85466.0,169129.0
93584.0,87721.0,193997.0
92194.0,99558.0,200292.0
92117.0,76009.0,168413.0
91816.0,73785.0,162062.0
93271.0,73101.0,174856.0
91694.0,85777.0,168479.0
92490.0,165394.0,87029.0
91845.0,74499.0,237677.0
90120.0,85981.0,168344.0
92028.0,85648.0,143047.0
92621.0,73809.0,156199.0
90635.0,87053.0,180789.0
91460.0,73539.0,232030.0
91410.0,73421.0,232060.0
92358.0,87769.0,156048.0
93554.0,74922.0,174800.0
91689.0,85543.0,194149.0
92262.0,87996.0,206499.0
91479.0,86318.0,87434.0
91855.0,85456.0,224679.0
92016.0,73578.0,87284.0
90152.0,87610.0,194210.0
91971.0,112038.0,232286.0
92024.0,86781.0,193595.0
90063.0,87563.0,230951.0
90581.0,73197.0,232628.0
90664.0,88549.0,87277.0
91242.0,87159.0,199432.0
92649.0,86887.0,201397.0
92022.0,91906.0,181546.0
90832.0,85727.0,87759.0
90532.0,75614.0,176649.0
92054.0,214162.0,172175.0
146766.0,73257.0,212900.0
92403.0,85953.0,193966.0
90782.0,73125.0,169969.0
92220.0,87374.0,156564.0
90328.0,87211.0,227485.0
91748.0,85755.0,225986.0
91206.0,220523.0,199722.0
90223.0,91832.0,175206.0
91611.0,73461.0,87666.0
90703.0,86696.0,168672.0
90071.0,75153.0,87092.0
92964.0,73443.0,238455.0
91556.0,73793.0,87533.0
90577.0,85361.0,87733.0
133610.0,87405.0,224665.0
90350.0,87475.0,183788.0
91547.0,88739.0,156045.0
90103.0,87363.0,87558.0
93556.0,85976.0,197674.0
91238.0,73377.0,88724.0
91901.0,88550.0,175212.0
91758.0,73594.0,195650.0
90839.0,87681.0,175503.0
91475.0,74371.0,233582.0
92013.0,73323.0,201631.0
91660.0,75149.0,174764.0
91822.0,85654.0,193899.0
91848.0,73511.0,87617.0
93810.0,73258.0,201374.0
90733.0,87162.0,213894.0
92339.0,73050.0,194578.0
90134.0,73125.0,88029.0
91721.0,86352.0,163092.0
92923.0,87606.0,188423.0
93300.0,73395.0,187799.0
90331.0,86223.0,162555.0
90633.0,73370.0,169078.0
90530.0,86256.0,194180.0
90245.0,85746.0,169229.0
90816.0,72797.0,168808.0
91835.0,85612.0,137222.0
90123.0,73442.0,150039.0
93019.0,74799.0,201323.0
90472.0,74776.0,181137.0
93057.0,73338.0,201503.0
91897.0,86788.0,200596.0
92070.0,73494.0,175667.0
92106.0,88318.0,199700.0
92504.0,73447.0,232670.0
93588.0,73223.0,181958.0
92173.0,73598.0,143080.0
92117.0,73112.0,87025.0
92340.0,73327.0,219442.0
91991.0,73407.0,155616.0
92295.0,86769.0,87059.0
90605.0,74991.0,200003.0
91326.0,85699.0,143683.0
91390.0,73652.0,149043.0
90850.0,73302.0,199996.0
94065.0,89407.0,207323.0
91442.0,74659.0,149865.0
91509.0,73741.0,87793.0
92380.0,73272.0,87773.0
92124.0,88870.0,168608.0
93506.0,72925.0,170310.0
90354.0,87946.0,206455.0
90420.0,73240.0,231841.0
91051.0,75785.0,200597.0
91077.0,87672.0,200710.0
90155.0,89053.0,162859.0
91975.0,73150.0,86886.0
90148.0,73525.0,87760.0
93323.0,73225.0,87526.0
90815.0,73523.0,89207.0
90894.0,74747.0,87392.0
90696.0,87030.0,87346.0
91698.0,73277.0,86944.0
91172.0,75315.0,87232.0
90605.0,87069.0,87089.0
90847.0,73432.0,87385.0
92111.0,88410.0,87528.0
92368.0,90347.0,86533.0
91735.0,87373.0,87774.0
93060.0,73108.0,87272.0
90917.0,90304.0,88092.0
91610.0,85640.0,88119.0
90740.0,85566.0,87490.0
90691.0,85284.0,87413.0
92605.0,73025.0,87156.0
93512.0,88283.0,87240.0
90353.0,88528.0,87233.0
91875.0,88034.0,86747.0
93204.0,73127.0,87510.0
90502.0,86905.0,86471.0
90117.0,73426.0,86787.0
92977.0,76292.0,87387.0
92071.0,73791.0,87701.0
90572.0,73445.0,87495.0
90529.0,86189.0,87113.0
92979.0,73108.0,87027.0
91308.0,86335.0,87258.0
91958.0,87217.0,87197.0
90217.0,73375.0,87220.0
90603.0,87044.0,86888.0
91187.0,73813.0,87255.0
91469.0,85576.0,87260.0
92522.0,87412.0,87660.0
90426.0,73385.0,87380.0
79692.0,85495.0,87499.0
90234.0,74755.0,86801.0
91910.0,86462.0,87149.0
90674.0,89332.0,87112.0
90225.0,88487.0,87675.0
90760.0,73243.0,87363.0
92394.0,73144.0,87424.0
93025.0,73173.0,87393.0
92537.0,73251.0,88364.0
145962.0,73053.0,87933.0
90813.0,73436.0,87439.0
93601.0,73197.0,86915.0
90288.0,75282.0,86999.0
90427.0,73101.0,87534.0
89991.0,74838.0,88336.0
92162.0,87725.0,87519.0
90208.0,74577.0,87292.0
90297.0,87121.0,87198.0
90929.0,87869.0,87742.0
90535.0,86607.0,88402.0
91811.0,73063.0,87633.0
90467.0,87476.0,87229.0
91154.0,87271.0,87724.0
90585.0,75409.0,87437.0
91638.0,73156.0,87973.0
92211.0,86994.0,87681.0
91845.0,73044.0,86934.0
93460.0,76908.0,87017.0
90426.0,73020.0,87293.0
90353.0,73528.0,89384.0
90348.0,85569.0,88129.0
91847.0,87747.0,87309.0
93143.0,73240.0,87389.0
91878.0,74651.0,87919.0
91631.0,87341.0,87343.0
90388.0,89934.0,87549.0
91705.0,73082.0,87265.0
90517.0,73457.0,88027.0
93387.0,86763.0,87259.0
90650.0,73605.0,87652.0
92821.0,85830.0,86969.0
90636.0,73680.0,89155.0
90169.0,74157.0,87329.0
151942.0,86027.0,88951.0
90316.0,87365.0,86853.0
90759.0,87076.0,87384.0
90754.0,86852.0,87320.0
90246.0,73270.0,88042.0
90295.0,85818.0,87155.0
90502.0,85584.0,87400.0
91527.0,74239.0,87034.0
90446.0,73171.0,87176.0
91971.0,86392.0,87669.0
90435.0,89278.0,87042.0
90814.0,73155.0,87295.0
90626.0,74668.0,88153.0
90782.0,73658.0,87353.0
91095.0,73248.0,87293.0
89834.0,87668.0,87296.0
90589.0,85653.0,87625.0
90891.0,73628.0,87115.0
90567.0,86844.0,87537.0
90739.0,73364.0,88206.0
90821.0,73228.0,86978.0
90563.0,73443.0,87357.0
90503.0,73774.0,87521.0
90615.0,86642.0,87952.0
90275.0,73230.0,86595.0
90852.0,87238.0,87132.0
91324.0,88396.0,87365.0
90935.0,73832.0,87205.0
90342.0,73012.0,87215.0
91228.0,88656.0,87191.0
90534.0,87561.0,88345.0
90509.0,73238.0,87094.0
90503.0,85647.0,87780.0
90214.0,88970.0,87604.0
90471.0,75023.0,87058.0
90267.0,73176.0,86944.0
90962.0,73543.0,87080.0
90367.0,85325.0,87100.0
90694.0,73401.0,87340.0
90531.0,73596.0,87452.0
90922.0,87190.0,87274.0
90629.0,11402.0,88213.0
90920.0,73102.0,87152.0
90719.0,72950.0,87802.0
90548.0,87248.0,87215.0
90030.0,72963.0,87339.0
89989.0,85654.0,87553.0
90448.0,87808.0,87886.0
90866.0,73392.0,87524.0
90502.0,73632.0,86970.0
91020.0,73226.0,87767.0
90099.0,85804.0,87536.0
90894.0,73353.0,87063.0
90559.0,73293.0,87613.0
90622.0,87649.0,86939.0
90793.0,73582.0,87575.0
90611.0,73091.0,87411.0
90200.0,73643.0,87408.0
90619.0,73171.0,87286.0
90686.0,74497.0,87264.0
90264.0,73269.0,87177.0
91038.0,73490.0,87067.0
90888.0,73168.0,88124.0
90181.0,85463.0,87331.0
90470.0,73584.0,87085.0
91332.0,87652.0,87207.0
90865.0,73269.0,87397.0
90364.0,73658.0,87089.0
89907.0,73017.0,87323.0
90826.0,85610.0,88142.0
90720.0,73379.0,86850.0
90833.0,87236.0,88002.0
90839.0,73478.0,90281.0
90420.0,86154.0,87313.0
90574.0,92269.0,87076.0
90491.0,90426.0,87479.0
89990.0,87569.0,87848.0
90610.0,85933.0,87908.0
90512.0,87125.0,87471.0
90507.0,77023.0,87269.0
90732.0,73793.0,87685.0
90196.0,87374.0,89099.0
90026.0,76588.0,87786.0
90046.0,88561.0,86942.0
90614.0,74736.0,87219.0
90765.0,88309.0,87399.0
90550.0,73254.0,87879.0
90173.0,73369.0,87453.0
90930.0,73143.0,87143.0
90426.0,88957.0,87226.0
90495.0,85431.0,87141.0
227926.0,85548.0,87184.0
91055.0,85618.0,87536.0
90416.0,85733.0,87047.0
90860.0,85133.0,87433.0
90273.0,85867.0,87238.0
90411.0,85755.0,87432.0
90691.0,85295.0,87082.0
89802.0,190758.0,87135.0
90661.0,85889.0,87020.0
90654.0,85397.0,87499.0
90624.0,85764.0,87281.0
90715.0,86484.0,87383.0
90748.0,85697.0,87253.0
90356.0,85273.0,87386.0
90943.0,87110.0,87700.0
90579.0,85486.0,87769.0
90266.0,85536.0,86758.0
91197.0,23795.0,87182.0
91099.0,85473.0,88539.0
90825.0,85958.0,87895.0
90467.0,85421.0,87642.0
90496.0,85700.0,87275.0
90559.0,85451.0,88262.0
90518.0,85507.0,87210.0
90551.0,85335.0,87351.0
90528.0,85351.0,93740.0
90773.0,86553.0,87094.0
90643.0,85467.0,86800.0
90670.0,85347.0,87191.0
90271.0,85802.0,87341.0
90805.0,85741.0,87597.0
90431.0,85550.0,87461.0
90591.0,85766.0,87398.0
90412.0,85758.0,88003.0
90089.0,87016.0,87174.0
90792.0,85825.0,87526.0
90726.0,85395.0,87109.0
90212.0,85579.0,87190.0
90838.0,85629.0,87685.0
90329.0,85805.0,87039.0
90629.0,85639.0,87167.0
34882.0,85523.0,87047.0
90573.0,85761.0,87471.0
91123.0,85474.0,87236.0
91242.0,85592.0,87220.0
90671.0,87071.0,86980.0
90564.0,85423.0,87314.0
91125.0,88462.0,87233.0
90902.0,85513.0,86955.0
90636.0,86349.0,87808.0
90421.0,85697.0,87308.0
91013.0,85383.0,87646.0
90682.0,85731.0,87307.0
90931.0,85366.0,87810.0
90523.0,85566.0,87270.0
90347.0,85762.0,87775.0
90525.0,88540.0,87572.0
90782.0,85342.0,87698.0
90461.0,85720.0,86980.0
90816.0,85821.0,87610.0
90666.0,84910.0,87176.0
90335.0,85728.0,87498.0
90250.0,85173.0,86573.0
90477.0,85663.0,88483.0
90559.0,85748.0,87236.0
103371.0,86740.0,87113.0
91236.0,85821.0,86948.0
90658.0,85587.0,86960.0
91399.0,85679.0,86923.0
90759.0,85527.0,87308.0
90272.0,87955.0,87353.0
91753.0,85222.0,87683.0
90410.0,85521.0,87170.0
90575.0,86821.0,87515.0
90116.0,85035.0,87212.0
90314.0,85161.0,86791.0
91073.0,84995.0,87216.0
90848.0,85259.0,90519.0
90852.0,85300.0,86917.0
90666.0,85275.0,87405.0
90455.0,86587.0,88016.0
90635.0,86578.0,86913.0
90564.0,85608.0,87023.0
90696.0,85948.0,86986.0
90530.0,85214.0,86843.0
90468.0,86021.0,87219.0
90513.0,85525.0,87118.0
90476.0,85567.0,99541.0
91040.0,85230.0,87237.0
90923.0,86133.0,87669.0
90172.0,86929.0,87407.0
90528.0,85858.0,87974.0
90281.0,85823.0,88588.0
90599.0,85602.0,87243.0
90639.0,85349.0,87229.0
233983.0,86022.0,87470.0
90156.0,190037.0,87079.0
90612.0,86935.0,87499.0
90803.0,190313.0,87471.0
90323.0,86882.0,87209.0
90571.0,202754.0,87706.0
90582.0,86556.0,87535.0
90261.0,86716.0,87446.0
90514.0,23926.0,86720.0
89955.0,85235.0,86420.0
90456.0,85471.0,87208.0
90069.0,86975.0,87519.0
90331.0,85452.0,87509.0
90925.0,196983.0,87076.0
90831.0,87042.0,87049.0
90773.0,85291.0,87413.0
90909.0,85642.0,87538.0
90789.0,85503.0,86955.0
90859.0,87345.0,87083.0
90144.0,190784.0,87475.0
90916.0,85160.0,87873.0
90896.0,86074.0,87868.0
89971.0,85635.0,87338.0
90725.0,85602.0,87097.0
90734.0,85419.0,87143.0
90975.0,85760.0,88096.0
90167.0,85737.0,87083.0
91019.0,85391.0,86925.0
90165.0,85541.0,87512.0
90439.0,89951.0,87248.0
91115.0,85330.0,86929.0
90368.0,85468.0,86879.0
90527.0,85351.0,87284.0
89845.0,86745.0,87489.0
88998.0,85544.0,87934.0
89485.0,85849.0,87248.0
89394.0,85972.0,87213.0
89234.0,85192.0,87809.0
89206.0,85313.0,87910.0
89155.0,85564.0,87512.0
89547.0,85732.0,87598.0
89322.0,88934.0,87239.0
89428.0,86071.0,87041.0
89424.0,85333.0,87678.0
88800.0,85662.0,87211.0
88966.0,86006.0,87438.0
89480.0,85397.0,87553.0
91668.0,85799.0,86996.0
88781.0,87203.0,87633.0
89200.0,85927.0,87285.0
88860.0,87155.0,87234.0
88855.0,85529.0,86819.0
88878.0,85558.0,87922.0
88716.0,85635.0,87710.0
89058.0,86008.0,87314.0
89125.0,85892.0,87599.0
88976.0,85872.0,87185.0
89721.0,85374.0,87068.0
89004.0,85286.0,87533.0
91981.0,85962.0,87510.0
94411.0,85600.0,87824.0
88916.0,85658.0,87610.0
89042.0,85712.0,86947.0
89304.0,85753.0,87509.0
89988.0,85388.0,87470.0
89819.0,85423.0,87263.0
78623.0,85607.0,87534.0
89127.0,85395.0,86986.0
89206.0,86377.0,87602.0
27623.0,85032.0,87916.0
89221.0,85252.0,87843.0
89124.0,85303.0,86916.0
89523.0,85253.0,87021.0
91266.0,85242.0,86915.0
88949.0,85493.0,87373.0
89496.0,85371.0,87041.0
90439.0,85435.0,88004.0
34634.0,85889.0,87625.0
90245.0,87132.0,87013.0
88974.0,85780.0,87279.0
89400.0,85438.0,87901.0
88866.0,85499.0,87845.0
89138.0,85892.0,87860.0
88789.0,85217.0,87641.0
88875.0,85658.0,89069.0
89452.0,85832.0,87207.0
89164.0,85913.0,87133.0
92159.0,85695.0,87582.0
89287.0,85549.0,87413.0
89339.0,85840.0,87839.0
89159.0,85582.0,87247.0
89203.0,85364.0,87665.0
88856.0,85801.0,87068.0
90898.0,85681.0,86941.0
88810.0,85488.0,87447.0
89889.0,85442.0,86649.0
89642.0,85486.0,87410.0
89061.0,85445.0,86923.0
88802.0,87077.0,87440.0
88875.0,85391.0,88268.0
89293.0,85671.0,87557.0
89631.0,85632.0,87479.0
90952.0,85225.0,87017.0
88960.0,85587.0,87045.0
89073.0,85971.0,86945.0
89761.0,85555.0,87702.0
89138.0,85172.0,86818.0
89057.0,85145.0,87509.0
88961.0,85469.0,87385.0
90523.0,85386.0,87386.0
88971.0,87230.0,87541.0
89366.0,86394.0,87463.0
89253.0,85607.0,87186.0
88796.0,85197.0,88767.0
88842.0,85720.0,87378.0
89452.0,85811.0,86932.0
88660.0,85259.0,87851.0
93521.0,85645.0,86855.0
90079.0,85239.0,87795.0
89513.0,85779.0,87719.0
90482.0,85582.0,87508.0
89389.0,85431.0,87249.0
89088.0,85663.0,87343.0
91213.0,85504.0,87400.0
4773.0,85539.0,87840.0
4717.0,85251.0,87523.0
4741.0,85267.0,86952.0
4721.0,84962.0,87637.0
4721.0,85247.0,87645.0
5071.0,85637.0,86924.0
4741.0,85482.0,87173.0
84998.0,85472.0,87708.0
4741.0,85692.0,87609.0
5111.0,85368.0,87348.0
4781.0,85695.0,87658.0
4781.0,85142.0,87267.0
4721.0,86135.0,87944.0
4781.0,85563.0,87829.0
89228.0,85729.0,87252.0
88758.0,85749.0,87438.0
89243.0,86040.0,87153.0
89144.0,86049.0,87445.0
88760.0,85843.0,87231.0
89144.0,87416.0,87385.0
90359.0,85762.0,86853.0
90431.0,85642.0,86927.0
88881.0,86149.0,89354.0
89635.0,85547.0,87535.0
89163.0,85825.0,87111.0
89338.0,86138.0,87618.0
89125.0,85865.0,86897.0
89632.0,85669.0,87644.0
88848.0,85747.0,86856.0
89018.0,86400.0,87560.0
89168.0,85654.0,87539.0
88772.0,85761.0,87334.0
89980.0,85586.0,87237.0
88775.0,85896.0,87309.0
89110.0,85452.0,87449.0
89203.0,85330.0,87081.0
89001.0,85905.0,87417.0
89585.0,85956.0,87536.0
89648.0,85979.0,86951.0
88965.0,85622.0,106373.0
92138.0,86265.0,118996.0
88770.0,85128.0,106172.0
89010.0,85514.0,112828.0
90084.0,85620.0,244448.0
88833.0,85752.0,124834.0
90260.0,85800.0,151477.0
89192.0,85711.0,163074.0
92132.0,85847.0,106886.0
89384.0,85543.0,125411.0
88962.0,87581.0,132065.0
91853.0,87230.0,131050.0
89635.0,85772.0,145291.0
89324.0,85732.0,226413.0
88699.0,86264.0,118535.0
89178.0,86050.0,130762.0
89973.0,85691.0,106572.0
89644.0,85712.0,206526.0
89082.0,86885.0,163680.0
89115.0,85403.0,143958.0
89050.0,85573.0,130762.0
89448.0,86627.0,131352.0
89145.0,85842.0,163697.0
90973.0,85821.0,155894.0
89320.0,85680.0,176316.0
95820.0,85754.0,119673.0
89135.0,87114.0,118493.0
89136.0,85712.0,131644.0
90421.0,85662.0,106942.0
89750.0,85917.0,124932.0
89100.0,85432.0,112410.0
89596.0,85651.0,149680.0
91042.0,85712.0,207661.0
88827.0,85666.0,106152.0
90742.0,86078.0,119334.0
89270.0,85557.0,125329.0
92780.0,85974.0,151472.0
88963.0,85697.0,150158.0
89371.0,85737.0,118588.0
89436.0,86096.0,106108.0
89160.0,85618.0,143703.0
89076.0,85529.0,131524.0
89170.0,86279.0,137130.0
89656.0,90115.0,112718.0
89588.0,85522.0,105713.0
91336.0,85476.0,106084.0
88773.0,85742.0,106180.0
89336.0,85352.0,118975.0
89302.0,85944.0,106692.0
89836.0,86016.0,106318.0
90306.0,86220.0,106125.0
88863.0,85382.0,106092.0
89552.0,85481.0,106809.0
90877.0,85726.0,125275.0
89354.0,85490.0,138062.0
91030.0,87256.0,105849.0
88953.0,85419.0,119399.0
89678.0,86035.0,118735.0
91258.0,85341.0,144109.0
92100.0,85784.0,126071.0
89179.0,88341.0,156561.0
88805.0,85785.0,144694.0
88911.0,85528.0,149908.0
90723.0,85694.0,107028.0
88992.0,85871.0,106499.0
89692.0,85380.0,246429.0
89140.0,85501.0,107090.0
88889.0,85376.0,205969.0
88964.0,86055.0,137499.0
92531.0,85197.0,164388.0
89251.0,85875.0,125585.0
89160.0,85478.0,106714.0
89292.0,85292.0,212344.0
88817.0,85797.0,143331.0
89330.0,85794.0,126617.0
89239.0,86087.0,145026.0
88958.0,85444.0,132981.0
88946.0,85328.0,125377.0
89306.0,85438.0,106275.0
89164.0,85400.0,125707.0
89601.0,86100.0,145363.0
88904.0,85728.0,107053.0
89273.0,85516.0,106503.0
89544.0,85403.0,126064.0
89085.0,85582.0,206004.0
88823.0,85711.0,106719.0
10669.0,85751.0,218750.0
6677.0,85883.0,143046.0
6721.0,85943.0,131029.0
10605.0,85409.0,124793.0
110968.0,85574.0,124707.0
6677.0,85628.0,144150.0
10551.0,85694.0,105970.0
6677.0,85660.0,137646.0
10551.0,85330.0,105468.0
10551.0,85877.0,105926.0
6677.0,85832.0,111924.0
10605.0,85711.0,126558.0
110834.0,85502.0,151115.0
6677.0,85559.0,246597.0
10605.0,87384.0,200714.0
6677.0,85573.0,124516.0
10605.0,85405.0,224908.0
6613.0,85669.0,118869.0
6677.0,85588.0,131764.0
6721.0,85865.0,124781.0
6677.0,85307.0,759.0
10669.0,85383.0,143479.0
10085.0,85965.0,150508.0
111116.0,85949.0,143008.0
10605.0,85967.0,130948.0
111092.0,85974.0,118774.0
6677.0,85466.0,245307.0
10551.0,85601.0,106258.0
6677.0,85896.0,143894.0
10551.0,85735.0,106502.0
10085.0,85715.0,106304.0
10637.0,85673.0,140588.0
10637.0,86209.0,106321.0
10085.0,86639.0,112573.0
6677.0,85627.0,106044.0
10605.0,85753.0,124537.0
6677.0,86102.0,106149.0
6677.0,88740.0,131702.0
10605.0,90315.0,106112.0
110871.0,85728.0,107526.0
10551.0,85750.0,137969.0
6677.0,85939.0,137470.0
10573.0,86006.0,124747.0
6677.0,87042.0,106114.0
10085.0,85545.0,202369.0
10657.0,85650.0,245048.0
6677.0,85958.0,106245.0
10605.0,85512.0,188283.0
6677.0,85399.0,243295.0
6741.0,85868.0,105570.0
6613.0,85365.0,106064.0
6677.0,85562.0,125006.0
10519.0,85593.0,106470.0
6677.0,87171.0,246165.0
6485.0,86072.0,119375.0
6677.0,85540.0,106575.0
10551.0,85956.0,169593.0
6677.0,85499.0,105750.0
10605.0,85698.0,144011.0
10621.0,85682.0,125261.0
6677.0,85578.0,162907.0
10202.0,85484.0,151776.0
10637.0,86044.0,137276.0
6677.0,86936.0,242768.0
10605.0,85745.0,150890.0
10605.0,85589.0,125612.0
6677.0,85491.0,163305.0
6677.0,85838.0,145849.0
10085.0,85381.0,120653.0
6677.0,85746.0,132198.0
6677.0,85612.0,201998.0
6677.0,85797.0,149730.0
10202.0,85710.0,118345.0
6677.0,85585.0,243981.0
6677.0,86060.0,12119.0
10551.0,86794.0,150186.0
6453.0,85928.0,143580.0
6741.0,85747.0,245442.0
6677.0,86142.0,105835.0
6677.0,85386.0,112665.0
6677.0,86063.0,220109.0
6729.0,85716.0,125705.0
10551.0,87130.0,106642.0
7001.0,85984.0,125625.0
10551.0,86874.0,183957.0
6677.0,85796.0,200060.0
10551.0,85800.0,106333.0
6741.0,88838.0,112506.0
10547.0,86214.0,131256.0
10605.0,85740.0,169601.0
6677.0,86328.0,132245.0
6721.0,85810.0,106107.0
6677.0,85713.0,105853.0
6613.0,85540.0,131403.0
10551.0,85458.0,153024.0
6677.0,85763.0,126268.0
6709.0,87155.0,188689.0
10605.0,85945.0,131683.0
10605.0,73434.0,151030.0
10605.0,73508.0,149584.0
6785.0,73041.0,158098.0
6677.0,85973.0,119350.0
10627.0,111775.0,105786.0
10573.0,73460.0,174534.0
6677.0,85755.0,124520.0
6485.0,85577.0,199450.0
6677.0,85668.0,150714.0
6741.0,73353.0,243420.0
10605.0,85949.0,151838.0
10551.0,86446.0,149111.0
6677.0,73283.0,133478.0
6677.0,87807.0,124177.0
10637.0,73171.0,106050.0
10605.0,73386.0,164434.0
10551.0,85293.0,137685.0
6677.0,73510.0,105947.0
6677.0,73712.0,125349.0
10085.0,85960.0,125458.0
10551.0,73320.0,162631.0
10605.0,73382.0,105821.0
6677.0,86500.0,106427.0
10657.0,85720.0,162291.0
6721.0,73442.0,145255.0
10605.0,73095.0,137854.0
10202.0,86259.0,106052.0
10605.0,73474.0,86544.0
10519.0,91873.0,87061.0
6677.0,73500.0,192370.0
6677.0,85834.0,155608.0
6677.0,73502.0,87083.0
42770.0,73141.0,37332.0
10605.0,86189.0,86996.0
6721.0,73153.0,86818.0
10669.0,85628.0,86527.0
6677.0,73142.0,175051.0
11421.0,85942.0,86933.0
6677.0,86507.0,86622.0
10573.0,85874.0,86867.0
10551.0,85767.0,136466.0
6677.0,85541.0,86959.0
10551.0,86458.0,87055.0
10551.0,85983.0,168597.0
6677.0,73341.0,87057.0
6677.0,73215.0,87074.0
10621.0,73594.0,237215.0
6613.0,85806.0,230608.0
6677.0,86124.0,180239.0
6677.0,86195.0,86993.0
6677.0,73302.0,149186.0
6741.0,85825.0,124401.0
10669.0,72894.0,154978.0
11045.0,87725.0,173696.0
6677.0,73401.0,149117.0
10202.0,85948.0,86526.0
10551.0,85309.0,86924.0
6677.0,85620.0,105660.0
10085.0,85918.0,155122.0
10551.0,86388.0,86464.0
10551.0,79910.0,155918.0
6677.0,73275.0,87026.0
6677.0,86162.0,86828.0
10605.0,85844.0,87480.0
6677.0,72975.0,136565.0
6677.0,86087.0,124985.0
6677.0,73224.0,86663.0
10605.0,86256.0,99743.0
6677.0,86865.0,87191.0
10605.0,73381.0,86968.0
6721.0,73515.0,230082.0
10669.0,73353.0,86348.0
6677.0,73301.0,148914.0
6741.0,220971.0,230089.0
10605.0,85732.0,155709.0
10551.0,85858.0,86689.0
6677.0,73172.0,230512.0
10605.0,85768.0,86841.0
10085.0,86043.0,105190.0
10085.0,73341.0,87124.0
10605.0,85720.0,199017.0
10551.0,73181.0,231090.0
10605.0,73169.0,155128.0
10551.0,73641.0,130108.0
10573.0,73402.0,86756.0
10202.0,73272.0,204848.0
6677.0,85483.0,86636.0
10605.0,73209.0,230305.0
6677.0,73154.0,86932.0
6677.0,72899.0,87244.0
10573.0,73168.0,87028.0
10085.0,86598.0,224918.0
6677.0,73194.0,230552.0
6677.0,86464.0,230739.0
89160.0,86112.0,86634.0
164255.0,73126.0,87213.0
89392.0,87864.0,149702.0
89256.0,73199.0,86710.0
91538.0,73482.0,86929.0
89661.0,86095.0,130589.0
89465.0,73306.0,86632.0
214004.0,73052.0,148758.0
89746.0,86028.0,87529.0
88863.0,85749.0,229787.0
157521.0,73542.0,150065.0
120329.0,713.0,86552.0
89316.0,4615.0,86869.0
89171.0,4615.0,86961.0
107607.0,713.0,143699.0
90175.0,219474.0,86468.0
89083.0,713.0,87003.0
89196.0,713.0,87283.0
90144.0,713.0,191989.0
88953.0,713.0,150668.0
89938.0,713.0,168514.0
89837.0,713.0,230559.0
90018.0,713.0,87048.0
189323.0,713.0,86726.0
89088.0,73286.0,230023.0
88596.0,73436.0,112018.0
90423.0,85992.0,124193.0
90765.0,73275.0,230316.0
101796.0,73318.0,86737.0
88715.0,86152.0,229933.0
89256.0,73276.0,87157.0
89736.0,86006.0,87044.0
89270.0,72961.0,231102.0
89590.0,73860.0,87422.0
89178.0,85676.0,86700.0
113741.0,73749.0,86751.0
89906.0,73283.0,99039.0
89214.0,73373.0,156175.0
89622.0,73382.0,86340.0
89183.0,85784.0,168058.0
89740.0,73555.0,86796.0
89710.0,87120.0,86996.0
90621.0,73326.0,86826.0
89236.0,85603.0,136688.0
91578.0,73227.0,230767.0
89394.0,73288.0,230992.0
89288.0,73364.0,87116.0
139546.0,86373.0,87092.0
89301.0,73508.0,86832.0
89418.0,73345.0,142838.0
89121.0,85690.0,155788.0
4781.0,85256.0,143152.0
85192.0,73137.0,86984.0
4717.0,73177.0,87182.0
4813.0,73269.0,230560.0
4677.0,73532.0,229626.0
4781.0,73187.0,93636.0
4717.0,73557.0,86714.0
4717.0,73169.0,86534.0
4717.0,73801.0,148879.0
4721.0,85886.0,86824.0
4709.0,73443.0,124163.0
4665.0,73517.0,198655.0
4781.0,85592.0,230272.0
4781.0,73272.0,143823.0
89442.0,210188.0,86403.0
89090.0,86079.0,86768.0
214530.0,73113.0,86747.0
89285.0,73424.0,86558.0
89348.0,73266.0,86894.0
89420.0,72923.0,86558.0
89693.0,73131.0,86546.0
89513.0,85622.0,230237.0
89438.0,73247.0,86752.0
89434.0,73037.0,86989.0
181384.0,72956.0,174433.0
89184.0,73548.0,86603.0
89537.0,73242.0,130264.0
89985.0,85496.0,86742.0
89786.0,85386.0,186859.0
107875.0,73217.0,230125.0
89027.0,85821.0,86724.0
157204.0,73563.0,87223.0
89469.0,86005.0,137993.0
89572.0,87189.0,86466.0
89378.0,85680.0,86881.0
126016.0,85714.0,124728.0
88804.0,85973.0,86677.0
176872.0,85296.0,205900.0
102085.0,85952.0,86932.0
89785.0,73643.0,86692.0
88792.0,73297.0,86923.0
89036.0,86965.0,231513.0
89620.0,86529.0,194252.0
88876.0,73375.0,142682.0
33993.0,73428.0,192489.0
88899.0,73019.0,87681.0
89603.0,86112.0,86966.0
89086.0,86020.0,87584.0
89344.0,73110.0,86688.0
89388.0,87258.0,86987.0
88907.0,85798.0,86854.0
89627.0,73109.0,87314.0
89130.0,86135.0,86900.0
89152.0,73650.0,130461.0
89123.0,73522.0,218764.0
213543.0,85843.0,87420.0
89026.0,88557.0,86829.0
89452.0,85989.0,86982.0
89131.0,85794.0,180494.0
89808.0,85604.0,87096.0
89367.0,86340.0,148954.0
11577.0,86018.0,86551.0
150738.0,73036.0,149857.0
89249.0,85613.0,86890.0
89043.0,85620.0,86720.0
89248.0,73208.0,161298.0
89272.0,73465.0,86858.0
89591.0,73135.0,207923.0
89177.0,74821.0,130686.0
89519.0,73160.0,124248.0
89003.0,73575.0,236740.0
89414.0,73019.0,192140.0
89125.0,85758.0,86692.0
89397.0,73084.0,223810.0
88945.0,73340.0,180093.0
88903.0,72883.0,87030.0
89037.0,73749.0,86715.0
88940.0,73219.0,87116.0
157489.0,85837.0,87616.0
89268.0,85894.0,230708.0
89111.0,85355.0,86662.0
89804.0,85805.0,168236.0
88899.0,85679.0,86963.0
89174.0,73327.0,229873.0
89914.0,73124.0,137055.0
89149.0,85691.0,86788.0
107592.0,86101.0,86990.0
89384.0,73067.0,86853.0
89529.0,72990.0,87382.0
89616.0,73178.0,87061.0
89113.0,73453.0,87122.0
89106.0,73395.0,86729.0
89672.0,85993.0,238702.0
89113.0,73541.0,237968.0
89430.0,73675.0,237964.0
89661.0,85809.0,238981.0
89290.0,86079.0,233481.0
213702.0,85504.0,238165.0
89446.0,86799.0,238120.0
88838.0,85449.0,238163.0
88999.0,85775.0,237915.0
88742.0,85860.0,238532.0
89029.0,159983.0,239143.0
89105.0,85831.0,237619.0
89006.0,87316.0,238361.0
89643.0,86539.0,239276.0
90283.0,87050.0,238007.0
89081.0,85833.0,237099.0
89402.0,85332.0,238171.0
89426.0,87168.0,238410.0
89371.0,85942.0,238117.0
176598.0,85927.0,238094.0
120705.0,85378.0,238591.0
88983.0,87451.0,238622.0
89340.0,85625.0,239616.0
88911.0,85449.0,238151.0
89153.0,85311.0,238367.0
181984.0,85440.0,238847.0
89081.0,85989.0,239957.0
90230.0,85802.0,239343.0
90361.0,85285.0,238644.0
89209.0,85685.0,238051.0
169355.0,85737.0,237423.0
211972.0,85994.0,237885.0
88680.0,85806.0,238455.0
89910.0,86903.0,238171.0
89290.0,86890.0,237533.0
108335.0,85696.0,237641.0
88959.0,85351.0,239745.0
89485.0,85389.0,238189.0
89641.0,85736.0,238205.0
89888.0,85660.0,238629.0
89375.0,86830.0,238993.0
90782.0,85809.0,238029.0
89255.0,85643.0,238293.0
89170.0,85565.0,238453.0
96286.0,85815.0,237990.0
89194.0,85610.0,239281.0
89293.0,85639.0,238147.0
89472.0,85664.0,237989.0
88850.0,85951.0,238516.0
157307.0,85341.0,238467.0
157273.0,85768.0,237462.0
89136.0,85310.0,239431.0
89148.0,86141.0,238327.0
89455.0,85803.0,238561.0
89294.0,85494.0,238373.0
89320.0,85962.0,238290.0
132914.0,85346.0,238419.0
89173.0,86907.0,238336.0
89631.0,86847.0,238095.0
89271.0,87467.0,240145.0
88819.0,86791.0,237527.0
89265.0,85969.0,237892.0
89585.0,85632.0,238649.0
89228.0,86196.0,238971.0
89358.0,85842.0,237879.0
89310.0,87106.0,237950.0
89079.0,159155.0,238271.0
89535.0,85634.0,239141.0
113994.0,85937.0,238251.0
89030.0,85563.0,238099.0
89599.0,85645.0,238633.0
89332.0,85622.0,239733.0
89124.0,73629.0,237868.0
89578.0,85652.0,237775.0
89180.0,85239.0,225904.0
88946.0,85649.0,238675.0
89157.0,85823.0,238259.0
88995.0,85951.0,238655.0
170403.0,85598.0,238291.0
89019.0,85488.0,238168.0
89190.0,86125.0,237747.0
89929.0,85421.0,237880.0
89339.0,85607.0,240205.0
89468.0,86957.0,239081.0
89684.0,85272.0,240047.0
89076.0,85667.0,240330.0
89238.0,85639.0,238367.0
89716.0,85482.0,238263.0
89191.0,85746.0,238461.0
211563.0,85604.0,238134.0
89757.0,85379.0,238148.0
89406.0,85525.0,238529.0
89373.0,85517.0,239067.0
89203.0,85799.0,238046.0
234448.0,86439.0,238536.0
234210.0,86866.0,239543.0
234582.0,86968.0,238978.0
234655.0,87109.0,106214.0
234994.0,85361.0,241730.0
236160.0,87527.0,238733.0
234042.0,160717.0,239769.0
234953.0,88343.0,239484.0
235730.0,85549.0,237349.0
235718.0,215321.0,238788.0
234277.0,85538.0,237941.0
234045.0,85739.0,238110.0
234756.0,215916.0,238015.0
237028.0,87205.0,238134.0
234624.0,88857.0,238577.0
235292.0,85316.0,238638.0
235631.0,85715.0,237937.0
235782.0,85384.0,238268.0
234528.0,85959.0,238605.0
235910.0,85376.0,238461.0
234908.0,85526.0,239543.0
234759.0,86078.0,238723.0
234510.0,85806.0,238645.0
235551.0,85575.0,239303.0
234738.0,85188.0,237737.0
237786.0,85710.0,238065.0
234514.0,74992.0,237737.0
234329.0,17896.0,238955.0
234887.0,85442.0,237545.0
236490.0,86714.0,237977.0
235776.0,85149.0,238584.0
236972.0,85813.0,238713.0
234990.0,87297.0,238446.0
235348.0,85471.0,238344.0
239100.0,87490.0,238007.0
234584.0,85634.0,237887.0
234712.0,85882.0,237567.0
235270.0,87216.0,238136.0
235205.0,85722.0,238312.0
234636.0,85551.0,238807.0
237032.0,87282.0,238148.0
235580.0,85656.0,239147.0
234110.0,85268.0,239115.0
234894.0,85881.0,240279.0
235546.0,86919.0,238320.0
235104.0,85702.0,238329.0
234472.0,85461.0,238715.0
234503.0,85622.0,239174.0
239020.0,85828.0,237867.0
234766.0,85927.0,240091.0
235710.0,87789.0,239093.0
237266.0,87146.0,238495.0
236918.0,85427.0,239383.0
234654.0,85641.0,239606.0
234664.0,159485.0,238441.0
234686.0,85607.0,238568.0
235309.0,86237.0,238349.0
233934.0,85229.0,238301.0
235219.0,87224.0,238163.0
234730.0,86038.0,239019.0
234978.0,85468.0,237857.0
234826.0,85527.0,238173.0
235030.0,85548.0,238068.0
236195.0,85484.0,237917.0
236712.0,85557.0,233271.0
234234.0,87165.0,238191.0
235696.0,85891.0,241173.0
235263.0,85484.0,238891.0
234748.0,86960.0,239375.0
234666.0,85229.0,238084.0
235870.0,85508.0,238559.0
235417.0,85580.0,238730.0
234730.0,85926.0,238257.0
235914.0,87105.0,239261.0
235573.0,86118.0,237911.0
238062.0,85339.0,238813.0
235570.0,217050.0,238139.0
235018.0,85323.0,238691.0
235088.0,87000.0,238221.0
234077.0,160374.0,237527.0
236582.0,87115.0,237670.0
234561.0,85969.0,241292.0
235642.0,159646.0,238593.0
234769.0,85456.0,238895.0
236932.0,85415.0,238173.0
235530.0,85356.0,238269.0
234192.0,85522.0,237855.0
235605.0,85531.0,239055.0
234722.0,85226.0,237792.0
235524.0,85487.0,238951.0
237924.0,87621.0,238802.0
234902.0,85749.0,238237.0
234124.0,86874.0,238115.0
234994.0,85443.0,241490.0
234502.0,86740.0,239403.0
235140.0,87189.0,238723.0
234508.0,85635.0,238721.0
235402.0,86839.0,237721.0
235100.0,85590.0,239517.0
238122.0,85369.0,238717.0
234974.0,85795.0,241415.0
234539.0,87002.0,238922.0
235891.0,85633.0,238338.0
236526.0,85833.0,238597.0
237432.0,87297.0,239907.0
234928.0,85670.0,238749.0
235602.0,85965.0,237666.0
235464.0,85413.0,238062.0
234315.0,85708.0,239349.0
234166.0,86096.0,238747.0
234742.0,85486.0,238411.0
234580.0,85489.0,239069.0
234453.0,85457.0,238041.0
234513.0,85739.0,238519.0
237384.0,87316.0,237755.0
237544.0,85601.0,238964.0
235917.0,85547.0,238671.0
235008.0,85985.0,131128.0
234598.0,85283.0,175160.0
234104.0,85575.0,175601.0
235354.0,85332.0,234878.0
235002.0,85056.0,168938.0
235358.0,86626.0,168796.0
237217.0,85986.0,199778.0
235230.0,85471.0,168532.0
234922.0,85890.0,231805.0
235653.0,86961.0,168060.0
237332.0,87055.0,175147.0
234416.0,85358.0,168480.0
234806.0,85368.0,87264.0
237454.0,85467.0,168559.0
237170.0,85730.0,231046.0
235407.0,85137.0,87375.0
234916.0,85580.0,207014.0
236396.0,85985.0,169799.0
235350.0,85704.0,232755.0
235286.0,85919.0,169038.0
234622.0,85672.0,163961.0
234664.0,87605.0,156447.0
235916.0,85231.0,170341.0
236072.0,73386.0,233006.0
235114.0,74154.0,233695.0
234712.0,86304.0,226079.0
234986.0,73317.0,86927.0
234736.0,86404.0,238500.0
235244.0,88998.0,100241.0
234852.0,73126.0,162879.0
235973.0,90494.0,156489.0
234784.0,73110.0,232332.0
233816.0,73448.0,87408.0
238372.0,73539.0,225401.0
237249.0,73488.0,87670.0
237200.0,76415.0,175140.0
234812.0,86112.0,238135.0
234520.0,86162.0,168648.0
238302.0,87248.0,162811.0
237184.0,73043.0,174833.0
234724.0,72945.0,232237.0
235860.0,86033.0,168227.0
234998.0,73822.0,169056.0
235061.0,74664.0,209253.0
235190.0,87524.0,170200.0
234590.0,73521.0,88103.0
235484.0,87245.0,168775.0
235925.0,73550.0,169018.0
235001.0,73472.0,200822.0
238072.0,73371.0,88357.0
234042.0,73187.0,87627.0
234726.0,87754.0,231261.0
236870.0,87469.0,145060.0
235263.0,74487.0,150033.0
234457.0,73944.0,174989.0
234900.0,88703.0,234143.0
234847.0,73364.0,170511.0
234952.0,73388.0,169299.0
234328.0,87191.0,169692.0
235432.0,89016.0,230795.0
236718.0,86905.0,168579.0
235284.0,74383.0,176323.0
234744.0,87409.0,87498.0
234395.0,73871.0,230647.0
235614.0,73212.0,168461.0
234995.0,87363.0,231594.0
236140.0,73340.0,231527.0
234476.0,87964.0,176357.0
234272.0,73304.0,168919.0
234646.0,73607.0,231741.0
235274.0,73515.0,168415.0
237305.0,74473.0,87525.0
236875.0,87059.0,168255.0
235699.0,89992.0,168517.0
235370.0,73812.0,124631.0
234934.0,72995.0,168545.0
235304.0,87432.0,87440.0
235826.0,87226.0,175514.0
234276.0,85485.0,87568.0
233951.0,87570.0,232557.0
234518.0,91464.0,193495.0
234940.0,86975.0,170051.0
235062.0,76649.0,156251.0
91681.0,73852.0,176094.0
113472.0,73902.0,232214.0
90764.0,87616.0,175402.0
89291.0,87444.0,168889.0
102710.0,222402.0,168876.0
89112.0,73173.0,88375.0
89906.0,87605.0,231363.0
89029.0,73180.0,87656.0
90523.0,73451.0,87444.0
90512.0,73099.0,87072.0
92160.0,74011.0,137086.0
107361.0,73441.0,206850.0
89725.0,73067.0,87234.0
91241.0,74853.0,200274.0
89723.0,87203.0,168549.0
149032.0,75320.0,87718.0
91796.0,87910.0,188856.0
155596.0,89355.0,237395.0
211997.0,85828.0,144671.0
101413.0,74443.0,232482.0
88938.0,86236.0,188605.0
89249.0,73394.0,118729.0
89564.0,159788.0,231833.0
162993.0,90730.0,169135.0
93485.0,86187.0,231401.0
90357.0,75000.0,175622.0
89531.0,86160.0,231366.0
91012.0,73418.0,167819.0
89871.0,87160.0,169577.0
89291.0,85937.0,87141.0
91928.0,73212.0,168520.0
138295.0,89464.0,169100.0
89721.0,74679.0,168278.0
90578.0,73151.0,232206.0
162697.0,87099.0,119805.0
89116.0,85643.0,151097.0
89127.0,73700.0,231607.0
89320.0,86203.0,238813.0
89310.0,76521.0,169254.0
90778.0,73328.0,87363.0
218905.0,87619.0,168762.0
89449.0,85425.0,231555.0
89347.0,73491.0,169358.0
89455.0,87255.0,168805.0
214820.0,73467.0,168948.0
89460.0,73504.0,181234.0
152497.0,87481.0,100336.0
89891.0,74200.0,137299.0
92297.0,86505.0,175728.0
91824.0,73637.0,230709.0
91470.0,72994.0,230827.0
124300.0,73749.0,232736.0
4709.0,73347.0,176613.0
85029.0,90218.0,206178.0
4687.0,73319.0,87722.0
5014.0,74147.0,168299.0
4717.0,73627.0,168883.0
4657.0,85769.0,175173.0
4741.0,75890.0,87273.0
4677.0,88867.0,137528.0
4741.0,88218.0,131167.0
4773.0,87279.0,186704.0
4741.0,85385.0,87840.0
4653.0,73101.0,174467.0
4601.0,73144.0,168795.0
4665.0,74212.0,168876.0
4717.0,87618.0,175076.0
90552.0,86023.0,232125.0
90714.0,87458.0,169929.0
211438.0,73313.0,177135.0
88782.0,73069.0,169496.0
168897.0,87744.0,233293.0
89777.0,86294.0,168602.0
163161.0,88858.0,189455.0
90092.0,73117.0,232809.0
88876.0,73646.0,167946.0
219378.0,86806.0,137272.0
89051.0,73452.0,169304.0
120058.0,73491.0,87353.0
91933.0,87521.0,87593.0
214759.0,73409.0,137884.0
89185.0,73804.0,194565.0
89282.0,11489.0,232319.0
91250.0,87459.0,87595.0
90708.0,74982.0,176189.0
107422.0,73298.0,232434.0
92460.0,73287.0,174879.0
212073.0,87428.0,87909.0
92485.0,73382.0,200181.0
91438.0,87121.0,200900.0
89805.0,75011.0,93932.0
89998.0,88843.0,168655.0
88606.0,73327.0,177390.0
91054.0,85918.0,167903.0
90215.0,73945.0,94119.0
89594.0,87221.0,188326.0
212264.0,89084.0,174727.0
90441.0,89055.0,155874.0
131780.0,88078.0,169241.0
103350.0,72973.0,231363.0
91469.0,86642.0,150441.0
89391.0,73830.0,51446.0
91636.0,89441.0,220278.0
91059.0,87167.0,232563.0
90403.0,73169.0,87681.0
89768.0,74919.0,87852.0
91838.0,220787.0,201187.0
88943.0,73403.0,231463.0
91288.0,73082.0,233228.0
90818.0,88726.0,233915.0
212085.0,88387.0,104408.0
89142.0,73551.0,231883.0
225948.0,86195.0,87250.0
89461.0,86860.0,87231.0
91425.0,73445.0,194406.0
89381.0,74824.0,232338.0
107140.0,73800.0,87807.0
15371.0,74776.0,168937.0
89574.0,86624.0,169019.0
88950.0,87296.0,193626.0
105734.0,73203.0,233374.0
89877.0,87677.0,169356.0
91584.0,74459.0,200638.0
88729.0,86262.0,169508.0
90069.0,75018.0,224854.0
89345.0,220987.0,87385.0
193017.0,73534.0,88251.0
89611.0,85451.0,87858.0
92220.0,86030.0,193506.0
90447.0,87041.0,86951.0
90014.0,85763.0,181551.0
89231.0,73417.0,201192.0
211895.0,73226.0,87889.0
90582.0,75328.0,188560.0
88629.0,73627.0,169949.0
90038.0,73732.0,168925.0
91410.0,86995.0,99898.0
91194.0,74453.0,93270.0
88671.0,73113.0,101448.0
88770.0,72714.0,105785.0
89423.0,85956.0,93108.0
91581.0,73811.0,100064.0
89123.0,73374.0,106475.0
92639.0,73420.0,100245.0
88729.0,85959.0,99883.0
92084.0,73527.0,99281.0
180939.0,74885.0,106881.0
90570.0,89770.0,106630.0
91352.0,73438.0,100401.0
180866.0,87248.0,99654.0
90923.0,73246.0,100450.0
113853.0,87046.0,99565.0
91242.0,75702.0,105541.0
89123.0,86383.0,100248.0
224318.0,73218.0,106225.0
89137.0,86488.0,100151.0
157250.0,73085.0,99872.0
91328.0,73596.0,107097.0
91503.0,86034.0,99732.0
91112.0,74524.0,99067.0
93524.0,87269.0,100471.0
92464.0,73965.0,99996.0
89471.0,73180.0,99418.0
93226.0,86146.0,106318.0
89652.0,73242.0,99774.0
90581.0,88039.0,99972.0
92681.0,73568.0,99541.0
91873.0,75240.0,101217.0
89599.0,89155.0,99199.0
212817.0,73387.0,236861.0
89496.0,85539.0,100104.0
88723.0,74029.0,106211.0
91326.0,85604.0,106783.0
89975.0,72932.0,99799.0
89269.0,73415.0,195160.0
90243.0,73220.0,93108.0
107557.0,73042.0,106467.0
89302.0,75387.0,100649.0
89648.0,85632.0,99862.0
89820.0,85577.0,99236.0
90229.0,85712.0,150280.0
90044.0,73171.0,99258.0
92097.0,73328.0,230959.0
89235.0,85423.0,99934.0
219487.0,85667.0,99729.0
90431.0,73910.0,106100.0
5143.0,76232.0,100074.0
84965.0,73537.0,99314.0
4731.0,73213.0,100380.0
4785.0,85516.0,99680.0
4753.0,73614.0,99315.0
4741.0,85094.0,100200.0
4741.0,73328.0,99881.0
4741.0,75284.0,100415.0
4741.0,85474.0,43528.0
4741.0,73332.0,230800.0
4721.0,85665.0,100122.0
4781.0,85922.0,239155.0
4657.0,73140.0,93696.0
4785.0,88754.0,99839.0
4721.0,73364.0,99564.0
88716.0,85337.0,93458.0
89184.0,79594.0,106199.0
204469.0,86029.0,202962.0
90006.0,73199.0,106103.0
156366.0,72936.0,137240.0
214462.0,72972.0,99752.0
89440.0,73437.0,106473.0
88999.0,73234.0,93418.0
89868.0,85836.0,92976.0
92802.0,85667.0,99550.0
89002.0,73384.0,100059.0
212289.0,221566.0,99771.0
91343.0,75013.0,100142.0
108007.0,73675.0,99598.0
89894.0,85617.0,100320.0
89745.0,85487.0,100034.0
132320.0,85662.0,98900.0
92531.0,76396.0,100068.0
212529.0,88481.0,100192.0
89702.0,85943.0,93370.0
90837.0,85696.0,99200.0
90171.0,77459.0,106308.0
107112.0,74025.0,106464.0
89205.0,76239.0,99205.0
91415.0,85852.0,100094.0
91963.0,73010.0,100090.0
88944.0,76403.0,100535.0
91288.0,85940.0,243019.0
88619.0,85595.0,100038.0
89277.0,85897.0,99733.0
89571.0,85354.0,99643.0
88735.0,85155.0,100577.0
90782.0,73202.0,99145.0
217393.0,74940.0,106007.0
92492.0,85584.0,106211.0
89475.0,77808.0,100216.0
89581.0,75728.0,99371.0
90563.0,85473.0,100033.0
90301.0,73178.0,106787.0
91054.0,73109.0,106421.0
90246.0,85002.0,106407.0
90821.0,85299.0,99978.0
209680.0,73822.0,93226.0
90431.0,73588.0,106175.0
11639.0,85654.0,99348.0
146997.0,87570.0,100175.0
90983.0,85819.0,99892.0
171938.0,73267.0,99973.0
90790.0,75400.0,106060.0
234445.0,76780.0,93338.0
234233.0,85824.0,99974.0
90484.0,73416.0,100353.0
234350.0,85340.0,106279.0
233291.0,73239.0,243960.0
171734.0,72883.0,100096.0
146344.0,73175.0,105892.0
234203.0,73196.0,99162.0
233419.0,74202.0,226694.0
235493.0,73672.0,108519.0
90519.0,73476.0,99749.0
90629.0,87209.0,98956.0
197136.0,85852.0,56434.0
233912.0,86211.0,100598.0
90254.0,85925.0,105927.0
90545.0,72922.0,93888.0
196621.0,74668.0,107625.0
235047.0,85698.0,99600.0
90292.0,85489.0,99806.0
91076.0,75312.0,99375.0
90670.0,73193.0,99804.0
233869.0,85761.0,100675.0
90437.0,73190.0,106031.0
91701.0,85772.0,99483.0
233943.0,73582.0,99874.0
235025.0,87541.0,99910.0
233337.0,85907.0,100128.0
140336.0,85622.0,100474.0
234076.0,73298.0,93044.0
90626.0,85408.0,105475.0
91155.0,73111.0,106054.0
234674.0,85650.0,100145.0
90376.0,85190.0,99723.0
90782.0,73351.0,101390.0
90948.0,73638.0,238815.0
172097.0,86656.0,100008.0
233891.0,73386.0,99898.0
235294.0,73266.0,105244.0
90455.0,73493.0,187428.0
90754.0,73173.0,105759.0
190895.0,85687.0,93364.0
233437.0,73772.0,245085.0
233770.0,85498.0,106242.0
90634.0,73716.0,99739.0
90173.0,73549.0,176242.0
234433.0,73741.0,105781.0
90484.0,73066.0,12481.0
90521.0,86098.0,93898.0
235151.0,73704.0,100131.0
241725.0,73255.0,100843.0
90841.0,72936.0,239237.0
90458.0,73277.0,176149.0
235096.0,73165.0,100693.0
90897.0,74717.0,100776.0
190594.0,73352.0,99599.0
233716.0,73446.0,100195.0
90296.0,85201.0,105562.0
234378.0,73092.0,100560.0
202834.0,78072.0,100174.0
115244.0,85660.0,98996.0
233871.0,85268.0,99573.0
90542.0,85715.0,100016.0
234780.0,85610.0,177390.0
233852.0,85332.0,99940.0
232960.0,85485.0,106062.0
234045.0,73165.0,94282.0
90909.0,73465.0,99349.0
233419.0,73372.0,105957.0
90418.0,73475.0,99473.0
233192.0,85255.0,239132.0
233803.0,72967.0,99441.0
233542.0,73557.0,99433.0
90592.0,73202.0,106301.0
90227.0,73000.0,99265.0
233767.0,85403.0,106891.0
233725.0,72945.0,100138.0
90935.0,85807.0,99118.0
233961.0,73861.0,106107.0
90383.0,73703.0,100279.0
90162.0,85648.0,99873.0
234405.0,85816.0,99744.0
90895.0,73182.0,99816.0
221842.0,73515.0,99810.0
233409.0,85357.0,99893.0
90745.0,85653.0,219569.0
90539.0,73108.0,99510.0
90593.0,85182.0,99512.0
140648.0,85649.0,99960.0
233683.0,86335.0,99443.0
233507.0,73049.0,100229.0
90684.0,73459.0,106300.0
233603.0,73449.0,237460.0
233432.0,73491.0,99297.0
90389.0,73479.0,105686.0
90696.0,85703.0,106049.0
196797.0,86424.0,100310.0
89947.0,73270.0,100936.0
241612.0,85431.0,100306.0
234268.0,73281.0,101353.0
233448.0,85333.0,138349.0
90615.0,73393.0,100192.0
233492.0,85576.0,99521.0
202961.0,73043.0,99838.0
233970.0,220439.0,93004.0
90083.0,73354.0,131717.0
89854.0,87116.0,99590.0
90736.0,85336.0,99436.0
90747.0,85244.0,94180.0
90385.0,73103.0,106297.0
234416.0,88670.0,131162.0
90793.0,85306.0,131265.0
234392.0,85300.0,139059.0
90006.0,85557.0,200521.0
90987.0,74013.0,125472.0
90849.0,85431.0,218727.0
233662.0,73256.0,93279.0
90236.0,86247.0,105976.0
233698.0,86106.0,175322.0
146881.0,73145.0,124569.0
233722.0,75124.0,124627.0
233019.0,75244.0,101212.0
177961.0,86998.0,132403.0
190740.0,85090.0,169862.0
90049.0,73162.0,218183.0
234247.0,73700.0,130593.0
235287.0,73149.0,124593.0
234160.0,73157.0,99045.0
234006.0,73361.0,125647.0
233505.0,73198.0,100429.0
233159.0,73227.0,118070.0
241093.0,86885.0,124394.0
184456.0,85557.0,119051.0
234151.0,86091.0,99642.0
196408.0,73745.0,240370.0
90048.0,73191.0,130779.0
53592.0,73191.0,125533.0
90933.0,73610.0,187845.0
90053.0,86859.0,112046.0
234371.0,73031.0,125774.0
90367.0,73156.0,99517.0
90259.0,86119.0,99921.0
234003.0,85940.0,118726.0
201908.0,85423.0,99602.0
90300.0,91978.0,100481.0
90198.0,73149.0,139028.0
233601.0,85389.0,132055.0
234639.0,86094.0,99584.0
96475.0,73268.0,131115.0
91117.0,220176.0,124485.0
232729.0,72662.0,124859.0
90629.0,73207.0,100361.0
234322.0,73732.0,110251.0
234522.0,72807.0,124624.0
232619.0,209178.0,99684.0
134239.0,208924.0,162631.0
234145.0,72945.0,169268.0
90607.0,73378.0,131017.0
90542.0,72800.0,99800.0
234171.0,85284.0,99549.0
90340.0,85646.0,93822.0
90661.0,73169.0,181554.0
233181.0,73187.0,188190.0
21678.0,73270.0,100470.0
233727.0,72640.0,133323.0
109847.0,72596.0,93556.0
227218.0,85219.0,106218.0
90310.0,220867.0,99550.0
90473.0,85340.0,124247.0
90490.0,73299.0,131827.0
233591.0,72741.0,117743.0
90821.0,202612.0,194060.0
90840.0,72538.0,98980.0
227020.0,72448.0,174790.0
91003.0,72834.0,194971.0
90427.0,73160.0,99594.0
90470.0,213889.0,131291.0
90223.0,72790.0,100177.0
90559.0,72900.0,100088.0
242236.0,72217.0,125211.0
90503.0,72623.0,124671.0
234895.0,73195.0,132139.0
90654.0,109443.0,99754.0
233482.0,73669.0,182426.0
90850.0,208944.0,99005.0
233888.0,73396.0,119095.0
235440.0,158928.0,99506.0
90627.0,72428.0,182312.0
234243.0,73255.0,99977.0
234612.0,85116.0,131708.0
234197.0,73241.0,176390.0
234074.0,85511.0,99529.0
234024.0,72657.0,99743.0
90265.0,72813.0,100132.0
146533.0,72893.0,99818.0
89943.0,73151.0,100554.0
90608.0,73600.0,100383.0
91042.0,72525.0,99104.0
235773.0,72757.0,195689.0
91090.0,208233.0,131224.0
241189.0,72715.0,99098.0
233551.0,73395.0,100113.0
90766.0,208847.0,175912.0
90661.0,171155.0,176249.0
233560.0,72563.0,194618.0
233839.0,122448.0,100214.0
89924.0,72517.0,119296.0
234020.0,73336.0,99507.0
134100.0,73177.0,99665.0
241473.0,73287.0,12171.0
233841.0,72787.0,100255.0
90968.0,72949.0,162063.0
234884.0,72758.0,100333.0
240894.0,72801.0,181233.0
233714.0,72879.0,138091.0
233497.0,72817.0,130705.0
233683.0,73359.0,100349.0
90818.0,159568.0,125878.0
233927.0,73403.0,130986.0
233851.0,73149.0,99953.0
90865.0,72807.0,93140.0
115425.0,73769.0,118292.0
89901.0,72506.0,132249.0
234008.0,85209.0,108003.0
234029.0,72812.0,124585.0
233141.0,219658.0,193476.0
90401.0,72834.0,99247.0
90528.0,72467.0,93914.0
233516.0,72490.0,99630.0
233719.0,73756.0,169564.0
233640.0,207814.0,100379.0
234682.0,91353.0,99620.0
90752.0,73158.0,181641.0
220640.0,72031.0,132107.0
90569.0,73591.0,99441.0
233557.0,72428.0,100205.0
235572.0,72818.0,99833.0
90857.0,72282.0,99413.0
234131.0,73195.0,138637.0
90129.0,72902.0,225824.0
90282.0,72821.0,132028.0
233744.0,73283.0,197335.0
90353.0,73186.0,131201.0
90330.0,73159.0,99439.0
90733.0,73334.0,99258.0
235911.0,72935.0,100151.0
233985.0,73204.0,99996.0
78256.0,72807.0,125036.0
233438.0,72562.0,119861.0
234104.0,72546.0,163676.0
234268.0,116252.0,99550.0
90163.0,73327.0,100810.0
103167.0,72706.0,131219.0
90408.0,213962.0,99176.0
90599.0,73305.0,127205.0
90540.0,153694.0,99250.0
89877.0,207754.0,99330.0
103611.0,121784.0,201807.0
91643.0,110642.0,130772.0
91101.0,73294.0,126009.0
91888.0,73397.0,94608.0
92454.0,72368.0,187500.0
90465.0,73293.0,93310.0
90263.0,214936.0,125726.0
90842.0,73363.0,130378.0
202586.0,73533.0,99441.0
90959.0,73366.0,100242.0
92007.0,72834.0,162234.0
91534.0,116459.0,94192.0
90981.0,72265.0,200786.0
91805.0,72519.0,102411.0
91553.0,72822.0,99529.0
90682.0,85447.0,99380.0
90434.0,73396.0,130887.0
90607.0,72922.0,188550.0
90623.0,207959.0,118954.0
92215.0,85355.0,99993.0
90056.0,72591.0,99578.0
90751.0,72788.0,93948.0
92218.0,73546.0,169523.0
90661.0,73721.0,99602.0
91920.0,73351.0,93036.0
90703.0,73133.0,107545.0
90537.0,73312.0,99844.0
91392.0,73547.0,137274.0
90988.0,72825.0,100381.0
90442.0,152982.0,99932.0
92099.0,72744.0,99417.0
90844.0,71966.0,138319.0
90565.0,72223.0,94040.0
90557.0,72551.0,93368.0
91353.0,91970.0,118608.0
91784.0,214335.0,169019.0
90480.0,85258.0,125096.0
90454.0,72950.0,245098.0
90312.0,122462.0,99361.0
90440.0,72340.0,124536.0
183563.0,214174.0,130904.0
90542.0,73374.0,125238.0
91054.0,72914.0,100268.0
90577.0,208453.0,174953.0
90646.0,72763.0,93946.0
90718.0,72963.0,99846.0
90738.0,85403.0,99221.0
90368.0,209026.0,101085.0
92306.0,11597.0,125145.0
203736.0,72788.0,118559.0
91239.0,61558.0,99727.0
92004.0,73289.0,155682.0
90673.0,141187.0,74766.0
90476.0,109262.0,74542.0
90593.0,128895.0,87502.0
92264.0,72539.0,74974.0
90759.0,73400.0,87224.0
91109.0,73487.0,74583.0
90543.0,73546.0,74883.0
91626.0,227493.0,74522.0
172944.0,11651.0,86851.0
90848.0,72905.0,87311.0
90112.0,208872.0,87395.0
90611.0,73091.0,74974.0
90278.0,72895.0,75072.0
90814.0,73612.0,74776.0
90663.0,72858.0,86703.0
90624.0,208624.0,87636.0
90615.0,72663.0,74485.0
90421.0,73295.0,75144.0
91849.0,227176.0,74197.0
90663.0,72501.0,74834.0
90397.0,98162.0,232105.0
90429.0,11685.0,74563.0
92137.0,220803.0,74289.0
90282.0,173808.0,75457.0
104044.0,78836.0,74514.0
91798.0,72840.0,75238.0
90280.0,72853.0,74562.0
197229.0,73348.0,74516.0
90352.0,72851.0,75309.0
90406.0,73299.0,74955.0
90783.0,72250.0,87015.0
97056.0,73234.0,74554.0
91867.0,73241.0,74737.0
90504.0,73285.0,74941.0
91512.0,140789.0,75187.0
91828.0,220345.0,74957.0
90024.0,72838.0,74430.0
90723.0,72896.0,74656.0
92125.0,72899.0,75024.0
92031.0,91809.0,87834.0
91736.0,73442.0,5771.0
92047.0,116286.0,74919.0
91000.0,73310.0,99843.0
90614.0,73294.0,74590.0
90806.0,73248.0,232807.0
90697.0,73271.0,74629.0
90486.0,72721.0,74607.0
109291.0,73186.0,87343.0
90561.0,72636.0,74763.0
92025.0,73153.0,74979.0
128197.0,73550.0,74454.0
90173.0,72731.0,74982.0
90555.0,72819.0,74885.0
97853.0,208089.0,75209.0
90062.0,221679.0,87708.0
90291.0,72858.0,75481.0
90246.0,72862.0,74251.0
91171.0,73430.0,74492.0
90593.0,72892.0,74483.0
90712.0,73386.0,74870.0
91859.0,184128.0,86739.0
92034.0,72830.0,74761.0
90748.0,78034.0,87131.0
90473.0,208646.0,74181.0
90322.0,73236.0,75308.0
90307.0,196611.0,106247.0
91982.0,73978.0,86767.0
92679.0,98581.0,74641.0
90250.0,98040.0,74933.0
90611.0,73055.0,74584.0
90712.0,208683.0,74749.0
90307.0,184122.0,112237.0
90152.0,208120.0,74720.0
91326.0,147268.0,74625.0
90798.0,73769.0,87552.0
90451.0,76448.0,74625.0
91052.0,73658.0,86666.0
96580.0,177831.0,74031.0
90504.0,146756.0,74922.0
91162.0,165310.0,68933.0
90296.0,189551.0,74604.0
90231.0,208787.0,74303.0
90451.0,75945.0,86735.0
90663.0,72872.0,74947.0
90230.0,73204.0,86843.0
89945.0,183796.0,74511.0
91190.0,208823.0,75638.0
140029.0,153227.0,74815.0
90261.0,92218.0,74528.0
90894.0,195820.0,87268.0
90405.0,207968.0,75185.0
235592.0,201796.0,74726.0
90240.0,203185.0,74885.0
90621.0,208118.0,74421.0
90710.0,75060.0,238630.0
90094.0,76003.0,76823.0
153408.0,110585.0,87605.0
90409.0,73445.0,69385.0
90903.0,76314.0,75367.0
92193.0,73196.0,74324.0
90845.0,73323.0,74802.0
91241.0,73174.0,74433.0
92031.0,73279.0,75117.0
90977.0,147018.0,74484.0
90917.0,74060.0,87157.0
90559.0,153324.0,74564.0
92092.0,98156.0,99081.0
91297.0,176980.0,74319.0
91443.0,74567.0,74426.0
90326.0,73366.0,74500.0
90476.0,208189.0,99897.0
92155.0,67721.0,75131.0
90307.0,73478.0,74785.0
90915.0,73241.0,74523.0
90767.0,74750.0,75599.0
90616.0,196112.0,86817.0
90568.0,178105.0,18255.0
90591.0,92127.0,74824.0
90649.0,208328.0,74128.0
90415.0,208247.0,74657.0
91991.0,73545.0,75019.0
90072.0,92140.0,75083.0
90175.0,104431.0,75080.0
91778.0,73484.0,759.0
109436.0,183830.0,11607.0
97104.0,197683.0,759.0
90310.0,208005.0,87299.0
90666.0,11806.0,74055.0
90956.0,713.0,74623.0
90477.0,184632.0,74395.0
91701.0,208891.0,232110.0
90305.0,73384.0,75020.0
90514.0,73027.0,74065.0
103512.0,73482.0,74569.0
4633.0,104555.0,74695.0
4633.0,171139.0,74527.0
91981.0,73603.0,74699.0
91926.0,110556.0,74714.0
90441.0,73218.0,74655.0
229775.0,202751.0,93946.0
90735.0,73120.0,118606.0
91616.0,177208.0,74302.0
90071.0,73243.0,74759.0
90467.0,77512.0,74972.0
103330.0,208232.0,87225.0
90792.0,73636.0,74768.0
90212.0,159123.0,144278.0
90226.0,208107.0,74529.0
90223.0,184317.0,74877.0
90875.0,73447.0,87616.0
91990.0,73421.0,86982.0
92278.0,208490.0,75450.0
90275.0,91953.0,107049.0
90512.0,74268.0,74284.0
92032.0,92281.0,74853.0
88878.0,75134.0,74651.0
218566.0,165040.0,87409.0
194108.0,190026.0,74617.0
213600.0,202927.0,106952.0
119674.0,74684.0,75021.0
90470.0,73441.0,75018.0
212093.0,177529.0,74884.0
224670.0,76837.0,75081.0
212502.0,208779.0,75343.0
88903.0,73377.0,101221.0
212159.0,202308.0,87585.0
90472.0,184425.0,74907.0
120621.0,73076.0,86892.0
189308.0,74797.0,86826.0
90207.0,73175.0,74367.0
213038.0,165544.0,74464.0
211470.0,73176.0,74494.0
88850.0,73089.0,74778.0
88883.0,75492.0,87567.0
88966.0,98427.0,74617.0
144038.0,11823.0,87109.0
217986.0,157563.0,74927.0
90425.0,73732.0,74822.0
218426.0,73950.0,74595.0
211849.0,208238.0,75017.0
217790.0,184439.0,86933.0
91360.0,73219.0,74394.0
94120.0,73280.0,74694.0
212575.0,210221.0,74717.0
211988.0,207962.0,36975.0
89344.0,91902.0,87340.0
88836.0,73065.0,75017.0
211692.0,73283.0,74823.0
213076.0,73983.0,74677.0
89924.0,195864.0,87485.0
175510.0,73133.0,87203.0
89540.0,165724.0,74408.0
89768.0,73143.0,86802.0
216527.0,190094.0,75577.0
211321.0,17724.0,86976.0
156360.0,4595.0,74580.0
223452.0,37257.0,74882.0
211935.0,73383.0,74764.0
212419.0,73552.0,74927.0
224372.0,76301.0,75334.0
108030.0,92075.0,74289.0
223960.0,73688.0,74745.0
90007.0,76294.0,87298.0
211657.0,208192.0,88079.0
216111.0,73464.0,230956.0
219142.0,184033.0,74197.0
212848.0,92044.0,74953.0
88923.0,196761.0,74896.0
88648.0,713.0,87325.0
88660.0,713.0,75522.0
88970.0,17479.0,74455.0
217866.0,4615.0,74890.0
161293.0,4615.0,74960.0
212334.0,11914.0,75129.0
89258.0,110025.0,74485.0
241982.0,73206.0,87345.0
217976.0,73218.0,87466.0
212425.0,74731.0,74994.0
213023.0,171172.0,74894.0
218278.0,92226.0,86959.0
211452.0,91955.0,76195.0
107209.0,183758.0,74849.0
76861.0,171213.0,75482.0
88468.0,74547.0,87324.0
233602.0,73448.0,74392.0
211882.0,177287.0,86504.0
95845.0,208585.0,149179.0
182899.0,190192.0,74293.0
212567.0,208870.0,86732.0
211430.0,76613.0,86888.0
239532.0,72950.0,74388.0
88772.0,74790.0,87045.0
88724.0,76464.0,105741.0
89068.0,76172.0,86829.0
174596.0,165734.0,143331.0
89154.0,73215.0,86938.0
89417.0,177747.0,74414.0
90562.0,209740.0,86928.0
101301.0,72954.0,86765.0
211779.0,165533.0,74550.0
225200.0,73990.0,86765.0
211748.0,178207.0,86737.0
218254.0,73007.0,86828.0
89511.0,73131.0,86818.0
89031.0,74550.0,87181.0
89283.0,5578.0,86921.0
88718.0,4145.0,73921.0
226708.0,11685.0,86390.0
211254.0,171588.0,86831.0
218600.0,141314.0,228751.0
211651.0,75299.0,217499.0
212603.0,74835.0,74449.0
211742.0,183859.0,87404.0
224282.0,76400.0,74435.0
89151.0,73859.0,86559.0
211740.0,116977.0,74375.0
211180.0,73115.0,86598.0
211750.0,166312.0,86531.0
212609.0,73245.0,86603.0
165323.0,85974.0,74242.0
90105.0,73326.0,74315.0
217877.0,184530.0,74218.0
89681.0,91157.0,74200.0
212439.0,11644.0,86997.0
89565.0,713.0,87133.0
113448.0,76486.0,74960.0
88669.0,104236.0,87020.0
211605.0,184000.0,75277.0
216236.0,73916.0,86982.0
120219.0,73178.0,86614.0
165362.0,73689.0,86821.0
212062.0,73285.0,86834.0
240802.0,73601.0,92955.0
211965.0,74884.0,86864.0
211881.0,208345.0,86323.0
89277.0,177744.0,86691.0
162553.0,73709.0,86831.0
217484.0,75044.0,75343.0
211005.0,73336.0,74488.0
226422.0,209641.0,74155.0
218227.0,73194.0,87054.0
4677.0,73213.0,111805.0
201823.0,73438.0,86292.0
4717.0,202204.0,74712.0
4653.0,110006.0,86729.0
4721.0,11911.0,87063.0
4677.0,209174.0,89340.0
4677.0,73156.0,86840.0
4721.0,183620.0,74908.0
4657.0,183444.0,149220.0
4717.0,206999.0,86369.0
4741.0,75270.0,105716.0
4761.0,179819.0,86754.0
4657.0,73637.0,87162.0
4781.0,92312.0,130427.0
4741.0,75493.0,86880.0
4721.0,74640.0,86360.0
4721.0,73346.0,87149.0
4741.0,92360.0,143558.0
4677.0,73322.0,87089.0
4721.0,85357.0,86693.0
4781.0,85010.0,74253.0
4697.0,72596.0,86574.0
4741.0,72577.0,68031.0
4781.0,72404.0,74813.0
4677.0,209044.0,87044.0
4657.0,85620.0,74582.0
4721.0,85379.0,74252.0
4653.0,214430.0,87017.0
4741.0,214627.0,86864.0
4721.0,146554.0,87159.0
4717.0,85500.0,86857.0
4677.0,85224.0,87453.0
4781.0,72850.0,86762.0
89111.0,72614.0,74626.0
211879.0,72691.0,167892.0
239810.0,73842.0,86682.0
211502.0,85973.0,75163.0
88775.0,85277.0,74446.0
212194.0,85549.0,87574.0
89184.0,189310.0,86954.0
212978.0,85555.0,74427.0
89359.0,72746.0,74026.0
212150.0,85597.0,74449.0
214224.0,73513.0,86752.0
217838.0,72814.0,86604.0
168924.0,85658.0,86752.0
217481.0,73140.0,86841.0
119869.0,72813.0,74522.0
212929.0,85324.0,74384.0
89439.0,72825.0,87121.0
212473.0,72786.0,86626.0
226243.0,72571.0,74716.0
212855.0,73423.0,230879.0
90148.0,215783.0,4809.0
212181.0,85071.0,74848.0
157068.0,72881.0,74029.0
89510.0,152784.0,73965.0
217799.0,72822.0,74680.0
212285.0,85320.0,74414.0
95779.0,73287.0,86932.0
225315.0,159848.0,86734.0
211362.0,85219.0,55905.0
88833.0,72801.0,86228.0
212770.0,72775.0,86750.0
88918.0,72711.0,87023.0
88561.0,221043.0,186925.0
212007.0,85545.0,87638.0
89271.0,72737.0,75011.0
219388.0,98085.0,74782.0
199574.0,85619.0,87193.0
239675.0,72596.0,218941.0
206509.0,72702.0,229685.0
212373.0,72818.0,87087.0
206152.0,85469.0,87064.0
212616.0,72339.0,86831.0
89094.0,85385.0,86563.0
212721.0,215248.0,74222.0
140559.0,72716.0,74513.0
4633.0,85126.0,74283.0
208720.0,72829.0,86756.0
213189.0,85749.0,86458.0
164585.0,73196.0,87440.0
211325.0,72871.0,87784.0
89097.0,213777.0,86568.0
89582.0,85544.0,86398.0
212837.0,85559.0,86846.0
90071.0,85285.0,74523.0
212286.0,73382.0,230698.0
127730.0,72873.0,87202.0
214807.0,116075.0,86597.0
211658.0,73164.0,86452.0
120410.0,73852.0,86830.0
90465.0,73411.0,74747.0
128075.0,72855.0,86786.0
193890.0,72787.0,86900.0
219145.0,72874.0,87044.0
225334.0,73319.0,87570.0
89468.0,72883.0,86425.0
222903.0,72848.0,86567.0
108558.0,72690.0,86920.0
204722.0,101056.0,87039.0
15422.0,72793.0,49504.0
90916.0,73288.0,87440.0
144629.0,85648.0,87129.0
234291.0,72742.0,74891.0
211299.0,72567.0,168637.0
211891.0,85340.0,86635.0
89025.0,85712.0,86760.0
241142.0,85458.0,74397.0
212297.0,72488.0,74659.0
216394.0,73705.0,87208.0
212116.0,208512.0,74390.0
76715.0,85274.0,86833.0
89872.0,72837.0,86898.0
91172.0,72789.0,87063.0
89272.0,85658.0,74385.0
89930.0,72599.0,86664.0
90310.0,85442.0,86818.0
89195.0,73508.0,74371.0
89678.0,85116.0,86595.0
89398.0,220631.0,86933.0
88865.0,85604.0,86614.0
89633.0,72873.0,87342.0
96845.0,72801.0,86699.0
89168.0,72864.0,86462.0
95310.0,85702.0,75009.0
89458.0,73228.0,87221.0
89155.0,72820.0,74811.0
89132.0,72740.0,87041.0
89620.0,72838.0,129990.0
89406.0,85472.0,74159.0
95224.0,73288.0,86956.0
158220.0,73785.0,74479.0
89866.0,72761.0,86833.0
93319.0,84971.0,87163.0
89046.0,73333.0,86602.0
89217.0,72483.0,74645.0
89170.0,86024.0,74192.0
8141.0,72820.0,211783.0
11389.0,85615.0,86748.0
89095.0,73410.0,86959.0
107927.0,85740.0,87095.0
89490.0,85196.0,74707.0
89645.0,128634.0,74248.0
90084.0,72488.0,100384.0
89065.0,85594.0,87349.0
89592.0,72854.0,87040.0
88892.0,72596.0,74615.0
89459.0,73234.0,74318.0
211930.0,214036.0,251556.0
89131.0,110361.0,248192.0
89010.0,214287.0,256135.0
89025.0,214362.0,247950.0
89620.0,72791.0,250761.0
90390.0,72312.0,247711.0
90337.0,85599.0,248545.0
89150.0,85547.0,248611.0
89239.0,72260.0,256020.0
89423.0,73298.0,247710.0
90628.0,85180.0,248120.0
89249.0,86609.0,248249.0
89543.0,72756.0,247401.0
89234.0,214888.0,248069.0
88993.0,73451.0,247139.0
89177.0,72748.0,247992.0
88800.0,220033.0,247326.0
158381.0,85338.0,247956.0
89157.0,72736.0,248340.0
89361.0,72850.0,247257.0
89625.0,72743.0,248292.0
89459.0,72546.0,249210.0
89429.0,85371.0,247880.0
88988.0,220698.0,247652.0
107526.0,72775.0,248534.0
90223.0,73583.0,247360.0
89582.0,72815.0,246536.0
88947.0,85572.0,249642.0
90786.0,72739.0,250502.0
89153.0,72862.0,247008.0
156722.0,71951.0,249115.0
89173.0,208680.0,247840.0
89034.0,85270.0,248183.0
89401.0,85316.0,247998.0
94985.0,85840.0,248051.0
89493.0,85266.0,223296.0
89132.0,72711.0,246824.0
89488.0,214785.0,248778.0
89045.0,85589.0,248362.0
89301.0,73332.0,249654.0
213290.0,72867.0,249277.0
89304.0,71692.0,250588.0
89233.0,85264.0,248996.0
89385.0,72861.0,248570.0
213119.0,72614.0,247392.0
77604.0,85642.0,247121.0
89531.0,72949.0,249241.0
211903.0,72811.0,252376.0
150726.0,214517.0,247794.0
89542.0,214841.0,247374.0
213162.0,72408.0,247381.0
92121.0,73684.0,247100.0
89057.0,215112.0,249259.0
88935.0,72547.0,247233.0
89357.0,72537.0,247586.0
33832.0,72847.0,252671.0
90676.0,73456.0,254728.0
89366.0,72890.0,249668.0
89198.0,97789.0,247169.0
89132.0,72725.0,248724.0
101939.0,97859.0,248084.0
89438.0,85395.0,248876.0
89277.0,72833.0,248266.0
89420.0,214458.0,249979.0
89335.0,72838.0,248814.0
88871.0,72716.0,247320.0
213285.0,73182.0,247948.0
90052.0,85447.0,248436.0
89267.0,72719.0,250000.0
89939.0,85782.0,248065.0
89288.0,73270.0,247642.0
89474.0,85198.0,247915.0
89384.0,72769.0,249009.0
89461.0,85234.0,248134.0
89011.0,72509.0,250797.0
102948.0,85359.0,253646.0
89135.0,72761.0,248181.0
88852.0,72843.0,251632.0
89737.0,85570.0,248187.0
34025.0,85341.0,247846.0
46280.0,85536.0,247200.0
89264.0,73313.0,247321.0
89221.0,72774.0,248455.0
89446.0,72749.0,247383.0
89785.0,208759.0,251901.0
183141.0,72778.0,246782.0
91092.0,220589.0,247819.0
89103.0,72819.0,248928.0
212724.0,85761.0,247533.0
89651.0,72807.0,249467.0
90015.0,85523.0,248020.0
89518.0,72869.0,247849.0
89928.0,72812.0,247869.0
89245.0,73871.0,250172.0
212178.0,73604.0,248535.0
89385.0,73142.0,247351.0
89087.0,73524.0,247360.0
90154.0,73484.0,248634.0
89421.0,72751.0,251191.0
89434.0,73241.0,247582.0
89152.0,73296.0,247654.0
89584.0,73119.0,248048.0
89579.0,73252.0,249790.0
89165.0,73764.0,247591.0
89687.0,74104.0,248239.0
91085.0,73018.0,248416.0
89912.0,73886.0,248016.0
95677.0,73003.0,248748.0
4781.0,73688.0,249512.0
85209.0,73387.0,249178.0
4721.0,73129.0,247686.0
4741.0,73393.0,247913.0
4781.0,73332.0,247585.0
4845.0,73225.0,249491.0
4697.0,73170.0,249898.0
4741.0,73310.0,247965.0
4689.0,73539.0,249706.0
4697.0,73468.0,249316.0
4781.0,73391.0,248170.0
4781.0,73836.0,247681.0
4729.0,73515.0,248398.0
4781.0,73068.0,246980.0
89675.0,73351.0,247546.0
88994.0,73625.0,247453.0
187731.0,73266.0,248592.0
145591.0,73764.0,247250.0
92773.0,73389.0,247363.0
89148.0,73388.0,248957.0
212998.0,73071.0,249220.0
89057.0,73514.0,248944.0
89575.0,73320.0,248989.0
89508.0,73488.0,248454.0
89372.0,73081.0,248346.0
89334.0,73538.0,248136.0
89108.0,73317.0,248419.0
158450.0,73592.0,248178.0
88735.0,73011.0,249659.0
89541.0,73447.0,247774.0
89402.0,73674.0,248094.0
89161.0,73881.0,248171.0
88949.0,73281.0,247242.0
101487.0,73462.0,249903.0
88734.0,73426.0,252091.0
89467.0,73417.0,247505.0
108184.0,74175.0,250928.0
88742.0,72988.0,251170.0
108242.0,72934.0,249135.0
89384.0,73491.0,247550.0
89047.0,73252.0,247210.0
88963.0,73486.0,247448.0
89071.0,73627.0,247270.0
15458.0,73253.0,252447.0
88795.0,73393.0,250155.0
88509.0,73493.0,253150.0
89228.0,73905.0,248953.0
89414.0,73011.0,247613.0
89143.0,73238.0,249273.0
89677.0,73215.0,247592.0
89657.0,73173.0,248626.0
89593.0,73612.0,247626.0
89195.0,73321.0,249613.0
88898.0,73142.0,248934.0
89078.0,73314.0,247960.0
89571.0,220940.0,247969.0
89025.0,73544.0,247825.0
89529.0,73041.0,248989.0
89388.0,73663.0,249289.0
89028.0,72949.0,249830.0
102062.0,73357.0,248162.0
89269.0,73173.0,247826.0
89193.0,73154.0,248891.0
40381.0,73432.0,249661.0
88842.0,73261.0,247908.0
89142.0,73467.0,249562.0
88982.0,73024.0,249552.0
89486.0,73161.0,247548.0
89528.0,73551.0,248370.0
213355.0,73074.0,247260.0
89772.0,73747.0,250172.0
89555.0,73541.0,247531.0
89481.0,73588.0,247090.0
88827.0,73224.0,247395.0
89037.0,73573.0,248565.0
88905.0,73673.0,247348.0
89232.0,73491.0,247886.0
89473.0,72825.0,247091.0
89231.0,73356.0,248391.0
90221.0,73173.0,248789.0
89266.0,73018.0,247152.0
89360.0,73325.0,247805.0
89372.0,73675.0,247264.0
89194.0,73582.0,247626.0
212975.0,73639.0,248826.0
89215.0,73170.0,247911.0
89263.0,73382.0,249840.0
89262.0,73599.0,247682.0
89572.0,73372.0,256203.0
88880.0,73154.0,248386.0
255964.0,73195.0,259397.0
252571.0,73393.0,253174.0
254171.0,73392.0,250122.0
252982.0,73676.0,249095.0
255099.0,73490.0,247350.0
256832.0,72970.0,248331.0
256195.0,73662.0,244579.0
254921.0,73085.0,229583.0
254084.0,73381.0,247618.0
256355.0,73227.0,248976.0
253919.0,73471.0,249660.0
253613.0,73361.0,247391.0
255843.0,73336.0,247516.0
254374.0,73704.0,87829.0
253728.0,73204.0,86946.0
253695.0,73679.0,87332.0
255475.0,73245.0,87305.0
252378.0,73779.0,87287.0
255224.0,73566.0,87637.0
253266.0,73389.0,86953.0
257760.0,73304.0,30376.0
255729.0,73438.0,86889.0
256703.0,73438.0,87482.0
255767.0,73418.0,87142.0
253644.0,73191.0,87671.0
253409.0,73420.0,87079.0
253542.0,73450.0,87864.0
252979.0,73375.0,88255.0
253222.0,73023.0,87374.0
254011.0,73248.0,81086.0
255893.0,73816.0,87737.0
254808.0,73547.0,86862.0
253011.0,73380.0,87513.0
257425.0,73278.0,87668.0
254275.0,74727.0,88727.0
254648.0,73287.0,89433.0
256679.0,73378.0,88063.0
256426.0,73128.0,86912.0
253426.0,73314.0,87479.0
255453.0,221946.0,87605.0
253619.0,73234.0,88131.0
254238.0,73593.0,87683.0
254220.0,73525.0,88164.0
253387.0,73560.0,86837.0
253255.0,73066.0,87584.0
254589.0,73092.0,87215.0
258426.0,72976.0,87565.0
254298.0,73277.0,88377.0
254136.0,73431.0,88494.0
254454.0,73400.0,87418.0
254566.0,73192.0,88102.0
254859.0,73446.0,87761.0
256102.0,73203.0,87907.0
252511.0,73356.0,87088.0
254777.0,73346.0,87409.0
253857.0,73350.0,87434.0
256621.0,73078.0,87744.0
253480.0,73529.0,87564.0
256290.0,73440.0,87371.0
261411.0,73608.0,87303.0
254399.0,73706.0,126004.0
253611.0,73761.0,87580.0
256001.0,73363.0,88074.0
253539.0,73183.0,87312.0
252418.0,73312.0,87517.0
255443.0,73527.0,87165.0
254370.0,73321.0,87152.0
256763.0,73078.0,86717.0
254865.0,73469.0,87360.0
253941.0,73283.0,86716.0
255410.0,73487.0,87215.0
254455.0,73438.0,75134.0
254341.0,73343.0,87311.0
258099.0,73359.0,87636.0
258840.0,73037.0,87554.0
253018.0,73180.0,87755.0
256591.0,73234.0,87799.0
253464.0,73146.0,87547.0
254582.0,73315.0,86945.0
254230.0,73280.0,89446.0
253883.0,73379.0,88051.0
258159.0,73459.0,87293.0
253562.0,73175.0,87544.0
256181.0,73424.0,88000.0
255036.0,73708.0,87308.0
256224.0,73379.0,88308.0
257012.0,72916.0,87405.0
252988.0,73584.0,87542.0
253505.0,73316.0,87642.0
253369.0,73112.0,87600.0
255318.0,73273.0,87215.0
254441.0,74821.0,87397.0
254719.0,73684.0,87402.0
253942.0,73617.0,87079.0
255821.0,73247.0,89235.0
252323.0,73746.0,87083.0
256551.0,73490.0,87603.0
256167.0,73391.0,87337.0
254677.0,73136.0,87673.0
255183.0,73251.0,87635.0
253346.0,73095.0,87551.0
254774.0,73574.0,87083.0
255694.0,73405.0,86438.0
253783.0,73370.0,88461.0
257483.0,73785.0,87896.0
256357.0,73409.0,86923.0
254400.0,72979.0,86786.0
254920.0,73170.0,87342.0
253662.0,73355.0,87031.0
256405.0,73689.0,87465.0
254538.0,73166.0,86819.0
253203.0,73223.0,87749.0
252888.0,73472.0,86821.0
253282.0,73432.0,86875.0
254013.0,73659.0,87247.0
254479.0,73715.0,88577.0
255412.0,73639.0,87237.0
253933.0,72970.0,87565.0
254409.0,74270.0,87617.0
256241.0,73030.0,87604.0
255652.0,74659.0,87608.0
253389.0,73119.0,87162.0
254728.0,72901.0,87207.0
256213.0,73126.0,88156.0
256212.0,73477.0,87337.0
255225.0,245734.0,87007.0
253758.0,147835.0,87243.0
256354.0,11717.0,87156.0
255316.0,247035.0,87141.0
258589.0,247955.0,86939.0
254825.0,247967.0,87237.0
256174.0,245635.0,233795.0
252864.0,246063.0,87532.0
254475.0,245647.0,87701.0
256720.0,248273.0,87561.0
257525.0,229865.0,87372.0
254789.0,249535.0,87115.0
254551.0,247336.0,87397.0
255421.0,248224.0,87257.0
253037.0,247151.0,87292.0
255083.0,246490.0,86824.0
255689.0,246378.0,86974.0
254658.0,247394.0,86548.0
253835.0,247960.0,88294.0
256681.0,248243.0,87216.0
253903.0,189974.0,87010.0
253970.0,247318.0,87142.0
254007.0,246917.0,87553.0
253317.0,247442.0,87447.0
254970.0,247546.0,87442.0
253847.0,247808.0,87304.0
253457.0,248324.0,87062.0
253861.0,246008.0,87637.0
253126.0,250767.0,87891.0
253182.0,246831.0,87501.0
256603.0,247543.0,87969.0
254195.0,245478.0,87416.0
255875.0,246498.0,87267.0
254188.0,247257.0,87598.0
254121.0,245973.0,87224.0
255949.0,246843.0,87047.0
255797.0,247400.0,87573.0
255101.0,248115.0,87564.0
253724.0,246366.0,87504.0
254604.0,247720.0,87794.0
256770.0,247137.0,87279.0
256028.0,247068.0,87095.0
253538.0,247125.0,87597.0
253975.0,246767.0,87235.0
253579.0,246506.0,86823.0
253660.0,248211.0,87235.0
253780.0,249056.0,87275.0
255551.0,245815.0,87145.0
257689.0,247852.0,87060.0
257694.0,246239.0,87673.0
255073.0,247076.0,87978.0
255723.0,247756.0,87044.0
255934.0,166904.0,87299.0
253810.0,247633.0,87281.0
253823.0,249548.0,86725.0
253610.0,245446.0,87685.0
255725.0,246960.0,86882.0
257169.0,248132.0,88355.0
255115.0,247714.0,87517.0
253739.0,245976.0,87213.0
253484.0,247924.0,87474.0
255988.0,246594.0,87029.0
253071.0,248904.0,87562.0
252435.0,248350.0,87516.0
254247.0,246717.0,87764.0
252906.0,248114.0,87785.0
253911.0,248362.0,87348.0
253105.0,245135.0,86736.0
255347.0,249018.0,87635.0
253466.0,248332.0,87081.0
257329.0,249587.0,87308.0
254886.0,247707.0,87060.0
253431.0,235404.0,87431.0
255582.0,245990.0,87173.0
254335.0,246924.0,87323.0
254593.0,247104.0,87358.0
254412.0,246253.0,87069.0
252804.0,247014.0,87980.0
254911.0,245838.0,87295.0
253816.0,245193.0,87081.0
254311.0,247100.0,87311.0
254820.0,249193.0,87469.0
254080.0,246622.0,87638.0
256543.0,248303.0,87060.0
256915.0,247004.0,87494.0
89564.0,247625.0,86956.0
88869.0,248303.0,87410.0
88965.0,246679.0,86723.0
101351.0,248531.0,87466.0
219977.0,249706.0,88646.0
89073.0,245629.0,87368.0
89661.0,247616.0,87145.0
211923.0,247128.0,87181.0
90836.0,249651.0,87145.0
89095.0,247444.0,88372.0
88865.0,246756.0,87527.0
88800.0,246517.0,87339.0
89213.0,246732.0,107225.0
90144.0,246495.0,107210.0
89071.0,142998.0,106074.0
88663.0,246912.0,106283.0
89667.0,247171.0,105955.0
211765.0,247541.0,107024.0
217859.0,191343.0,106605.0
89170.0,247502.0,105069.0
141985.0,247682.0,105852.0
219152.0,247287.0,112918.0
217683.0,248091.0,87549.0
89690.0,246338.0,105986.0
215783.0,247052.0,106128.0
90546.0,246594.0,106316.0
89424.0,246894.0,105536.0
225331.0,247464.0,106279.0
224209.0,245106.0,106203.0
89415.0,246190.0,207051.0
213470.0,245476.0,106980.0
90683.0,161168.0,105310.0
224210.0,245331.0,107125.0
88887.0,247526.0,105868.0
89463.0,247225.0,107456.0
162841.0,228688.0,105462.0
88763.0,247542.0,106015.0
89295.0,247184.0,106308.0
88904.0,247603.0,105602.0
88897.0,245474.0,106942.0
89390.0,247368.0,105629.0
89210.0,247114.0,105948.0
89307.0,248930.0,106378.0
88888.0,249234.0,105830.0
225540.0,247896.0,106126.0
89279.0,246354.0,242587.0
218379.0,248286.0,106925.0
89206.0,245384.0,106688.0
89842.0,247247.0,106340.0
89511.0,247339.0,106106.0
199804.0,246560.0,106870.0
88673.0,245654.0,106446.0
88906.0,247940.0,105988.0
218420.0,269225.0,106436.0
217870.0,11567.0,105854.0
175093.0,247473.0,106440.0
212116.0,246876.0,105906.0
88993.0,246167.0,106016.0
89575.0,245598.0,106967.0
89188.0,713.0,106517.0
88942.0,148069.0,106587.0
88892.0,247112.0,106120.0
89370.0,248881.0,106859.0
220572.0,246460.0,105734.0
213131.0,247273.0,106494.0
89125.0,248936.0,105629.0
90663.0,246968.0,106076.0
89276.0,249205.0,113516.0
89087.0,247228.0,106054.0
101741.0,98089.0,106332.0
212345.0,11681.0,106389.0
90114.0,246156.0,107428.0
89179.0,248768.0,106054.0
89467.0,246261.0,106246.0
89079.0,245581.0,106698.0
89442.0,248026.0,107035.0
89199.0,246896.0,105708.0
89584.0,248475.0,18599.0
131946.0,245556.0,106213.0
89219.0,248474.0,106152.0
88833.0,249774.0,106705.0
89500.0,124319.0,106177.0
113940.0,246485.0,106638.0
88843.0,248164.0,105741.0
89579.0,247400.0,106190.0
89374.0,246917.0,106101.0
219053.0,247136.0,106458.0
231216.0,248115.0,107416.0
89502.0,246400.0,105994.0
212438.0,247677.0,105708.0
89134.0,245945.0,137296.0
89360.0,247879.0,106341.0
88960.0,245525.0,106985.0
218543.0,249138.0,105814.0
89321.0,247824.0,105789.0
88967.0,241163.0,107827.0
89177.0,247871.0,107068.0
89206.0,247165.0,106313.0
89317.0,248111.0,106344.0
89147.0,247901.0,106287.0
224652.0,245348.0,106836.0
89098.0,221666.0,106974.0
211955.0,248399.0,106731.0
113518.0,246023.0,107262.0
224418.0,246080.0,105962.0
220543.0,248719.0,106481.0
89450.0,247850.0,106072.0
219205.0,248209.0,106882.0
176649.0,247093.0,106384.0
89226.0,248358.0,106808.0
89573.0,246615.0,106619.0
218864.0,247598.0,106335.0
219521.0,248731.0,107065.0
88839.0,245761.0,106012.0
139872.0,245426.0,107030.0
115205.0,245058.0,106900.0
107319.0,247299.0,759.0
89150.0,246648.0,106112.0
89186.0,244848.0,106422.0
89324.0,245959.0,106370.0
218896.0,246984.0,106486.0
89144.0,245216.0,120196.0
89138.0,244872.0,106182.0
89285.0,246398.0,106255.0
89257.0,247466.0,105735.0
88957.0,246018.0,105991.0
95526.0,247198.0,106431.0
107860.0,246602.0,106023.0
144846.0,247104.0,107148.0
120126.0,247628.0,106503.0
163084.0,246487.0,106080.0
89470.0,245824.0,106812.0
225280.0,248438.0,106170.0
88989.0,249554.0,106208.0
89103.0,247763.0,245863.0
89090.0,246818.0,106221.0
89064.0,247707.0,106730.0
88941.0,247295.0,106011.0
4645.0,72209.0,106015.0
4615.0,72864.0,106400.0
85019.0,73512.0,105797.0
5078.0,72755.0,106031.0
4721.0,74462.0,105684.0
4717.0,72836.0,106075.0
4781.0,221925.0,106509.0
4749.0,72951.0,106630.0
4781.0,72906.0,105708.0
4741.0,72243.0,105938.0
4761.0,72901.0,106308.0
4721.0,72779.0,107436.0
4781.0,72824.0,105765.0
4721.0,73307.0,106967.0
4721.0,72566.0,106678.0
121340.0,73198.0,106206.0
95266.0,72721.0,105652.0
89793.0,72807.0,106662.0
232026.0,72753.0,106715.0
90094.0,73118.0,105747.0
90916.0,72655.0,106606.0
230023.0,73601.0,107787.0
90916.0,72739.0,107288.0
88897.0,72814.0,106522.0
211413.0,72629.0,106961.0
89329.0,73174.0,107094.0
89261.0,72824.0,105522.0
227412.0,72764.0,106112.0
89412.0,72355.0,106152.0
89177.0,72649.0,107204.0
89129.0,72619.0,106361.0
89469.0,72838.0,106088.0
89770.0,72560.0,105854.0
218266.0,72514.0,107657.0
224432.0,73690.0,106503.0
226361.0,73138.0,106231.0
89792.0,220435.0,106666.0
160744.0,72871.0,105750.0
89641.0,72807.0,106443.0
218467.0,72870.0,105835.0
88678.0,72793.0,106607.0
102125.0,72770.0,106105.0
89062.0,72895.0,105524.0
218292.0,72743.0,105642.0
88907.0,73337.0,107047.0
89559.0,72373.0,75047.0
89450.0,72742.0,105948.0
211588.0,72618.0,105896.0
138392.0,72780.0,105684.0
218066.0,122656.0,101785.0
89209.0,73210.0,106669.0
90809.0,73428.0,106359.0
89637.0,72849.0,105670.0
89339.0,72463.0,106874.0
221009.0,72870.0,106057.0
218050.0,73141.0,106284.0
89200.0,72689.0,107416.0
211758.0,73149.0,106443.0
218811.0,72623.0,107668.0
88787.0,72822.0,93450.0
89262.0,73114.0,106278.0
113886.0,73346.0,106399.0
89744.0,72331.0,31062.0
218184.0,73428.0,107525.0
212323.0,72482.0,105438.0
89706.0,72576.0,196437.0
88769.0,72743.0,105817.0
218355.0,72588.0,105845.0
88825.0,73257.0,105985.0
217836.0,72594.0,106372.0
88912.0,73199.0,125635.0
89414.0,72780.0,105945.0
218526.0,72663.0,105988.0
89848.0,72354.0,107035.0
219469.0,72733.0,105683.0
88922.0,72418.0,107763.0
89017.0,72284.0,106527.0
89542.0,72059.0,107385.0
144697.0,73153.0,106624.0
95475.0,72619.0,106256.0
91210.0,72768.0,106984.0
89209.0,72781.0,105978.0
89358.0,72381.0,106340.0
224705.0,73374.0,202441.0
89133.0,73852.0,163408.0
88957.0,72827.0,107777.0
236637.0,72611.0,68711.0
228361.0,72260.0,144056.0
259474.0,72472.0,137847.0
253588.0,72183.0,144760.0
185897.0,72762.0,155555.0
224572.0,72733.0,163935.0
210627.0,72635.0,126570.0
253646.0,73109.0,114048.0
234222.0,72605.0,150707.0
252942.0,72758.0,169538.0
234438.0,72882.0,219344.0
123628.0,30198.0,181313.0
235999.0,73656.0,243283.0
224196.0,72634.0,144745.0
216069.0,72594.0,174766.0
254112.0,72688.0,243987.0
234253.0,72276.0,182134.0
211325.0,72063.0,149894.0
228899.0,66972.0,168311.0
229474.0,72244.0,156451.0
229369.0,73971.0,175728.0
253047.0,72802.0,136955.0
222309.0,72835.0,225675.0
197502.0,72746.0,144762.0
179051.0,73751.0,162885.0
110920.0,214309.0,168985.0
253269.0,72572.0,144185.0
252311.0,72716.0,5765.0
209420.0,73231.0,169284.0
229015.0,73245.0,156554.0
254485.0,72607.0,202330.0
256180.0,73187.0,157170.0
117382.0,72682.0,163516.0
230270.0,72619.0,133207.0
137720.0,73281.0,244908.0
229393.0,73103.0,157031.0
229310.0,72829.0,168812.0
110858.0,72586.0,181470.0
209555.0,72771.0,126589.0
110987.0,72798.0,125100.0
191856.0,72413.0,244208.0
110982.0,73298.0,247270.0
246949.0,72495.0,182957.0
253910.0,71834.0,157146.0
110562.0,72566.0,162837.0
215937.0,72096.0,150851.0
216173.0,72264.0,137470.0
222964.0,73534.0,137131.0
234319.0,73670.0,156861.0
255007.0,72567.0,150091.0
222932.0,72889.0,162836.0
209855.0,72761.0,175809.0
254637.0,72870.0,171634.0
209677.0,73049.0,244176.0
191303.0,72794.0,175575.0
254038.0,72514.0,150626.0
253506.0,73622.0,163425.0
209615.0,72706.0,151483.0
229446.0,61407.0,181674.0
236612.0,72515.0,156238.0
254657.0,73225.0,156520.0
253404.0,73618.0,150322.0
228837.0,72757.0,246767.0
252461.0,72775.0,184213.0
254079.0,72796.0,151730.0
254165.0,72874.0,156895.0
255315.0,72562.0,176182.0
110903.0,72779.0,244093.0
223822.0,72830.0,130863.0
231588.0,72848.0,157133.0
253436.0,72476.0,224973.0
110570.0,73185.0,196169.0
235843.0,72555.0,150348.0
178837.0,72608.0,156536.0
236022.0,73131.0,175828.0
222565.0,73218.0,115032.0
260972.0,73324.0,246408.0
254379.0,72861.0,232198.0
209600.0,73154.0,143381.0
111171.0,72687.0,137442.0
222565.0,72813.0,156423.0
236380.0,72564.0,149854.0
253813.0,72834.0,201108.0
210523.0,73346.0,155943.0
259448.0,72049.0,156895.0
255206.0,72845.0,168682.0
240865.0,72804.0,155726.0
211264.0,72119.0,138259.0
222622.0,72862.0,124599.0
253091.0,72836.0,225321.0
240962.0,73241.0,156013.0
209109.0,72779.0,155826.0
253656.0,72223.0,251599.0
172621.0,73479.0,174351.0
236203.0,72832.0,219511.0
227972.0,73687.0,149813.0
222679.0,72030.0,144589.0
254110.0,73231.0,181182.0
236374.0,72501.0,124722.0
221525.0,72930.0,188357.0
217323.0,72303.0,145595.0
246931.0,72425.0,171972.0
111116.0,72862.0,149586.0
117318.0,72822.0,149788.0
231290.0,72580.0,139090.0
234581.0,72890.0,9180.0
246944.0,72742.0,182479.0
255785.0,72455.0,175376.0
253206.0,73149.0,207602.0
180500.0,10951.0,162927.0
253045.0,72705.0,250494.0
204034.0,72477.0,243852.0
229450.0,72771.0,138708.0
255456.0,72399.0,220280.0
110864.0,72505.0,155663.0
141750.0,73265.0,244082.0
216312.0,72802.0,157054.0
228100.0,189668.0,187315.0
111278.0,72783.0,213719.0
110873.0,72367.0,132763.0
123687.0,72817.0,221003.0
178802.0,72780.0,244372.0
253659.0,72801.0,143599.0
254095.0,72842.0,139620.0
198016.0,72688.0,169931.0
166951.0,4090.0,150044.0
209817.0,11442.0,154257.0
234454.0,206283.0,163053.0
254654.0,72397.0,138132.0
255080.0,73641.0,182288.0
153810.0,72472.0,207885.0
241565.0,72570.0,146427.0
240922.0,85376.0,200121.0
111223.0,86033.0,163474.0
222563.0,73098.0,162236.0
233885.0,72877.0,169891.0
229643.0,72766.0,125149.0
248472.0,72631.0,124754.0
215996.0,85943.0,188091.0
178009.0,72755.0,146521.0
110814.0,92198.0,137335.0
234053.0,73641.0,194075.0
210663.0,72616.0,139470.0
240382.0,85684.0,199955.0
209641.0,72574.0,156813.0
229010.0,211120.0,125266.0
135755.0,85681.0,194900.0
203571.0,98515.0,176105.0
234874.0,85737.0,200692.0
236229.0,11350.0,243342.0
153570.0,72591.0,156262.0
211749.0,73318.0,161970.0
241460.0,85726.0,225285.0
261942.0,72316.0,132175.0
227974.0,73551.0,144015.0
233950.0,72394.0,188185.0
217289.0,85406.0,195094.0
6676.0,209975.0,163044.0
234100.0,85552.0,150064.0
239027.0,93386.0,189309.0
244092.0,72641.0,182022.0
208623.0,72850.0,244407.0
193158.0,72586.0,174556.0
174437.0,73588.0,201549.0
112364.0,85580.0,200662.0
223351.0,72643.0,138629.0
218215.0,74070.0,199993.0
257587.0,72922.0,243403.0
254609.0,210397.0,156897.0
172985.0,72759.0,133197.0
229951.0,86017.0,124554.0
254285.0,73639.0,162762.0
222047.0,72227.0,150132.0
253358.0,73811.0,150490.0
209982.0,85816.0,130635.0
222981.0,72544.0,150651.0
253017.0,72875.0,130985.0
224269.0,72795.0,158787.0
222099.0,85468.0,244257.0
260180.0,98420.0,163236.0
254015.0,85897.0,137847.0
253481.0,72957.0,164032.0
255464.0,85527.0,245268.0
234185.0,159933.0,188099.0
222645.0,98327.0,193381.0
130212.0,73588.0,144867.0
222172.0,72710.0,168924.0
253513.0,116741.0,186883.0
222287.0,160532.0,149447.0
191434.0,72845.0,199642.0
222442.0,208897.0,150059.0
210949.0,86178.0,144615.0
110709.0,72796.0,150282.0
259799.0,85570.0,163066.0
204288.0,156660.0,157352.0
6612.0,74695.0,156270.0
255169.0,72929.0,169087.0
253890.0,210210.0,244487.0
235156.0,147397.0,138599.0
255274.0,72888.0,150898.0
222554.0,210180.0,244293.0
209757.0,72581.0,180581.0
255792.0,85504.0,144941.0
256653.0,72803.0,156205.0
261658.0,72324.0,150953.0
110475.0,72645.0,248128.0
253208.0,86200.0,247364.0
228598.0,72779.0,247772.0
261577.0,72449.0,248904.0
222068.0,72478.0,250261.0
233926.0,85582.0,247605.0
254612.0,85394.0,247538.0
197303.0,85705.0,247020.0
235109.0,85485.0,250569.0
129212.0,73277.0,250150.0
253107.0,210827.0,247736.0
254104.0,72527.0,247321.0
255809.0,72573.0,248632.0
172565.0,72273.0,248466.0
228638.0,72744.0,248974.0
253004.0,210055.0,248144.0
262039.0,209656.0,249324.0
253720.0,148106.0,248301.0
203755.0,72263.0,247848.0
142610.0,72916.0,248571.0
253150.0,184407.0,247509.0
253267.0,73233.0,246876.0
234888.0,72830.0,247392.0
253019.0,72628.0,247996.0
259815.0,85608.0,248797.0
178863.0,72861.0,247517.0
215155.0,73396.0,246967.0
229722.0,72845.0,251167.0
263873.0,86090.0,247379.0
221875.0,210221.0,248584.0
192081.0,209268.0,247678.0
256490.0,85878.0,251572.0
190565.0,72354.0,252195.0
197365.0,72579.0,247750.0
235100.0,72538.0,247580.0
161054.0,72519.0,247946.0
228399.0,209432.0,247860.0
252587.0,72682.0,247328.0
185043.0,208845.0,247618.0
215555.0,72852.0,247538.0
253804.0,72825.0,249612.0
216062.0,72513.0,247499.0
172899.0,86002.0,248088.0
197786.0,209780.0,247976.0
256396.0,73272.0,249752.0
259584.0,116786.0,248281.0
212025.0,72303.0,248124.0
252666.0,11625.0,247156.0
252854.0,87205.0,249867.0
222105.0,72701.0,247342.0
253648.0,73100.0,248066.0
253590.0,85791.0,249360.0
235868.0,72617.0,249106.0
209774.0,72322.0,247050.0
253497.0,72345.0,247622.0
209723.0,72258.0,249893.0
260290.0,71867.0,247393.0
253469.0,87269.0,247824.0
197391.0,85884.0,250646.0
240855.0,72799.0,249060.0
256030.0,72857.0,250427.0
252947.0,98276.0,249544.0
251872.0,88994.0,247950.0
155156.0,72800.0,248568.0
210208.0,85520.0,247895.0
233809.0,73396.0,250778.0
253798.0,85493.0,251938.0
154593.0,72001.0,248039.0
262953.0,72163.0,249415.0
210405.0,85543.0,252507.0
253985.0,72515.0,247968.0
234552.0,72837.0,248668.0
227799.0,86128.0,247003.0
197275.0,209731.0,247522.0
241582.0,73397.0,249232.0
254166.0,85995.0,248478.0
229969.0,209967.0,248784.0
234985.0,85381.0,247618.0
210885.0,72818.0,247624.0
148478.0,208951.0,248614.0
149021.0,210394.0,249408.0
129935.0,73640.0,247518.0
256253.0,98299.0,247934.0
253506.0,72774.0,247395.0
240261.0,72100.0,247397.0
161903.0,713.0,248074.0
154543.0,116917.0,248400.0
210076.0,72240.0,248518.0
228068.0,85946.0,249248.0
222655.0,72344.0,247795.0
234553.0,104467.0,247543.0
254462.0,73327.0,247566.0
235572.0,85591.0,247652.0
117007.0,73155.0,259751.0
259237.0,72140.0,250262.0
234414.0,209696.0,251001.0
135987.0,129745.0,248821.0
240702.0,72741.0,246906.0
241588.0,85796.0,247542.0
262163.0,85913.0,247513.0
154133.0,86222.0,248248.0
203158.0,72501.0,248793.0
259904.0,87362.0,249238.0
253318.0,72704.0,249398.0
251949.0,72544.0,247792.0
261425.0,72733.0,250651.0
197603.0,85514.0,247526.0
253163.0,72493.0,247742.0
142147.0,73355.0,248463.0
234581.0,72740.0,247634.0
178796.0,72565.0,210489.0
197860.0,73437.0,105239.0
256072.0,211483.0,150130.0
223260.0,72472.0,248504.0
198287.0,209294.0,249980.0
252937.0,73625.0,247870.0
142073.0,72536.0,249597.0
253750.0,85593.0,248336.0
229579.0,72239.0,248510.0
253384.0,72676.0,248711.0
229075.0,216335.0,247429.0
253515.0,85835.0,249008.0
252168.0,72622.0,247968.0
252681.0,73309.0,249467.0
168405.0,72568.0,249866.0
229138.0,72688.0,249947.0
253566.0,85764.0,247492.0
260086.0,73851.0,249656.0
216140.0,93288.0,249342.0
234899.0,154329.0,247674.0
233951.0,72679.0,250964.0
123227.0,72514.0,250636.0
185286.0,97968.0,247548.0
253762.0,208978.0,247533.0
6676.0,72798.0,248402.0
191760.0,85896.0,247798.0
253311.0,72512.0,249882.0
185098.0,73464.0,247166.0
117028.0,72250.0,247820.0
253992.0,85546.0,247828.0
222651.0,209386.0,247234.0
166661.0,208817.0,247604.0
253342.0,73597.0,247794.0
172561.0,72640.0,247644.0
254719.0,73372.0,249375.0
234070.0,72212.0,247785.0
191464.0,110795.0,247613.0
234108.0,221553.0,248158.0
254863.0,72778.0,247610.0
216349.0,73485.0,247474.0
256049.0,73569.0,248146.0
260098.0,72799.0,248286.0
252389.0,158724.0,248691.0
256246.0,72370.0,248168.0
193295.0,103088.0,248867.0
260850.0,73293.0,249080.0
190525.0,72633.0,252633.0
172655.0,72450.0,250009.0
252960.0,73377.0,247186.0
227792.0,72939.0,248614.0
166365.0,73145.0,247599.0
253637.0,221078.0,248736.0
240420.0,228228.0,249028.0
228767.0,72968.0,248922.0
253388.0,121793.0,248014.0
255931.0,73566.0,248218.0
252092.0,127508.0,248632.0
210520.0,73450.0,248341.0
210053.0,72703.0,247372.0
228972.0,73363.0,248394.0
216638.0,213881.0,247715.0
215110.0,72360.0,249304.0
252530.0,109228.0,248838.0
192857.0,221659.0,247426.0
255329.0,164642.0,246982.0
179143.0,220318.0,249774.0
190697.0,90560.0,246796.0
259012.0,102764.0,248910.0
209366.0,146226.0,247674.0
253999.0,103320.0,247616.0
209135.0,66805.0,247658.0
184769.0,11650.0,248964.0
259109.0,73319.0,251202.0
259372.0,72791.0,248390.0
216996.0,72876.0,247584.0
198174.0,72276.0,249704.0
249253.0,121812.0,248752.0
147850.0,72532.0,247940.0
229042.0,72731.0,248302.0
252282.0,170939.0,251763.0
30052.0,109601.0,247095.0
253564.0,109273.0,248931.0
254428.0,122670.0,249245.0
174295.0,140154.0,247353.0
209806.0,91979.0,247544.0
197453.0,96944.0,249423.0
254644.0,72401.0,248126.0
228731.0,73027.0,246904.0
253204.0,74199.0,247669.0
240511.0,96915.0,254312.0
117217.0,121478.0,248020.0
222157.0,73050.0,246800.0
252539.0,72807.0,246896.0
141543.0,122207.0,247276.0
228141.0,121178.0,248564.0
253185.0,72559.0,247966.0
255308.0,121431.0,248386.0
190803.0,158744.0,247375.0
253422.0,149872.0,247940.0
252325.0,72254.0,247674.0
215617.0,220409.0,249400.0
260102.0,72694.0,249154.0
252654.0,121330.0,106725.0
252842.0,72962.0,92980.0
252970.0,183062.0,245283.0
166670.0,73464.0,237883.0
254381.0,72842.0,243802.0
185284.0,72653.0,118384.0
111530.0,103088.0,105898.0
254072.0,221239.0,93388.0
166703.0,190246.0,93516.0
235130.0,134092.0,99636.0
191425.0,78140.0,93274.0
172968.0,72467.0,99285.0
196494.0,152543.0,150552.0
260232.0,184002.0,125451.0
253139.0,73870.0,99558.0
147928.0,103307.0,244648.0
253268.0,72701.0,100424.0
256407.0,72759.0,100327.0
256714.0,96400.0,125591.0
256154.0,72850.0,93300.0
255939.0,73262.0,106605.0
259804.0,91045.0,100665.0
256311.0,73012.0,156640.0
254800.0,220935.0,106300.0
253396.0,109027.0,94006.0
257186.0,213755.0,144777.0
6720.0,72712.0,106204.0
6784.0,72751.0,112781.0
6732.0,73201.0,99635.0
7082.0,73124.0,99151.0
6860.0,134181.0,131855.0
6748.0,72679.0,100262.0
8348.0,96662.0,119177.0
7195.0,72974.0,93082.0
8348.0,103113.0,105895.0
7143.0,72175.0,237926.0
6720.0,72564.0,94120.0
85131.0,96975.0,99877.0
6752.0,73287.0,105764.0
6764.0,72222.0,106195.0
6720.0,140130.0,194452.0
6740.0,220510.0,118813.0
254687.0,73464.0,138316.0
252937.0,121245.0,105941.0
255680.0,72928.0,144273.0
253549.0,72635.0,176420.0
256854.0,103804.0,105570.0
253570.0,102524.0,99320.0
253378.0,72415.0,237511.0
255338.0,72750.0,100760.0
6744.0,115070.0,238250.0
6808.0,72623.0,137668.0
71990.0,72889.0,130648.0
6732.0,72630.0,111929.0
7320.0,133433.0,143743.0
7341.0,74012.0,125905.0
6796.0,72794.0,125041.0
6732.0,109523.0,106523.0
6708.0,72433.0,99298.0
6764.0,97207.0,118603.0
6688.0,72693.0,106267.0
6784.0,115513.0,118273.0
6700.0,158649.0,245736.0
258545.0,202339.0,99188.0
252954.0,103337.0,99972.0
252342.0,221596.0,93986.0
8356.0,73482.0,105603.0
6898.0,96980.0,100359.0
6752.0,73360.0,150542.0
6752.0,121077.0,93042.0
7070.0,73633.0,100013.0
6732.0,72617.0,100019.0
6764.0,72905.0,106835.0
6732.0,96437.0,93786.0
6820.0,109316.0,242827.0
6720.0,96893.0,100064.0
6940.0,220600.0,239499.0
6764.0,108881.0,94280.0
72678.0,72567.0,106797.0
6796.0,73324.0,99249.0
256418.0,213520.0,118664.0
255732.0,140490.0,99799.0
253381.0,93066.0,165361.0
255600.0,73351.0,106535.0
257864.0,127588.0,106643.0
253890.0,72458.0,232826.0
252250.0,72717.0,104987.0
258416.0,222003.0,131266.0
259850.0,134089.0,195446.0
256154.0,90930.0,237783.0
253755.0,72723.0,125174.0
257175.0,103053.0,98917.0
254286.0,73748.0,100218.0
6744.0,98221.0,189757.0
6712.0,102828.0,214239.0
6732.0,96880.0,105285.0
6784.0,73141.0,100466.0
6912.0,109047.0,94102.0
6808.0,72820.0,164572.0
6892.0,213754.0,100356.0
7457.0,72821.0,208395.0
6772.0,72845.0,245660.0
84828.0,182400.0,99942.0
8380.0,72844.0,105726.0
6732.0,73298.0,245135.0
6796.0,73201.0,105584.0
6752.0,73160.0,124590.0
255454.0,219793.0,105477.0
6520.0,72638.0,106862.0
6732.0,103329.0,188361.0
72318.0,72484.0,107219.0
6744.0,115278.0,93538.0
6860.0,73710.0,131610.0
7058.0,220326.0,106177.0
6872.0,72914.0,99933.0
7090.0,214135.0,100104.0
6784.0,195111.0,124244.0
6708.0,73203.0,100153.0
7043.0,108963.0,100224.0
6808.0,73671.0,106412.0
8336.0,73693.0,106494.0
6700.0,127539.0,125434.0
254340.0,213500.0,98905.0
256682.0,72421.0,112432.0
254888.0,72794.0,99900.0
253885.0,72741.0,136098.0
6916.0,72915.0,99764.0
6740.0,72478.0,237755.0
6708.0,72554.0,207008.0
6986.0,219884.0,105538.0
6708.0,72711.0,107984.0
6724.0,73893.0,99605.0
6788.0,73336.0,124131.0
6688.0,73050.0,100196.0
6712.0,108826.0,124794.0
6720.0,121525.0,156192.0
6820.0,73717.0,99809.0
72350.0,73155.0,100374.0
6720.0,251921.0,106676.0
6860.0,245165.0,99612.0
253606.0,252076.0,152048.0
256219.0,245541.0,99804.0
255978.0,251346.0,124493.0
255619.0,252441.0,101412.0
256543.0,252614.0,212236.0
254581.0,251138.0,99807.0
258079.0,245625.0,130571.0
255837.0,251534.0,105876.0
255671.0,252744.0,99173.0
253829.0,252936.0,156766.0
255085.0,251952.0,99264.0
255979.0,252833.0,238511.0
254499.0,251442.0,144052.0
254669.0,245893.0,99223.0
255713.0,251876.0,106310.0
252527.0,251969.0,240053.0
254510.0,251878.0,112848.0
253676.0,251239.0,100247.0
259271.0,256623.0,169556.0
257377.0,251411.0,118315.0
255191.0,251762.0,236797.0
252185.0,245543.0,106237.0
255900.0,244953.0,132110.0
253282.0,251756.0,130492.0
255838.0,246773.0,112947.0
253607.0,251458.0,130948.0
254721.0,251562.0,118825.0
252044.0,250867.0,162750.0
256719.0,252018.0,150631.0
259656.0,251803.0,98859.0
252474.0,251336.0,130614.0
253001.0,251162.0,100036.0
253910.0,253620.0,106774.0
255287.0,245975.0,100149.0
253605.0,251722.0,118246.0
253008.0,253004.0,94030.0
255846.0,252272.0,99716.0
254731.0,253571.0,126235.0
253816.0,251378.0,123893.0
256269.0,246023.0,120114.0
252418.0,252362.0,105573.0
255549.0,245606.0,119594.0
252666.0,252274.0,137078.0
254630.0,245801.0,106133.0
256513.0,251832.0,99748.0
253385.0,252916.0,106526.0
255484.0,252509.0,130574.0
251950.0,246113.0,99985.0
254265.0,245584.0,238033.0
6930.0,251973.0,99485.0
6820.0,251438.0,237911.0
8316.0,251147.0,99401.0
6796.0,253356.0,106110.0
6744.0,251788.0,99970.0
6720.0,252934.0,100016.0
7030.0,245397.0,143702.0
6708.0,252212.0,99260.0
6796.0,251960.0,105943.0
6828.0,251804.0,119074.0
6994.0,246001.0,99903.0
8412.0,251864.0,100196.0
6796.0,245407.0,99562.0
6724.0,252022.0,244206.0
6828.0,251866.0,101064.0
6962.0,246311.0,112456.0
6828.0,252380.0,107305.0
6784.0,245429.0,119539.0
7430.0,252971.0,106241.0
7067.0,251948.0,107420.0
6808.0,251174.0,106644.0
6720.0,253947.0,168940.0
6756.0,251869.0,105618.0
6994.0,251955.0,106374.0
188631.0,251901.0,106894.0
6784.0,252678.0,106269.0
8400.0,252328.0,106375.0
6852.0,252399.0,105803.0
6708.0,252077.0,106036.0
6708.0,246928.0,106694.0
6912.0,252995.0,112153.0
254149.0,251858.0,107653.0
6764.0,252095.0,106707.0
71916.0,253244.0,106715.0
6820.0,252988.0,106145.0
6744.0,251668.0,106619.0
6784.0,251932.0,106309.0
6796.0,251340.0,106107.0
6788.0,252585.0,105487.0
6688.0,251659.0,106301.0
6720.0,251625.0,105963.0
6986.0,252666.0,106306.0
6744.0,252205.0,106794.0
6708.0,252768.0,106639.0
6688.0,245631.0,107064.0
6752.0,251698.0,119159.0
253658.0,251548.0,200285.0
6784.0,253419.0,106101.0
7107.0,246273.0,132301.0
6784.0,252929.0,106989.0
6720.0,251858.0,106655.0
8336.0,252568.0,144721.0
6776.0,135495.0,105474.0
6896.0,252418.0,106345.0
6860.0,251898.0,106200.0
6752.0,252004.0,106345.0
6720.0,245737.0,106493.0
6930.0,252646.0,106679.0
6756.0,251578.0,106207.0
6688.0,252307.0,151945.0
97174.0,252140.0,105865.0
7315.0,245838.0,112142.0
6708.0,251854.0,106851.0
6796.0,251403.0,106438.0
7138.0,246149.0,106954.0
6784.0,245785.0,105836.0
8356.0,251500.0,106596.0
6796.0,251917.0,106084.0
8348.0,251370.0,107180.0
6764.0,245733.0,106692.0
6744.0,246529.0,106417.0
6720.0,252604.0,106308.0
6624.0,252262.0,106314.0
6612.0,246093.0,106845.0
7183.0,252290.0,106764.0
84296.0,247053.0,106213.0
6886.0,251710.0,106233.0
6938.0,254345.0,106961.0
6764.0,251331.0,105807.0
6820.0,252411.0,106428.0
6784.0,245639.0,107552.0
253243.0,251078.0,106531.0
252774.0,251436.0,107133.0
253085.0,247143.0,105979.0
258738.0,251658.0,106778.0
258258.0,245977.0,106227.0
253142.0,252534.0,106198.0
252798.0,245646.0,105543.0
254614.0,251905.0,106239.0
6708.0,252905.0,106603.0
6860.0,245095.0,106282.0
6796.0,251984.0,106633.0
6828.0,251856.0,106887.0
6720.0,251850.0,106641.0
6796.0,253460.0,106697.0
6688.0,251703.0,106475.0
6720.0,251503.0,105661.0
6808.0,246095.0,106331.0
6808.0,251714.0,105957.0
6796.0,245413.0,106391.0
8388.0,252046.0,105945.0
7218.0,245503.0,106930.0
6740.0,245487.0,115251.0
6724.0,252078.0,193994.0
84416.0,253684.0,106336.0
255250.0,251729.0,106755.0
253782.0,251779.0,106340.0
253878.0,252759.0,106637.0
254154.0,251980.0,106878.0
256368.0,253052.0,105937.0
6772.0,245611.0,106397.0
6852.0,251611.0,106769.0
7026.0,252300.0,106464.0
6860.0,252436.0,106471.0
221574.0,251920.0,246897.0
7151.0,252404.0,105826.0
6752.0,252112.0,105915.0
42103.0,253261.0,106669.0
259215.0,252149.0,106997.0
256424.0,245714.0,106541.0
254697.0,253168.0,106297.0
253609.0,252390.0,106383.0
260143.0,245977.0,106521.0
254736.0,251982.0,106883.0
257025.0,246273.0,106542.0
259015.0,252402.0,106209.0
257704.0,251683.0,106334.0
258382.0,251974.0,106614.0
252194.0,254580.0,106173.0
253475.0,251266.0,106735.0
256529.0,245851.0,106286.0
255220.0,251828.0,106464.0
6796.0,251964.0,106557.0
7018.0,252276.0,107179.0
6764.0,252996.0,106778.0
6744.0,251654.0,106817.0
6872.0,253711.0,105431.0
6930.0,251603.0,106174.0
6832.0,252180.0,107166.0
6752.0,251970.0,105884.0
6700.0,251950.0,106085.0
6740.0,253297.0,246515.0
8328.0,251681.0,112945.0
6712.0,252058.0,106531.0
72402.0,252537.0,107194.0
8304.0,251566.0,106567.0
253657.0,251024.0,105919.0
257580.0,252125.0,106825.0
253540.0,248893.0,106672.0
254029.0,251874.0,106199.0
253128.0,251641.0,106024.0
255853.0,252440.0,105915.0
257220.0,246555.0,106482.0
258464.0,171714.0,105902.0
253099.0,109872.0,105932.0
6732.0,160039.0,106625.0
6712.0,109401.0,246734.0
6720.0,209285.0,106278.0
6828.0,202241.0,106426.0
6796.0,121415.0,106131.0
8532.0,73525.0,150274.0
71950.0,208177.0,106775.0
6772.0,72520.0,113100.0
6708.0,71948.0,106210.0
6796.0,220036.0,193944.0
6796.0,165111.0,107215.0
6724.0,209529.0,106308.0
256178.0,73027.0,106672.0
252190.0,208170.0,105956.0
258607.0,184262.0,106665.0
254673.0,127658.0,106210.0
257448.0,121543.0,105559.0
252259.0,72273.0,106700.0
254264.0,208298.0,106897.0
253233.0,208563.0,105902.0
261015.0,146325.0,106699.0
255438.0,165701.0,106499.0
255713.0,209497.0,106472.0
252633.0,90792.0,106774.0
253919.0,73538.0,106502.0
253899.0,209725.0,105764.0
253510.0,72574.0,171205.0
263133.0,121906.0,215298.0
257159.0,84932.0,106771.0
256336.0,153130.0,106463.0
255411.0,220004.0,106547.0
255626.0,208296.0,106339.0
255443.0,146016.0,106571.0
253632.0,208489.0,107518.0
256631.0,72275.0,106101.0
257953.0,134045.0,107040.0
253417.0,84874.0,105838.0
254028.0,104146.0,107522.0
255070.0,171532.0,106302.0
8336.0,208159.0,106193.0
7405.0,79090.0,106137.0
6840.0,72423.0,105980.0
85101.0,208298.0,107004.0
6724.0,73339.0,105603.0
6784.0,72535.0,106293.0
6928.0,152811.0,106139.0
6808.0,209020.0,106226.0
6752.0,213779.0,187408.0
6720.0,109013.0,106183.0
6700.0,139635.0,107658.0
7209.0,140519.0,138427.0
6788.0,72168.0,106448.0
6860.0,92177.0,106465.0
255956.0,80050.0,113186.0
72130.0,91647.0,120217.0
6828.0,189751.0,106668.0
6884.0,73871.0,107083.0
6732.0,116455.0,1057.0
6720.0,72048.0,11596.0
6796.0,209028.0,152720.0
6720.0,214373.0,188668.0
8304.0,177397.0,106979.0
8292.0,139973.0,106799.0
6796.0,227078.0,106944.0
6700.0,202728.0,106493.0
6636.0,208341.0,105963.0
6784.0,220451.0,106794.0
6724.0,151899.0,106348.0
255750.0,213817.0,206888.0
253957.0,73668.0,106653.0
252616.0,96938.0,125026.0
254867.0,84883.0,106198.0
255407.0,108855.0,200642.0
256804.0,171500.0,106316.0
254100.0,103845.0,87601.0
253612.0,103709.0,137494.0
255638.0,127300.0,112738.0
259110.0,152530.0,118574.0
252485.0,158167.0,99197.0
255198.0,103681.0,99795.0
254266.0,114958.0,93011.0
257323.0,165516.0,113022.0
252304.0,208989.0,87275.0
254660.0,208310.0,99797.0
252902.0,72477.0,105702.0
255879.0,208129.0,100118.0
255546.0,177775.0,131752.0
254363.0,220675.0,87212.0
258349.0,78471.0,105339.0
254122.0,104382.0,87698.0
6720.0,109104.0,106110.0
6720.0,153696.0,93875.0
6752.0,72624.0,87389.0
6784.0,165441.0,74334.0
6796.0,96900.0,125008.0
6708.0,208441.0,105892.0
8356.0,103495.0,168964.0
6744.0,109234.0,93256.0
8432.0,42530.0,87311.0
72048.0,73318.0,105645.0
8532.0,183565.0,87229.0
6740.0,147584.0,149799.0
253284.0,74202.0,118681.0
253143.0,209349.0,87022.0
254105.0,109672.0,87898.0
254610.0,97992.0,105781.0
254262.0,208578.0,111837.0
256536.0,208056.0,93512.0
6712.0,91021.0,111976.0
6720.0,85037.0,112582.0
6784.0,210610.0,105535.0
6744.0,109744.0,105989.0
6732.0,165529.0,87538.0
6732.0,208265.0,105265.0
7264.0,72873.0,99603.0
8228.0,84671.0,106227.0
6796.0,103813.0,105802.0
6752.0,84989.0,106312.0
78311.0,219492.0,87342.0
6764.0,97138.0,87125.0
6828.0,141407.0,99874.0
6808.0,208031.0,87174.0
6796.0,127718.0,112023.0
255138.0,209026.0,131169.0
257173.0,146345.0,106743.0
254324.0,127281.0,105859.0
255243.0,208201.0,112256.0
260374.0,78796.0,112611.0
255294.0,73586.0,87304.0
254157.0,202109.0,86662.0
255464.0,178297.0,105255.0
254236.0,84604.0,106735.0
258038.0,124418.0,105812.0
159301.0,85871.0,87165.0
233541.0,208542.0,106363.0
233377.0,73491.0,86894.0
196388.0,214046.0,105654.0
233938.0,109149.0,118599.0
234307.0,159024.0,119185.0
234828.0,17493.0,105547.0
232714.0,4627.0,93343.0
235976.0,11948.0,177096.0
241157.0,140481.0,105767.0
233354.0,777.0,131361.0
240863.0,777.0,93770.0
90542.0,133819.0,106602.0
159555.0,208865.0,87183.0
233346.0,11619.0,87031.0
140213.0,4635.0,105740.0
146909.0,713.0,99561.0
234326.0,196103.0,87718.0
233438.0,140745.0,105622.0
241553.0,73264.0,105726.0
90506.0,158976.0,132159.0
190208.0,72598.0,112270.0
121896.0,159537.0,111891.0
233095.0,98492.0,86976.0
234008.0,73301.0,112067.0
202589.0,115962.0,111609.0
234701.0,90451.0,99529.0
234110.0,165964.0,118939.0
234412.0,209177.0,87138.0
190563.0,146713.0,118545.0
233470.0,221392.0,105487.0
234666.0,208628.0,105930.0
235166.0,208347.0,105973.0
233549.0,72130.0,100576.0
234045.0,220444.0,87362.0
233469.0,170810.0,112353.0
234891.0,116273.0,105546.0
233345.0,208300.0,106206.0
234574.0,208402.0,112377.0
233938.0,127804.0,112599.0
234504.0,91201.0,105352.0
233649.0,208337.0,100085.0
158284.0,116279.0,87666.0
235159.0,116707.0,131849.0
233871.0,73344.0,119234.0
90124.0,73296.0,108330.0
235165.0,86189.0,112728.0
233488.0,222121.0,100978.0
234172.0,208621.0,99413.0
233746.0,153264.0,105773.0
234576.0,77802.0,105289.0
234275.0,72326.0,119090.0
233372.0,713.0,106490.0
234649.0,713.0,86953.0
90353.0,127497.0,105728.0
233838.0,72516.0,87120.0
243176.0,208866.0,93442.0
233766.0,209139.0,112646.0
234230.0,71991.0,131193.0
202388.0,73527.0,131685.0
221652.0,208870.0,105967.0
234702.0,104178.0,112581.0
234407.0,90776.0,119242.0
233935.0,90666.0,106425.0
115431.0,221313.0,105702.0
234085.0,12031.0,112339.0
234133.0,207378.0,105642.0
234213.0,713.0,106493.0
233088.0,11694.0,124174.0
240028.0,4615.0,87507.0
233126.0,153259.0,107723.0
233294.0,208070.0,99595.0
90864.0,115025.0,87303.0
241813.0,78762.0,99116.0
240893.0,220529.0,120033.0
240283.0,103027.0,113520.0
140669.0,189488.0,118665.0
234053.0,196526.0,118509.0
139989.0,140185.0,118495.0
233787.0,103375.0,106101.0
233923.0,183505.0,86958.0
235198.0,158519.0,105612.0
240578.0,208239.0,106598.0
234027.0,214632.0,99451.0
235217.0,208687.0,105860.0
189824.0,73755.0,86469.0
147012.0,165603.0,124014.0
234477.0,71997.0,105662.0
165167.0,98374.0,86943.0
233928.0,85104.0,106151.0
234302.0,72979.0,88657.0
235718.0,86464.0,106160.0
209392.0,85194.0,87766.0
234269.0,85268.0,111691.0
234239.0,73475.0,125175.0
233804.0,85232.0,106463.0
233931.0,73146.0,105812.0
240278.0,97782.0,105882.0
190474.0,165718.0,99731.0
233136.0,73067.0,137569.0
234340.0,104189.0,87804.0
234136.0,73125.0,105887.0
233358.0,73424.0,100318.0
140052.0,85382.0,93543.0
234228.0,84984.0,112073.0
178280.0,73234.0,130773.0
235758.0,221216.0,87667.0
221464.0,73552.0,93250.0
179136.0,85542.0,125580.0
234482.0,91846.0,87669.0
233846.0,85738.0,124074.0
234998.0,73580.0,86951.0
140549.0,73427.0,119025.0
115720.0,73401.0,105889.0
233752.0,85226.0,86906.0
234507.0,85168.0,112518.0
233369.0,72994.0,99716.0
234367.0,85298.0,112290.0
190287.0,73293.0,105508.0
234130.0,73320.0,144388.0
233278.0,221104.0,233550.0
233924.0,220374.0,112102.0
241237.0,72957.0,112608.0
234525.0,147665.0,106449.0
177765.0,73262.0,125618.0
233457.0,85030.0,131022.0
241015.0,97861.0,123897.0
234105.0,85432.0,111344.0
233773.0,183507.0,136912.0
234534.0,73130.0,107367.0
115924.0,208136.0,125105.0
171973.0,85540.0,87315.0
234074.0,85510.0,87789.0
234573.0,220584.0,113299.0
233787.0,73281.0,118727.0
134682.0,221284.0,106787.0
90507.0,136148.0,106191.0
152820.0,73345.0,113542.0
234302.0,73083.0,100058.0
234992.0,98150.0,112134.0
159135.0,73428.0,112206.0
233764.0,86568.0,118946.0
235515.0,85603.0,131101.0
202767.0,85266.0,105661.0
90749.0,220488.0,119021.0
233964.0,72933.0,87580.0
171202.0,73367.0,113557.0
233452.0,73062.0,99671.0
214895.0,73032.0,87321.0
233518.0,73590.0,112138.0
235031.0,85242.0,106460.0
234000.0,85708.0,143812.0
233959.0,165847.0,117979.0
233253.0,134651.0,93966.0
234380.0,220511.0,112825.0
233586.0,85772.0,87200.0
241783.0,153356.0,105926.0
233703.0,104323.0,125686.0
233938.0,85260.0,118775.0
239711.0,85532.0,101142.0
234080.0,85442.0,87432.0
234416.0,73014.0,112003.0
233577.0,97538.0,87384.0
234089.0,73251.0,232575.0
90812.0,72871.0,232674.0
147116.0,86881.0,88285.0
233809.0,85536.0,87025.0
209735.0,85574.0,87307.0
234154.0,85335.0,74580.0
233569.0,73045.0,86914.0
240599.0,85319.0,87917.0
233988.0,73326.0,99597.0
234149.0,221077.0,86652.0
215900.0,73345.0,231439.0
233535.0,159324.0,87477.0
171385.0,73356.0,87080.0
240849.0,73165.0,87186.0
233429.0,85058.0,86980.0
234255.0,73664.0,87182.0
235925.0,73433.0,87352.0
233623.0,76520.0,87026.0
233654.0,73125.0,87147.0
233775.0,109833.0,87181.0
240818.0,85293.0,87602.0
233575.0,73179.0,86988.0
234372.0,73220.0,87417.0
234631.0,189937.0,87065.0
90551.0,84981.0,87717.0
4633.0,85736.0,87163.0
234150.0,79736.0,87217.0
109622.0,142234.0,86785.0
234481.0,129329.0,106515.0
233729.0,85833.0,87286.0
241333.0,72983.0,87001.0
233577.0,713.0,87055.0
232965.0,73276.0,74886.0
115390.0,85303.0,75157.0
236200.0,85374.0,113304.0
233558.0,85600.0,87437.0
214869.0,73208.0,87279.0
184823.0,147968.0,87021.0
233741.0,220543.0,87251.0
235513.0,85517.0,87216.0
233585.0,165921.0,87352.0
240224.0,73212.0,76928.0
147520.0,85331.0,87209.0
177962.0,122408.0,87390.0
233985.0,85530.0,87484.0
234896.0,73416.0,87471.0
234563.0,85128.0,86986.0
115681.0,73299.0,87533.0
90694.0,85510.0,87251.0
233622.0,98232.0,87275.0
240659.0,85361.0,113053.0
233655.0,29912.0,74773.0
216204.0,222345.0,87841.0
202655.0,85572.0,86962.0
90565.0,85226.0,87220.0
240025.0,104142.0,87248.0
233915.0,11778.0,87724.0
146416.0,73260.0,87587.0
233734.0,73524.0,87058.0
234752.0,86606.0,99241.0
233810.0,85497.0,87313.0
233779.0,221635.0,87299.0
233225.0,73210.0,150318.0
133639.0,85929.0,75754.0
153397.0,85704.0,87219.0
233385.0,85768.0,74885.0
233794.0,73068.0,87205.0
234617.0,85107.0,87307.0
234167.0,73390.0,87412.0
235011.0,85354.0,87483.0
128248.0,116259.0,86828.0
128250.0,92092.0,87360.0
122141.0,73245.0,87545.0
241593.0,178618.0,75330.0
233532.0,73429.0,86884.0
234032.0,72920.0,125159.0
234965.0,85023.0,74839.0
255316.0,85086.0,74570.0
254697.0,85262.0,232790.0
216970.0,73289.0,86822.0
252789.0,73503.0,86896.0
216951.0,73574.0,86711.0
228441.0,146942.0,87153.0
259013.0,85807.0,87208.0
237758.0,85271.0,87084.0
262619.0,172678.0,199680.0
256841.0,171202.0,86863.0
228529.0,86780.0,87190.0
241172.0,72932.0,87256.0
252587.0,116242.0,126421.0
241970.0,85536.0,87595.0
254402.0,73454.0,118988.0
260968.0,73480.0,93513.0
235172.0,73221.0,87053.0
259587.0,97760.0,75015.0
253622.0,86126.0,125022.0
253876.0,73175.0,87353.0
252495.0,73151.0,87755.0
252273.0,85378.0,100733.0
242083.0,85169.0,232956.0
252789.0,72997.0,94143.0
254783.0,220765.0,75016.0
254820.0,220600.0,86791.0
216955.0,85474.0,87410.0
254357.0,194197.0,93372.0
252854.0,134255.0,86950.0
229496.0,134465.0,118993.0
246675.0,85403.0,232861.0
252908.0,86098.0,87685.0
260061.0,73337.0,87374.0
233678.0,85432.0,99351.0
255855.0,85230.0,87159.0
233928.0,73417.0,75209.0
259870.0,85734.0,232686.0
259860.0,73402.0,87251.0
248513.0,85179.0,200401.0
253315.0,221620.0,87635.0
222012.0,74034.0,75244.0
253201.0,73176.0,106135.0
253794.0,85424.0,87186.0
254538.0,73627.0,86697.0
252833.0,85399.0,87314.0
252537.0,97770.0,87192.0
256205.0,85374.0,87122.0
253597.0,85364.0,87403.0
260276.0,73530.0,87355.0
241015.0,73137.0,87343.0
256736.0,73345.0,87754.0
253654.0,221716.0,86884.0
253011.0,134516.0,74192.0
252745.0,73428.0,87564.0
252761.0,73600.0,87482.0
253575.0,97958.0,106018.0
254334.0,73045.0,231589.0
252642.0,85546.0,87360.0
255401.0,85427.0,86562.0
240203.0,73703.0,112584.0
262189.0,165527.0,87607.0
253287.0,85723.0,87106.0
253696.0,170972.0,87119.0
236917.0,85208.0,75379.0
203136.0,221698.0,94118.0
253466.0,97573.0,87545.0
240635.0,85252.0,168623.0
240770.0,73379.0,87249.0
249765.0,220906.0,87544.0
241521.0,116641.0,87208.0
242173.0,92041.0,87262.0
253691.0,73263.0,88397.0
252924.0,85544.0,87121.0
252910.0,73242.0,87610.0
263218.0,73315.0,87162.0
259707.0,73327.0,88257.0
211861.0,85032.0,100217.0
240122.0,73677.0,87750.0
253690.0,73667.0,100215.0
252606.0,73545.0,168793.0
234339.0,73690.0,87092.0
248040.0,73557.0,99806.0
254216.0,73009.0,88609.0
254321.0,73079.0,87288.0
260280.0,73302.0,87053.0
254661.0,73156.0,93930.0
254991.0,73355.0,74946.0
260410.0,73543.0,86554.0
253121.0,73710.0,88083.0
246677.0,73127.0,75394.0
252591.0,73393.0,93577.0
240580.0,73241.0,144318.0
185183.0,73280.0,200713.0
253338.0,73194.0,93449.0
254498.0,73352.0,87312.0
259134.0,73798.0,75482.0
253552.0,73323.0,87151.0
254290.0,73190.0,232126.0
222373.0,73354.0,93852.0
252404.0,73447.0,93834.0
242445.0,73348.0,86689.0
253070.0,73358.0,87043.0
255868.0,73379.0,86722.0
252760.0,73381.0,87278.0
240083.0,73106.0,87279.0
247973.0,73567.0,87165.0
253181.0,73397.0,75110.0
209694.0,73481.0,87741.0
253712.0,73009.0,87273.0
252979.0,73472.0,74748.0
234842.0,73242.0,86813.0
252873.0,73797.0,75145.0
210417.0,73396.0,87321.0
254090.0,73807.0,86975.0
254153.0,73665.0,86793.0
255151.0,73105.0,87023.0
240098.0,73555.0,75248.0
260559.0,73330.0,81261.0
259374.0,72968.0,99999.0
253851.0,73589.0,87674.0
253469.0,73165.0,87755.0
228054.0,73592.0,94430.0
240643.0,73097.0,87480.0
252589.0,73326.0,87207.0
237297.0,74176.0,87155.0
262634.0,73475.0,75039.0
240813.0,73171.0,86886.0
241018.0,73965.0,87225.0
234680.0,73183.0,87613.0
253787.0,73583.0,131579.0
254064.0,73422.0,86947.0
253603.0,73594.0,74834.0
252855.0,73271.0,87990.0
253129.0,73210.0,76689.0
252710.0,73503.0,87372.0
253857.0,73557.0,87613.0
247465.0,73438.0,87501.0
259560.0,73450.0,86916.0
237533.0,72922.0,88133.0
233852.0,73826.0,87590.0
247823.0,73679.0,90990.0
253432.0,73730.0,88359.0
254167.0,73473.0,87395.0
252496.0,73009.0,87217.0
254446.0,73143.0,87089.0
260198.0,73104.0,87404.0
235575.0,73808.0,88010.0
258590.0,73241.0,87893.0
252880.0,73365.0,88589.0
241060.0,73602.0,87387.0
254917.0,73649.0,87148.0
253405.0,73376.0,87751.0
253841.0,73274.0,87377.0
240959.0,74692.0,87528.0
234811.0,73262.0,87149.0
240993.0,73542.0,87664.0
252923.0,73525.0,87730.0
255405.0,73480.0,87170.0
253705.0,73374.0,87120.0
253899.0,74905.0,87339.0
253344.0,73419.0,87010.0
255560.0,73864.0,87192.0
191683.0,73051.0,87618.0
233984.0,73201.0,87437.0
253049.0,73534.0,87844.0
253533.0,73471.0,86960.0
235455.0,73097.0,87458.0
233815.0,73703.0,87526.0
242510.0,73277.0,88263.0
254707.0,73060.0,86980.0
253336.0,73177.0,87241.0
222668.0,73094.0,87140.0
261881.0,73232.0,87640.0
252141.0,73544.0,87811.0
228737.0,73485.0,87489.0
254411.0,73626.0,87394.0
253788.0,73009.0,88502.0
193117.0,73137.0,87001.0
254048.0,73199.0,87428.0
252718.0,73846.0,87863.0
222055.0,73680.0,87469.0
229900.0,73623.0,87031.0
253493.0,73304.0,87170.0
253572.0,73519.0,87161.0
253377.0,73381.0,87382.0
254618.0,72994.0,87264.0
252968.0,73589.0,87221.0
234482.0,73132.0,89272.0
252445.0,73564.0,87433.0
253265.0,73048.0,87316.0
260816.0,73864.0,162996.0
256291.0,73383.0,86956.0
197745.0,72964.0,87402.0
253236.0,73120.0,86803.0
252866.0,73395.0,88197.0
254849.0,73336.0,87214.0
258688.0,73036.0,88767.0
253534.0,73683.0,90651.0
215673.0,72971.0,88489.0
246921.0,73827.0,87544.0
234730.0,73590.0,87167.0
260186.0,73333.0,87730.0
241364.0,72984.0,87327.0
247196.0,73447.0,87385.0
174578.0,73453.0,87752.0
89018.0,73661.0,87254.0
89970.0,73234.0,87585.0
92764.0,73573.0,87792.0
89561.0,73368.0,87449.0
89048.0,73255.0,87198.0
89110.0,73708.0,89475.0
89664.0,73204.0,87364.0
89885.0,73662.0,87835.0
88956.0,73666.0,89244.0
157192.0,73645.0,86934.0
89112.0,73370.0,87823.0
88861.0,73495.0,87296.0
89166.0,73702.0,87877.0
89731.0,73653.0,87119.0
88885.0,73361.0,87643.0
88973.0,73253.0,87150.0
89164.0,73330.0,87752.0
88898.0,73000.0,87089.0
94978.0,73712.0,86940.0
88920.0,73553.0,87169.0
76763.0,73305.0,87580.0
101334.0,73143.0,87191.0
88787.0,73250.0,87734.0
89005.0,73292.0,87365.0
89889.0,73129.0,86945.0
89284.0,73095.0,87372.0
89056.0,73372.0,87541.0
89481.0,73073.0,88270.0
90170.0,73345.0,87504.0
88948.0,73479.0,87315.0
89223.0,73636.0,87858.0
89221.0,72988.0,87401.0
90478.0,73383.0,88624.0
4721.0,72822.0,87168.0
85021.0,73313.0,87706.0
4773.0,73401.0,88566.0
4781.0,73358.0,87134.0
4677.0,73473.0,87422.0
4721.0,73428.0,87225.0
4741.0,73559.0,87361.0
4677.0,73412.0,87678.0
4741.0,73310.0,87018.0
4741.0,73097.0,87882.0
4721.0,72908.0,87819.0
4741.0,73438.0,87475.0
4781.0,73625.0,87134.0
4741.0,73677.0,87386.0
89375.0,73636.0,87352.0
88899.0,73318.0,87404.0
88954.0,73138.0,87331.0
89138.0,73465.0,87204.0
89811.0,73224.0,87466.0
89331.0,73195.0,87154.0
89444.0,73287.0,87548.0
91474.0,73177.0,87080.0
89090.0,73227.0,88421.0
90412.0,73299.0,87165.0
89507.0,73227.0,87551.0
89426.0,73306.0,87282.0
89138.0,73302.0,88005.0
89196.0,73468.0,87488.0
89022.0,73296.0,88023.0
89153.0,72963.0,86781.0
88778.0,73176.0,87616.0
89080.0,73129.0,87882.0
88993.0,73132.0,87521.0
89069.0,73592.0,87525.0
89662.0,73779.0,86777.0
89576.0,73336.0,87243.0
88760.0,73652.0,87476.0
4773.0,73437.0,87325.0
85265.0,73614.0,87137.0
4615.0,73412.0,86970.0
5018.0,73455.0,87293.0
4717.0,73197.0,88159.0
4677.0,73239.0,87186.0
4677.0,73347.0,87229.0
4677.0,73605.0,87186.0
4793.0,73189.0,87649.0
4741.0,72821.0,86755.0
4657.0,73369.0,87512.0
4677.0,73126.0,87076.0
4721.0,73310.0,88487.0
4677.0,73135.0,87925.0
4741.0,73442.0,87287.0
88916.0,73310.0,87705.0
89276.0,73369.0,87065.0
90831.0,73527.0,87499.0
89368.0,73007.0,88313.0
89218.0,73066.0,87181.0
91517.0,73341.0,87360.0
89284.0,72964.0,87332.0
89109.0,72913.0,87167.0
89499.0,73525.0,86957.0
89153.0,73527.0,87796.0
90619.0,72950.0,86997.0
89200.0,73067.0,87580.0
90341.0,73104.0,87736.0
88945.0,73384.0,86938.0
88824.0,73522.0,87065.0
126172.0,73473.0,87028.0
88782.0,73120.0,87287.0
88717.0,73458.0,87284.0
88961.0,73482.0,87016.0
88788.0,73645.0,87581.0
89529.0,73572.0,87551.0
89104.0,73595.0,87600.0
89568.0,122918.0,87410.0
89094.0,73687.0,87650.0
88958.0,73380.0,88521.0
89337.0,74658.0,87118.0
89227.0,73354.0,87128.0
89060.0,73543.0,87288.0
89617.0,184287.0,86830.0
89111.0,73600.0,87530.0
89461.0,73733.0,88343.0
89469.0,73507.0,87618.0
90896.0,73914.0,87125.0
90625.0,220414.0,87426.0
88948.0,184495.0,86933.0
90634.0,227029.0,88444.0
89554.0,73540.0,87402.0
212650.0,73069.0,87215.0
89005.0,73070.0,88029.0
89121.0,73058.0,87363.0
88972.0,153220.0,87406.0
89212.0,73609.0,87606.0
89394.0,73513.0,86999.0
89584.0,79270.0,87523.0
88858.0,223208.0,87363.0
89858.0,73591.0,87781.0
89398.0,73283.0,86993.0
89687.0,73318.0,87465.0
89317.0,221304.0,87616.0
89329.0,73443.0,87346.0
89977.0,73477.0,87268.0
89330.0,73458.0,86835.0
88817.0,73288.0,87235.0
91269.0,72971.0,87378.0
88609.0,141415.0,87994.0
89774.0,74904.0,87453.0
89093.0,222402.0,87208.0
89158.0,73433.0,87367.0
89916.0,73461.0,86952.0
91734.0,220697.0,87573.0
89203.0,73294.0,87173.0
89210.0,73350.0,87128.0
88984.0,122610.0,87752.0
88717.0,110269.0,87639.0
89239.0,73511.0,87255.0
88872.0,73368.0,99467.0
89621.0,77913.0,93594.0
89013.0,73370.0,100055.0
88508.0,75952.0,99619.0
89726.0,73533.0,106041.0
89002.0,73302.0,105848.0
88683.0,74517.0,93441.0
113829.0,73344.0,106047.0
90482.0,73273.0,99692.0
89293.0,74041.0,99458.0
89087.0,74760.0,99316.0
88936.0,73332.0,106093.0
89791.0,73375.0,107269.0
89286.0,73501.0,94152.0
89039.0,73275.0,99922.0
88959.0,73734.0,100072.0
156497.0,73478.0,100297.0
15287.0,73498.0,105707.0
194087.0,73100.0,105730.0
89026.0,74811.0,100165.0
90669.0,73564.0,100202.0
89476.0,72949.0,99394.0
89285.0,73505.0,100171.0
88706.0,171579.0,107015.0
88938.0,85777.0,99308.0
88809.0,73757.0,99653.0
89254.0,220994.0,100432.0
89417.0,73566.0,99419.0
89678.0,73202.0,99775.0
88922.0,73352.0,100032.0
88970.0,73467.0,94178.0
88991.0,147502.0,105429.0
90332.0,73503.0,100036.0
89790.0,73369.0,100594.0
89173.0,220359.0,105777.0
125914.0,73165.0,99354.0
88712.0,73514.0,100671.0
88950.0,73433.0,99948.0
88845.0,73329.0,99130.0
88940.0,72810.0,99209.0
88695.0,75276.0,100149.0
89649.0,128987.0,105025.0
89112.0,73375.0,100066.0
89749.0,73078.0,101655.0
89422.0,73024.0,100164.0
77197.0,73468.0,100141.0
89446.0,73426.0,105527.0
89382.0,109934.0,99904.0
89386.0,73425.0,106367.0
89587.0,73556.0,106152.0
212141.0,73526.0,93500.0
89342.0,73171.0,99974.0
106584.0,73298.0,99587.0
88891.0,221717.0,105906.0
89112.0,73225.0,99904.0
88991.0,147940.0,100603.0
90550.0,73849.0,100063.0
89080.0,73142.0,100374.0
90317.0,73671.0,99657.0
89228.0,73820.0,100942.0
89078.0,73201.0,99394.0
89039.0,73463.0,100334.0
89063.0,73471.0,100380.0
89106.0,221578.0,101451.0
88967.0,73619.0,99234.0
89310.0,73211.0,106096.0
89172.0,73408.0,99091.0
89169.0,73038.0,99710.0
88863.0,75001.0,99546.0
89235.0,74878.0,106570.0
88888.0,74071.0,93172.0
89088.0,75097.0,106424.0
89775.0,73780.0,99832.0
88875.0,97912.0,100133.0
89496.0,73061.0,100260.0
88945.0,73183.0,100126.0
89716.0,73464.0,106248.0
89117.0,221473.0,99795.0
89165.0,73419.0,94186.0
89933.0,73635.0,94036.0
89094.0,73560.0,105633.0
88952.0,77545.0,98998.0
94594.0,104516.0,92882.0
89402.0,73567.0,100614.0
89749.0,73412.0,99857.0
91488.0,220990.0,100186.0
90878.0,221968.0,105822.0
90636.0,73215.0,100063.0
92159.0,73367.0,105856.0
89457.0,220792.0,94076.0
90154.0,73225.0,100183.0
93439.0,73611.0,99886.0
92569.0,73656.0,93226.0
156514.0,73805.0,100385.0
89868.0,73460.0,99855.0
88973.0,73053.0,94080.0
89205.0,73155.0,99372.0
90367.0,73187.0,99332.0
239669.0,116023.0,99277.0
92170.0,73576.0,106797.0
90614.0,73370.0,106467.0
4721.0,73298.0,100219.0
84997.0,73927.0,100012.0
5163.0,196887.0,99834.0
4761.0,221550.0,99455.0
4741.0,220399.0,105471.0
4721.0,221534.0,99793.0
4677.0,73454.0,106499.0
4657.0,73571.0,106568.0
4741.0,73497.0,99158.0
4721.0,73809.0,100083.0
4721.0,73521.0,99823.0
4785.0,73033.0,99911.0
4721.0,73562.0,106677.0
4721.0,73215.0,99710.0
107741.0,221840.0,99768.0
91280.0,73094.0,99677.0
90636.0,73574.0,94308.0
88781.0,73290.0,99428.0
92259.0,75066.0,238557.0
89251.0,73366.0,106475.0
216084.0,73774.0,99433.0
89217.0,73479.0,99006.0
88846.0,73232.0,99198.0
156293.0,73427.0,99662.0
125996.0,73562.0,99787.0
89466.0,86060.0,100587.0
4741.0,73296.0,106243.0
85021.0,73069.0,99931.0
4749.0,73506.0,93908.0
4753.0,159858.0,99479.0
4721.0,73396.0,105591.0
4781.0,147289.0,99989.0
4781.0,73329.0,93354.0
4653.0,73308.0,99481.0
4813.0,73802.0,99457.0
4697.0,73652.0,99970.0
4665.0,220605.0,100002.0
4781.0,73511.0,92782.0
4781.0,73548.0,106340.0
4813.0,73232.0,106365.0
89279.0,73492.0,100456.0
157009.0,73600.0,99936.0
211702.0,73104.0,106858.0
95049.0,159256.0,98996.0
90135.0,73141.0,99104.0
168492.0,177550.0,105860.0
89217.0,221420.0,105701.0
89240.0,91793.0,100007.0
120932.0,73513.0,100385.0
90592.0,85466.0,100217.0
88438.0,73508.0,99250.0
188604.0,73725.0,107111.0
91735.0,73259.0,100060.0
92280.0,76335.0,99963.0
88440.0,73046.0,99670.0
89367.0,221587.0,99115.0
89175.0,85544.0,106270.0
89072.0,73214.0,100553.0
90213.0,220922.0,106348.0
91778.0,73844.0,93368.0
90468.0,73627.0,98872.0
91910.0,73395.0,105781.0
101250.0,73106.0,93168.0
93415.0,73426.0,101286.0
89184.0,73467.0,100160.0
89274.0,72891.0,106464.0
211577.0,74364.0,100169.0
193296.0,79612.0,99628.0
92157.0,209018.0,100842.0
89111.0,75501.0,100757.0
212085.0,220987.0,99917.0
138096.0,73506.0,99995.0
88582.0,221386.0,106239.0
176208.0,222014.0,106475.0
217219.0,85768.0,99096.0
162964.0,73284.0,105651.0
211584.0,73269.0,99711.0
91301.0,72842.0,99978.0
95060.0,74899.0,106361.0
88871.0,75017.0,105609.0
88876.0,85182.0,100687.0
211829.0,73182.0,100284.0
92125.0,85936.0,99907.0
212246.0,85365.0,99933.0
190214.0,73008.0,100520.0
89784.0,73786.0,94000.0
89679.0,86775.0,99202.0
101465.0,73323.0,99999.0
151229.0,73747.0,106247.0
88584.0,73383.0,99419.0
127747.0,73374.0,106433.0
92112.0,73006.0,101248.0
89822.0,87590.0,88305.0
89770.0,73723.0,99362.0
90907.0,85900.0,99240.0
92247.0,72936.0,105353.0
212153.0,85206.0,98849.0
76980.0,73588.0,99688.0
89065.0,86159.0,99771.0
101766.0,73011.0,99202.0
92054.0,85029.0,100592.0
174703.0,73803.0,99288.0
90493.0,73538.0,93752.0
90027.0,73247.0,100835.0
89246.0,85948.0,99504.0
95186.0,76594.0,106572.0
4657.0,73396.0,100084.0
84957.0,85490.0,100042.0
4781.0,73709.0,87409.0
4781.0,73355.0,87190.0
4813.0,72960.0,87325.0
4657.0,73205.0,86994.0
4721.0,76168.0,86424.0
4721.0,85809.0,86986.0
4721.0,85661.0,86792.0
4645.0,85333.0,4265.0
4721.0,85098.0,86694.0
4721.0,73142.0,86402.0
4781.0,73543.0,200688.0
4721.0,88869.0,231313.0
90331.0,85317.0,86855.0
90187.0,75406.0,86676.0
89065.0,85638.0,86698.0
89512.0,87314.0,87303.0
91847.0,73485.0,87446.0
90425.0,73011.0,86685.0
92179.0,75129.0,231000.0
88836.0,86799.0,87118.0
102296.0,85459.0,4809.0
89586.0,73038.0,86822.0
89993.0,75746.0,86596.0
90914.0,85632.0,87163.0
107803.0,73083.0,5771.0
121081.0,73531.0,11908.0
205590.0,73679.0,74664.0
90934.0,87006.0,4743.0
212012.0,73038.0,4809.0
91153.0,85830.0,87544.0
101245.0,87049.0,86778.0
89390.0,73318.0,86995.0
90645.0,73133.0,86517.0
131860.0,85654.0,86831.0
170319.0,17691.0,4809.0
211981.0,73256.0,86790.0
76755.0,73620.0,4777.0
89504.0,73264.0,5607.0
109097.0,73295.0,86601.0
211913.0,220538.0,86598.0
92401.0,73462.0,759.0
88948.0,73628.0,4278.0
91821.0,73511.0,87177.0
89612.0,85481.0,87710.0
213749.0,73611.0,86859.0
88617.0,85675.0,5673.0
89098.0,73315.0,87418.0
90587.0,73499.0,4777.0
92200.0,88560.0,129937.0
90497.0,86013.0,200299.0
226372.0,73113.0,87192.0
88950.0,73379.0,86732.0
101514.0,73708.0,4777.0
137795.0,74765.0,87208.0
218431.0,73904.0,4777.0
90502.0,74716.0,12094.0
88883.0,73782.0,4777.0
89867.0,73284.0,5607.0
89088.0,85396.0,86692.0
95196.0,85737.0,87012.0
90682.0,73547.0,86934.0
88852.0,73486.0,86638.0
114272.0,73052.0,5771.0
89690.0,85535.0,4743.0
162263.0,85981.0,86763.0
90559.0,73524.0,5739.0
90237.0,73291.0,87071.0
90736.0,73535.0,4743.0
107531.0,87243.0,4936.0
214316.0,73546.0,193190.0
212427.0,85776.0,4743.0
92901.0,74418.0,86755.0
90573.0,85486.0,86667.0
88622.0,88566.0,86987.0
88808.0,73557.0,87158.0
212177.0,74826.0,4743.0
92226.0,179012.0,87009.0
89123.0,73675.0,4743.0
211761.0,72955.0,87079.0
107691.0,73369.0,4743.0
214512.0,85023.0,124129.0
162896.0,73487.0,86904.0
88962.0,87329.0,5607.0
90747.0,85685.0,86657.0
76853.0,73082.0,192826.0
103555.0,85518.0,5607.0
88682.0,85953.0,87161.0
93081.0,89223.0,4809.0
89078.0,74862.0,4329.0
101173.0,88555.0,86910.0
212575.0,85896.0,4809.0
90153.0,73379.0,11909.0
102183.0,73033.0,199180.0
90518.0,73768.0,86929.0
101183.0,74022.0,230519.0
90237.0,85908.0,4743.0
217934.0,85955.0,86953.0
92303.0,73232.0,86996.0
90305.0,74561.0,86548.0
95058.0,85496.0,86994.0
101336.0,73195.0,4743.0
120546.0,73318.0,4743.0
217520.0,85448.0,4743.0
88836.0,84993.0,87036.0
107521.0,73089.0,68089.0
90112.0,85652.0,86862.0
217424.0,87314.0,74887.0
90556.0,86997.0,4743.0
89310.0,85769.0,87034.0
213264.0,73758.0,5705.0
88897.0,73718.0,30729.0
214218.0,73585.0,86770.0
88987.0,85709.0,4743.0
181804.0,73301.0,86462.0
90830.0,85954.0,4809.0
211861.0,86486.0,4743.0
119416.0,87171.0,86684.0
89018.0,73336.0,117531.0
93741.0,85595.0,86927.0
214958.0,88219.0,86892.0
90176.0,85735.0,4743.0
129725.0,85973.0,5673.0
217546.0,73401.0,87030.0
89171.0,73201.0,86233.0
90932.0,88153.0,86255.0
90791.0,75978.0,759.0
90851.0,85318.0,86826.0
91015.0,85355.0,87222.0
90826.0,85401.0,86900.0
103102.0,73515.0,174667.0
90678.0,73288.0,105242.0
91018.0,85615.0,4743.0
90238.0,85497.0,86805.0
90312.0,73316.0,86802.0
90638.0,73232.0,18152.0
90923.0,85282.0,86856.0
90553.0,85587.0,87284.0
90539.0,73606.0,86754.0
90548.0,73553.0,4743.0
91074.0,73563.0,86819.0
91065.0,87472.0,87386.0
90717.0,73542.0,4743.0
90346.0,73496.0,86597.0
90649.0,74734.0,86751.0
90852.0,128359.0,86916.0
89818.0,73619.0,759.0
90590.0,73177.0,86994.0
90911.0,73426.0,86684.0
90848.0,73604.0,86850.0
90865.0,85640.0,86948.0
90593.0,85436.0,5705.0
90870.0,85478.0,86972.0
90466.0,73050.0,86863.0
90374.0,74258.0,174214.0
90598.0,86878.0,86842.0
91000.0,85226.0,4809.0
90705.0,73458.0,193235.0
90828.0,86078.0,86735.0
90352.0,86719.0,4743.0
90986.0,73435.0,5673.0
90625.0,73023.0,86759.0
90708.0,73153.0,5739.0
90719.0,72935.0,192656.0
90555.0,85706.0,86387.0
90531.0,87309.0,86626.0
90810.0,73387.0,86854.0
90484.0,73027.0,86823.0
90892.0,73627.0,87302.0
90402.0,85074.0,87022.0
90645.0,73087.0,86814.0
91005.0,86964.0,5641.0
90783.0,73439.0,86738.0
90238.0,73876.0,87046.0
90561.0,85144.0,86786.0
89975.0,73362.0,86934.0
91710.0,85505.0,86330.0
91017.0,85614.0,4743.0
90549.0,85206.0,192842.0
90807.0,76656.0,86893.0
90759.0,85523.0,86331.0
90584.0,85490.0,87356.0
90500.0,73120.0,87244.0
91051.0,85484.0,87063.0
90549.0,85086.0,86962.0
90727.0,87938.0,86866.0
90133.0,208713.0,230910.0
90474.0,73121.0,4777.0
90592.0,73214.0,18377.0
90286.0,85339.0,4809.0
90612.0,73758.0,5739.0
89862.0,73638.0,4809.0
90014.0,73163.0,86560.0
90854.0,89572.0,4743.0
110499.0,73190.0,87125.0
90515.0,87931.0,86935.0
90645.0,73551.0,5673.0
90906.0,73011.0,86790.0
90525.0,73342.0,87761.0
90686.0,85893.0,759.0
90487.0,73326.0,5607.0
90906.0,85407.0,18123.0
90443.0,85502.0,87084.0
90633.0,85571.0,86726.0
90753.0,85628.0,87192.0
91063.0,85175.0,5607.0
90582.0,87215.0,86788.0
90169.0,85085.0,74599.0
241082.0,85699.0,107380.0
91019.0,85691.0,74323.0
90977.0,85932.0,86363.0
91048.0,85657.0,87288.0
90946.0,86018.0,230281.0
90292.0,85510.0,75020.0
91177.0,85903.0,74579.0
91115.0,85475.0,87073.0
90470.0,85621.0,74745.0
90891.0,85977.0,137731.0
165892.0,85120.0,87216.0
90180.0,85070.0,74977.0
90849.0,86192.0,74625.0
90794.0,85484.0,74907.0
90397.0,85833.0,74368.0
90835.0,214840.0,86606.0
90469.0,85664.0,86277.0
90391.0,86179.0,119217.0
141211.0,85663.0,75113.0
90425.0,85643.0,86815.0
90091.0,86513.0,125003.0
90802.0,85875.0,232088.0
90481.0,85728.0,232520.0
90801.0,85799.0,75085.0
90975.0,85277.0,74072.0
90538.0,85562.0,87517.0
90312.0,85827.0,74644.0
91102.0,85458.0,74854.0
90716.0,89778.0,86790.0
90407.0,85346.0,86478.0
90865.0,85415.0,87206.0
90847.0,85900.0,74548.0
90627.0,85540.0,74688.0
90827.0,85657.0,74908.0
90320.0,85634.0,87183.0
90134.0,91507.0,74812.0
90475.0,85497.0,74872.0
90185.0,85394.0,87454.0
128592.0,85411.0,131494.0
90082.0,85897.0,74189.0
89943.0,85612.0,87253.0
90115.0,85512.0,87085.0
90642.0,85707.0,74222.0
90913.0,85961.0,219314.0
90659.0,85587.0,86354.0
90221.0,85782.0,86535.0
90321.0,85005.0,74099.0
91120.0,86068.0,74680.0
90294.0,85226.0,143725.0
91573.0,85720.0,87185.0
90200.0,85869.0,86806.0
90410.0,85720.0,86834.0
90444.0,85862.0,86765.0
90138.0,85661.0,87013.0
90396.0,86043.0,131529.0
90144.0,214708.0,74359.0
90689.0,85776.0,86661.0
90474.0,85564.0,74565.0
90152.0,85445.0,87549.0
90132.0,85241.0,131270.0
90287.0,85508.0,74185.0
90208.0,86182.0,119407.0
90375.0,85534.0,74820.0
90201.0,85589.0,106709.0
90318.0,85978.0,74662.0
90386.0,85645.0,74424.0
91061.0,86109.0,74725.0
90559.0,85731.0,73965.0
90252.0,85710.0,86926.0
90653.0,86097.0,74650.0
90661.0,86207.0,74368.0
90816.0,85262.0,74589.0
90640.0,85850.0,86386.0
90544.0,87091.0,87563.0
90391.0,85193.0,93087.0
90532.0,215274.0,126600.0
90366.0,85863.0,87552.0
90367.0,85685.0,74551.0
90756.0,85470.0,124847.0
90128.0,85179.0,75277.0
90758.0,85923.0,74263.0
229265.0,85498.0,86812.0
90734.0,85585.0,86959.0
90514.0,85227.0,74341.0
90436.0,87051.0,231773.0
90470.0,85751.0,74682.0
90726.0,85613.0,86950.0
103914.0,85826.0,86405.0
90686.0,85250.0,74577.0
90524.0,86945.0,75133.0
90421.0,85917.0,74414.0
90525.0,85486.0,239308.0
90584.0,85329.0,86825.0
90656.0,85589.0,74808.0
90344.0,85587.0,74808.0
90343.0,85526.0,105629.0
96955.0,85553.0,74462.0
90645.0,85586.0,75528.0
90232.0,85804.0,75071.0
90438.0,85594.0,87241.0
108911.0,85407.0,74724.0
89846.0,85363.0,75083.0
91281.0,85463.0,74756.0
90780.0,85597.0,87377.0
90688.0,85440.0,86623.0
90771.0,85385.0,112851.0
90461.0,85631.0,209081.0
90946.0,85249.0,87118.0
90556.0,85614.0,74602.0
90385.0,85622.0,87389.0
90428.0,85637.0,74159.0
90783.0,85544.0,94842.0
90798.0,110275.0,73929.0
90402.0,91603.0,232587.0
90361.0,189618.0,231335.0
90587.0,11800.0,76423.0
90713.0,85655.0,87057.0
91029.0,85736.0,75387.0
90238.0,86947.0,86430.0
90762.0,85955.0,86661.0
90329.0,85939.0,74628.0
90585.0,86161.0,87140.0
90838.0,85552.0,87995.0
165750.0,85445.0,87330.0
90854.0,85782.0,74855.0
90326.0,87159.0,87361.0
90745.0,85082.0,74914.0
91000.0,85443.0,86911.0
90247.0,85358.0,74735.0
90161.0,85525.0,74593.0
90625.0,85395.0,74444.0
90290.0,85421.0,86811.0
90020.0,85527.0,73901.0
90377.0,87305.0,74459.0
90594.0,85603.0,74721.0
91791.0,85680.0,74457.0
90618.0,215969.0,86646.0
90374.0,85897.0,156917.0
90186.0,85635.0,93437.0
90875.0,85842.0,86785.0
90137.0,85623.0,74595.0
90272.0,85453.0,87121.0
91076.0,85816.0,86765.0
90801.0,85801.0,239227.0
90457.0,85501.0,87314.0
179285.0,85127.0,75520.0
90581.0,85695.0,74817.0
89958.0,85854.0,74603.0
90250.0,85692.0,87145.0
90073.0,85446.0,87473.0
90209.0,85288.0,87487.0
90545.0,85974.0,74902.0
91018.0,85952.0,87608.0
90340.0,85562.0,75203.0
90512.0,85511.0,74992.0
90731.0,85249.0,74727.0
90307.0,85862.0,87211.0
90417.0,85576.0,87095.0
90964.0,87045.0,74413.0
90590.0,85367.0,86727.0
89847.0,85403.0,74473.0
90799.0,85300.0,74654.0
90350.0,215493.0,74305.0
90762.0,85595.0,87350.0
90345.0,649.0,75047.0
91429.0,11376.0,86909.0
90754.0,79548.0,74492.0
90300.0,85743.0,74683.0
89750.0,86118.0,74654.0
90502.0,85541.0,74494.0
90225.0,85402.0,118947.0
90375.0,85232.0,106608.0
90255.0,85653.0,87645.0
90581.0,85861.0,87402.0
90528.0,85582.0,74656.0
90567.0,86186.0,86793.0
90053.0,215995.0,106294.0
90462.0,85588.0,136883.0
90749.0,713.0,18299.0
90269.0,87302.0,87128.0
90519.0,85400.0,86654.0
90538.0,85008.0,144091.0
91017.0,85465.0,74986.0
91079.0,85278.0,87423.0
90631.0,85769.0,87153.0
90929.0,85728.0,74646.0
90077.0,85483.0,187703.0
90810.0,85647.0,124430.0
91065.0,215063.0,74955.0
90294.0,85623.0,87319.0
90473.0,85510.0,74943.0
90168.0,85859.0,74468.0
90342.0,85613.0,75021.0
90250.0,215386.0,87153.0
89904.0,85435.0,74390.0
90217.0,85485.0,87383.0
90567.0,86059.0,74131.0
102660.0,85633.0,87461.0
91109.0,85108.0,74536.0
90696.0,85709.0,73563.0
90488.0,85273.0,74564.0
90277.0,85709.0,232926.0
90460.0,85497.0,74846.0
90705.0,85507.0,87499.0
90274.0,85775.0,87014.0
90003.0,85434.0,94503.0
90150.0,85648.0,74613.0
89931.0,85607.0,74911.0
90283.0,85356.0,74851.0
90064.0,85672.0,74657.0
90469.0,85137.0,86786.0
90539.0,85108.0,87291.0
90055.0,86874.0,74751.0
90355.0,85763.0,87857.0
90474.0,85533.0,231704.0
90531.0,84985.0,87047.0
90450.0,85571.0,87350.0
90502.0,85802.0,74710.0
90647.0,86078.0,234298.0
90426.0,85384.0,74517.0
90425.0,215040.0,231938.0
90659.0,86059.0,86603.0
90179.0,85320.0,229764.0
90766.0,86453.0,205406.0
90897.0,85804.0,193527.0
90438.0,85489.0,230412.0
90042.0,86615.0,230610.0
90943.0,86285.0,231169.0
97160.0,86011.0,198677.0
90926.0,85990.0,169576.0
90517.0,85520.0,230949.0
90597.0,85418.0,231183.0
90512.0,85977.0,143040.0
90254.0,85284.0,230686.0
90625.0,85644.0,231127.0
90195.0,85648.0,231522.0
90413.0,85560.0,206410.0
91173.0,85983.0,125160.0
91305.0,85407.0,231024.0
90255.0,87615.0,230214.0
90518.0,85503.0,86997.0
90493.0,87174.0,230483.0
89869.0,4657.0,230835.0
90186.0,86122.0,180768.0
90970.0,85788.0,86998.0
90521.0,85913.0,230186.0
90021.0,85466.0,230036.0
90710.0,85941.0,232269.0
90757.0,85715.0,86768.0
90354.0,67014.0,231263.0
90455.0,85620.0,235955.0
90055.0,90792.0,86792.0
90229.0,86049.0,86667.0
90618.0,85530.0,230288.0
90724.0,85867.0,236261.0
90284.0,86764.0,242831.0
90549.0,85860.0,231161.0
90629.0,85365.0,87284.0
103168.0,85663.0,212140.0
90987.0,85570.0,230632.0
90416.0,86017.0,236756.0
90326.0,86413.0,232913.0
90487.0,87107.0,231381.0
90589.0,85446.0,230390.0
90364.0,85690.0,136739.0
109299.0,85734.0,86723.0
90719.0,86488.0,230753.0
90586.0,85315.0,230502.0
90501.0,85617.0,229892.0
9188.0,85662.0,230744.0
11710.0,86171.0,223843.0
83963.0,85586.0,229413.0
90354.0,85766.0,86576.0
90786.0,85696.0,87240.0
89783.0,85200.0,193348.0
90370.0,85794.0,230124.0
90897.0,86226.0,232361.0
90287.0,85551.0,230264.0
90387.0,85682.0,86452.0
91067.0,85300.0,86666.0
90267.0,87158.0,231697.0
90706.0,85586.0,231642.0
90483.0,85298.0,229728.0
90580.0,85756.0,124650.0
90478.0,85637.0,86761.0
90524.0,85755.0,230402.0
90612.0,85130.0,199371.0
91130.0,85342.0,86984.0
90248.0,86052.0,231900.0
90263.0,85699.0,87184.0
91046.0,85734.0,229906.0
90569.0,85607.0,87149.0
90570.0,86749.0,236877.0
90646.0,85645.0,174208.0
90115.0,86961.0,230926.0
90443.0,85529.0,86835.0
90565.0,85979.0,230463.0
90334.0,86019.0,230233.0
115834.0,85229.0,230845.0
121966.0,85610.0,87046.0
90433.0,85525.0,231060.0
90632.0,86621.0,236312.0
90683.0,85671.0,231552.0
90175.0,87221.0,231467.0
90820.0,86034.0,87343.0
90326.0,85537.0,230074.0
90789.0,85794.0,87120.0
90416.0,85674.0,161341.0
90715.0,85369.0,230392.0
90709.0,87260.0,231295.0
90553.0,86791.0,229759.0
90167.0,85790.0,230199.0
90767.0,85927.0,87342.0
90480.0,85452.0,230932.0
90710.0,88372.0,86954.0
90133.0,85920.0,230336.0
90604.0,85433.0,230402.0
92143.0,85615.0,230780.0
90251.0,86071.0,236656.0
90726.0,85753.0,87056.0
90490.0,86141.0,823.0
90423.0,85756.0,11598.0
90505.0,85481.0,186330.0
90652.0,85863.0,12036.0
90463.0,85372.0,169518.0
90604.0,85702.0,230475.0
90460.0,85563.0,229773.0
90463.0,85446.0,87022.0
90767.0,85879.0,230757.0
90252.0,86080.0,230994.0
90543.0,85842.0,236945.0
90206.0,85550.0,230539.0
90436.0,85884.0,230608.0
90691.0,85727.0,230053.0
90314.0,85577.0,174370.0
91174.0,85624.0,229906.0
90574.0,85194.0,86726.0
90649.0,85343.0,230170.0
90065.0,85467.0,199879.0
89733.0,85016.0,86996.0
88928.0,85330.0,224339.0
89972.0,85482.0,230260.0
90758.0,85919.0,230676.0
89611.0,86497.0,230168.0
89580.0,86444.0,229979.0
89365.0,85835.0,236835.0
89517.0,85196.0,193560.0
90260.0,85869.0,229810.0
89466.0,85703.0,231537.0
89097.0,85712.0,231377.0
89572.0,85176.0,238636.0
88819.0,85700.0,124228.0
89467.0,85234.0,230662.0
88945.0,85737.0,230529.0
89511.0,87025.0,231181.0
89490.0,85830.0,232013.0
89581.0,85541.0,230386.0
89072.0,23819.0,87022.0
89233.0,85705.0,231532.0
89008.0,87152.0,86665.0
94504.0,85513.0,237811.0
89485.0,86545.0,156674.0
89140.0,85491.0,228487.0
34111.0,85485.0,87087.0
46148.0,88453.0,231268.0
88743.0,87579.0,99728.0
88904.0,85398.0,231881.0
89336.0,85744.0,87125.0
89325.0,85298.0,232246.0
89623.0,85881.0,12098.0
89484.0,85341.0,224890.0
89054.0,85619.0,238230.0
89498.0,86086.0,198912.0
88919.0,85928.0,231900.0
89333.0,85487.0,230688.0
89315.0,85320.0,93250.0
89400.0,85660.0,86786.0
89377.0,85105.0,234897.0
90233.0,85079.0,229831.0
89663.0,85278.0,230802.0
89088.0,48588.0,87593.0
89916.0,42235.0,230428.0
89282.0,85873.0,238178.0
89384.0,85446.0,231164.0
89206.0,85887.0,86875.0
89413.0,85829.0,231650.0
89995.0,85719.0,823.0
89836.0,85519.0,11440.0
90062.0,85964.0,143055.0
89202.0,85419.0,88104.0
89134.0,85512.0,231037.0
89912.0,87038.0,230847.0
89030.0,86813.0,236386.0
89246.0,4607.0,230147.0
89182.0,86299.0,230105.0
89448.0,86021.0,230400.0
89465.0,85753.0,86893.0
89433.0,85810.0,230330.0
89147.0,85956.0,231128.0
89475.0,85513.0,230219.0
89679.0,87266.0,229719.0
89927.0,85342.0,86820.0
89175.0,85276.0,230043.0
88974.0,85861.0,229992.0
89580.0,85683.0,230198.0
92077.0,85263.0,86765.0
90345.0,88509.0,235950.0
15458.0,4607.0,230478.0
88870.0,85663.0,229931.0
89242.0,85784.0,232576.0
89179.0,85503.0,118202.0
89468.0,86170.0,237667.0
89574.0,85347.0,223488.0
89609.0,85903.0,230377.0
89604.0,85475.0,174156.0
89481.0,85765.0,230809.0
89597.0,85446.0,236148.0
89171.0,85816.0,242595.0
89435.0,85515.0,231412.0
89627.0,85257.0,236929.0
90469.0,4607.0,229365.0
89108.0,85604.0,231441.0
88835.0,85547.0,229942.0
88662.0,85492.0,236603.0
89193.0,85797.0,87020.0
88908.0,85909.0,237317.0
89793.0,85352.0,230240.0
91101.0,85676.0,231338.0
89489.0,87185.0,231746.0
89854.0,85467.0,143152.0
89438.0,86091.0,87028.0
89064.0,85585.0,237516.0
89260.0,85838.0,231343.0
89721.0,86084.0,230964.0
89434.0,17892.0,88467.0
89572.0,85209.0,87130.0
89710.0,85778.0,87726.0
89906.0,85499.0,87775.0
89131.0,85843.0,87502.0
89347.0,85603.0,87752.0
88953.0,85719.0,87714.0
88862.0,85589.0,87869.0
90603.0,85822.0,87917.0
89036.0,85464.0,87612.0
89844.0,86208.0,87350.0
89267.0,85813.0,88312.0
89244.0,85515.0,87733.0
89742.0,86036.0,87886.0
89019.0,87071.0,87142.0
89899.0,85950.0,87988.0
89077.0,88357.0,87643.0
89377.0,85585.0,88146.0
89136.0,86063.0,87770.0
89064.0,87243.0,87558.0
89450.0,85553.0,87597.0
89087.0,86021.0,87510.0
78909.0,85546.0,87629.0
89193.0,85513.0,87187.0
88901.0,85744.0,87090.0
89129.0,215421.0,87458.0
120831.0,85743.0,219120.0
89356.0,85425.0,87504.0
90110.0,85575.0,87381.0
88938.0,216494.0,88132.0
88903.0,85659.0,87338.0
88983.0,85567.0,87192.0
89201.0,215059.0,87225.0
90260.0,85471.0,87762.0
88864.0,86926.0,87481.0
89488.0,86571.0,87652.0
89743.0,85455.0,87419.0
89052.0,217184.0,87332.0
89274.0,85732.0,87167.0
89374.0,85820.0,87558.0
91161.0,216133.0,87015.0
88848.0,215372.0,87976.0
88801.0,86510.0,87006.0
89714.0,85443.0,87192.0
89130.0,85697.0,106916.0
90372.0,85580.0,87454.0
88808.0,86006.0,88442.0
89382.0,85696.0,89798.0
89499.0,86170.0,87546.0
89389.0,85628.0,86934.0
89353.0,87612.0,87524.0
89393.0,85370.0,87104.0
89346.0,85644.0,87813.0
88855.0,85816.0,87964.0
89169.0,215136.0,87831.0
89416.0,85831.0,87603.0
89199.0,85447.0,87143.0
89227.0,184566.0,86813.0
89812.0,216592.0,100984.0
89663.0,86047.0,87475.0
89180.0,85622.0,87514.0
89429.0,85261.0,87397.0
88982.0,85294.0,87251.0
88994.0,85345.0,87985.0
89253.0,85933.0,87277.0
89517.0,85601.0,87923.0
88843.0,216215.0,86962.0
88865.0,85723.0,87207.0
89102.0,85488.0,87724.0
89571.0,85547.0,87346.0
89417.0,85705.0,87817.0
77198.0,85521.0,87319.0
89273.0,215578.0,87106.0
192467.0,85281.0,87409.0
15296.0,215226.0,87171.0
88829.0,216637.0,87633.0
89367.0,85651.0,87631.0
89305.0,85521.0,86804.0
89437.0,85321.0,88606.0
89016.0,85851.0,87119.0
89563.0,85351.0,87599.0
89228.0,85281.0,88606.0
89510.0,215669.0,87685.0
89640.0,216378.0,87834.0
89106.0,215576.0,87565.0
89002.0,215614.0,87079.0
89808.0,85760.0,87278.0
90208.0,85812.0,87211.0
89008.0,86113.0,87238.0
89195.0,217530.0,87479.0
89346.0,214908.0,87387.0
89359.0,85198.0,87472.0
89630.0,85527.0,86993.0
88694.0,85946.0,87328.0
89214.0,85297.0,87362.0
46412.0,216940.0,88324.0
89347.0,214949.0,87544.0
89528.0,85601.0,87124.0
90223.0,85417.0,87028.0
89621.0,85618.0,87227.0
88717.0,85869.0,87731.0
89718.0,85601.0,87411.0
89188.0,216645.0,87231.0
89171.0,85660.0,87219.0
89197.0,85652.0,87794.0
89110.0,85764.0,86962.0
90457.0,85337.0,86917.0
90941.0,85274.0,87138.0
89030.0,85932.0,87756.0
89048.0,86047.0,87060.0
89012.0,214973.0,86860.0
89278.0,85722.0,87519.0
89240.0,85323.0,86984.0
77618.0,85614.0,87291.0
5143.0,86141.0,87299.0
5099.0,85592.0,87332.0
4741.0,216172.0,87557.0
4781.0,85357.0,87451.0
4805.0,85696.0,87046.0
4813.0,86813.0,87724.0
4813.0,214266.0,87598.0
4657.0,85492.0,87796.0
85233.0,85992.0,87153.0
4657.0,216201.0,86972.0
4697.0,85556.0,87789.0
4773.0,85535.0,87122.0
4781.0,85724.0,87182.0
4677.0,85454.0,87003.0
89405.0,85488.0,87537.0
89006.0,216617.0,87698.0
89203.0,85311.0,87460.0
89615.0,104493.0,87301.0
89081.0,85472.0,87717.0
89321.0,86873.0,87073.0
88926.0,85129.0,87371.0
214762.0,216214.0,87224.0
88732.0,85705.0,86985.0
89139.0,85388.0,87466.0
88850.0,214825.0,87373.0
89113.0,214753.0,87702.0
89308.0,86947.0,87438.0
89728.0,85371.0,87161.0
89390.0,85396.0,86958.0
89030.0,85592.0,87265.0
89620.0,85624.0,87465.0
89499.0,216098.0,87346.0
89193.0,85784.0,87526.0
205743.0,216507.0,87449.0
15544.0,86564.0,87805.0
187247.0,85632.0,87815.0
89479.0,85829.0,87589.0
88871.0,85873.0,87203.0
213701.0,85857.0,87217.0
213184.0,215499.0,87627.0
212490.0,85411.0,86998.0
89062.0,84916.0,87110.0
212944.0,85429.0,87540.0
213100.0,85785.0,87667.0
206398.0,215784.0,87118.0
114611.0,86067.0,87571.0
212200.0,85756.0,88546.0
64685.0,85456.0,87198.0
212568.0,86063.0,86981.0
110146.0,85529.0,88334.0
88955.0,85320.0,87423.0
212164.0,85567.0,87839.0
89497.0,85451.0,87608.0
212541.0,215967.0,87176.0
120381.0,85848.0,87240.0
34383.0,85534.0,87200.0
89492.0,85879.0,87731.0
213398.0,85570.0,87061.0
212491.0,85231.0,87877.0
89080.0,80123.0,87465.0
89773.0,85545.0,87331.0
211811.0,85855.0,87586.0
89690.0,216016.0,87557.0
89694.0,85922.0,87605.0
212142.0,103918.0,87162.0
95307.0,85569.0,87270.0
89115.0,85814.0,87380.0
162957.0,85520.0,87443.0
212417.0,85789.0,107673.0
183524.0,215879.0,87115.0
89103.0,85585.0,88025.0
211655.0,85652.0,87762.0
88992.0,73286.0,87268.0
120322.0,85345.0,87277.0
89041.0,85978.0,87699.0
95655.0,211717.0,87633.0
89132.0,214746.0,87425.0
89105.0,85748.0,87473.0
108407.0,86170.0,87339.0
211830.0,215996.0,87256.0
95365.0,85902.0,87158.0
89006.0,86048.0,87378.0
89075.0,85733.0,87858.0
89539.0,85260.0,86997.0
212528.0,122932.0,87420.0
150418.0,85799.0,86760.0
90806.0,215857.0,87132.0
89254.0,217652.0,88177.0
212019.0,73512.0,87921.0
212934.0,216309.0,87911.0
212424.0,87027.0,88103.0
212055.0,85949.0,87474.0
115549.0,76201.0,87251.0
158050.0,85751.0,87225.0
215043.0,85879.0,87208.0
212311.0,85502.0,87039.0
90954.0,124933.0,88379.0
216961.0,85517.0,87227.0
89161.0,85328.0,87495.0
90010.0,85388.0,87566.0
89117.0,214745.0,87844.0
164297.0,85440.0,87743.0
89637.0,85751.0,87917.0
211913.0,88837.0,88114.0
212672.0,85289.0,88234.0
212407.0,85573.0,87346.0
89723.0,85760.0,87249.0
163310.0,215369.0,87130.0
89286.0,85749.0,87462.0
101756.0,85443.0,87559.0
91273.0,85886.0,87764.0
89606.0,85408.0,87384.0
211890.0,85669.0,87653.0
90492.0,147384.0,87637.0
89347.0,86407.0,87338.0
218324.0,85516.0,87519.0
213529.0,85586.0,87184.0
88880.0,85928.0,87484.0
89072.0,85591.0,87626.0
212342.0,85351.0,87087.0
213603.0,85742.0,87221.0
213963.0,85620.0,87827.0
211976.0,85500.0,87131.0
89287.0,85527.0,87309.0
108267.0,85439.0,87625.0
212018.0,85832.0,87482.0
212026.0,73589.0,87981.0
213411.0,85353.0,87491.0
212274.0,214563.0,87522.0
89295.0,85695.0,87068.0
213449.0,73596.0,87386.0
88994.0,215442.0,87398.0
120026.0,217509.0,87132.0
89101.0,85649.0,87688.0
90362.0,85482.0,88668.0
89298.0,215554.0,87591.0
213466.0,85211.0,87423.0
212092.0,85526.0,87449.0
90350.0,214996.0,87364.0
212234.0,85633.0,87597.0
89422.0,85601.0,88246.0
207274.0,86675.0,87088.0
89404.0,93540.0,87240.0
89584.0,217411.0,87273.0
113869.0,85725.0,87573.0
127884.0,215852.0,87361.0
213545.0,85880.0,87220.0
89869.0,85682.0,87536.0
89736.0,85318.0,87554.0
212962.0,216121.0,87163.0
214366.0,217073.0,88343.0
89443.0,86532.0,87323.0
89187.0,85912.0,87444.0
215098.0,218375.0,87240.0
88792.0,85549.0,87232.0
89293.0,86972.0,87557.0
212463.0,172660.0,87486.0
90129.0,85083.0,87725.0
88886.0,214819.0,87412.0
211921.0,85794.0,87570.0
152148.0,215976.0,87310.0
212240.0,97864.0,87130.0
114906.0,85201.0,87119.0
213714.0,85867.0,87529.0
120619.0,86488.0,87653.0
212665.0,86976.0,87666.0
212345.0,85846.0,87636.0
88706.0,215320.0,87014.0
108790.0,85622.0,87018.0
89017.0,86100.0,87841.0
132379.0,215017.0,87983.0
211747.0,85807.0,87767.0
213943.0,85291.0,87137.0
208245.0,215950.0,88649.0
214050.0,85282.0,86996.0
157083.0,87015.0,87088.0
90710.0,85325.0,87926.0
207109.0,85110.0,87404.0
212184.0,173382.0,87988.0
89735.0,23996.0,87262.0
88877.0,85394.0,87642.0
214536.0,85483.0,87342.0
89253.0,85630.0,87383.0
113885.0,85530.0,87476.0
89296.0,214836.0,87063.0
212115.0,86950.0,86914.0
89234.0,86019.0,87279.0
89530.0,214607.0,87089.0
89048.0,85682.0,87705.0
158242.0,215358.0,87073.0
213600.0,86271.0,87968.0
214350.0,85793.0,87127.0
88986.0,777.0,87287.0
89543.0,245773.0,86896.0
89649.0,11874.0,87879.0
88900.0,86794.0,87080.0
88822.0,85812.0,88074.0
89123.0,85686.0,87252.0
89958.0,85892.0,88467.0
156966.0,85784.0,87465.0
213259.0,85837.0,87694.0
89106.0,11787.0,87115.0
89696.0,85305.0,86947.0
88930.0,85951.0,87300.0
88835.0,153450.0,87393.0
114411.0,98800.0,87643.0
212776.0,85579.0,87603.0
212451.0,159462.0,87474.0
211134.0,217252.0,87323.0
157761.0,85634.0,87696.0
89789.0,85340.0,87120.0
183297.0,85651.0,87239.0
89016.0,85852.0,86917.0
212423.0,86944.0,87850.0
88980.0,134711.0,87059.0
213060.0,85961.0,88353.0
219143.0,85642.0,87225.0
181969.0,214384.0,87277.0
89560.0,87131.0,87777.0
27879.0,85447.0,87733.0
212054.0,87135.0,87173.0
88829.0,85538.0,87414.0
89536.0,85261.0,87332.0
89660.0,214251.0,87698.0
120274.0,87197.0,87505.0
212373.0,214999.0,86742.0
89675.0,85557.0,87109.0
212964.0,85157.0,87933.0
95347.0,85718.0,87417.0
213129.0,85796.0,88808.0
212539.0,85528.0,87342.0
114756.0,92283.0,87145.0
88945.0,86997.0,87831.0
187247.0,85537.0,87514.0
187222.0,85200.0,87279.0
213026.0,85923.0,87541.0
211745.0,85915.0,87881.0
89045.0,98016.0,87772.0
88879.0,85728.0,87286.0
163398.0,215488.0,759.0
96290.0,85714.0,11599.0
212563.0,215455.0,80514.0
218608.0,91949.0,87410.0
89306.0,85335.0,87579.0
213598.0,85670.0,87807.0
89281.0,11737.0,87258.0
89026.0,85168.0,87730.0
213284.0,85874.0,87249.0
89307.0,85399.0,87688.0
213479.0,86005.0,87288.0
89052.0,104432.0,87167.0
34040.0,216481.0,87429.0
89379.0,85373.0,86521.0
88517.0,85178.0,87339.0
88996.0,85931.0,88074.0
89178.0,202147.0,87227.0
150772.0,85565.0,87270.0
212479.0,85715.0,87629.0
212491.0,85747.0,87194.0
114230.0,85319.0,86861.0
212891.0,85409.0,87324.0
212340.0,85614.0,87192.0
138453.0,88334.0,87259.0
107912.0,99750.0,87891.0
139117.0,215610.0,86869.0
212448.0,214396.0,87233.0
145045.0,215007.0,87387.0
212503.0,85240.0,87373.0
213392.0,216198.0,87854.0
212792.0,85579.0,87780.0
89055.0,93195.0,87413.0
215179.0,85607.0,87039.0
213480.0,216097.0,87294.0
211647.0,91647.0,87542.0
212632.0,87056.0,87349.0
201046.0,85750.0,87074.0
162696.0,215427.0,87269.0
182370.0,86685.0,87894.0
212921.0,85212.0,87291.0
212570.0,85412.0,87205.0
11641.0,215008.0,87475.0
4679.0,85312.0,86730.0
126729.0,85441.0,87325.0
89938.0,110283.0,87257.0
215506.0,167493.0,88065.0
212775.0,216210.0,88222.0
212335.0,85337.0,88110.0
212816.0,85487.0,87241.0
212781.0,129089.0,87422.0
117179.0,85541.0,87131.0
213044.0,85497.0,87287.0
212033.0,86078.0,87338.0
215039.0,86488.0,87470.0
156723.0,215504.0,86961.0
181384.0,85732.0,87919.0
212534.0,87150.0,88119.0
132333.0,104000.0,88373.0
212330.0,216353.0,87627.0
132888.0,215436.0,87193.0
212753.0,85182.0,87202.0
131946.0,86947.0,87491.0
101315.0,85691.0,87274.0
211857.0,85532.0,86849.0
213695.0,95898.0,87558.0
213483.0,85748.0,87705.0
163352.0,85846.0,87443.0
88995.0,104286.0,87141.0
145579.0,97841.0,87257.0
11309.0,87199.0,86710.0
162712.0,86167.0,86783.0
214155.0,85466.0,86835.0
212070.0,85682.0,86787.0
11289.0,217068.0,87247.0
211860.0,85940.0,87387.0
218473.0,215391.0,87713.0
213389.0,215262.0,86656.0
213392.0,104662.0,87083.0
214140.0,215333.0,87048.0
212895.0,86815.0,87273.0
114592.0,85549.0,88084.0
213669.0,85960.0,88198.0
212823.0,214654.0,86807.0
144902.0,215409.0,87690.0
219269.0,85753.0,87537.0
157059.0,86835.0,87334.0
126294.0,215648.0,87400.0
213668.0,73591.0,195138.0
212947.0,11652.0,224690.0
153089.0,142294.0,193800.0
211762.0,85732.0,199392.0
199916.0,184051.0,213462.0
212322.0,185653.0,193865.0
213863.0,104421.0,182066.0
214715.0,85590.0,213267.0
212292.0,85345.0,231969.0
219036.0,86974.0,174598.0
157212.0,110917.0,219741.0
145824.0,217655.0,175834.0
212810.0,85417.0,231688.0
212160.0,159142.0,231419.0
212098.0,85015.0,87834.0
212825.0,215704.0,219842.0
212129.0,86054.0,212819.0
212159.0,86210.0,217796.0
114004.0,97914.0,163048.0
212338.0,85945.0,87532.0
145153.0,85411.0,231516.0
181414.0,85628.0,232430.0
169507.0,86112.0,232676.0
213043.0,87048.0,224900.0
213003.0,214998.0,218265.0
212551.0,130262.0,200995.0
213062.0,97911.0,231965.0
60911.0,85748.0,234322.0
213364.0,216767.0,189134.0
215248.0,85810.0,86745.0
214194.0,85513.0,87901.0
213295.0,214891.0,194719.0
214179.0,85758.0,232704.0
212793.0,85668.0,87619.0
212973.0,86545.0,231823.0
218177.0,86695.0,87884.0
214038.0,216334.0,194481.0
213504.0,85317.0,225294.0
157592.0,85186.0,87313.0
214729.0,85263.0,232417.0
88307.0,85721.0,212597.0
157022.0,85548.0,213112.0
33964.0,85398.0,224927.0
212396.0,214842.0,231844.0
182934.0,215218.0,195856.0
213933.0,87166.0,86913.0
162809.0,88324.0,212810.0
17454.0,85354.0,205858.0
156254.0,73764.0,218831.0
212014.0,88927.0,220336.0
211986.0,86191.0,213042.0
212023.0,87911.0,87302.0
212371.0,73181.0,181085.0
212061.0,215420.0,213842.0
213463.0,73374.0,232103.0
213147.0,87869.0,232464.0
137950.0,73091.0,87834.0
162809.0,165389.0,175254.0
213100.0,73079.0,213064.0
89852.0,73502.0,169095.0
187329.0,73111.0,232186.0
101444.0,85593.0,219197.0
211620.0,73279.0,87061.0
139750.0,73593.0,226054.0
212500.0,116343.0,143143.0
213476.0,74703.0,87557.0
109088.0,86030.0,149277.0
212253.0,79732.0,201322.0
212870.0,221080.0,237237.0
195356.0,23807.0,224996.0
211952.0,85064.0,231672.0
89082.0,75218.0,232272.0
176312.0,73414.0,231819.0
213415.0,73303.0,200685.0
101167.0,73111.0,211950.0
213277.0,73137.0,206677.0
213331.0,87438.0,232727.0
4813.0,85665.0,87107.0
4721.0,87001.0,231580.0
4717.0,116791.0,194114.0
4721.0,88726.0,199550.0
4721.0,221525.0,218983.0
4721.0,88955.0,87887.0
4721.0,73608.0,231817.0
4781.0,73637.0,199977.0
4709.0,86227.0,136637.0
4721.0,74671.0,87011.0
4845.0,87001.0,199999.0
4781.0,215894.0,220592.0
4781.0,85725.0,213110.0
4813.0,73585.0,87484.0
4761.0,73771.0,200085.0
4721.0,215013.0,231202.0
4781.0,87111.0,170220.0
4781.0,73217.0,212098.0
4813.0,216030.0,225167.0
4781.0,73400.0,119238.0
4721.0,73233.0,226231.0
4721.0,79772.0,230877.0
4761.0,87208.0,170144.0
4781.0,86055.0,225558.0
4741.0,73778.0,232299.0
4781.0,73607.0,149528.0
4781.0,75971.0,175033.0
4665.0,79719.0,231725.0
4657.0,86298.0,174434.0
4781.0,87077.0,232440.0
208487.0,85679.0,212709.0
4781.0,73460.0,225147.0
4781.0,43108.0,182455.0
4697.0,11583.0,168935.0
212932.0,42603.0,231692.0
212291.0,88084.0,169654.0
170209.0,73068.0,219009.0
212718.0,76331.0,231235.0
162577.0,73211.0,225382.0
215081.0,74281.0,212062.0
157807.0,73324.0,225091.0
213614.0,73266.0,87155.0
188125.0,87160.0,87172.0
213916.0,86815.0,201312.0
170300.0,74730.0,232154.0
211901.0,73274.0,232733.0
158674.0,85551.0,200693.0
165423.0,713.0,87875.0
215637.0,85900.0,219290.0
213235.0,73423.0,213273.0
212026.0,73346.0,231427.0
213346.0,86033.0,226572.0
212914.0,87844.0,193194.0
212470.0,72846.0,187390.0
212364.0,73204.0,87153.0
107616.0,74815.0,232648.0
181384.0,73641.0,125249.0
215152.0,86000.0,233035.0
211901.0,73116.0,232814.0
213621.0,86960.0,180379.0
158246.0,73217.0,230980.0
213550.0,85662.0,206307.0
187495.0,87517.0,213886.0
212983.0,74587.0,200596.0
211729.0,86936.0,231526.0
213126.0,73301.0,87783.0
212745.0,86812.0,231898.0
211748.0,72978.0,87224.0
212206.0,73300.0,87214.0
213288.0,75781.0,212055.0
89091.0,87043.0,87319.0
212592.0,86101.0,225381.0
212453.0,73667.0,231512.0
218208.0,73050.0,226582.0
211999.0,73719.0,231959.0
213409.0,75945.0,232093.0
212665.0,73194.0,219175.0
157131.0,85901.0,87315.0
126107.0,85415.0,219651.0
213630.0,74761.0,175318.0
218235.0,87191.0,192989.0
212231.0,86196.0,231488.0
212851.0,87014.0,87468.0
219169.0,74887.0,87954.0
213240.0,73287.0,219795.0
157368.0,85811.0,220765.0
211705.0,85827.0,231561.0
213495.0,79482.0,226210.0
88811.0,85858.0,212397.0
212745.0,85610.0,238515.0
212555.0,85737.0,212069.0
212975.0,85659.0,239079.0
214868.0,74922.0,189398.0
157328.0,73286.0,233107.0
212108.0,73775.0,212681.0
212859.0,85587.0,231997.0
212602.0,73861.0,232047.0
214334.0,86752.0,87877.0
72627.0,74878.0,212998.0
4615.0,87680.0,86953.0
88403.0,86276.0,186850.0
17582.0,73186.0,219910.0
89955.0,73431.0,193266.0
89756.0,87246.0,231839.0
212814.0,87247.0,87483.0
216629.0,73305.0,87630.0
120152.0,74406.0,231909.0
109434.0,86953.0,231902.0
212916.0,73337.0,86762.0
212099.0,85868.0,218858.0
213219.0,214245.0,194528.0
218689.0,73663.0,175578.0
212152.0,215098.0,231692.0
211931.0,74976.0,233485.0
175947.0,74523.0,231345.0
219578.0,87159.0,231858.0
90631.0,86207.0,175590.0
91372.0,86746.0,232316.0
91365.0,75914.0,87664.0
90891.0,85517.0,213470.0
90954.0,73802.0,87368.0
92251.0,74286.0,205767.0
91855.0,86847.0,231173.0
91124.0,85524.0,207418.0
90787.0,88189.0,87459.0
91134.0,86919.0,231504.0
90683.0,72984.0,212786.0
90329.0,73453.0,231470.0
90467.0,85695.0,174501.0
90293.0,85103.0,218849.0
90507.0,86027.0,231642.0
92006.0,73554.0,87811.0
90303.0,74682.0,205924.0
90356.0,73232.0,87076.0
90280.0,73187.0,87233.0
90325.0,86392.0,231105.0
90269.0,87416.0,231491.0
91090.0,86431.0,87571.0
91399.0,86066.0,189034.0
90265.0,88508.0,87406.0
90941.0,85356.0,112884.0
91444.0,85713.0,156095.0
90279.0,85482.0,231765.0
111041.0,79446.0,230530.0
90767.0,216118.0,231333.0
197727.0,88392.0,74462.0
90683.0,85774.0,87262.0
90357.0,74527.0,240074.0
90889.0,85604.0,232306.0
90731.0,87401.0,87129.0
90445.0,73233.0,112456.0
90401.0,79580.0,86697.0
90027.0,73235.0,86733.0
90814.0,85743.0,87260.0
90816.0,85794.0,74479.0
90792.0,73632.0,87112.0
90992.0,74903.0,124191.0
90314.0,73338.0,86954.0
91949.0,73373.0,87886.0
90827.0,76271.0,87561.0
234781.0,73365.0,168825.0
91094.0,85895.0,86638.0
90527.0,87290.0,86539.0
90346.0,73575.0,111855.0
92059.0,73780.0,156735.0
90167.0,73830.0,88240.0
90499.0,221135.0,174822.0
90765.0,73324.0,74229.0
90490.0,85939.0,74655.0
90653.0,87225.0,192941.0
165701.0,86930.0,225819.0
91290.0,73715.0,87127.0
90640.0,73305.0,74259.0
90383.0,88350.0,87316.0
92019.0,88316.0,86759.0
90814.0,87231.0,75099.0
90749.0,73667.0,174837.0
90588.0,73244.0,74396.0
90825.0,110263.0,112652.0
90517.0,73346.0,87051.0
90535.0,85405.0,238610.0
90057.0,73695.0,137863.0
91274.0,85368.0,87115.0
91223.0,74917.0,105968.0
90918.0,73429.0,86952.0
91056.0,74890.0,93723.0
90486.0,85581.0,100097.0
91192.0,73687.0,169825.0
91040.0,73242.0,88052.0
90114.0,76361.0,87290.0
90830.0,80967.0,87461.0
90406.0,74052.0,111933.0
91019.0,85466.0,74730.0
89880.0,73142.0,170972.0
90592.0,85565.0,74289.0
89938.0,73511.0,231576.0
90993.0,73108.0,86821.0
90754.0,73318.0,74276.0
90663.0,79628.0,93469.0
92348.0,86990.0,87056.0
90445.0,76588.0,86941.0
92069.0,73204.0,87006.0
92195.0,85626.0,194513.0
90900.0,73208.0,87252.0
90681.0,23806.0,86948.0
90760.0,73642.0,87657.0
91517.0,85552.0,230717.0
90640.0,73426.0,231599.0
90573.0,85130.0,86957.0
90084.0,85969.0,232743.0
91131.0,73154.0,119037.0
91175.0,85424.0,233418.0
91504.0,85349.0,87833.0
90274.0,73396.0,87186.0
92014.0,85731.0,86693.0
90729.0,85597.0,125734.0
90902.0,73323.0,124880.0
90620.0,73221.0,99658.0
90523.0,86208.0,239067.0
91955.0,85995.0,239499.0
91206.0,85695.0,87043.0
90730.0,85617.0,231752.0
90282.0,85764.0,99298.0
92120.0,67426.0,143927.0
90527.0,73158.0,87338.0
90481.0,73177.0,86945.0
91040.0,72830.0,74070.0
90502.0,85647.0,119947.0
90845.0,85327.0,88576.0
92188.0,73557.0,138603.0
90444.0,73405.0,137432.0
90410.0,85155.0,150689.0
165855.0,73068.0,86683.0
90332.0,67284.0,125446.0
90530.0,73502.0,87376.0
91792.0,87870.0,144589.0
91073.0,73530.0,74727.0
91181.0,78177.0,86672.0
90710.0,73058.0,118413.0
90251.0,54900.0,87123.0
90138.0,85501.0,151751.0
91832.0,73000.0,86666.0
91126.0,73020.0,87058.0
147009.0,73553.0,121004.0
92002.0,85690.0,137013.0
91354.0,73791.0,234608.0
91030.0,73473.0,149857.0
90378.0,73267.0,87378.0
90930.0,86361.0,87250.0
90762.0,73256.0,156447.0
90467.0,73151.0,87135.0
90614.0,73115.0,86731.0
89993.0,85552.0,87187.0
90594.0,73014.0,74480.0
90499.0,73743.0,87320.0
90954.0,54641.0,86859.0
90940.0,86233.0,156308.0
165800.0,85442.0,87050.0
90391.0,73005.0,87372.0
90531.0,73402.0,167948.0
92137.0,73724.0,93410.0
92165.0,85506.0,86612.0
90596.0,73754.0,87183.0
90736.0,73753.0,99230.0
90209.0,85923.0,194442.0
91758.0,67085.0,87567.0
91062.0,85747.0,86889.0
152847.0,85233.0,242211.0
90208.0,73090.0,86862.0
90320.0,73346.0,169482.0
90926.0,75099.0,168159.0
90373.0,85523.0,86729.0
92035.0,73115.0,87235.0
90667.0,73344.0,233231.0
91555.0,85408.0,231315.0
115848.0,73636.0,99806.0
90940.0,60821.0,93722.0
90561.0,85645.0,86914.0
91039.0,85445.0,118009.0
91209.0,54790.0,118623.0
90681.0,73077.0,86694.0
90202.0,61030.0,74433.0
90741.0,54786.0,131198.0
90577.0,85533.0,99817.0
199039.0,85771.0,150094.0
90752.0,85871.0,181490.0
90972.0,73060.0,231911.0
90723.0,73130.0,86791.0
90992.0,73260.0,86964.0
90284.0,85387.0,87800.0
90590.0,87302.0,232339.0
90019.0,86376.0,86669.0
90326.0,73324.0,181680.0
90669.0,85441.0,224986.0
90290.0,85281.0,74691.0
90527.0,73207.0,87104.0
90987.0,73641.0,93606.0
90974.0,85378.0,86566.0
90492.0,73450.0,107631.0
90181.0,85989.0,99441.0
90584.0,87014.0,87513.0
90501.0,73287.0,86845.0
90590.0,85269.0,74623.0
90573.0,73145.0,87115.0
90367.0,85389.0,231442.0
90262.0,86027.0,105833.0
90545.0,73461.0,99654.0
90940.0,72849.0,93816.0
90748.0,85289.0,188840.0
90465.0,73481.0,149887.0
90778.0,73350.0,87142.0
121883.0,73479.0,111622.0
91407.0,73284.0,117953.0
90431.0,85409.0,86967.0
90351.0,73351.0,86722.0
90576.0,67161.0,86785.0
90420.0,85615.0,87296.0
116114.0,85593.0,99398.0
91728.0,73517.0,86673.0
90000.0,73085.0,87183.0
90197.0,54923.0,106117.0
90952.0,85439.0,232523.0
90405.0,85736.0,86924.0
90868.0,73205.0,74918.0
90469.0,85864.0,86589.0
90323.0,67219.0,74503.0
90748.0,85467.0,87087.0
90563.0,60991.0,93132.0
90728.0,74253.0,232244.0
90338.0,85183.0,231380.0
90508.0,85697.0,87098.0
90770.0,85209.0,86983.0
90378.0,60902.0,87097.0
91097.0,73431.0,74632.0
90616.0,73137.0,87185.0
90276.0,60839.0,74295.0
90893.0,73244.0,231548.0
89831.0,85382.0,132144.0
90244.0,73126.0,138450.0
90135.0,67176.0,87077.0
90638.0,85373.0,86954.0
90869.0,85348.0,86511.0
192465.0,73372.0,118319.0
90662.0,73418.0,87291.0
90207.0,74200.0,181292.0
90813.0,85652.0,106618.0
90062.0,85552.0,106093.0
90173.0,85151.0,106124.0
90667.0,73058.0,88437.0
90623.0,85900.0,105756.0
90558.0,73160.0,106379.0
90966.0,85277.0,106663.0
91036.0,85534.0,107002.0
90086.0,85531.0,106130.0
90808.0,85619.0,106810.0
90602.0,85564.0,106453.0
90541.0,85238.0,88862.0
90214.0,73530.0,106583.0
90548.0,73247.0,43251.0
90909.0,85545.0,106564.0
90840.0,85479.0,4743.0
90820.0,85802.0,107087.0
91274.0,73456.0,107256.0
90761.0,73846.0,68991.0
90151.0,67229.0,106706.0
90732.0,73853.0,99771.0
90627.0,85410.0,106170.0
91286.0,73520.0,106360.0
90225.0,85719.0,105765.0
90202.0,73198.0,106349.0
90201.0,85880.0,106298.0
90432.0,85863.0,106381.0
90372.0,73099.0,105699.0
90604.0,73291.0,791.0
97523.0,73380.0,88042.0
90293.0,73868.0,106058.0
90625.0,86364.0,106107.0
91071.0,72922.0,87147.0
90821.0,86143.0,106555.0
90480.0,85657.0,105834.0
90603.0,72925.0,99439.0
90499.0,85463.0,108033.0
90578.0,85447.0,244658.0
90477.0,73930.0,106175.0
90433.0,85403.0,105601.0
90766.0,73062.0,106151.0
90765.0,67378.0,105328.0
90824.0,54918.0,106202.0
90595.0,73179.0,246200.0
90705.0,85802.0,106545.0
90297.0,85377.0,105715.0
90819.0,85850.0,100067.0
90876.0,85287.0,106097.0
90144.0,74002.0,245757.0
91188.0,73505.0,105726.0
91017.0,73387.0,105816.0
90707.0,73113.0,105926.0
90533.0,72973.0,106827.0
90319.0,85458.0,105727.0
90890.0,73320.0,106383.0
90402.0,73360.0,106138.0
90206.0,54686.0,106369.0
90499.0,85299.0,4743.0
90261.0,85692.0,106390.0
90672.0,85851.0,106193.0
90734.0,73457.0,105821.0
90125.0,73034.0,105940.0
90517.0,72961.0,106994.0
90901.0,85752.0,106246.0
91545.0,85595.0,106184.0
90275.0,73203.0,106111.0
90607.0,85484.0,106990.0
90636.0,86101.0,243852.0
90414.0,73898.0,106699.0
90209.0,73088.0,105855.0
90366.0,73090.0,107222.0
90155.0,73277.0,106635.0
90767.0,73360.0,105866.0
90993.0,85798.0,106530.0
90880.0,73031.0,106680.0
90226.0,85513.0,106631.0
90300.0,73327.0,106090.0
90487.0,73348.0,246605.0
90255.0,85154.0,74685.0
90644.0,73025.0,106754.0
90771.0,77184.0,106363.0
90533.0,60827.0,106824.0
90632.0,85344.0,105427.0
90816.0,72977.0,106831.0
90391.0,72977.0,106633.0
90692.0,73526.0,106497.0
90583.0,85927.0,106604.0
90673.0,73480.0,105503.0
90552.0,73245.0,105727.0
91321.0,85474.0,100768.0
90393.0,73464.0,106394.0
90467.0,73503.0,107529.0
90277.0,85683.0,106645.0
91215.0,73291.0,759.0
90568.0,75656.0,11599.0
91145.0,85169.0,106194.0
90808.0,85449.0,106344.0
90606.0,85156.0,106213.0
90926.0,85627.0,106330.0
89987.0,85854.0,105928.0
90271.0,73176.0,106046.0
90481.0,73611.0,74693.0
90140.0,85598.0,105894.0
90516.0,85331.0,106730.0
90531.0,73285.0,105872.0
90625.0,73216.0,106118.0
90546.0,91848.0,106925.0
90748.0,85397.0,105674.0
90819.0,73098.0,88762.0
90705.0,73448.0,106188.0
90846.0,85668.0,106008.0
90159.0,73014.0,106541.0
79069.0,73254.0,105886.0
90651.0,72980.0,106112.0
90767.0,73347.0,105864.0
90990.0,85808.0,93183.0
90402.0,73274.0,106540.0
90370.0,713.0,105727.0
90621.0,85745.0,106244.0
90871.0,86047.0,107739.0
90489.0,73229.0,106070.0
90909.0,85529.0,107107.0
90739.0,85883.0,93939.0
90728.0,73527.0,105945.0
90786.0,73156.0,105818.0
90561.0,86214.0,106506.0
90548.0,85318.0,105431.0
90567.0,73352.0,72593.0
90880.0,85969.0,105731.0
90588.0,73087.0,244668.0
90670.0,85719.0,106167.0
90353.0,85697.0,105980.0
90366.0,85761.0,106530.0
90585.0,85429.0,106150.0
90647.0,85541.0,105504.0
90648.0,73073.0,93832.0
90843.0,86002.0,106268.0
90192.0,85609.0,106321.0
90426.0,74354.0,105796.0
90514.0,73674.0,105814.0
90969.0,73441.0,93598.0
90523.0,73713.0,245069.0
90511.0,73342.0,246906.0
90389.0,85881.0,106802.0
90367.0,85299.0,105131.0
90757.0,73187.0,106825.0
90410.0,73302.0,107667.0
90932.0,72827.0,105699.0
91136.0,73399.0,106161.0
90111.0,85388.0,106634.0
90648.0,73363.0,106112.0
91895.0,85383.0,94139.0
90307.0,85380.0,107596.0
90513.0,72982.0,106395.0
90976.0,85247.0,107114.0
90584.0,85873.0,106806.0
90692.0,85445.0,106642.0
90205.0,73121.0,105772.0
90542.0,85546.0,107887.0
90358.0,73457.0,106304.0
90385.0,85386.0,105402.0
90493.0,73473.0,81104.0
90463.0,85722.0,105718.0
90398.0,86194.0,106264.0
90915.0,73099.0,106535.0
90708.0,73244.0,107852.0
90830.0,79245.0,105685.0
90576.0,85661.0,105935.0
90886.0,86021.0,106012.0
90956.0,85464.0,106059.0
90886.0,85865.0,106410.0
90834.0,92295.0,106405.0
89994.0,75298.0,105718.0
90736.0,85550.0,106140.0
91622.0,85947.0,107265.0
90030.0,73117.0,106321.0
90404.0,85663.0,18399.0
90720.0,72917.0,106187.0
90322.0,73346.0,106330.0
90794.0,85526.0,106329.0
90136.0,73341.0,108004.0
90982.0,85402.0,87142.0
89946.0,73442.0,105996.0
90738.0,72947.0,105992.0
91075.0,73110.0,106474.0
90372.0,73202.0,107124.0
90751.0,85386.0,106167.0
90494.0,73021.0,106959.0
88653.0,85164.0,106334.0
88939.0,73665.0,106643.0
211819.0,85712.0,105977.0
88918.0,85545.0,85134.0
89455.0,73444.0,106465.0
88761.0,85621.0,106245.0
89606.0,85831.0,106491.0
88898.0,86078.0,105957.0
4781.0,73286.0,106245.0
91397.0,73154.0,243451.0
4721.0,73660.0,87773.0
4721.0,73438.0,106902.0
4741.0,85548.0,106550.0
4741.0,73438.0,99293.0
4741.0,73075.0,106728.0
4717.0,73082.0,107756.0
4741.0,85472.0,106302.0
4741.0,72937.0,106396.0
4741.0,86497.0,105762.0
4665.0,85508.0,106205.0
4813.0,72868.0,238370.0
4753.0,85841.0,245780.0
4781.0,73188.0,187654.0
88829.0,85607.0,237792.0
89137.0,86280.0,246682.0
89176.0,85394.0,237555.0
212693.0,73038.0,244004.0
89116.0,73117.0,238296.0
211398.0,72942.0,244609.0
88998.0,73661.0,237749.0
211805.0,73240.0,244232.0
149019.0,73232.0,238167.0
89112.0,73250.0,238142.0
107911.0,73215.0,243869.0
218263.0,85705.0,243922.0
88804.0,73253.0,244802.0
126103.0,73173.0,237605.0
90417.0,73055.0,243318.0
88968.0,85845.0,238965.0
90513.0,85456.0,237046.0
90901.0,73443.0,244571.0
88702.0,85436.0,244594.0
89459.0,73093.0,244346.0
89372.0,86962.0,237609.0
89349.0,73209.0,245389.0
89556.0,73157.0,244336.0
150112.0,85466.0,243455.0
88816.0,85592.0,237895.0
90154.0,73479.0,239133.0
89410.0,73371.0,239720.0
88982.0,73142.0,237798.0
88628.0,86110.0,238594.0
91250.0,85210.0,237469.0
88930.0,85432.0,238399.0
88953.0,73375.0,244909.0
89088.0,73653.0,237439.0
88981.0,85342.0,238573.0
89468.0,73116.0,237552.0
162868.0,72684.0,240388.0
88674.0,86023.0,237686.0
89064.0,79889.0,237842.0
89134.0,85452.0,246696.0
89059.0,85223.0,238171.0
76731.0,73749.0,236879.0
162496.0,85683.0,238121.0
168847.0,85630.0,243988.0
88951.0,85658.0,239648.0
89010.0,104097.0,238847.0
88874.0,85554.0,219969.0
88758.0,85706.0,238017.0
89352.0,73347.0,243641.0
211904.0,73488.0,237633.0
113913.0,73511.0,242922.0
90628.0,85733.0,243159.0
89578.0,73607.0,238482.0
89003.0,73150.0,244074.0
162671.0,73437.0,131306.0
89058.0,85505.0,24521.0
218215.0,85324.0,87931.0
89210.0,73257.0,237887.0
91137.0,73608.0,238837.0
91158.0,85459.0,244389.0
212143.0,85455.0,239678.0
107818.0,85674.0,237278.0
88633.0,85247.0,207824.0
215457.0,73502.0,182034.0
212081.0,73445.0,238342.0
89185.0,73178.0,244458.0
219400.0,73151.0,244129.0
212199.0,85851.0,231679.0
211530.0,85439.0,243910.0
89256.0,73006.0,238078.0
89373.0,85599.0,238152.0
88931.0,73365.0,246032.0
88738.0,73692.0,237715.0
163157.0,72981.0,244466.0
89065.0,73576.0,199416.0
90967.0,73427.0,243673.0
162449.0,85286.0,195917.0
144528.0,86070.0,239076.0
101779.0,72975.0,238656.0
88907.0,73566.0,238130.0
199955.0,74527.0,247162.0
89626.0,85725.0,243583.0
188446.0,85365.0,246064.0
88859.0,73736.0,243709.0
88578.0,85868.0,243610.0
89135.0,73115.0,237876.0
89357.0,73019.0,239683.0
89842.0,85563.0,237847.0
89555.0,73258.0,238147.0
89847.0,85973.0,238195.0
89467.0,85800.0,237584.0
88788.0,85378.0,238417.0
213351.0,73214.0,237514.0
89692.0,85913.0,196562.0
89376.0,73448.0,237354.0
211474.0,73075.0,238032.0
89509.0,73437.0,237284.0
189260.0,73843.0,244422.0
212298.0,85737.0,238188.0
150078.0,73056.0,237313.0
89084.0,85427.0,237752.0
89438.0,85390.0,244173.0
89839.0,73185.0,244685.0
89618.0,215135.0,237689.0
181712.0,85973.0,237517.0
90909.0,214370.0,244544.0
89633.0,209308.0,238622.0
88835.0,11609.0,237999.0
162123.0,140774.0,237658.0
144446.0,91532.0,245947.0
88975.0,85408.0,237866.0
212224.0,152780.0,237766.0
213062.0,165702.0,237874.0
88787.0,103737.0,241062.0
219592.0,165530.0,238100.0
89424.0,152684.0,237781.0
88849.0,214847.0,238270.0
212002.0,73142.0,237834.0
211724.0,189722.0,243877.0
211570.0,214687.0,237370.0
206542.0,214320.0,244312.0
89307.0,214954.0,244210.0
89181.0,214820.0,244222.0
89564.0,85641.0,237231.0
88878.0,85401.0,238334.0
157292.0,85689.0,238326.0
89048.0,73200.0,237910.0
89172.0,85320.0,247138.0
88977.0,85494.0,243925.0
89086.0,208529.0,247013.0
89239.0,85281.0,237609.0
218165.0,129332.0,241865.0
88728.0,97807.0,237497.0
89378.0,211081.0,239537.0
89944.0,86819.0,243805.0
89091.0,183988.0,238380.0
219234.0,98160.0,245342.0
88973.0,221068.0,244318.0
89139.0,213892.0,244246.0
89037.0,97437.0,246046.0
88955.0,85384.0,243478.0
88805.0,115831.0,237692.0
88962.0,214900.0,238088.0
113550.0,110338.0,237196.0
88780.0,211497.0,237807.0
88784.0,215779.0,238055.0
89051.0,215355.0,237924.0
181107.0,152607.0,231292.0
89154.0,214333.0,237827.0
218084.0,208389.0,238610.0
89255.0,72977.0,236999.0
88732.0,214946.0,237253.0
220408.0,122337.0,237705.0
90944.0,160023.0,238385.0
113577.0,134415.0,236784.0
114020.0,85430.0,238219.0
89433.0,85476.0,237756.0
89307.0,202960.0,237511.0
90361.0,189587.0,244334.0
88966.0,153563.0,238314.0
4697.0,214354.0,237946.0
4721.0,85398.0,238963.0
4697.0,214256.0,238649.0
4741.0,122576.0,237759.0
4781.0,214835.0,238300.0
5039.0,215262.0,238176.0
4741.0,104064.0,238290.0
4781.0,153410.0,243701.0
4721.0,85278.0,238360.0
4741.0,122721.0,237994.0
84981.0,128701.0,239102.0
4721.0,85413.0,237308.0
4721.0,216548.0,243872.0
4781.0,147139.0,237451.0
88967.0,73288.0,237675.0
88822.0,85293.0,237901.0
213061.0,97988.0,237908.0
89949.0,217019.0,244773.0
88951.0,190718.0,175441.0
162612.0,85610.0,237232.0
90912.0,85390.0,237202.0
89164.0,85657.0,237582.0
88923.0,214568.0,238084.0
89223.0,85079.0,240314.0
88576.0,104096.0,244532.0
90865.0,215350.0,190003.0
88620.0,11845.0,238538.0
89188.0,104044.0,243706.0
88874.0,214219.0,240399.0
89104.0,214190.0,237051.0
88704.0,85703.0,238013.0
212019.0,215131.0,237344.0
89068.0,85577.0,238208.0
107906.0,86031.0,208063.0
97932.0,153205.0,236721.0
89047.0,73309.0,238130.0
89816.0,85640.0,237737.0
89910.0,110222.0,239147.0
89478.0,85188.0,239376.0
89441.0,103519.0,237441.0
238775.0,97842.0,243629.0
88716.0,73774.0,236699.0
89723.0,85466.0,245922.0
89222.0,97638.0,243635.0
175527.0,183761.0,238444.0
89425.0,214936.0,237417.0
89499.0,214469.0,237809.0
88969.0,85364.0,237735.0
88965.0,214261.0,242870.0
89269.0,214424.0,242445.0
174978.0,98138.0,243694.0
218302.0,85467.0,239330.0
89035.0,189841.0,237742.0
89351.0,85629.0,237423.0
89099.0,215144.0,225090.0
168874.0,184220.0,227054.0
131818.0,85562.0,238601.0
181799.0,110026.0,200345.0
199301.0,213874.0,237568.0
211562.0,208180.0,106437.0
114233.0,215379.0,106301.0
211961.0,215212.0,107516.0
211796.0,85590.0,106433.0
219826.0,160010.0,106707.0
211520.0,165293.0,106226.0
89337.0,159519.0,106606.0
220142.0,221125.0,106200.0
212171.0,214193.0,138707.0
206574.0,215030.0,106703.0
212630.0,221758.0,106486.0
213324.0,73010.0,106893.0
4741.0,73272.0,106646.0
4657.0,85193.0,107364.0
4677.0,73287.0,107157.0
4741.0,86721.0,106466.0
4665.0,85615.0,156357.0
4741.0,190790.0,106429.0
4753.0,215167.0,107039.0
4721.0,215490.0,106152.0
4721.0,73469.0,106212.0
4781.0,86879.0,105747.0
4721.0,152879.0,106699.0
4741.0,86928.0,106741.0
4721.0,215538.0,105715.0
4785.0,217297.0,108088.0
4657.0,215105.0,105944.0
4741.0,172250.0,108138.0
4805.0,98127.0,106207.0
4721.0,215275.0,163464.0
208066.0,183583.0,106422.0
4741.0,152617.0,106695.0
4741.0,92068.0,106286.0
4741.0,214452.0,106500.0
4741.0,221362.0,107472.0
4741.0,224536.0,106510.0
4741.0,85643.0,106324.0
4721.0,214259.0,24589.0
4677.0,221614.0,107291.0
4845.0,214950.0,106661.0
4721.0,104084.0,106577.0
4721.0,208924.0,106557.0
4721.0,85715.0,106365.0
4741.0,73313.0,106492.0
4741.0,73473.0,106086.0
4721.0,220795.0,106193.0
89151.0,214652.0,106474.0
211659.0,215389.0,106593.0
212817.0,104052.0,107249.0
225935.0,97895.0,106220.0
76917.0,214569.0,106207.0
91186.0,214338.0,106689.0
219106.0,220895.0,106732.0
211457.0,85193.0,105775.0
102065.0,85668.0,107100.0
150399.0,85548.0,106621.0
113913.0,208904.0,106806.0
219083.0,208954.0,106955.0
211636.0,215776.0,106186.0
211693.0,215173.0,106123.0
213102.0,215273.0,106013.0
218438.0,73255.0,106687.0
212362.0,85443.0,107224.0
174764.0,222014.0,107085.0
90521.0,85653.0,106404.0
212076.0,85523.0,106533.0
228726.0,215008.0,107227.0
125771.0,85471.0,107510.0
232543.0,97822.0,106880.0
218558.0,215323.0,106175.0
225999.0,214237.0,106688.0
240458.0,214483.0,105845.0
205836.0,152542.0,106491.0
212105.0,73359.0,106878.0
156990.0,85448.0,106653.0
89787.0,85777.0,106663.0
212440.0,215067.0,106364.0
227140.0,215093.0,106297.0
212463.0,208302.0,106717.0
240323.0,213940.0,106049.0
227922.0,215346.0,106256.0
218377.0,190011.0,105888.0
88954.0,208919.0,106543.0
211305.0,73333.0,106282.0
211874.0,213738.0,106628.0
218161.0,215318.0,106247.0
233297.0,216895.0,106559.0
212529.0,207972.0,106553.0
89453.0,216340.0,106333.0
212491.0,214894.0,759.0
213378.0,214143.0,11753.0
188139.0,214589.0,247177.0
213831.0,85445.0,106542.0
211422.0,98176.0,106317.0
232844.0,73660.0,106494.0
213391.0,209453.0,106473.0
169161.0,159408.0,106758.0
121059.0,214356.0,106581.0
225809.0,73421.0,106641.0
212400.0,85417.0,106673.0
202455.0,134994.0,107977.0
162580.0,214487.0,106370.0
240483.0,110373.0,105892.0
240181.0,12128.0,106065.0
219124.0,98019.0,106676.0
212743.0,85340.0,107255.0
215198.0,214436.0,106744.0
212336.0,147183.0,106479.0
212517.0,73283.0,106492.0
89586.0,153107.0,106792.0
218900.0,134669.0,106355.0
229084.0,134873.0,106657.0
88734.0,85400.0,106955.0
214031.0,91902.0,106203.0
213254.0,214976.0,106510.0
234143.0,85137.0,107284.0
228467.0,153064.0,106378.0
103949.0,85369.0,105983.0
217378.0,85461.0,106951.0
240302.0,86936.0,106263.0
212008.0,85941.0,106419.0
211780.0,85623.0,105692.0
211412.0,85919.0,106858.0
201962.0,85515.0,106419.0
164780.0,85311.0,106435.0
240317.0,85618.0,106597.0
212260.0,85757.0,106642.0
138824.0,85327.0,106311.0
4633.0,85940.0,107531.0
213365.0,85711.0,106503.0
217918.0,86094.0,106231.0
217264.0,85684.0,107310.0
213457.0,85768.0,106884.0
89358.0,89917.0,106527.0
212488.0,85962.0,106532.0
101530.0,85821.0,106524.0
89466.0,85611.0,105692.0
212011.0,85619.0,106339.0
239709.0,85740.0,107142.0
145462.0,85448.0,106513.0
137876.0,85561.0,114683.0
220901.0,86037.0,106130.0
213331.0,85869.0,106176.0
211915.0,85356.0,106972.0
214118.0,85791.0,105934.0
228328.0,73224.0,105944.0
228323.0,85730.0,106159.0
89762.0,85393.0,107624.0
144200.0,85667.0,194644.0
169536.0,219648.0,105942.0
217727.0,85654.0,106500.0
101291.0,85686.0,106988.0
212350.0,86061.0,105994.0
88991.0,85778.0,106256.0
212545.0,85582.0,106593.0
215110.0,85629.0,106013.0
219662.0,85829.0,106587.0
90419.0,85861.0,107353.0
101504.0,85570.0,131089.0
211925.0,85691.0,106233.0
219350.0,88761.0,119744.0
218408.0,85410.0,106446.0
217867.0,85732.0,106766.0
217717.0,85099.0,107309.0
212395.0,87123.0,106299.0
211662.0,85978.0,106089.0
225349.0,85911.0,106987.0
213288.0,85530.0,106334.0
211725.0,85845.0,105911.0
212458.0,97842.0,106089.0
218020.0,85497.0,106463.0
228681.0,85549.0,169497.0
162560.0,85616.0,106440.0
150444.0,85743.0,105785.0
177235.0,85954.0,106367.0
101478.0,85390.0,106127.0
89133.0,85169.0,106765.0
89385.0,73429.0,106686.0
216326.0,85414.0,105757.0
89608.0,85647.0,246008.0
212053.0,85819.0,106003.0
212054.0,85344.0,106310.0
212768.0,85579.0,107218.0
218549.0,85332.0,107108.0
217893.0,85165.0,107167.0
228434.0,85388.0,106083.0
138303.0,85310.0,105885.0
227991.0,85648.0,106355.0
212788.0,85704.0,106565.0
212964.0,85668.0,106871.0
213593.0,73654.0,107099.0
4741.0,85772.0,108917.0
4677.0,84992.0,106299.0
4721.0,85663.0,106173.0
4741.0,85252.0,106614.0
4741.0,86254.0,106904.0
4677.0,85490.0,106065.0
4657.0,85684.0,106187.0
4721.0,85300.0,106279.0
4761.0,85535.0,106867.0
208312.0,85256.0,106484.0
4583.0,86071.0,105907.0
5038.0,85171.0,106077.0
4761.0,85788.0,106447.0
4741.0,85473.0,106729.0
4721.0,85616.0,245775.0
4741.0,85501.0,106331.0
4741.0,86174.0,106912.0
4781.0,85613.0,106497.0
4721.0,85553.0,106889.0
4721.0,85294.0,107245.0
4721.0,85570.0,106303.0
4721.0,85578.0,106665.0
4741.0,85769.0,99396.0
4677.0,85386.0,99042.0
4741.0,85817.0,163661.0
4717.0,89837.0,105462.0
4761.0,85732.0,105670.0
4721.0,85764.0,101716.0
4781.0,85329.0,240247.0
4721.0,85703.0,93342.0
4721.0,87029.0,99776.0
4721.0,85645.0,99820.0
4781.0,85585.0,100793.0
4741.0,87256.0,100023.0
4677.0,85503.0,243716.0
211676.0,85097.0,99257.0
224249.0,85636.0,244446.0
89053.0,85758.0,106146.0
239911.0,85557.0,244020.0
239520.0,85494.0,99183.0
150058.0,85349.0,238277.0
211821.0,85689.0,101284.0
132421.0,85209.0,105425.0
101179.0,85299.0,106042.0
212913.0,85459.0,93666.0
224237.0,86089.0,30760.0
88899.0,85377.0,106149.0
89162.0,85591.0,106111.0
219241.0,85262.0,100705.0
156572.0,85393.0,99974.0
89440.0,85165.0,99990.0
212736.0,85215.0,99974.0
213805.0,85600.0,105999.0
89098.0,85350.0,100008.0
228508.0,85756.0,99240.0
225805.0,85776.0,93658.0
89078.0,85661.0,105778.0
120146.0,85773.0,99634.0
88818.0,85739.0,106743.0
212614.0,73486.0,99042.0
218758.0,85284.0,100392.0
211775.0,85849.0,99466.0
224148.0,85932.0,100685.0
162840.0,85829.0,99192.0
211778.0,87118.0,238759.0
219626.0,85120.0,93784.0
233656.0,85566.0,98973.0
240151.0,85487.0,94764.0
101906.0,86021.0,105856.0
227160.0,85348.0,99816.0
211890.0,85511.0,93674.0
211937.0,85762.0,105567.0
212829.0,85949.0,100138.0
211869.0,85442.0,244881.0
88973.0,85373.0,100098.0
213196.0,85763.0,94206.0
213157.0,85575.0,99777.0
121863.0,85670.0,99482.0
240495.0,85736.0,99594.0
187162.0,86042.0,100185.0
88793.0,86314.0,106339.0
138388.0,85461.0,93274.0
240011.0,85751.0,99264.0
228000.0,85891.0,99744.0
211895.0,86206.0,99859.0
211853.0,85330.0,99411.0
197102.0,85436.0,99253.0
110259.0,85528.0,100524.0
110759.0,85500.0,105505.0
190858.0,85597.0,100732.0
123326.0,85637.0,99508.0
229463.0,85414.0,237997.0
184950.0,85817.0,101528.0
110615.0,85497.0,99546.0
191055.0,85924.0,99228.0
222961.0,85681.0,105397.0
110745.0,85248.0,106270.0
165883.0,85860.0,238135.0
204186.0,85755.0,100119.0
172274.0,86624.0,100104.0
203410.0,85456.0,244711.0
197023.0,85165.0,99684.0
191197.0,85971.0,106252.0
191802.0,85153.0,99709.0
197899.0,86006.0,99528.0
110963.0,85444.0,243821.0
222337.0,85890.0,93074.0
204238.0,85605.0,105914.0
111224.0,85839.0,100232.0
111116.0,86117.0,99344.0
221572.0,88478.0,105455.0
178570.0,85659.0,100167.0
254007.0,85940.0,237231.0
180118.0,85512.0,92942.0
116932.0,85507.0,240244.0
191849.0,85519.0,105738.0
192862.0,85265.0,99804.0
197754.0,85475.0,105971.0
172591.0,85717.0,99254.0
110756.0,85794.0,99747.0
124502.0,85465.0,99559.0
209915.0,85538.0,106377.0
128733.0,85895.0,105853.0
180313.0,85625.0,99196.0
110782.0,85352.0,100021.0
184530.0,85990.0,99309.0
159476.0,87688.0,99733.0
154410.0,73438.0,99491.0
197505.0,85548.0,99503.0
173889.0,85438.0,105004.0
254000.0,85509.0,105780.0
110721.0,85524.0,99682.0
135767.0,85755.0,105998.0
190734.0,85691.0,99401.0
203502.0,85789.0,99412.0
117114.0,85448.0,100114.0
111030.0,85973.0,99339.0
160995.0,85527.0,105888.0
197146.0,85787.0,100066.0
255318.0,85811.0,100236.0
198280.0,85450.0,98854.0
178930.0,85180.0,100961.0
111837.0,85343.0,101264.0
192219.0,85733.0,100287.0
172693.0,85445.0,105633.0
197796.0,85535.0,100317.0
191750.0,85606.0,105940.0
117242.0,85645.0,244964.0
111056.0,85847.0,93626.0
254197.0,215518.0,93710.0
234561.0,85885.0,99938.0
209487.0,87248.0,99734.0
125617.0,85196.0,98885.0
172138.0,85326.0,99506.0
230942.0,85741.0,99872.0
117042.0,85406.0,100023.0
191067.0,122086.0,106467.0
204556.0,72566.0,99629.0
197306.0,91786.0,99639.0
110699.0,72762.0,99682.0
179099.0,103393.0,106249.0
197513.0,72767.0,93940.0
130877.0,103397.0,99447.0
110731.0,72586.0,101558.0
203034.0,72756.0,243852.0
191676.0,72809.0,99945.0
172591.0,78708.0,98819.0
184792.0,220803.0,105479.0
110576.0,214332.0,100272.0
111924.0,72881.0,106275.0
236114.0,91091.0,99576.0
210424.0,72534.0,101062.0
197759.0,73668.0,239077.0
110661.0,85491.0,99479.0
221643.0,72594.0,238608.0
198493.0,72369.0,99502.0
209556.0,84960.0,100255.0
136788.0,72913.0,106317.0
178922.0,85216.0,99024.0
217728.0,73232.0,100966.0
192155.0,85017.0,99650.0
179035.0,84870.0,106030.0
237055.0,73150.0,99442.0
211135.0,85530.0,100407.0
118182.0,73319.0,98692.0
110800.0,71980.0,106033.0
198045.0,85301.0,99372.0
191967.0,214394.0,100055.0
183941.0,121709.0,237421.0
228411.0,85727.0,99401.0
203602.0,72540.0,100321.0
191619.0,85565.0,99089.0
228089.0,214736.0,237909.0
160266.0,85018.0,99706.0
166316.0,72692.0,99629.0
197599.0,72526.0,100149.0
191062.0,85543.0,93796.0
192524.0,214343.0,99864.0
6676.0,85584.0,244303.0
229318.0,79376.0,93652.0
154005.0,85512.0,100031.0
185498.0,72829.0,106281.0
179352.0,85647.0,99656.0
148924.0,85598.0,93840.0
185521.0,72876.0,238958.0
168734.0,85632.0,105301.0
172206.0,196075.0,106307.0
245556.0,85310.0,105477.0
172785.0,85284.0,99467.0
211009.0,85487.0,100130.0
227856.0,73444.0,93784.0
253132.0,85583.0,93300.0
110808.0,72956.0,99927.0
253171.0,214349.0,99537.0
217356.0,91034.0,93588.0
256619.0,72535.0,237866.0
228687.0,72930.0,99509.0
197208.0,85309.0,106129.0
110286.0,85331.0,102425.0
222805.0,214342.0,244451.0
30084.0,73273.0,99762.0
217499.0,78695.0,238050.0
179189.0,84988.0,100445.0
252362.0,85705.0,100872.0
172554.0,72863.0,100379.0
192236.0,213567.0,100281.0
210734.0,116247.0,99484.0
191675.0,86724.0,244246.0
203795.0,73219.0,99341.0
184328.0,72845.0,100136.0
110947.0,116140.0,106560.0
117045.0,220110.0,238318.0
178282.0,201942.0,240589.0
184638.0,73117.0,237492.0
235598.0,85552.0,245252.0
148157.0,85206.0,203086.0
196747.0,86795.0,239066.0
198511.0,73555.0,238832.0
203885.0,103906.0,243754.0
209993.0,110782.0,237020.0
191381.0,85189.0,244680.0
197229.0,72222.0,244282.0
197504.0,72686.0,238357.0
191539.0,103713.0,195270.0
197021.0,72801.0,237742.0
110591.0,85175.0,244100.0
252188.0,72727.0,243668.0
209055.0,152805.0,239324.0
197430.0,73017.0,237514.0
111675.0,85618.0,214330.0
141821.0,72632.0,238809.0
160270.0,72802.0,243939.0
186361.0,72888.0,239737.0
179951.0,85725.0,219636.0
221348.0,98812.0,243882.0
112032.0,72856.0,219685.0
110393.0,85684.0,237459.0
260482.0,134983.0,238416.0
254141.0,72954.0,237919.0
111511.0,85599.0,237313.0
172654.0,72846.0,240461.0
190929.0,72610.0,206934.0
178901.0,110323.0,238326.0
111748.0,128266.0,238004.0
135450.0,72527.0,244876.0
123215.0,72819.0,244071.0
111209.0,73401.0,237569.0
192872.0,72576.0,202833.0
217031.0,72850.0,238449.0
197294.0,72706.0,244316.0
210824.0,85092.0,238044.0
209582.0,72723.0,244913.0
197750.0,72592.0,239397.0
178313.0,85557.0,238203.0
185839.0,85728.0,238521.0
116900.0,72924.0,238421.0
185840.0,72609.0,201441.0
192993.0,72497.0,240295.0
234625.0,72914.0,99467.0
210898.0,85153.0,80907.0
236372.0,85488.0,220112.0
111014.0,72539.0,238358.0
217728.0,214961.0,244376.0
210294.0,72854.0,237419.0
258824.0,86641.0,246062.0
110379.0,72812.0,243194.0
260619.0,73108.0,202355.0
197477.0,91287.0,214308.0
110565.0,85418.0,236625.0
172209.0,72938.0,245333.0
191810.0,85350.0,243692.0
197731.0,121987.0,238677.0
253972.0,73465.0,237370.0
190894.0,215385.0,244992.0
209528.0,73765.0,246564.0
180465.0,92217.0,244170.0
111085.0,72812.0,238680.0
90283.0,73433.0,237772.0
90724.0,115982.0,245439.0
90713.0,85419.0,231707.0
153252.0,85584.0,245286.0
90617.0,73322.0,237818.0
234882.0,97623.0,237883.0
234863.0,73422.0,219788.0
90258.0,73055.0,238591.0
234237.0,85465.0,244724.0
234260.0,122871.0,239275.0
223113.0,85275.0,244627.0
233399.0,85400.0,239689.0
109313.0,86936.0,244445.0
90280.0,87107.0,245235.0
209130.0,213918.0,245857.0
102840.0,85243.0,238201.0
234370.0,73145.0,238443.0
90478.0,220261.0,238194.0
90203.0,85223.0,245362.0
96645.0,85600.0,99385.0
153027.0,85460.0,245173.0
122169.0,85137.0,243586.0
96721.0,72831.0,244212.0
234539.0,72821.0,237275.0
128687.0,213714.0,244111.0
240620.0,72812.0,207174.0
153586.0,72454.0,244516.0
134109.0,72881.0,239527.0
102900.0,72632.0,220232.0
90782.0,72910.0,236912.0
215480.0,220099.0,245392.0
234130.0,85134.0,245511.0
90249.0,171362.0,236987.0
233802.0,85269.0,238704.0
103232.0,85477.0,244203.0
178329.0,85309.0,236892.0
90404.0,72228.0,238421.0
115614.0,72849.0,244501.0
172306.0,72884.0,238838.0
90590.0,78519.0,245433.0
228511.0,85930.0,245430.0
240021.0,73432.0,244617.0
171466.0,85367.0,244022.0
229288.0,85531.0,237514.0
102673.0,73119.0,243582.0
90625.0,85515.0,239082.0
90330.0,72971.0,239103.0
228856.0,73027.0,243463.0
208998.0,86770.0,244911.0
252778.0,85824.0,244858.0
233850.0,85551.0,238973.0
90447.0,85621.0,244090.0
90383.0,85154.0,238427.0
234306.0,165388.0,239673.0
116446.0,134412.0,227255.0
228233.0,85043.0,236520.0
90389.0,90992.0,238395.0
229949.0,213986.0,244410.0
90199.0,202110.0,244954.0
115982.0,72599.0,237025.0
90498.0,85546.0,245718.0
103217.0,97188.0,244568.0
90537.0,85841.0,237938.0
136779.0,220435.0,243417.0
190192.0,128279.0,194808.0
90800.0,153459.0,243525.0
96582.0,85012.0,245480.0
240641.0,73109.0,238274.0
91060.0,85466.0,238828.0
221818.0,97505.0,238333.0
90229.0,72853.0,237537.0
90495.0,213941.0,237259.0
208826.0,214116.0,243928.0
109326.0,73449.0,239315.0
135744.0,72891.0,243393.0
90830.0,72533.0,236768.0
234973.0,73264.0,237663.0
234599.0,72454.0,238792.0
115781.0,85627.0,238275.0
90589.0,85580.0,243509.0
90863.0,73521.0,238449.0
115763.0,73319.0,239048.0
90508.0,85309.0,240046.0
128955.0,72755.0,237585.0
234689.0,85177.0,240424.0
90539.0,86823.0,243638.0
227832.0,85719.0,238282.0
90815.0,86513.0,237654.0
115515.0,85512.0,182097.0
234395.0,85664.0,244006.0
90387.0,85553.0,238218.0
90521.0,85377.0,245500.0
203188.0,85827.0,243291.0
133706.0,85678.0,245908.0
90147.0,216119.0,246074.0
90505.0,73059.0,238910.0
90216.0,85462.0,236977.0
90628.0,85595.0,225023.0
90316.0,85461.0,244092.0
171950.0,85697.0,194108.0
115357.0,86781.0,237254.0
227309.0,87218.0,238541.0
96738.0,87204.0,244184.0
90293.0,85435.0,246740.0
121651.0,160571.0,238812.0
165894.0,85639.0,245607.0
122360.0,87129.0,237123.0
128322.0,11474.0,246152.0
121996.0,80016.0,214303.0
165564.0,713.0,237845.0
103008.0,86397.0,243881.0
228074.0,85862.0,243696.0
97140.0,88902.0,245269.0
165562.0,85402.0,244620.0
178128.0,86075.0,243425.0
152966.0,85614.0,239670.0
90391.0,777.0,244626.0
90480.0,249653.0,225642.0
121927.0,11651.0,237568.0
90071.0,86152.0,245058.0
146943.0,85751.0,239530.0
140583.0,85591.0,237375.0
90675.0,86748.0,237621.0
89612.0,73182.0,244512.0
229025.0,713.0,239297.0
90617.0,86769.0,237440.0
228722.0,215864.0,236777.0
240510.0,87563.0,238409.0
165809.0,85687.0,237761.0
233989.0,217076.0,245289.0
103450.0,215398.0,245056.0
90653.0,214641.0,237205.0
116625.0,86705.0,214481.0
234267.0,85575.0,237848.0
96670.0,86535.0,237384.0
161245.0,86629.0,194499.0
178967.0,85976.0,237938.0
234577.0,85810.0,238867.0
178505.0,85221.0,244875.0
115217.0,85747.0,244479.0
140804.0,87209.0,244497.0
11649.0,88679.0,243723.0
72065.0,85560.0,237983.0
90701.0,86359.0,244462.0
235523.0,88520.0,244583.0
140345.0,85598.0,244980.0
96568.0,85886.0,106799.0
90494.0,85183.0,106654.0
90962.0,85737.0,112796.0
90728.0,85831.0,150795.0
90201.0,85338.0,106195.0
203373.0,87950.0,106113.0
121996.0,85289.0,246135.0
234188.0,85172.0,125062.0
202903.0,85336.0,113192.0
90667.0,86941.0,106497.0
108957.0,85344.0,113409.0
102927.0,134986.0,106371.0
90415.0,85675.0,106063.0
121930.0,86699.0,118431.0
97568.0,85645.0,105985.0
91122.0,85695.0,106826.0
90544.0,85853.0,106526.0
239912.0,87640.0,106321.0
115741.0,87324.0,125173.0
234853.0,154256.0,201022.0
234856.0,85381.0,106713.0
97208.0,216546.0,107019.0
109700.0,86888.0,112832.0
165899.0,85199.0,113213.0
191644.0,85938.0,157027.0
165180.0,85537.0,105944.0
90391.0,85973.0,143775.0
90593.0,86216.0,158177.0
172039.0,85596.0,112131.0
90604.0,85847.0,246473.0
90647.0,85754.0,106770.0
134145.0,86982.0,246293.0
90474.0,216339.0,106925.0
103028.0,85939.0,150787.0
235590.0,87487.0,105998.0
103750.0,88359.0,150261.0
228285.0,88357.0,143378.0
228246.0,86985.0,119350.0
110935.0,86872.0,119897.0
109354.0,85463.0,105963.0
202674.0,87371.0,106161.0
90682.0,87445.0,106987.0
196664.0,85561.0,106959.0
134611.0,87472.0,118508.0
90363.0,87113.0,113175.0
90447.0,89230.0,188262.0
90747.0,85077.0,106418.0
90659.0,85597.0,158506.0
90794.0,86291.0,143958.0
128024.0,86108.0,106480.0
234375.0,85731.0,106246.0
108894.0,85466.0,150040.0
90459.0,85854.0,106371.0
4633.0,87043.0,157769.0
90475.0,85812.0,152278.0
177504.0,85393.0,219138.0
234618.0,86214.0,105805.0
90664.0,216453.0,245195.0
103108.0,86642.0,119417.0
235481.0,85644.0,248852.0
90308.0,85193.0,107261.0
141397.0,215235.0,106233.0
122804.0,713.0,214743.0
110768.0,85599.0,163238.0
115899.0,87025.0,124919.0
110727.0,85251.0,106282.0
166525.0,85961.0,125106.0
110079.0,85448.0,105967.0
117572.0,85776.0,131022.0
116040.0,86474.0,151304.0
110997.0,86940.0,209486.0
110333.0,216649.0,112627.0
123362.0,89103.0,106431.0
110697.0,85505.0,106456.0
111267.0,89263.0,138180.0
110738.0,86913.0,126874.0
116408.0,85422.0,106923.0
109555.0,85543.0,113100.0
110858.0,73860.0,138021.0
110824.0,87871.0,106299.0
111539.0,777.0,181715.0
110253.0,11356.0,119413.0
131003.0,4667.0,106561.0
116899.0,203095.0,106062.0
109748.0,11666.0,118726.0
118441.0,85400.0,106669.0
123199.0,85682.0,105629.0
109943.0,215937.0,106518.0
111924.0,85906.0,125788.0
185422.0,86904.0,107048.0
117178.0,85769.0,112516.0
111225.0,86663.0,119220.0
110566.0,217383.0,106380.0
111353.0,85556.0,106480.0
116571.0,85902.0,118960.0
110121.0,86005.0,106535.0
110155.0,87228.0,105940.0
116307.0,85521.0,147696.0
129233.0,87551.0,106358.0
131583.0,87133.0,113315.0
110956.0,90370.0,106185.0
111219.0,85619.0,106443.0
110426.0,86867.0,250946.0
110248.0,86097.0,118820.0
110413.0,85575.0,118888.0
110893.0,86484.0,112939.0
117046.0,87558.0,144388.0
111747.0,87304.0,106107.0
117283.0,86095.0,112635.0
110837.0,215806.0,182866.0
110184.0,85793.0,208621.0
110763.0,85548.0,112704.0
118058.0,86063.0,106110.0
111625.0,87332.0,105959.0
110989.0,87250.0,106735.0
110305.0,214602.0,112775.0
109941.0,85830.0,106923.0
110323.0,214640.0,106241.0
135659.0,86577.0,106307.0
203557.0,85447.0,107292.0
117239.0,85562.0,106783.0
110988.0,85753.0,157914.0
123654.0,87208.0,112546.0
124706.0,85549.0,118803.0
111818.0,85596.0,247217.0
111589.0,85648.0,106308.0
112234.0,11344.0,106518.0
111733.0,79354.0,118607.0
111234.0,4090.0,118572.0
111362.0,85608.0,235090.0
110881.0,4090.0,106014.0
131054.0,11369.0,106702.0
110565.0,208972.0,107081.0
282236.0,85858.0,105713.0
123198.0,218212.0,118543.0
124050.0,85619.0,106146.0
110975.0,85747.0,105779.0
111539.0,85761.0,163580.0
110717.0,87113.0,157067.0
117254.0,214827.0,105607.0
110981.0,86754.0,106363.0
110361.0,87360.0,106579.0
117390.0,86075.0,119074.0
110649.0,85522.0,106218.0
111264.0,85577.0,105608.0
111771.0,87507.0,131680.0
110594.0,85423.0,106105.0
123102.0,85318.0,113095.0
111081.0,88448.0,143604.0
110791.0,86135.0,106157.0
116577.0,86468.0,118528.0
123548.0,86950.0,106472.0
115900.0,88473.0,106655.0
111828.0,85447.0,118831.0
110595.0,86671.0,226708.0
116735.0,87053.0,107352.0
110470.0,215518.0,176130.0
110425.0,85525.0,119203.0
116695.0,85432.0,106779.0
111046.0,86832.0,107132.0
119855.0,87494.0,106190.0
116465.0,87441.0,106450.0
110751.0,85525.0,145941.0
117192.0,85213.0,232692.0
111151.0,85320.0,106367.0
112021.0,85418.0,106621.0
129301.0,87280.0,106282.0
112049.0,73346.0,105837.0
116947.0,86020.0,106457.0
253448.0,86756.0,106365.0
111145.0,86685.0,112804.0
110782.0,86909.0,194750.0
110653.0,87179.0,163185.0
110897.0,85674.0,107065.0
117214.0,86992.0,163002.0
110891.0,85394.0,106563.0
110236.0,85904.0,138167.0
110209.0,11628.0,106284.0
110745.0,147617.0,106061.0
111196.0,713.0,113065.0
116783.0,208675.0,106703.0
111310.0,208430.0,127198.0
110143.0,122572.0,225843.0
124324.0,110058.0,106220.0
110511.0,184376.0,119078.0
110562.0,73463.0,106711.0
117621.0,85737.0,113033.0
123431.0,73424.0,106634.0
111159.0,85275.0,106829.0
109979.0,178289.0,153671.0
110623.0,98345.0,112450.0
110057.0,183654.0,206315.0
135088.0,208648.0,112995.0
129715.0,85156.0,105995.0
110621.0,207745.0,106675.0
110581.0,207722.0,157325.0
111635.0,207828.0,131214.0
111303.0,85577.0,105782.0
110213.0,208868.0,221477.0
124069.0,97972.0,246011.0
205307.0,209048.0,106728.0
110846.0,85423.0,149660.0
229405.0,85371.0,246811.0
110595.0,84793.0,119628.0
111065.0,159010.0,181067.0
111116.0,73094.0,107716.0
115965.0,116476.0,247881.0
110641.0,85375.0,113140.0
123096.0,104225.0,118517.0
110419.0,159067.0,144376.0
110897.0,153000.0,254154.0
111211.0,116269.0,253787.0
110205.0,98044.0,255282.0
110608.0,210001.0,254025.0
110923.0,208822.0,253733.0
110306.0,73364.0,253955.0
35908.0,153207.0,254005.0
116491.0,208141.0,253808.0
110477.0,208371.0,253840.0
111141.0,208101.0,253867.0
191817.0,208516.0,253955.0
110551.0,208400.0,254671.0
109906.0,208586.0,253869.0
123049.0,208130.0,254864.0
117095.0,85224.0,247526.0
122763.0,85174.0,247558.0
122602.0,208312.0,247421.0
123975.0,73392.0,254018.0
110535.0,85996.0,253995.0
110583.0,221291.0,254070.0
110684.0,85518.0,253825.0
110627.0,130401.0,254083.0
111705.0,122650.0,255296.0
116139.0,152914.0,253819.0
110636.0,73031.0,247256.0
110301.0,153025.0,253683.0
129240.0,103869.0,254229.0
123660.0,177740.0,253838.0
110189.0,183297.0,253865.0
111517.0,221262.0,253739.0
111078.0,116501.0,254837.0
110779.0,85197.0,249051.0
123994.0,208344.0,253706.0
123062.0,85418.0,253782.0
116595.0,128185.0,253538.0
109598.0,221257.0,255123.0
110564.0,85231.0,253535.0
110973.0,196593.0,253622.0
116949.0,208988.0,255290.0
110217.0,122134.0,253988.0
117538.0,208790.0,254808.0
116682.0,153495.0,253718.0
111103.0,153015.0,254112.0
136544.0,85205.0,254123.0
111362.0,208530.0,253823.0
110521.0,85585.0,254467.0
186253.0,116327.0,254108.0
110135.0,85186.0,253672.0
111537.0,128452.0,253870.0
111114.0,85480.0,254029.0
110825.0,140244.0,254005.0
111721.0,195993.0,254235.0
111403.0,221378.0,254212.0
111459.0,85671.0,254337.0
110516.0,11498.0,247352.0
110587.0,208374.0,254698.0
111071.0,171681.0,247250.0
129033.0,85562.0,254236.0
135246.0,208263.0,254157.0
234378.0,5573.0,254024.0
233731.0,85300.0,104998.0
177616.0,153139.0,49366.0
128216.0,220355.0,253752.0
241420.0,85448.0,254130.0
240231.0,67433.0,253707.0
234419.0,146866.0,254533.0
233516.0,122302.0,254256.0
233650.0,85392.0,253340.0
233905.0,208677.0,255929.0
234158.0,208932.0,254206.0
234920.0,221485.0,247950.0
233888.0,208472.0,254047.0
234806.0,146542.0,254276.0
233247.0,208429.0,253842.0
236443.0,122359.0,254451.0
234633.0,116471.0,254503.0
233597.0,160687.0,253945.0
234637.0,147540.0,254247.0
233483.0,208357.0,254375.0
234694.0,85163.0,254008.0
234642.0,85485.0,254141.0
234132.0,122205.0,247423.0
234742.0,92038.0,254100.0
233435.0,85550.0,253688.0
234245.0,178129.0,254499.0
234187.0,116858.0,247764.0
241718.0,85922.0,253682.0
108941.0,153677.0,253639.0
232843.0,159390.0,254034.0
232922.0,208561.0,254350.0
234255.0,85380.0,254017.0
234369.0,713.0,254429.0
234305.0,184573.0,253770.0
234769.0,85513.0,254490.0
232612.0,73672.0,253918.0
233552.0,159720.0,254198.0
234053.0,208201.0,254332.0
233320.0,73086.0,235830.0
233840.0,153218.0,248216.0
232931.0,208619.0,253898.0
241131.0,85448.0,254010.0
90559.0,85200.0,254415.0
233347.0,110106.0,253575.0
233952.0,210246.0,254166.0
235028.0,123144.0,254714.0
240752.0,73179.0,254107.0
233905.0,122809.0,253496.0
235368.0,73219.0,253951.0
90040.0,146946.0,253994.0
90197.0,208888.0,253794.0
235615.0,210458.0,253461.0
90290.0,116708.0,258090.0
233901.0,110217.0,254003.0
234210.0,122404.0,247516.0
90613.0,207782.0,253862.0
235332.0,221237.0,247825.0
159173.0,184322.0,248016.0
235299.0,85204.0,254371.0
233324.0,208340.0,253435.0
234124.0,85499.0,254173.0
233430.0,92017.0,254274.0
234317.0,208280.0,253871.0
233888.0,183737.0,253413.0
234003.0,208342.0,253970.0
234232.0,116565.0,253811.0
233955.0,195906.0,253827.0
233971.0,116821.0,254027.0
234387.0,98268.0,254138.0
232889.0,128921.0,254279.0
234657.0,208668.0,253612.0
234306.0,85552.0,246926.0
233617.0,153684.0,254402.0
234824.0,208719.0,254534.0
234647.0,85812.0,247796.0
90225.0,128743.0,254173.0
233752.0,171177.0,254778.0
240586.0,208384.0,254120.0
234149.0,202849.0,254081.0
90567.0,208339.0,254039.0
241344.0,116436.0,254167.0
233824.0,85430.0,253668.0
233771.0,86270.0,253655.0
233792.0,713.0,253945.0
234909.0,67357.0,254142.0
240615.0,17599.0,253759.0
241024.0,713.0,254158.0
233793.0,73127.0,253976.0
233124.0,110759.0,253866.0
233619.0,208127.0,248660.0
234549.0,85498.0,253876.0
90441.0,73099.0,253665.0
235165.0,73398.0,254045.0
234051.0,208404.0,254375.0
183525.0,116179.0,254052.0
233471.0,208864.0,254099.0
241607.0,208619.0,253622.0
235398.0,73107.0,253822.0
234300.0,85320.0,255502.0
233222.0,110368.0,253802.0
234066.0,195151.0,253760.0
233551.0,11632.0,253526.0
234394.0,777.0,249286.0
233999.0,11561.0,254048.0
233750.0,79706.0,253764.0
234448.0,220381.0,253843.0
90330.0,127930.0,247998.0
90416.0,124007.0,247576.0
234448.0,146320.0,254797.0
233783.0,128047.0,253901.0
233765.0,122334.0,253953.0
235124.0,73468.0,254091.0
240809.0,73475.0,254259.0
234315.0,208717.0,254271.0
90324.0,116442.0,253718.0
233425.0,73255.0,254511.0
90329.0,73489.0,254255.0
234139.0,85124.0,247350.0
234246.0,208308.0,254107.0
90512.0,221723.0,254171.0
233439.0,85661.0,254185.0
234087.0,207979.0,254336.0
233392.0,116246.0,254079.0
233741.0,116255.0,255014.0
234376.0,115979.0,254205.0
235116.0,86572.0,254041.0
90888.0,86686.0,253743.0
241135.0,85032.0,254016.0
234359.0,85390.0,254178.0
234476.0,203016.0,253759.0
203733.0,209023.0,254132.0
177936.0,152837.0,254601.0
233505.0,85406.0,247470.0
233940.0,208917.0,254299.0
233050.0,99130.0,254451.0
233881.0,73222.0,254822.0
234477.0,72929.0,253851.0
240483.0,208306.0,254303.0
90857.0,209836.0,253635.0
234148.0,221911.0,253677.0
90763.0,75530.0,247956.0
233834.0,73512.0,253571.0
233756.0,208706.0,253813.0
21917.0,73449.0,254128.0
233952.0,208666.0,254456.0
234164.0,147168.0,253529.0
240556.0,73523.0,247686.0
177743.0,220767.0,253947.0
234069.0,73569.0,254274.0
184141.0,209285.0,254038.0
234224.0,208004.0,249199.0
234075.0,73231.0,254008.0
233338.0,74786.0,254270.0
159447.0,74766.0,254325.0
90738.0,73484.0,254046.0
233689.0,208857.0,253983.0
234439.0,209096.0,87703.0
233776.0,73281.0,87923.0
234975.0,220940.0,87167.0
233242.0,208500.0,86591.0
159937.0,221766.0,87767.0
233111.0,73429.0,87798.0
90480.0,75073.0,87215.0
109628.0,73740.0,87541.0
234397.0,208355.0,88072.0
234613.0,73150.0,87205.0
240867.0,73847.0,87403.0
234424.0,221033.0,87029.0
235317.0,73453.0,87822.0
233905.0,73119.0,87762.0
234834.0,208263.0,87216.0
233922.0,209799.0,87014.0
240938.0,73398.0,87375.0
233016.0,209550.0,87272.0
241733.0,74525.0,87873.0
234400.0,209597.0,87369.0
233374.0,208872.0,87293.0
234199.0,73887.0,87728.0
177892.0,67068.0,86872.0
159021.0,91304.0,87989.0
235424.0,73446.0,87342.0
90947.0,73522.0,86941.0
234107.0,73365.0,87886.0
233859.0,73297.0,87477.0
90705.0,222002.0,87538.0
235586.0,73236.0,87398.0
234013.0,73512.0,87101.0
90302.0,221380.0,87669.0
234587.0,72972.0,87303.0
234281.0,209096.0,87299.0
240342.0,73297.0,86878.0
233815.0,209115.0,87459.0
233553.0,220666.0,87197.0
233547.0,220847.0,86879.0
232873.0,221485.0,87369.0
234055.0,73436.0,87219.0
234407.0,208775.0,87563.0
233950.0,208905.0,86745.0
90016.0,73463.0,87213.0
233564.0,72893.0,87314.0
233674.0,208503.0,87573.0
90683.0,208151.0,87440.0
233416.0,74248.0,88121.0
172719.0,73244.0,87272.0
234121.0,713.0,87901.0
241282.0,12347.0,87373.0
233791.0,11623.0,87544.0
233459.0,209118.0,88136.0
235102.0,207867.0,87298.0
172124.0,221711.0,87650.0
90516.0,209002.0,87462.0
240990.0,76012.0,87607.0
234596.0,73356.0,87052.0
90509.0,220675.0,87309.0
233517.0,73226.0,87036.0
233709.0,208961.0,88576.0
233822.0,73124.0,87207.0
233345.0,221288.0,88042.0
90917.0,208804.0,87408.0
233532.0,73217.0,87673.0
90505.0,208481.0,87116.0
240745.0,208623.0,88354.0
234433.0,208785.0,87298.0
234473.0,74308.0,87090.0
234009.0,73471.0,87337.0
90642.0,73296.0,87438.0
90346.0,73618.0,87207.0
91393.0,72940.0,87204.0
90975.0,208537.0,87565.0
91235.0,208410.0,87333.0
90861.0,209408.0,87279.0
90269.0,208991.0,88008.0
91327.0,75221.0,87077.0
90304.0,209160.0,87115.0
91067.0,221515.0,87638.0
90387.0,209190.0,87217.0
90320.0,73226.0,87365.0
190812.0,221816.0,87729.0
90325.0,73311.0,86717.0
90777.0,208863.0,87413.0
90805.0,73194.0,87446.0
91357.0,220686.0,86858.0
91526.0,208818.0,87561.0
90683.0,73251.0,86840.0
90684.0,73046.0,88076.0
97460.0,208170.0,86831.0
90822.0,713.0,87037.0
91891.0,208433.0,87021.0
90675.0,4936.0,88529.0
89971.0,17413.0,87551.0
90842.0,91997.0,87688.0
90693.0,37091.0,87201.0
90471.0,208931.0,87672.0
90258.0,75409.0,87672.0
90620.0,209053.0,87140.0
90345.0,208600.0,87401.0
90766.0,73382.0,87099.0
91026.0,73690.0,87831.0
90223.0,220474.0,87339.0
90819.0,209278.0,87512.0
90235.0,208779.0,87201.0
90070.0,210598.0,87694.0
90748.0,73502.0,87315.0
90570.0,208919.0,89400.0
90335.0,73816.0,87442.0
91060.0,73488.0,87304.0
90663.0,221673.0,87758.0
90720.0,72939.0,88154.0
90046.0,73460.0,87057.0
91269.0,210424.0,87848.0
234685.0,208087.0,87040.0
96791.0,208963.0,87215.0
89873.0,73468.0,88359.0
90619.0,222640.0,87597.0
90320.0,74910.0,87113.0
90633.0,207893.0,86906.0
90300.0,221451.0,87786.0
90586.0,209492.0,87500.0
91417.0,209056.0,87540.0
90622.0,208499.0,88103.0
90192.0,73388.0,759.0
90622.0,73412.0,11610.0
90292.0,73223.0,80941.0
90143.0,220830.0,87741.0
91654.0,208526.0,87105.0
90777.0,73570.0,87543.0
90534.0,209127.0,87807.0
90171.0,73346.0,87511.0
91762.0,208132.0,86847.0
91228.0,73312.0,87344.0
90525.0,221161.0,87479.0
90805.0,220790.0,86852.0
91229.0,72983.0,87691.0
90996.0,208868.0,87694.0
234539.0,73680.0,87176.0
90116.0,73315.0,87399.0
90586.0,74516.0,87700.0
90141.0,73564.0,86886.0
90466.0,73004.0,87417.0
90467.0,201616.0,87638.0
90463.0,11617.0,87172.0
90356.0,73497.0,88602.0
90674.0,73467.0,87540.0
90509.0,220557.0,86718.0
91056.0,207844.0,87638.0
90649.0,220794.0,87350.0
90374.0,208204.0,87688.0
90218.0,208719.0,87201.0
90880.0,208248.0,87952.0
90580.0,208225.0,87603.0
90600.0,73410.0,86627.0
91153.0,74079.0,87938.0
91769.0,209080.0,87208.0
90491.0,207680.0,87513.0
90669.0,220522.0,87919.0
96671.0,72999.0,87598.0
90822.0,72989.0,87838.0
234878.0,208433.0,87186.0
91027.0,75334.0,88111.0
90384.0,220641.0,87082.0
90266.0,73301.0,88271.0
90797.0,208685.0,87078.0
90791.0,221206.0,87033.0
90856.0,73241.0,87602.0
90423.0,209211.0,87903.0
90372.0,48861.0,88000.0
235284.0,769.0,87568.0
90527.0,208649.0,86883.0
90646.0,209361.0,87514.0
115782.0,208906.0,87118.0
90762.0,73163.0,87574.0
90179.0,221390.0,87669.0
90700.0,72999.0,86501.0
103317.0,207839.0,87385.0
90626.0,73267.0,87758.0
90604.0,73509.0,87310.0
90688.0,75261.0,87078.0
92212.0,134389.0,87763.0
90353.0,11652.0,87007.0
90764.0,4145.0,87136.0
90369.0,17475.0,87694.0
90634.0,4177.0,87467.0
91820.0,76196.0,87060.0
234926.0,73284.0,87275.0
90374.0,73260.0,87313.0
90230.0,76044.0,87464.0
90827.0,73609.0,87085.0
90347.0,208489.0,87120.0
90588.0,73191.0,87403.0
90102.0,208521.0,87472.0
90766.0,209259.0,87741.0
91714.0,208758.0,86976.0
90408.0,221656.0,87320.0
92138.0,73233.0,87236.0
90756.0,76403.0,87736.0
90918.0,73404.0,87030.0
234201.0,75237.0,87565.0
90466.0,73660.0,88270.0
90223.0,208399.0,87543.0
90097.0,208452.0,87173.0
127938.0,208238.0,87486.0
90492.0,208164.0,87605.0
204776.0,208229.0,87226.0
92000.0,74003.0,87288.0
90332.0,208414.0,87508.0
90251.0,61272.0,87413.0
90604.0,209221.0,87693.0
90987.0,73505.0,86933.0
91836.0,85550.0,87649.0
90331.0,85707.0,87118.0
90747.0,73467.0,87123.0
90972.0,85572.0,87138.0
90531.0,89173.0,87665.0
90787.0,73729.0,88158.0
90927.0,73897.0,87356.0
89807.0,86939.0,87249.0
90716.0,86077.0,87494.0
90953.0,88385.0,87318.0
91000.0,86821.0,87593.0
90061.0,74026.0,87488.0
90065.0,86968.0,87085.0
90882.0,73885.0,87007.0
90929.0,73736.0,87468.0
90248.0,73694.0,87405.0
90742.0,73043.0,86910.0
90468.0,85320.0,87446.0
90320.0,75842.0,87690.0
90519.0,87569.0,87400.0
90312.0,85727.0,87718.0
90114.0,74155.0,87340.0
90352.0,85452.0,87626.0
90427.0,73185.0,86714.0
90246.0,85397.0,87905.0
90276.0,87754.0,86893.0
92324.0,87019.0,87008.0
90993.0,73580.0,87464.0
90258.0,73767.0,87114.0
91405.0,73953.0,87847.0
90417.0,73526.0,87661.0
92030.0,73365.0,87425.0
90825.0,74104.0,86955.0
90831.0,86466.0,88026.0
90561.0,73262.0,87132.0
89987.0,77078.0,87397.0
90710.0,74927.0,87350.0
90955.0,73461.0,86957.0
115650.0,73659.0,87515.0
91791.0,73573.0,87057.0
97002.0,85571.0,88225.0
90489.0,87451.0,87423.0
90537.0,90389.0,87381.0
90287.0,74912.0,87159.0
90338.0,86263.0,87146.0
90407.0,76118.0,87447.0
90584.0,73538.0,87802.0
91079.0,85420.0,87275.0
90715.0,73774.0,87397.0
90512.0,85962.0,87063.0
90297.0,73131.0,87457.0
90797.0,73899.0,87288.0
90772.0,87467.0,87832.0
90235.0,221425.0,87083.0
90016.0,76195.0,86969.0
90201.0,73447.0,87197.0
216437.0,85347.0,88927.0
90195.0,73811.0,87129.0
90421.0,86905.0,87531.0
90277.0,87573.0,87103.0
90837.0,73320.0,87222.0
90067.0,73508.0,87518.0
90656.0,87324.0,87095.0
90962.0,85860.0,87101.0
90467.0,87364.0,87617.0
97200.0,86944.0,87380.0
90166.0,73279.0,87388.0
10605.0,87109.0,87547.0
6741.0,72823.0,87628.0
10669.0,87382.0,88101.0
10551.0,73145.0,87447.0
11421.0,85418.0,86929.0
10551.0,86521.0,87933.0
6677.0,74054.0,86892.0
6613.0,73508.0,87354.0
18548.0,73824.0,88523.0
10605.0,73435.0,87608.0
10605.0,86612.0,88183.0
10551.0,73840.0,87325.0
10605.0,85422.0,87557.0
6677.0,73269.0,87948.0
10669.0,73161.0,87419.0
10669.0,86894.0,87491.0
10615.0,73877.0,87005.0
10615.0,86885.0,87618.0
6741.0,73474.0,87648.0
10551.0,89508.0,87106.0
10605.0,89870.0,87533.0
6677.0,86146.0,759.0
10669.0,74017.0,11607.0
10551.0,73555.0,81528.0
10605.0,87643.0,86778.0
10669.0,88414.0,87398.0
6677.0,85929.0,87180.0
10573.0,75172.0,87236.0
6729.0,73342.0,88339.0
6677.0,87134.0,87914.0
10605.0,74132.0,87384.0
6645.0,85468.0,87194.0
10615.0,73940.0,86850.0
6741.0,73329.0,87859.0
6677.0,86123.0,87093.0
6677.0,73588.0,87195.0
6677.0,73070.0,88351.0
110967.0,73797.0,87640.0
10551.0,73157.0,86887.0
10803.0,73863.0,86869.0
10605.0,87386.0,87526.0
6677.0,73252.0,87834.0
10605.0,74970.0,87337.0
10551.0,73878.0,87513.0
10605.0,73588.0,87347.0
6677.0,86383.0,87425.0
6677.0,85292.0,87393.0
11421.0,88224.0,86860.0
10603.0,85962.0,87135.0
6677.0,73730.0,87341.0
11443.0,88695.0,87228.0
10551.0,73337.0,88040.0
6613.0,87572.0,87210.0
10605.0,86830.0,87458.0
10551.0,90917.0,86771.0
6677.0,89487.0,87340.0
6613.0,85346.0,87836.0
10615.0,73604.0,87580.0
17803.0,86280.0,87742.0
10627.0,73093.0,87279.0
111418.0,73684.0,87470.0
6741.0,73063.0,87576.0
10605.0,87143.0,86982.0
10605.0,73392.0,87776.0
6741.0,85961.0,89116.0
10551.0,73209.0,87311.0
6677.0,73717.0,87424.0
10551.0,73323.0,87560.0
10149.0,73154.0,87022.0
10605.0,73526.0,86931.0
6677.0,85236.0,87143.0
10657.0,73631.0,88296.0
10605.0,73487.0,88161.0
10605.0,73532.0,87383.0
79456.0,86119.0,88114.0
10551.0,73954.0,87371.0
10605.0,73344.0,87903.0
10605.0,89203.0,87781.0
6677.0,86144.0,87462.0
6677.0,73448.0,87296.0
10551.0,73859.0,87815.0
10669.0,89199.0,87326.0
10605.0,86038.0,87400.0
6677.0,88174.0,87308.0
10551.0,88355.0,87811.0
10669.0,76269.0,87523.0
6677.0,89059.0,87258.0
10605.0,73179.0,87246.0
6677.0,87066.0,88441.0
10573.0,91939.0,87775.0
10669.0,75180.0,87442.0
6613.0,74899.0,87064.0
6677.0,86343.0,87364.0
6677.0,85829.0,87404.0
10605.0,87926.0,87573.0
6677.0,85184.0,86997.0
10605.0,74814.0,86985.0
10605.0,87376.0,87469.0
6677.0,73163.0,87022.0
10551.0,73682.0,87357.0
10605.0,85449.0,87131.0
10605.0,85353.0,87452.0
11507.0,85819.0,89196.0
6677.0,88477.0,87556.0
110916.0,73593.0,87949.0
17833.0,75858.0,87023.0
10551.0,73517.0,87106.0
10605.0,87266.0,87339.0
10669.0,73660.0,87604.0
10551.0,73597.0,87155.0
10551.0,73144.0,87870.0
10551.0,74081.0,87076.0
6677.0,73353.0,87377.0
10605.0,85842.0,87089.0
6677.0,223780.0,87903.0
10551.0,86960.0,87042.0
104519.0,87184.0,87621.0
6677.0,86031.0,87188.0
10551.0,73119.0,88050.0
10605.0,90152.0,87403.0
10519.0,86693.0,87263.0
6677.0,73699.0,87531.0
6677.0,88482.0,87511.0
10669.0,73599.0,87539.0
10605.0,73348.0,87245.0
10605.0,73058.0,87070.0
6677.0,87114.0,86951.0
10605.0,89483.0,87179.0
10627.0,74026.0,87380.0
6677.0,73802.0,88344.0
6677.0,73293.0,87101.0
10573.0,73194.0,87457.0
6645.0,72987.0,87194.0
10605.0,88455.0,87333.0
10573.0,73489.0,87338.0
6677.0,85786.0,87071.0
10625.0,73368.0,87179.0
6677.0,73622.0,87080.0
6613.0,89716.0,87475.0
11529.0,85928.0,87386.0
10551.0,73417.0,87563.0
10605.0,74832.0,87585.0
6677.0,82643.0,88478.0
10615.0,87295.0,88104.0
10605.0,75028.0,87350.0
6677.0,75269.0,87348.0
10551.0,74363.0,88008.0
10605.0,73045.0,87094.0
6741.0,73807.0,87732.0
6677.0,85736.0,87748.0
111236.0,73446.0,5673.0
10605.0,73587.0,5739.0
6741.0,73958.0,11874.0
10551.0,86805.0,99607.0
6677.0,86049.0,4711.0
6677.0,73283.0,5673.0
10551.0,73858.0,24648.0
10605.0,73224.0,11842.0
10551.0,73401.0,93718.0
10573.0,73313.0,106294.0
10605.0,67169.0,5575.0
17888.0,72751.0,105705.0
10551.0,73406.0,106213.0
10551.0,4625.0,4777.0
10605.0,73056.0,105647.0
6677.0,72171.0,4807.0
10605.0,72630.0,18268.0
10681.0,73474.0,99464.0
10615.0,72693.0,100077.0
10551.0,73229.0,5739.0
6677.0,73041.0,11791.0
6677.0,73381.0,5705.0
10605.0,73078.0,5769.0
10605.0,73160.0,5673.0
10551.0,72676.0,11845.0
10645.0,73327.0,100411.0
6677.0,72646.0,100536.0
6785.0,73071.0,5739.0
10605.0,72446.0,24668.0
10615.0,73166.0,10483.0
6677.0,73201.0,4841.0
6677.0,72688.0,99394.0
10605.0,72328.0,5673.0
6613.0,72962.0,4961.0
6677.0,73153.0,5705.0
10551.0,73569.0,4743.0
10551.0,73043.0,5607.0
6677.0,72639.0,759.0
10605.0,73080.0,99972.0
6741.0,73556.0,74504.0
6613.0,73233.0,80143.0
6677.0,73434.0,4809.0
10669.0,72695.0,94140.0
10573.0,73021.0,99143.0
6613.0,73098.0,11939.0
10551.0,73414.0,5146.0
6677.0,73027.0,5577.0
6677.0,73388.0,11808.0
253040.0,54991.0,106573.0
259125.0,72655.0,4809.0
252116.0,73003.0,100200.0
252787.0,73461.0,4809.0
265520.0,73802.0,11863.0
254594.0,72597.0,4078.0
259530.0,73491.0,99206.0
259390.0,73237.0,5705.0
254757.0,73218.0,5705.0
252249.0,73154.0,5607.0
258862.0,73098.0,11996.0
252514.0,73482.0,11930.0
116922.0,73112.0,5609.0
252213.0,73529.0,11810.0
259248.0,73435.0,5607.0
252941.0,67113.0,4743.0
252756.0,73285.0,5509.0
252747.0,73803.0,24899.0
253453.0,73183.0,5673.0
251838.0,48704.0,11876.0
260144.0,72712.0,105883.0
264850.0,73078.0,4809.0
258794.0,72761.0,5511.0
258526.0,73245.0,106693.0
252382.0,73662.0,11786.0
260237.0,72998.0,5607.0
251454.0,73458.0,99658.0
267088.0,60854.0,4743.0
254149.0,54883.0,5641.0
258216.0,72993.0,100868.0
252909.0,73364.0,5511.0
259570.0,30312.0,5837.0
253570.0,73291.0,5095.0
252782.0,11920.0,68322.0
259511.0,72709.0,5771.0
252429.0,73521.0,11790.0
252532.0,73521.0,30954.0
259960.0,73210.0,5769.0
258862.0,73132.0,80799.0
265079.0,72725.0,99928.0
257830.0,73266.0,11961.0
257902.0,73431.0,100399.0
252283.0,61731.0,4807.0
266574.0,72641.0,11894.0
266825.0,55068.0,4745.0
264994.0,73157.0,4807.0
266610.0,73830.0,5739.0
252960.0,73691.0,42980.0
258952.0,73494.0,106347.0
252762.0,73184.0,11731.0
265171.0,72439.0,5671.0
263724.0,73396.0,49234.0
252093.0,72750.0,43980.0
254006.0,73051.0,99645.0
259162.0,73228.0,5835.0
259498.0,73180.0,99266.0
251815.0,73350.0,11990.0
260319.0,73568.0,4711.0
253159.0,67292.0,99817.0
252499.0,208726.0,99662.0
259952.0,75196.0,4777.0
153805.0,73423.0,105626.0
252991.0,73251.0,5673.0
260762.0,72706.0,55828.0
254824.0,73187.0,11994.0
241715.0,73687.0,5771.0
253890.0,72782.0,99838.0
258914.0,73413.0,4743.0
258094.0,73970.0,4809.0
253039.0,72610.0,99896.0
252734.0,73443.0,4743.0
261542.0,73393.0,106595.0
265906.0,72849.0,12073.0
252665.0,55063.0,92682.0
215126.0,73296.0,5607.0
259790.0,73506.0,5769.0
266526.0,54769.0,105433.0
258878.0,61179.0,5607.0
252479.0,73439.0,6733.0
251883.0,73287.0,4873.0
265566.0,73204.0,5641.0
267286.0,72965.0,5641.0
265933.0,73462.0,99838.0
254207.0,73383.0,12193.0
260976.0,73017.0,24398.0
261174.0,73236.0,81133.0
265518.0,73662.0,4743.0
260520.0,73276.0,99364.0
264749.0,73602.0,93616.0
252975.0,72685.0,106724.0
264644.0,73421.0,5739.0
258192.0,73290.0,101118.0
264710.0,73286.0,106622.0
252831.0,73396.0,93002.0
251974.0,73104.0,5771.0
253328.0,73442.0,5705.0
261576.0,72671.0,100204.0
251868.0,208337.0,12050.0
260690.0,74439.0,5771.0
240954.0,67455.0,5607.0
265161.0,713.0,105498.0
254686.0,11515.0,4777.0
262090.0,4667.0,106368.0
247442.0,73390.0,106705.0
253096.0,73515.0,5577.0
253916.0,73141.0,4777.0
253222.0,73063.0,4743.0
252297.0,73026.0,4873.0
252139.0,73238.0,11916.0
251447.0,73400.0,4873.0
252662.0,72933.0,4711.0
265791.0,73427.0,5737.0
253672.0,73616.0,99889.0
260918.0,73439.0,5018.0
241640.0,152972.0,99445.0
252264.0,73376.0,4841.0
252433.0,220886.0,99565.0
253565.0,73363.0,11928.0
252454.0,73327.0,93520.0
264867.0,73528.0,99505.0
266117.0,73082.0,5643.0
266984.0,73276.0,106142.0
267040.0,122451.0,5847.0
253983.0,72731.0,5607.0
251722.0,73158.0,11961.0
265534.0,73350.0,11974.0
253512.0,73242.0,5923.0
265413.0,73411.0,5673.0
258557.0,60991.0,30621.0
267740.0,73368.0,106306.0
252899.0,73617.0,5771.0
252549.0,73579.0,5607.0
254818.0,73133.0,711.0
252337.0,73464.0,4278.0
254721.0,73115.0,99938.0
228399.0,73087.0,5673.0
259082.0,72652.0,5835.0
268380.0,73195.0,5607.0
198359.0,73282.0,100084.0
265316.0,73385.0,12179.0
255460.0,61603.0,105841.0
265743.0,73533.0,99500.0
259162.0,73530.0,4755.0
251988.0,73273.0,99454.0
253172.0,73537.0,4743.0
258376.0,73103.0,105018.0
265435.0,73420.0,100402.0
259738.0,73405.0,4807.0
252908.0,61015.0,92950.0
259696.0,72653.0,4743.0
240851.0,73487.0,99337.0
264812.0,73438.0,106318.0
264636.0,73095.0,18387.0
264922.0,72830.0,106239.0
253725.0,73432.0,99694.0
265219.0,73358.0,12027.0
254641.0,73042.0,93391.0
261029.0,73184.0,5771.0
260696.0,72884.0,11656.0
254429.0,73621.0,5511.0
253097.0,67503.0,4777.0
252556.0,73221.0,5671.0
259058.0,202575.0,106140.0
260026.0,11557.0,105405.0
240477.0,73548.0,106001.0
258856.0,42509.0,106059.0
265548.0,72707.0,105858.0
253434.0,73467.0,106160.0
252961.0,73354.0,105956.0
252135.0,73359.0,105773.0
265233.0,73262.0,106256.0
265751.0,73379.0,105945.0
253090.0,73461.0,107318.0
260095.0,73259.0,107041.0
258870.0,73616.0,106614.0
253977.0,73753.0,110794.0
260206.0,72891.0,106805.0
258930.0,72976.0,106798.0
252490.0,73230.0,106351.0
259456.0,73596.0,106714.0
266816.0,73261.0,105736.0
253392.0,72706.0,107323.0
264271.0,67507.0,106046.0
135584.0,73635.0,106461.0
260632.0,73428.0,106458.0
264953.0,73433.0,106128.0
266003.0,73106.0,107071.0
264421.0,220619.0,106369.0
265885.0,60868.0,106762.0
265906.0,55069.0,106875.0
259630.0,73632.0,105531.0
252091.0,72080.0,106177.0
260446.0,73933.0,106485.0
253928.0,72670.0,105608.0
254028.0,73194.0,106149.0
252801.0,73137.0,106116.0
260225.0,72868.0,107073.0
252302.0,73349.0,106314.0
266844.0,73473.0,106090.0
252434.0,73768.0,106024.0
265010.0,73376.0,106603.0
258540.0,73299.0,106874.0
106132.0,72962.0,106335.0
89014.0,73354.0,106540.0
88821.0,73313.0,106676.0
89373.0,73438.0,106804.0
88655.0,73190.0,106662.0
230484.0,11809.0,106138.0
89718.0,713.0,106100.0
88783.0,17636.0,107841.0
89574.0,713.0,105441.0
89402.0,49241.0,106171.0
89382.0,73436.0,105908.0
89424.0,73490.0,107280.0
89029.0,66956.0,106351.0
89072.0,73177.0,107162.0
89414.0,73441.0,106066.0
89179.0,17723.0,108881.0
89709.0,713.0,106154.0
163551.0,11749.0,107286.0
89416.0,73395.0,106884.0
89576.0,713.0,106107.0
89096.0,72655.0,106403.0
89180.0,73545.0,106704.0
90580.0,73268.0,106125.0
90222.0,73855.0,106480.0
92691.0,73413.0,759.0
88691.0,85777.0,11597.0
88936.0,85822.0,759.0
89109.0,85796.0,105978.0
89226.0,85599.0,106596.0
89081.0,86216.0,106474.0
89220.0,85584.0,107163.0
89752.0,85330.0,105946.0
90175.0,85947.0,106286.0
89241.0,85609.0,106499.0
218198.0,85866.0,106866.0
213855.0,85500.0,106061.0
89362.0,85405.0,105838.0
212483.0,85724.0,106148.0
99234.0,85919.0,106655.0
113427.0,85779.0,106111.0
89769.0,85504.0,105659.0
89054.0,87186.0,105472.0
77012.0,85529.0,105826.0
89014.0,85976.0,106167.0
89198.0,86189.0,106637.0
89238.0,85589.0,106464.0
89601.0,87692.0,106377.0
89107.0,85390.0,105650.0
89275.0,85509.0,107428.0
89743.0,85846.0,107035.0
211797.0,85662.0,105913.0
89001.0,86600.0,106760.0
88638.0,85004.0,105994.0
89138.0,85182.0,106544.0
88988.0,85871.0,106022.0
91156.0,85418.0,106174.0
89030.0,85805.0,37101.0
89154.0,85777.0,105390.0
89405.0,85649.0,87206.0
89018.0,87786.0,106408.0
89322.0,85751.0,105502.0
89253.0,86037.0,107340.0
89298.0,86983.0,106261.0
89494.0,85525.0,107225.0
88748.0,85415.0,106435.0
89124.0,85151.0,106339.0
89616.0,73351.0,106192.0
89115.0,85665.0,106266.0
89733.0,85895.0,106738.0
89152.0,85455.0,105658.0
225897.0,86020.0,106089.0
89408.0,85607.0,106445.0
174831.0,86282.0,107997.0
89334.0,85526.0,105549.0
88858.0,85785.0,105935.0
88751.0,85867.0,112688.0
89249.0,85490.0,105738.0
89183.0,85620.0,106092.0
89025.0,85492.0,105832.0
89047.0,85599.0,106984.0
88662.0,85807.0,107262.0
89174.0,86229.0,107418.0
89660.0,214774.0,106237.0
89909.0,85393.0,106838.0
89232.0,87989.0,106017.0
89321.0,85977.0,106157.0
92819.0,73244.0,105662.0
89111.0,87534.0,106846.0
88765.0,85507.0,108350.0
90790.0,85481.0,106311.0
88856.0,86022.0,106567.0
90617.0,87045.0,106263.0
89176.0,85615.0,106080.0
89020.0,85861.0,106003.0
90094.0,85749.0,12140.0
91835.0,85354.0,106129.0
132082.0,85367.0,106324.0
89047.0,73520.0,106272.0
88968.0,85481.0,106083.0
90505.0,85937.0,106115.0
89459.0,85460.0,105803.0
88835.0,85530.0,106643.0
89106.0,85588.0,4819.0
88972.0,85676.0,106445.0
89321.0,85635.0,106102.0
88713.0,85978.0,107592.0
89106.0,85342.0,108094.0
89151.0,85773.0,105981.0
92573.0,85648.0,106773.0
90574.0,85366.0,107948.0
4721.0,85700.0,106473.0
4721.0,85329.0,106276.0
4721.0,85913.0,106575.0
4677.0,85849.0,105758.0
4781.0,85960.0,106226.0
4781.0,85881.0,107030.0
4781.0,85614.0,106555.0
4781.0,85866.0,4905.0
4781.0,85247.0,107700.0
85094.0,86000.0,105849.0
4761.0,85432.0,106868.0
4645.0,86025.0,106199.0
4781.0,85466.0,106341.0
4781.0,85793.0,105657.0
88731.0,85881.0,106333.0
88921.0,85828.0,106240.0
94410.0,85277.0,106076.0
169169.0,85619.0,106439.0
89110.0,85535.0,106677.0
89222.0,85995.0,106315.0
89929.0,85473.0,107354.0
89156.0,85592.0,106814.0
90689.0,86024.0,106055.0
89159.0,85769.0,105475.0
88999.0,85381.0,106264.0
89119.0,85626.0,106930.0
89247.0,85460.0,105977.0
89437.0,85183.0,105654.0
89796.0,85556.0,105724.0
90591.0,85316.0,106604.0
89406.0,85893.0,106881.0
89137.0,85596.0,105868.0
95944.0,86013.0,105689.0
90520.0,85633.0,106847.0
88955.0,85639.0,106618.0
88739.0,85558.0,107356.0
88938.0,85325.0,106048.0
88831.0,85179.0,106769.0
89663.0,85653.0,105368.0
212265.0,73404.0,106770.0
89159.0,85745.0,106604.0
89685.0,87055.0,106440.0
89153.0,87435.0,106434.0
90437.0,86046.0,106532.0
89073.0,85525.0,106350.0
95472.0,85468.0,106563.0
89419.0,85777.0,106036.0
88948.0,86078.0,106733.0
89103.0,85799.0,106222.0
90212.0,86006.0,106473.0
89526.0,85337.0,106470.0
89617.0,85470.0,106211.0
218193.0,86004.0,106086.0
88644.0,85701.0,106085.0
89927.0,85745.0,106791.0
91230.0,85275.0,106833.0
89916.0,85376.0,106770.0
88942.0,85682.0,106397.0
88900.0,87413.0,105952.0
89034.0,85772.0,106486.0
89970.0,85637.0,105890.0
88833.0,85505.0,87397.0
90531.0,85481.0,87009.0
88652.0,86142.0,87195.0
147970.0,85983.0,87145.0
89446.0,85718.0,86740.0
89461.0,85525.0,87298.0
89650.0,85866.0,87561.0
89169.0,85777.0,87108.0
89145.0,85879.0,87305.0
88813.0,85714.0,87375.0
89546.0,87033.0,87014.0
88956.0,86815.0,87045.0
89362.0,85474.0,86909.0
89449.0,713.0,87274.0
89393.0,85545.0,87529.0
89649.0,86038.0,87308.0
225168.0,86033.0,87502.0
91844.0,85736.0,87111.0
89881.0,85927.0,87373.0
89759.0,86101.0,87597.0
90450.0,85666.0,87250.0
90017.0,85439.0,87704.0
89381.0,86071.0,87876.0
89148.0,87290.0,87342.0
88837.0,85245.0,87363.0
89083.0,85579.0,87546.0
89821.0,85392.0,87838.0
89134.0,85377.0,88344.0
89083.0,87059.0,87692.0
89466.0,85633.0,87354.0
89080.0,85369.0,87716.0
89263.0,85452.0,87146.0
89194.0,85754.0,87035.0
89159.0,85587.0,87205.0
89748.0,85661.0,88023.0
89414.0,85328.0,87038.0
89576.0,85583.0,87900.0
89134.0,85652.0,87627.0
171328.0,85450.0,87757.0
89294.0,85635.0,87736.0
114023.0,73634.0,87255.0
89340.0,85825.0,87566.0
88676.0,89271.0,87833.0
89380.0,85162.0,87397.0
88909.0,85387.0,87715.0
91589.0,85432.0,87133.0
98251.0,85471.0,87756.0
89754.0,86110.0,87676.0
89092.0,86001.0,87243.0
132563.0,85509.0,87470.0
90214.0,85860.0,87286.0
90327.0,87085.0,87735.0
90702.0,85745.0,86566.0
90770.0,85756.0,87283.0
90779.0,85419.0,87417.0
90869.0,85927.0,87365.0
90306.0,85347.0,87156.0
90421.0,85605.0,86938.0
90606.0,85490.0,86782.0
90563.0,85419.0,87218.0
90196.0,85765.0,86914.0
90393.0,85704.0,87528.0
90618.0,85860.0,88104.0
90493.0,85457.0,87899.0
90986.0,85618.0,88038.0
89934.0,85493.0,87198.0
90764.0,85538.0,86816.0
90175.0,73925.0,87319.0
90715.0,85984.0,87306.0
90927.0,86998.0,87902.0
90332.0,85464.0,87116.0
90362.0,73873.0,87633.0
90421.0,85669.0,759.0
91006.0,85941.0,17779.0
90680.0,85590.0,759.0
90409.0,85857.0,80654.0
90599.0,85966.0,87276.0
91038.0,85869.0,87437.0
90616.0,85186.0,87952.0
90681.0,87178.0,87179.0
90737.0,85628.0,87476.0
90874.0,85372.0,87637.0
90749.0,85944.0,87732.0
90583.0,86767.0,87105.0
90588.0,85140.0,87970.0
90616.0,85194.0,87314.0
91015.0,73082.0,88779.0
90963.0,73367.0,86747.0
90306.0,72937.0,87474.0
90595.0,184129.0,87555.0
90445.0,85432.0,87615.0
90792.0,171407.0,87288.0
90439.0,85670.0,87501.0
90545.0,85638.0,87139.0
90436.0,171673.0,87242.0
90475.0,73195.0,87671.0
90510.0,713.0,87041.0
90858.0,159311.0,87562.0
90438.0,73109.0,87937.0
90482.0,73144.0,87275.0
90523.0,85688.0,87041.0
90182.0,85870.0,87724.0
90267.0,84993.0,87966.0
90513.0,73377.0,87209.0
91088.0,153024.0,87919.0
89775.0,85505.0,87441.0
90276.0,84967.0,87996.0
90784.0,85239.0,87163.0
90545.0,165862.0,87466.0
91020.0,73366.0,87314.0
90188.0,73237.0,87390.0
90165.0,73436.0,87402.0
90516.0,73010.0,87748.0
90717.0,73506.0,87920.0
90489.0,85638.0,87764.0
90531.0,85502.0,87083.0
90042.0,171938.0,87345.0
90483.0,73255.0,88095.0
91051.0,72960.0,87206.0
90984.0,85714.0,88197.0
90205.0,85119.0,87632.0
90923.0,85368.0,87432.0
90289.0,154808.0,87145.0
90238.0,73203.0,87867.0
91462.0,73016.0,87589.0
90628.0,85385.0,87341.0
91066.0,85434.0,87310.0
90469.0,73208.0,88160.0
90725.0,153055.0,87266.0
90577.0,85677.0,88124.0
90604.0,73631.0,87334.0
90574.0,85363.0,87337.0
90631.0,73119.0,87237.0
90521.0,73363.0,87563.0
90622.0,73212.0,87409.0
90637.0,85696.0,87052.0
90930.0,73442.0,87961.0
90587.0,73580.0,87073.0
90264.0,72910.0,87334.0
90454.0,85569.0,87379.0
90710.0,85493.0,87639.0
91044.0,73222.0,87630.0
90769.0,85873.0,87637.0
90832.0,85532.0,86912.0
90475.0,73324.0,87902.0
91205.0,153145.0,87533.0
90145.0,73560.0,88879.0
90370.0,73414.0,87944.0
90268.0,73653.0,87047.0
90513.0,171509.0,87537.0
90335.0,85740.0,87151.0
90014.0,85755.0,87143.0
90350.0,73605.0,88101.0
90482.0,72866.0,87837.0
90325.0,73145.0,87919.0
90238.0,73729.0,86903.0
90774.0,73326.0,87009.0
90588.0,73196.0,87432.0
90409.0,85533.0,87616.0
90307.0,85520.0,87922.0
91021.0,85363.0,87288.0
90638.0,73336.0,87070.0
89921.0,85553.0,87699.0
90528.0,84968.0,87624.0
90758.0,85701.0,87484.0
90530.0,73252.0,86928.0
90921.0,73189.0,87359.0
90529.0,85737.0,87737.0
90687.0,85363.0,87471.0
90616.0,85369.0,87615.0
90413.0,220743.0,87043.0
90787.0,85373.0,87694.0
90776.0,85751.0,87585.0
90321.0,85564.0,87229.0
90487.0,191251.0,87431.0
90684.0,160074.0,87148.0
90425.0,85679.0,87405.0
90752.0,73019.0,87247.0
90772.0,73016.0,87411.0
90495.0,166326.0,88171.0
90283.0,159104.0,87515.0
90340.0,85736.0,87683.0
91200.0,73269.0,87520.0
90316.0,165430.0,87632.0
90300.0,73438.0,86981.0
90905.0,86256.0,88034.0
90319.0,73468.0,87920.0
90251.0,85246.0,87764.0
90383.0,189740.0,88650.0
90411.0,159604.0,88366.0
90594.0,85533.0,87274.0
90506.0,85357.0,87649.0
90810.0,85437.0,86807.0
90559.0,85445.0,87378.0
90963.0,85163.0,87984.0
90385.0,85540.0,87355.0
90515.0,85346.0,87665.0
90648.0,184467.0,87542.0
90770.0,85590.0,87369.0
90572.0,73526.0,87631.0
90553.0,85518.0,87280.0
90479.0,73319.0,87460.0
90260.0,85453.0,87055.0
90824.0,73477.0,87203.0
90048.0,72958.0,87543.0
90042.0,73424.0,88650.0
90711.0,153455.0,87202.0
90123.0,86139.0,87530.0
90586.0,73389.0,106557.0
90794.0,73500.0,100334.0
90671.0,85486.0,106057.0
90323.0,74081.0,106755.0
91297.0,73242.0,107433.0
90312.0,73282.0,106803.0
90491.0,85080.0,106308.0
91793.0,73157.0,105638.0
91131.0,73259.0,100213.0
90610.0,171677.0,106073.0
90494.0,85281.0,105860.0
90434.0,85087.0,107005.0
90199.0,85287.0,107296.0
90571.0,73923.0,31307.0
90895.0,73404.0,106036.0
91258.0,73236.0,106906.0
90680.0,85031.0,107189.0
90884.0,86765.0,107463.0
90528.0,73215.0,106813.0
90914.0,73483.0,106398.0
90794.0,73083.0,108017.0
90650.0,85447.0,106685.0
90629.0,166215.0,106270.0
90832.0,73463.0,106644.0
91115.0,85259.0,105879.0
90877.0,152955.0,106182.0
90527.0,85936.0,105406.0
90714.0,73214.0,106332.0
90777.0,85741.0,105868.0
90996.0,73352.0,105788.0
90376.0,73471.0,105409.0
90716.0,73533.0,106836.0
90240.0,85367.0,106806.0
90036.0,85395.0,107270.0
90417.0,85125.0,106380.0
90763.0,85304.0,105945.0
78105.0,73154.0,106662.0
90728.0,74766.0,81575.0
90707.0,85232.0,106174.0
90959.0,154010.0,107161.0
90328.0,85609.0,106898.0
90750.0,85689.0,106656.0
90504.0,73627.0,88468.0
90688.0,73323.0,106471.0
90720.0,85131.0,105919.0
90796.0,85502.0,106210.0
90493.0,73529.0,105770.0
90816.0,73514.0,107626.0
90326.0,85459.0,108523.0
90246.0,85406.0,105438.0
90705.0,85449.0,106383.0
90461.0,85411.0,106445.0
90674.0,73014.0,107600.0
90815.0,85328.0,107216.0
90745.0,153525.0,107003.0
90016.0,85501.0,105920.0
90513.0,190014.0,105449.0
91259.0,73478.0,105704.0
90670.0,85772.0,105994.0
90583.0,73216.0,106013.0
90604.0,85413.0,106444.0
90435.0,73247.0,106283.0
90627.0,85583.0,106096.0
90356.0,85341.0,106680.0
90573.0,73282.0,106866.0
90714.0,85637.0,73279.0
53012.0,85718.0,107669.0
90385.0,85936.0,105497.0
90417.0,85253.0,106352.0
90657.0,72976.0,105652.0
90587.0,85710.0,105987.0
90473.0,178181.0,106136.0
90623.0,85815.0,105818.0
90680.0,73220.0,106404.0
90680.0,85482.0,105993.0
89924.0,72958.0,105989.0
90474.0,73453.0,106213.0
90056.0,73241.0,96365.0
92127.0,73411.0,105339.0
90497.0,73062.0,106122.0
90634.0,73371.0,106555.0
90339.0,73681.0,107899.0
90556.0,85581.0,106115.0
90541.0,73663.0,107059.0
90204.0,72955.0,18559.0
46749.0,73140.0,106220.0
90748.0,87163.0,106212.0
90072.0,153126.0,106728.0
90488.0,85225.0,106921.0
90788.0,73278.0,759.0
34369.0,85227.0,4278.0
90420.0,73891.0,105860.0
72121.0,73290.0,105617.0
90751.0,85319.0,106184.0
90552.0,214366.0,106147.0
89807.0,85392.0,106231.0
90027.0,190857.0,105854.0
89825.0,73329.0,106288.0
90124.0,73279.0,106360.0
90851.0,85170.0,105891.0
90187.0,73150.0,106715.0
90263.0,73084.0,106838.0
90841.0,73375.0,106179.0
90905.0,73313.0,56569.0
90288.0,36246.0,107238.0
90632.0,85463.0,107177.0
90598.0,73153.0,105797.0
90711.0,713.0,106216.0
90999.0,85623.0,105932.0
91332.0,85635.0,106725.0
90647.0,85153.0,106659.0
71538.0,67152.0,106341.0
90211.0,85548.0,106216.0
90427.0,67086.0,81511.0
90341.0,85389.0,106658.0
8613.0,84805.0,106180.0
90176.0,11793.0,106979.0
90748.0,84999.0,105682.0
90687.0,85014.0,106734.0
90012.0,85350.0,106931.0
90040.0,72965.0,106863.0
90874.0,42517.0,105706.0
90859.0,85485.0,106091.0
90659.0,5425.0,106099.0
90430.0,24193.0,106712.0
89868.0,24122.0,106970.0
90309.0,54787.0,106074.0
90656.0,61052.0,105663.0
90179.0,17999.0,106441.0
90076.0,85253.0,106083.0
90365.0,24133.0,106321.0
90617.0,73181.0,105980.0
90435.0,85676.0,101008.0
90329.0,86582.0,106289.0
90169.0,54884.0,105570.0
90979.0,86779.0,105984.0
91174.0,73455.0,106448.0
90254.0,11759.0,106709.0
90221.0,85244.0,106209.0
90520.0,73720.0,106868.0
90837.0,4607.0,107607.0
90352.0,60798.0,106196.0
90255.0,30022.0,105987.0
90412.0,5459.0,105363.0
90552.0,85096.0,132179.0
90464.0,85305.0,105706.0
90217.0,85388.0,105830.0
90538.0,48654.0,105338.0
90507.0,5407.0,105954.0
90539.0,73332.0,107069.0
91214.0,85660.0,107341.0
90882.0,30273.0,105693.0
90236.0,86564.0,4687.0
90370.0,36431.0,106011.0
91020.0,4607.0,106682.0
90490.0,73180.0,106544.0
90773.0,85206.0,105982.0
90360.0,85024.0,106316.0
90461.0,85071.0,105651.0
91111.0,42283.0,105780.0
90306.0,24178.0,105528.0
90273.0,24046.0,106614.0
89937.0,85299.0,105818.0
90106.0,73228.0,106115.0
90539.0,85868.0,108070.0
90929.0,24104.0,68539.0
90276.0,146142.0,81742.0
91045.0,85170.0,105832.0
90648.0,85673.0,105913.0
90307.0,23991.0,106400.0
90439.0,85313.0,62375.0
90776.0,66841.0,106862.0
90961.0,48613.0,106060.0
90955.0,5541.0,106389.0
90284.0,48617.0,107700.0
90218.0,24664.0,106925.0
90869.0,73528.0,107080.0
90312.0,85343.0,105696.0
90184.0,24049.0,105826.0
89929.0,5509.0,106509.0
90302.0,85063.0,106369.0
90405.0,42413.0,106016.0
90905.0,73318.0,106894.0
89798.0,36298.0,106207.0
90426.0,73205.0,106225.0
89950.0,85307.0,107425.0
89940.0,11823.0,105756.0
90275.0,85133.0,105996.0
90043.0,85314.0,105632.0
90065.0,17902.0,106507.0
90435.0,85256.0,106171.0
90082.0,54847.0,107099.0
90588.0,86730.0,105777.0
91149.0,85406.0,106729.0
89875.0,60861.0,106472.0
90376.0,85599.0,106812.0
90752.0,42383.0,106244.0
90244.0,85328.0,105668.0
90369.0,85416.0,105604.0
90715.0,84661.0,106204.0
90163.0,18057.0,94274.0
90566.0,85347.0,759.0
90543.0,73351.0,11596.0
91121.0,42533.0,759.0
90415.0,11471.0,106407.0
90717.0,4615.0,106748.0
90301.0,713.0,106259.0
90510.0,24085.0,106628.0
90136.0,11804.0,106816.0
90807.0,73309.0,106213.0
90213.0,85271.0,81204.0
90365.0,36415.0,30742.0
90358.0,85011.0,30820.0
90400.0,42310.0,43304.0
90412.0,85320.0,106372.0
91231.0,85332.0,49791.0
90467.0,85424.0,220899.0
89828.0,713.0,4809.0
90276.0,73144.0,68661.0
90679.0,17899.0,107127.0
90825.0,4607.0,37117.0
90106.0,73459.0,5753.0
90763.0,54892.0,37040.0
90465.0,85284.0,43284.0
90353.0,11808.0,37069.0
90707.0,85400.0,37445.0
90183.0,11800.0,30544.0
90306.0,85863.0,24654.0
89927.0,85135.0,18299.0
90573.0,11858.0,5771.0
90692.0,73247.0,37229.0
90228.0,85271.0,49894.0
90639.0,84859.0,30928.0
91098.0,85205.0,50081.0
90691.0,85623.0,36994.0
90229.0,23947.0,4777.0
90266.0,54677.0,62333.0
90806.0,73440.0,24751.0
89962.0,85553.0,50208.0
90255.0,85559.0,106374.0
90334.0,85160.0,37180.0
90741.0,11854.0,30938.0
90567.0,85714.0,11972.0
90213.0,54795.0,5739.0
90549.0,85290.0,37071.0
90739.0,24109.0,18122.0
90599.0,11912.0,56421.0
90626.0,85159.0,24665.0
90510.0,67407.0,12209.0
90333.0,85569.0,30629.0
90665.0,86964.0,30684.0
90481.0,73245.0,24683.0
90527.0,85074.0,93766.0
90239.0,17985.0,31220.0
90633.0,85295.0,37402.0
78065.0,85184.0,18414.0
90396.0,30121.0,4743.0
90724.0,85241.0,49698.0
90023.0,73579.0,106143.0
90117.0,85639.0,30746.0
90012.0,85274.0,56457.0
210511.0,85363.0,24336.0
223575.0,66867.0,37067.0
209984.0,85349.0,205767.0
190813.0,73129.0,31086.0
192775.0,30215.0,68211.0
222093.0,85277.0,18285.0
197182.0,73705.0,92846.0
172753.0,85987.0,4809.0
153923.0,85694.0,24495.0
261164.0,85267.0,24761.0
197772.0,73306.0,106261.0
173150.0,85963.0,18364.0
235135.0,42571.0,75954.0
193016.0,67096.0,18253.0
191635.0,73387.0,106504.0
206825.0,73214.0,24798.0
209712.0,73019.0,37128.0
197221.0,30154.0,30934.0
221698.0,66902.0,5607.0
197988.0,85567.0,106703.0
240390.0,73243.0,43520.0
263272.0,4607.0,106423.0
172319.0,36198.0,5705.0
253805.0,73473.0,105972.0
236445.0,85157.0,43733.0
187274.0,85299.0,87603.0
161516.0,85331.0,213666.0
203470.0,11849.0,62115.0
173678.0,85426.0,37494.0
185038.0,85286.0,87518.0
199163.0,73103.0,107458.0
197822.0,73621.0,30750.0
172359.0,73537.0,4809.0
198083.0,85225.0,37263.0
254153.0,73192.0,56062.0
257231.0,85702.0,30807.0
197988.0,85548.0,68364.0
253306.0,85592.0,42844.0
166476.0,85562.0,18453.0
254878.0,85631.0,36903.0
252930.0,85447.0,43379.0
48264.0,60958.0,37013.0
191457.0,85512.0,37166.0
203432.0,24149.0,68301.0
204084.0,36427.0,18216.0
185359.0,85242.0,30751.0
209845.0,85317.0,74075.0
254195.0,85198.0,68311.0
210324.0,18129.0,36958.0
171642.0,42416.0,81846.0
185652.0,73552.0,18395.0
197470.0,85297.0,30926.0
174362.0,30521.0,36933.0
198145.0,48726.0,12046.0
184991.0,73558.0,43586.0
193900.0,85347.0,4871.0
198108.0,54572.0,37120.0
196862.0,85626.0,11981.0
173340.0,85209.0,107017.0
166597.0,86722.0,30909.0
197979.0,73260.0,24597.0
191514.0,73601.0,4743.0
192579.0,30373.0,24299.0
205975.0,85190.0,243861.0
228201.0,87064.0,106486.0
179858.0,73172.0,105564.0
185211.0,72945.0,30842.0
185886.0,208469.0,69526.0
172897.0,85659.0,120912.0
216503.0,85244.0,49326.0
193365.0,85714.0,105911.0
191067.0,85659.0,30745.0
184916.0,85998.0,49499.0
222445.0,85961.0,24593.0
253597.0,87027.0,12008.0
211063.0,85347.0,18278.0
153004.0,85464.0,56361.0
193442.0,85473.0,107175.0
241210.0,85142.0,107045.0
222880.0,85963.0,12189.0
193370.0,86134.0,30780.0
203719.0,85244.0,99492.0
179182.0,85749.0,37329.0
178170.0,85800.0,37502.0
228114.0,85558.0,30856.0
216323.0,85740.0,100100.0
172609.0,85509.0,37379.0
199127.0,85652.0,55903.0
204070.0,85205.0,94561.0
173156.0,86128.0,37165.0
205465.0,85561.0,50005.0
196609.0,85475.0,37341.0
210654.0,85569.0,74493.0
252217.0,85594.0,27775.0
198165.0,85882.0,68525.0
166597.0,85901.0,62261.0
210722.0,85771.0,31082.0
173494.0,88506.0,24606.0
216140.0,85361.0,106757.0
166881.0,85593.0,113452.0
210525.0,85892.0,49700.0
253234.0,85744.0,30792.0
197525.0,85661.0,18053.0
236351.0,86718.0,246617.0
172528.0,85481.0,37069.0
191469.0,84954.0,18221.0
178848.0,85294.0,24608.0
252743.0,85654.0,93675.0
203628.0,85911.0,118697.0
252708.0,85284.0,106000.0
255546.0,85975.0,24466.0
209866.0,85399.0,24638.0
254979.0,85449.0,87463.0
186641.0,85598.0,37236.0
229902.0,85718.0,107175.0
191488.0,85475.0,106830.0
197618.0,86197.0,68989.0
211671.0,85513.0,12047.0
110900.0,85491.0,5609.0
209707.0,85492.0,12193.0
197939.0,85494.0,37115.0
197447.0,85991.0,246198.0
173236.0,85457.0,74444.0
215047.0,85313.0,24541.0
197562.0,85517.0,37274.0
192345.0,85493.0,37326.0
185402.0,85584.0,24741.0
186022.0,85653.0,37296.0
147376.0,85715.0,74416.0
197689.0,85630.0,18653.0
202997.0,85247.0,30848.0
191866.0,85716.0,105821.0
209083.0,85385.0,30894.0
253302.0,86922.0,4809.0
216344.0,85797.0,87244.0
166658.0,85519.0,36854.0
197442.0,85722.0,37137.0
185145.0,85721.0,24948.0
197177.0,85899.0,30780.0
141434.0,85888.0,37319.0
205073.0,85914.0,18295.0
179244.0,85334.0,68890.0
191131.0,87223.0,99834.0
215997.0,85371.0,30960.0
185233.0,85598.0,37267.0
191495.0,85754.0,106336.0
185695.0,85179.0,37523.0
179155.0,85476.0,37102.0
195074.0,85389.0,106752.0
184783.0,85818.0,37138.0
191359.0,85485.0,107024.0
223524.0,85406.0,55783.0
206048.0,85489.0,30764.0
186595.0,85725.0,37238.0
184828.0,85462.0,30543.0
209192.0,85748.0,37284.0
191233.0,85658.0,24639.0
204074.0,86139.0,74523.0
6740.0,85728.0,87533.0
191023.0,85821.0,87676.0
174412.0,85735.0,87434.0
185821.0,85896.0,87333.0
214918.0,85767.0,86650.0
185691.0,86122.0,87140.0
161628.0,85547.0,86797.0
209394.0,87328.0,87957.0
197624.0,86166.0,88172.0
190897.0,85433.0,87382.0
148511.0,85412.0,99788.0
198061.0,85779.0,87339.0
166250.0,86927.0,87294.0
179471.0,85453.0,87166.0
197318.0,86160.0,87722.0
204235.0,85451.0,93640.0
204269.0,85909.0,87450.0
191718.0,90415.0,86853.0
166229.0,85709.0,87633.0
228751.0,85682.0,87425.0
210794.0,85288.0,87078.0
198999.0,85665.0,86797.0
203475.0,86046.0,87249.0
179555.0,85277.0,87952.0
153433.0,85694.0,87353.0
210478.0,85491.0,87382.0
198661.0,85480.0,86917.0
253754.0,85499.0,87228.0
191541.0,85669.0,87368.0
216587.0,86758.0,759.0
198170.0,85339.0,99964.0
178900.0,85672.0,87683.0
192691.0,85398.0,87288.0
210145.0,85429.0,87114.0
179391.0,85646.0,113239.0
166289.0,85659.0,87225.0
199804.0,85831.0,87416.0
192409.0,85548.0,88016.0
136653.0,85274.0,87293.0
184853.0,85967.0,87289.0
172586.0,85352.0,87150.0
191584.0,73547.0,87170.0
160315.0,85077.0,86955.0
230836.0,85387.0,87246.0
185106.0,85069.0,87145.0
210895.0,85898.0,114064.0
197863.0,85630.0,87475.0
179227.0,85821.0,87055.0
197688.0,85415.0,86957.0
254674.0,85844.0,100532.0
174495.0,85640.0,106829.0
210189.0,86058.0,87173.0
190949.0,86330.0,87785.0
222493.0,85845.0,86739.0
184849.0,85375.0,100122.0
173990.0,84907.0,87739.0
89281.0,85568.0,87153.0
89805.0,85948.0,87307.0
90110.0,85729.0,87406.0
89374.0,85348.0,87521.0
170680.0,104513.0,87227.0
88773.0,85735.0,87334.0
89333.0,85162.0,93513.0
89312.0,85559.0,100310.0
89025.0,85843.0,87109.0
90107.0,85575.0,87560.0
89143.0,86374.0,87404.0
88929.0,85954.0,87154.0
89305.0,85586.0,86985.0
224494.0,85512.0,87023.0
89402.0,85669.0,87269.0
89277.0,85721.0,87850.0
163890.0,85186.0,87570.0
226075.0,85201.0,87080.0
89405.0,85987.0,87597.0
89153.0,85524.0,237924.0
89057.0,85936.0,87673.0
89068.0,85864.0,87538.0
89240.0,85432.0,955.0
151375.0,85735.0,101049.0
94532.0,85541.0,88062.0
88795.0,85395.0,159202.0
188090.0,85725.0,87484.0
89240.0,85776.0,87625.0
121784.0,85326.0,87251.0
89376.0,85631.0,87487.0
89187.0,86868.0,86811.0
88978.0,86998.0,87669.0
89610.0,85366.0,87075.0
182225.0,85458.0,87540.0
89350.0,85383.0,88430.0
89234.0,85315.0,87455.0
89141.0,85291.0,87066.0
89980.0,85435.0,87197.0
218256.0,85723.0,86870.0
88870.0,85543.0,87180.0
90464.0,85316.0,87941.0
89445.0,86773.0,87172.0
89041.0,85367.0,125570.0
89066.0,85301.0,87739.0
89180.0,85050.0,87309.0
88960.0,86078.0,87620.0
90677.0,85123.0,87002.0
89246.0,85863.0,87134.0
89793.0,85739.0,86680.0
89312.0,85795.0,87013.0
90048.0,85904.0,107070.0
201133.0,85786.0,87177.0
111683.0,85407.0,86876.0
89792.0,85480.0,87887.0
89422.0,85685.0,87119.0
88836.0,85747.0,87543.0
164152.0,85785.0,144951.0
88766.0,85623.0,87349.0
90652.0,85404.0,87440.0
89053.0,85702.0,114029.0
95219.0,85540.0,87173.0
4697.0,85843.0,87561.0
4659.0,85521.0,88434.0
84987.0,85735.0,87188.0
5038.0,85598.0,87225.0
4721.0,85578.0,94335.0
4721.0,85687.0,93968.0
4741.0,85288.0,87046.0
4785.0,85768.0,87024.0
4721.0,85503.0,86779.0
4845.0,85613.0,87070.0
4721.0,85808.0,87589.0
4761.0,86023.0,87211.0
4677.0,85836.0,87579.0
4677.0,85937.0,87817.0
4721.0,85109.0,759.0
89997.0,85739.0,100035.0
89786.0,85602.0,88611.0
89050.0,85429.0,87184.0
89575.0,85387.0,99537.0
90049.0,85549.0,87931.0
89178.0,86040.0,86759.0
144558.0,85856.0,87687.0
231301.0,85643.0,87581.0
90337.0,73165.0,87557.0
88864.0,85439.0,93367.0
89400.0,73494.0,87514.0
199826.0,73228.0,87043.0
34204.0,73642.0,86796.0
88947.0,85412.0,87109.0
89163.0,85381.0,87784.0
88818.0,85840.0,88146.0
89026.0,73263.0,88086.0
90590.0,79176.0,87513.0
89253.0,73554.0,86632.0
89622.0,72967.0,86903.0
217989.0,85414.0,86841.0
89055.0,74817.0,87555.0
228219.0,85287.0,103220.0
217870.0,73510.0,87118.0
89277.0,73780.0,87147.0
89359.0,73276.0,87607.0
224793.0,85357.0,87028.0
89185.0,79441.0,87410.0
89422.0,85112.0,112398.0
90228.0,73443.0,86979.0
89318.0,85792.0,238297.0
90262.0,73102.0,87336.0
89215.0,85581.0,87224.0
176045.0,73257.0,87163.0
178817.0,85366.0,88255.0
89083.0,85221.0,87604.0
89723.0,73342.0,131692.0
89610.0,85929.0,87078.0
90728.0,72975.0,246503.0
89005.0,85399.0,87390.0
89128.0,73379.0,87159.0
89414.0,73381.0,87313.0
114009.0,86059.0,125246.0
88746.0,73418.0,88073.0
89151.0,86028.0,87321.0
89843.0,73358.0,87609.0
89557.0,73179.0,86895.0
90529.0,73041.0,112314.0
114691.0,85537.0,87800.0
88688.0,73350.0,87001.0
89155.0,85393.0,99556.0
89354.0,85706.0,104721.0
88973.0,85530.0,87387.0
89279.0,85333.0,87077.0
89350.0,73043.0,87068.0
89110.0,85797.0,100706.0
89178.0,85502.0,151943.0
89340.0,72905.0,87387.0
89306.0,86868.0,99790.0
89391.0,73322.0,87754.0
89267.0,79911.0,87053.0
89103.0,85488.0,87295.0
89001.0,85701.0,89648.0
89788.0,85352.0,87299.0
107412.0,73550.0,87686.0
174832.0,85852.0,87215.0
89199.0,73280.0,87453.0
88962.0,73447.0,88094.0
150700.0,73434.0,87431.0
114479.0,73399.0,108128.0
166968.0,73243.0,87253.0
88876.0,74372.0,86771.0
89012.0,73609.0,99458.0
91103.0,85828.0,87112.0
88832.0,85174.0,87128.0
89390.0,85734.0,86998.0
89305.0,72859.0,87043.0
89323.0,73496.0,87621.0
95006.0,73246.0,87497.0
89200.0,85760.0,88131.0
89148.0,73159.0,87308.0
90468.0,87178.0,87009.0
89235.0,85855.0,87636.0
88971.0,85904.0,87050.0
89057.0,73031.0,199618.0
179207.0,73415.0,87537.0
89276.0,73094.0,87388.0
107257.0,73199.0,87356.0
89245.0,85600.0,86634.0
89407.0,85461.0,86935.0
89454.0,11619.0,106476.0
89058.0,72919.0,106002.0
206222.0,92089.0,106531.0
114465.0,73611.0,106903.0
225482.0,73505.0,105851.0
89344.0,85400.0,106535.0
88952.0,73058.0,105721.0
212469.0,85269.0,107454.0
214305.0,73009.0,106249.0
89413.0,73206.0,105915.0
89327.0,85831.0,106163.0
90381.0,85405.0,107316.0
218808.0,73680.0,106820.0
90118.0,79676.0,106627.0
89018.0,85903.0,106116.0
89116.0,85868.0,105819.0
156647.0,85650.0,106564.0
88994.0,85684.0,106328.0
88854.0,85482.0,107095.0
89059.0,73187.0,106596.0
89065.0,85673.0,106566.0
218349.0,73216.0,108048.0
89391.0,73226.0,106234.0
89438.0,85736.0,106531.0
118667.0,73112.0,106288.0
89142.0,73101.0,105986.0
89059.0,85495.0,106731.0
89455.0,85194.0,38762.0
89137.0,79467.0,106040.0
90740.0,85725.0,106098.0
90318.0,73221.0,106776.0
90588.0,85827.0,18959.0
89654.0,85368.0,106074.0
88863.0,73383.0,106903.0
218158.0,85982.0,107691.0
224293.0,85651.0,106278.0
89473.0,73507.0,106214.0
89098.0,85502.0,108795.0
90831.0,104480.0,105892.0
88994.0,73631.0,106356.0
218927.0,73323.0,106597.0
89029.0,73233.0,105992.0
164344.0,73132.0,106267.0
89203.0,73687.0,106842.0
88996.0,73552.0,106105.0
89552.0,73102.0,107004.0
89361.0,85647.0,106255.0
194739.0,73647.0,105950.0
88851.0,73229.0,87694.0
89061.0,87219.0,107368.0
89320.0,73707.0,106521.0
89254.0,72976.0,105903.0
89014.0,85586.0,106668.0
89295.0,85512.0,105934.0
89300.0,73052.0,109126.0
219026.0,73446.0,106466.0
89401.0,73293.0,106016.0
141838.0,73865.0,119305.0
141762.0,97770.0,106108.0
154546.0,73256.0,106375.0
142058.0,73062.0,106116.0
135653.0,85641.0,93843.0
128796.0,85903.0,106400.0
154953.0,85426.0,105469.0
161256.0,85501.0,105897.0
179063.0,86091.0,87640.0
117329.0,74949.0,106209.0
136027.0,85707.0,106055.0
129409.0,85437.0,105858.0
142016.0,73226.0,106412.0
124157.0,73228.0,106934.0
136456.0,87145.0,106467.0
142944.0,85570.0,105664.0
135763.0,85750.0,105853.0
136268.0,85524.0,108172.0
143205.0,73280.0,105895.0
147585.0,86103.0,94312.0
141162.0,85401.0,105914.0
135671.0,85578.0,87325.0
142371.0,73518.0,106529.0
129221.0,86221.0,105868.0
129948.0,86224.0,108496.0
135723.0,73414.0,105854.0
136002.0,85365.0,106347.0
141990.0,85339.0,106374.0
136002.0,85492.0,108084.0
123506.0,73527.0,68763.0
172519.0,72965.0,105703.0
135181.0,73160.0,106186.0
130135.0,85331.0,106031.0
123258.0,85276.0,106330.0
160269.0,85586.0,106543.0
128964.0,73116.0,106905.0
142156.0,73474.0,106501.0
155122.0,73051.0,106308.0
136038.0,73173.0,105511.0
135678.0,85744.0,105894.0
110845.0,91587.0,81598.0
23922.0,73158.0,106048.0
143043.0,73529.0,106505.0
141833.0,85608.0,106440.0
136322.0,85344.0,94125.0
135115.0,73267.0,82718.0
141935.0,85710.0,106121.0
141695.0,85444.0,245236.0
141803.0,92109.0,107027.0
141436.0,85958.0,105794.0
110449.0,73693.0,105784.0
135670.0,73227.0,107216.0
129649.0,79938.0,106466.0
135280.0,73626.0,105702.0
135266.0,85918.0,106268.0
135868.0,73000.0,106367.0
141965.0,85945.0,106341.0
160906.0,85313.0,4743.0
160345.0,85570.0,106086.0
142350.0,73009.0,106340.0
161771.0,73146.0,106495.0
136189.0,85714.0,106517.0
128632.0,86128.0,106927.0
136586.0,85359.0,75684.0
137572.0,85274.0,106058.0
135629.0,85557.0,108087.0
129839.0,73076.0,105828.0
128919.0,73333.0,100479.0
135577.0,86347.0,107036.0
142565.0,85542.0,105815.0
167148.0,73140.0,106326.0
141603.0,85784.0,106379.0
136160.0,73856.0,106296.0
135848.0,86954.0,106091.0
142246.0,73980.0,106150.0
228883.0,85731.0,69167.0
143111.0,85668.0,106255.0
136782.0,73571.0,105682.0
129064.0,85234.0,106466.0
143068.0,73389.0,112945.0
136839.0,134421.0,106043.0
153380.0,73595.0,106214.0
129745.0,73461.0,106395.0
141574.0,85533.0,106391.0
123017.0,72849.0,106298.0
130572.0,73193.0,106464.0
147588.0,86394.0,106084.0
143471.0,73109.0,106151.0
135826.0,85450.0,106912.0
135539.0,73556.0,106138.0
142460.0,85553.0,105917.0
123239.0,85479.0,106118.0
135882.0,85149.0,93206.0
136080.0,85406.0,106281.0
141416.0,85593.0,106158.0
180651.0,85612.0,16944.0
143220.0,85299.0,106741.0
141570.0,85329.0,106076.0
129186.0,86106.0,106068.0
130581.0,85806.0,62767.0
136106.0,85866.0,105688.0
142254.0,85129.0,68353.0
129251.0,85525.0,106173.0
129243.0,85348.0,106290.0
141517.0,85843.0,107363.0
159642.0,85584.0,106309.0
123696.0,87045.0,106392.0
142235.0,86649.0,106148.0
142089.0,85692.0,106063.0
141729.0,11513.0,106989.0
129429.0,86134.0,105955.0
154476.0,85720.0,106108.0
148714.0,85156.0,106272.0
135845.0,86899.0,105591.0
135212.0,86826.0,80590.0
135636.0,85414.0,106329.0
143362.0,85456.0,106670.0
135959.0,85634.0,100950.0
160001.0,85868.0,106233.0
142051.0,85165.0,106632.0
135545.0,85367.0,106398.0
135489.0,85383.0,106342.0
137432.0,85617.0,106716.0
141617.0,86022.0,106114.0
142200.0,86189.0,106233.0
135385.0,85181.0,106380.0
129413.0,85780.0,106202.0
159471.0,85779.0,106816.0
168347.0,85745.0,93568.0
129830.0,85468.0,106870.0
153830.0,85893.0,107565.0
148799.0,85333.0,87498.0
141944.0,85791.0,106965.0
122718.0,85855.0,106755.0
148190.0,85799.0,81283.0
135758.0,86106.0,106192.0
135801.0,85456.0,93853.0
129470.0,85251.0,105865.0
135282.0,85759.0,105724.0
129784.0,85612.0,106925.0
129375.0,88879.0,106423.0
135704.0,85238.0,105850.0
117689.0,85768.0,106630.0
141865.0,85392.0,43741.0
148611.0,85781.0,106196.0
135623.0,85529.0,106636.0
123531.0,86130.0,75121.0
136448.0,85299.0,106312.0
149785.0,87254.0,94076.0
136257.0,85376.0,106864.0
142591.0,85531.0,106089.0
135947.0,85397.0,87216.0
135904.0,86055.0,238046.0
123624.0,85671.0,86958.0
125202.0,85942.0,87021.0
147879.0,85548.0,233164.0
143029.0,85421.0,87751.0
129520.0,85421.0,87447.0
142274.0,85750.0,86659.0
129192.0,85404.0,87131.0
178468.0,86102.0,106977.0
130470.0,85605.0,87304.0
141800.0,85195.0,232486.0
129071.0,85892.0,87412.0
247496.0,85498.0,87197.0
130392.0,85807.0,87040.0
142915.0,85318.0,87285.0
143483.0,86119.0,86883.0
154663.0,85209.0,87710.0
135378.0,85779.0,87346.0
135160.0,73270.0,87283.0
142513.0,85863.0,87247.0
159986.0,85412.0,86823.0
129092.0,85977.0,87488.0
135424.0,90784.0,112637.0
123070.0,85603.0,231796.0
141775.0,85586.0,100644.0
141471.0,85966.0,131034.0
147965.0,85132.0,87274.0
148771.0,85486.0,105603.0
135355.0,85755.0,88006.0
160743.0,85590.0,87011.0
154666.0,86132.0,238313.0
215628.0,85601.0,87107.0
168140.0,85625.0,87643.0
141917.0,85503.0,86713.0
185680.0,85738.0,94419.0
154120.0,85823.0,113969.0
143378.0,85994.0,239707.0
148014.0,85525.0,86769.0
135207.0,85142.0,87109.0
142930.0,85460.0,87646.0
141844.0,85711.0,4265.0
130139.0,85357.0,11439.0
141787.0,85625.0,80730.0
154574.0,86112.0,239043.0
135584.0,85493.0,87485.0
147672.0,85546.0,87711.0
141801.0,85522.0,87276.0
135300.0,85537.0,87217.0
129215.0,85841.0,105892.0
141736.0,74011.0,200532.0
135446.0,86123.0,125451.0
6676.0,85656.0,231189.0
135394.0,86041.0,87043.0
136395.0,86778.0,106160.0
142170.0,85423.0,87381.0
141958.0,85974.0,87321.0
142022.0,85674.0,87253.0
141763.0,85393.0,87326.0
135407.0,85467.0,238968.0
136249.0,85360.0,232464.0
137442.0,85664.0,106447.0
6677.0,85934.0,87763.0
140613.0,87072.0,88073.0
234839.0,85818.0,87221.0
110778.0,85698.0,131507.0
135594.0,85617.0,200566.0
121525.0,85683.0,231910.0
128379.0,85536.0,93410.0
121623.0,86289.0,86782.0
121809.0,85439.0,181877.0
116564.0,85855.0,87366.0
165805.0,85452.0,231996.0
154142.0,85523.0,87810.0
152783.0,85819.0,86895.0
120178.0,85766.0,87177.0
115954.0,86267.0,100641.0
112148.0,85629.0,87279.0
191463.0,85875.0,88502.0
90784.0,85331.0,100167.0
115734.0,85465.0,86957.0
172994.0,85631.0,86645.0
227186.0,85188.0,118552.0
98461.0,85634.0,24670.0
129504.0,85243.0,68728.0
123504.0,85099.0,87772.0
93846.0,85353.0,232404.0
229364.0,85482.0,105406.0
233964.0,85517.0,87349.0
178669.0,85479.0,87247.0
117254.0,87190.0,118917.0
108894.0,85461.0,169307.0
4633.0,85561.0,112181.0
141132.0,85697.0,86849.0
109791.0,85293.0,87250.0
134369.0,85592.0,86722.0
121629.0,85233.0,87069.0
153251.0,85561.0,112492.0
155571.0,85507.0,168461.0
116838.0,87421.0,87704.0
234532.0,85949.0,106414.0
196418.0,85654.0,87188.0
172808.0,86087.0,86882.0
121807.0,85474.0,87436.0
172294.0,86924.0,123853.0
123589.0,85758.0,125118.0
90592.0,85567.0,99394.0
183376.0,85760.0,87456.0
109112.0,88435.0,87284.0
110447.0,85939.0,87730.0
140568.0,85392.0,88036.0
153364.0,85149.0,86997.0
109800.0,85724.0,87574.0
4653.0,85722.0,86834.0
115120.0,86111.0,232168.0
141935.0,85144.0,232088.0
165779.0,85563.0,87326.0
109405.0,73436.0,86857.0
153190.0,86951.0,87630.0
102719.0,85837.0,87744.0
98757.0,85842.0,87025.0
160632.0,85561.0,87091.0
123339.0,85767.0,87764.0
115949.0,86602.0,232796.0
110007.0,85509.0,187001.0
147469.0,85918.0,87404.0
115293.0,85404.0,156667.0
127758.0,87901.0,87543.0
153704.0,86289.0,111945.0
202671.0,85469.0,99449.0
190482.0,86146.0,137754.0
235360.0,85833.0,232177.0
129250.0,85944.0,87416.0
116743.0,85617.0,87247.0
92508.0,86075.0,87243.0
4633.0,85608.0,86714.0
117085.0,88583.0,100210.0
122981.0,85316.0,87169.0
128029.0,85791.0,93291.0
97918.0,85414.0,118193.0
202278.0,85265.0,233451.0
128364.0,85827.0,86720.0
117037.0,85507.0,87477.0
127910.0,85640.0,87022.0
121413.0,86279.0,151122.0
135033.0,85505.0,87335.0
90404.0,89789.0,112374.0
116857.0,85927.0,87340.0
109934.0,85351.0,87505.0
140896.0,85645.0,232402.0
140603.0,73345.0,100645.0
146297.0,85804.0,87433.0
141662.0,85617.0,233597.0
172536.0,85562.0,238936.0
92115.0,85246.0,87467.0
121826.0,85355.0,87049.0
92314.0,85519.0,105675.0
160358.0,86028.0,87110.0
90409.0,85213.0,87109.0
129081.0,85619.0,86932.0
115824.0,85855.0,232004.0
116390.0,85393.0,86871.0
165767.0,85086.0,87439.0
172050.0,85399.0,193238.0
141007.0,85359.0,232718.0
91337.0,85740.0,87451.0
96870.0,86465.0,86859.0
99344.0,85850.0,87672.0
128606.0,85924.0,237776.0
240911.0,85448.0,86648.0
134589.0,85942.0,87772.0
160977.0,73311.0,87032.0
214812.0,72919.0,87284.0
96616.0,85941.0,87615.0
154311.0,74158.0,87598.0
134950.0,73680.0,93854.0
235061.0,73042.0,137095.0
134827.0,85126.0,87178.0
222226.0,85076.0,125073.0
146286.0,73244.0,87087.0
90684.0,85231.0,94651.0
121748.0,73098.0,87389.0
117300.0,86126.0,126074.0
165226.0,73711.0,231516.0
121911.0,85696.0,231683.0
140591.0,85158.0,106842.0
160427.0,87127.0,87403.0
121639.0,86547.0,106417.0
118146.0,85511.0,87346.0
124801.0,73632.0,125372.0
121543.0,87176.0,238095.0
115912.0,73357.0,87022.0
115612.0,73215.0,87364.0
184756.0,36449.0,87309.0
108994.0,85407.0,87491.0
122055.0,73259.0,93145.0
127641.0,85342.0,87481.0
222033.0,85313.0,87063.0
166983.0,30153.0,87376.0
234411.0,85620.0,220283.0
166524.0,24145.0,87597.0
173892.0,73662.0,87543.0
186127.0,85221.0,87073.0
135657.0,85602.0,87146.0
109136.0,85491.0,231820.0
90361.0,73435.0,87173.0
166008.0,85533.0,112370.0
128276.0,84948.0,87207.0
122283.0,73566.0,231673.0
98487.0,87043.0,87472.0
128990.0,73218.0,239244.0
184676.0,73041.0,87348.0
91090.0,85576.0,87401.0
110544.0,85543.0,87363.0
123756.0,67285.0,87499.0
109694.0,85482.0,87272.0
203557.0,73309.0,87679.0
172328.0,85432.0,87380.0
96470.0,85225.0,88329.0
170078.0,85001.0,87779.0
147166.0,73726.0,87293.0
233834.0,73241.0,87268.0
124009.0,72793.0,87717.0
4569.0,86742.0,87512.0
97955.0,85767.0,87664.0
128735.0,85265.0,88449.0
234052.0,73215.0,87366.0
103187.0,86579.0,87153.0
103179.0,85119.0,87201.0
104865.0,73527.0,87037.0
91584.0,85528.0,87269.0
152790.0,73137.0,86966.0
116964.0,73490.0,87422.0
98215.0,88832.0,87293.0
96783.0,85988.0,86999.0
158754.0,86899.0,87435.0
122074.0,85426.0,86952.0
133929.0,73307.0,87627.0
122511.0,73960.0,87355.0
90623.0,73582.0,87363.0
97921.0,85325.0,87282.0
122328.0,72937.0,246224.0
116565.0,85411.0,87394.0
154723.0,73781.0,88099.0
105857.0,72911.0,87240.0
234942.0,73940.0,86897.0
109445.0,85454.0,87474.0
133405.0,30473.0,87231.0
115756.0,74743.0,87601.0
109207.0,85736.0,87856.0
133670.0,73106.0,87555.0
96500.0,85222.0,87420.0
92513.0,30275.0,87254.0
135648.0,85296.0,88698.0
109071.0,73648.0,87544.0
115596.0,73717.0,87325.0
115593.0,36613.0,87257.0
90558.0,73494.0,86967.0
109545.0,73372.0,87784.0
171707.0,85276.0,87246.0
97041.0,73320.0,87568.0
90619.0,73139.0,87148.0
90371.0,85339.0,87341.0
123417.0,73108.0,86968.0
103152.0,30152.0,87526.0
4665.0,85603.0,237814.0
147064.0,85345.0,87054.0
142097.0,73070.0,87257.0
90740.0,87332.0,87369.0
110543.0,73321.0,87238.0
112968.0,72858.0,86876.0
4685.0,85504.0,87294.0
109704.0,85400.0,87719.0
229068.0,73252.0,87093.0
110596.0,73200.0,87543.0
172863.0,86645.0,87265.0
197131.0,75231.0,87110.0
172680.0,85412.0,89286.0
210436.0,73059.0,87035.0
110988.0,24320.0,87331.0
252221.0,86980.0,87707.0
110789.0,73119.0,87244.0
205332.0,30248.0,86677.0
254121.0,72976.0,87154.0
10112.0,73131.0,88024.0
253732.0,73641.0,87600.0
259632.0,85428.0,87452.0
112368.0,73583.0,87327.0
240751.0,73387.0,88118.0
178458.0,86601.0,87683.0
252929.0,73350.0,87741.0
173190.0,36570.0,87546.0
191812.0,73140.0,87690.0
185969.0,73334.0,87530.0
203721.0,24105.0,86892.0
253992.0,85207.0,87279.0
209908.0,85316.0,87577.0
184316.0,85424.0,88021.0
111014.0,86454.0,87790.0
234830.0,85382.0,87287.0
216812.0,85248.0,87777.0
178413.0,72963.0,87811.0
111042.0,42362.0,87632.0
179579.0,86514.0,86945.0
253265.0,86926.0,87991.0
173772.0,73347.0,87429.0
253823.0,87203.0,87508.0
192796.0,73147.0,87840.0
254384.0,85255.0,87355.0
172754.0,73261.0,86766.0
255881.0,30173.0,239294.0
111433.0,73445.0,87014.0
254922.0,73182.0,87043.0
110354.0,85323.0,87425.0
173716.0,85090.0,87566.0
254748.0,85237.0,87754.0
235326.0,86082.0,87250.0
191232.0,42733.0,87517.0
110985.0,24118.0,87035.0
200262.0,24108.0,87042.0
154404.0,73325.0,87979.0
215951.0,86060.0,119192.0
253682.0,85119.0,87146.0
111105.0,85467.0,87559.0
111558.0,85548.0,86722.0
185840.0,85167.0,88272.0
111112.0,73122.0,87630.0
252905.0,73535.0,87623.0
73347.0,11877.0,87182.0
110322.0,73275.0,87300.0
167034.0,85450.0,87617.0
262046.0,73667.0,87458.0
210702.0,73588.0,87153.0
185057.0,85277.0,87430.0
212040.0,30120.0,87107.0
204453.0,73374.0,87482.0
179585.0,73753.0,87524.0
111375.0,84700.0,87396.0
110642.0,73197.0,87253.0
256679.0,85069.0,87887.0
166608.0,73738.0,86720.0
205035.0,73414.0,88451.0
148560.0,30398.0,87631.0
222220.0,36497.0,87247.0
179481.0,73204.0,87656.0
191525.0,85368.0,87396.0
243827.0,36297.0,87263.0
254564.0,85316.0,87255.0
194318.0,84976.0,87592.0
211347.0,85523.0,87595.0
228916.0,73006.0,87578.0
222991.0,73876.0,87301.0
255115.0,73389.0,87619.0
254935.0,85613.0,87685.0
259888.0,73526.0,87825.0
198000.0,73543.0,88417.0
149431.0,85849.0,237635.0
204076.0,24000.0,87130.0
185132.0,85136.0,87404.0
185981.0,36535.0,86922.0
166340.0,73167.0,87554.0
184420.0,85446.0,87422.0
178417.0,73132.0,112384.0
111606.0,73374.0,87202.0
191709.0,73396.0,87464.0
111126.0,73149.0,87229.0
111466.0,73089.0,238006.0
174164.0,73145.0,86899.0
172516.0,73342.0,88451.0
240726.0,85327.0,87492.0
209571.0,85325.0,87685.0
178609.0,85390.0,87328.0
178414.0,73356.0,88639.0
181386.0,73165.0,87165.0
254390.0,42224.0,86922.0
254708.0,87012.0,87269.0
166206.0,85278.0,87096.0
184297.0,85416.0,87408.0
166241.0,73382.0,87315.0
216146.0,74448.0,87663.0
6676.0,73128.0,87416.0
234482.0,87195.0,87151.0
173390.0,84983.0,87942.0
172390.0,86658.0,87330.0
185157.0,75201.0,87562.0
230866.0,73127.0,87195.0
216614.0,73226.0,86979.0
217102.0,73168.0,87223.0
116760.0,73394.0,87456.0
197700.0,73251.0,87642.0
112050.0,85514.0,87894.0
111170.0,85212.0,87201.0
111067.0,72988.0,87200.0
191234.0,73455.0,87822.0
123504.0,85658.0,87075.0
111670.0,73040.0,87287.0
254715.0,85348.0,88772.0
231517.0,73063.0,87043.0
210328.0,85226.0,87654.0
198176.0,73054.0,87623.0
197458.0,85502.0,87462.0
210131.0,87617.0,87164.0
254241.0,86060.0,87439.0
110718.0,85701.0,86914.0
228820.0,85347.0,88728.0
252793.0,219462.0,88093.0
255810.0,85977.0,87666.0
160363.0,85285.0,87231.0
111329.0,86896.0,87525.0
191471.0,112063.0,86833.0
184258.0,85590.0,87323.0
111412.0,87358.0,87846.0
110700.0,88322.0,86813.0
110312.0,85632.0,237768.0
228732.0,89897.0,87297.0
110755.0,85506.0,88068.0
172981.0,86921.0,87692.0
192231.0,85439.0,87224.0
111849.0,85322.0,88055.0
255019.0,85777.0,87349.0
253931.0,215907.0,87419.0
253537.0,216620.0,86994.0
111063.0,85355.0,87189.0
210248.0,85388.0,87014.0
234905.0,85336.0,87641.0
111335.0,88243.0,87293.0
178320.0,85539.0,87552.0
210250.0,85854.0,87544.0
254883.0,218500.0,88283.0
252695.0,88025.0,87254.0
111282.0,85436.0,88220.0
203437.0,94033.0,105996.0
166720.0,85203.0,106108.0
253749.0,85215.0,105661.0
111217.0,85555.0,105458.0
179483.0,85798.0,105377.0
234836.0,90519.0,105991.0
178579.0,215336.0,106145.0
185217.0,86829.0,105883.0
252872.0,88442.0,106256.0
110698.0,88782.0,106344.0
167069.0,85468.0,105675.0
234217.0,85664.0,106731.0
253214.0,87376.0,106172.0
111089.0,87156.0,93102.0
111426.0,87568.0,106684.0
253311.0,217217.0,105800.0
172280.0,215794.0,106450.0
110829.0,87624.0,106303.0
192489.0,86978.0,106988.0
227784.0,89234.0,106160.0
210876.0,88290.0,106056.0
154849.0,85916.0,106574.0
173023.0,86966.0,106670.0
256599.0,217084.0,106491.0
117598.0,86824.0,106502.0
216449.0,87607.0,105798.0
215560.0,88366.0,105994.0
235724.0,87217.0,105954.0
135575.0,216443.0,105885.0
210281.0,85778.0,107469.0
110670.0,216251.0,108093.0
252984.0,87567.0,106254.0
253353.0,85349.0,106971.0
253082.0,85996.0,106178.0
253941.0,85565.0,105857.0
110646.0,218564.0,106735.0
229932.0,218136.0,106186.0
254275.0,88291.0,106371.0
172547.0,88237.0,106181.0
111263.0,85795.0,107161.0
178858.0,87523.0,12117.0
110967.0,87632.0,105340.0
258844.0,87215.0,106258.0
184069.0,219353.0,105788.0
204438.0,86413.0,106004.0
111484.0,85893.0,106260.0
253018.0,143460.0,107115.0
111111.0,86687.0,106184.0
203100.0,85615.0,105656.0
248463.0,86458.0,106556.0
244002.0,87354.0,105425.0
235542.0,86956.0,107227.0
253194.0,85303.0,106602.0
225141.0,84974.0,106669.0
224926.0,85578.0,106184.0
218662.0,86166.0,105986.0
212169.0,85762.0,106055.0
224571.0,85418.0,106029.0
218986.0,86803.0,106021.0
222847.0,86956.0,106680.0
219268.0,85964.0,100132.0
227646.0,97834.0,107186.0
213432.0,86111.0,106091.0
218726.0,87208.0,106486.0
89256.0,85557.0,105814.0
218088.0,217553.0,105738.0
224222.0,86866.0,106453.0
217436.0,85574.0,5607.0
219003.0,86948.0,107528.0
212522.0,85864.0,105854.0
224177.0,87135.0,106158.0
223839.0,86003.0,105850.0
218627.0,85531.0,106648.0
212071.0,85292.0,106693.0
218028.0,135228.0,105915.0
211849.0,85717.0,106547.0
218962.0,87380.0,106052.0
217687.0,87325.0,105917.0
224486.0,86883.0,106903.0
212059.0,85726.0,105492.0
217464.0,86844.0,105972.0
213032.0,86849.0,105707.0
218261.0,85466.0,106342.0
225543.0,216106.0,43555.0
225421.0,86575.0,106806.0
224161.0,87611.0,105982.0
225220.0,85693.0,106211.0
218341.0,86742.0,99831.0
224519.0,87466.0,106462.0
226433.0,218657.0,105532.0
211922.0,88750.0,107483.0
224752.0,86039.0,759.0
226775.0,218104.0,106630.0
212009.0,85467.0,107437.0
225519.0,87367.0,105955.0
226423.0,85471.0,106725.0
227091.0,87035.0,108130.0
217760.0,88864.0,107500.0
218277.0,215790.0,107804.0
213674.0,148708.0,105988.0
225051.0,74469.0,87209.0
218078.0,86738.0,106383.0
225825.0,86942.0,106206.0
221628.0,85698.0,106620.0
225156.0,85371.0,106070.0
218822.0,92388.0,105823.0
212019.0,85631.0,105653.0
224162.0,86268.0,106173.0
224520.0,85476.0,106434.0
212251.0,85424.0,105856.0
212653.0,85906.0,106664.0
218824.0,88641.0,106593.0
230315.0,87182.0,106932.0
225841.0,85589.0,106244.0
225039.0,88020.0,106667.0
226592.0,85706.0,105888.0
217736.0,85720.0,105717.0
218785.0,86967.0,107296.0
223824.0,85493.0,105604.0
218267.0,85294.0,108075.0
217951.0,153582.0,106773.0
219334.0,86814.0,105809.0
225451.0,221429.0,107290.0
225516.0,218101.0,107179.0
218571.0,86980.0,106475.0
212222.0,87052.0,107331.0
224707.0,85502.0,106357.0
220201.0,88346.0,106675.0
224174.0,89049.0,105759.0
217722.0,87303.0,106874.0
218059.0,85673.0,106376.0
213303.0,86189.0,105586.0
218616.0,93120.0,106338.0
224741.0,101328.0,105923.0
218770.0,88583.0,106974.0
225727.0,85903.0,106201.0
214324.0,85588.0,106512.0
224230.0,85407.0,106362.0
217826.0,219527.0,105901.0
225601.0,87122.0,105832.0
212354.0,87570.0,105698.0
225979.0,86369.0,106184.0
228088.0,85455.0,106342.0
219409.0,24303.0,106174.0
221136.0,85459.0,106206.0
175777.0,87821.0,106018.0
220985.0,85563.0,106271.0
226131.0,86934.0,105726.0
224712.0,87287.0,105945.0
4785.0,215372.0,106350.0
214248.0,85569.0,105727.0
4721.0,85639.0,105944.0
4721.0,85930.0,106938.0
4645.0,85801.0,105874.0
4781.0,85598.0,106757.0
4753.0,216607.0,107235.0
4721.0,88454.0,106265.0
4721.0,85771.0,105888.0
4721.0,85486.0,106382.0
4601.0,86589.0,105623.0
4657.0,86557.0,106635.0
4721.0,218976.0,105983.0
4721.0,86814.0,106591.0
4749.0,49127.0,108547.0
4781.0,86415.0,105388.0
4741.0,85373.0,106152.0
4721.0,164366.0,106420.0
4721.0,85631.0,105660.0
4753.0,217437.0,106635.0
4845.0,87077.0,106052.0
4781.0,88905.0,61956.0
4721.0,85737.0,106181.0
4781.0,88531.0,106142.0
4721.0,86788.0,106269.0
4781.0,85527.0,105846.0
4709.0,87204.0,106106.0
4721.0,73497.0,93804.0
4781.0,220348.0,105464.0
4741.0,85628.0,106140.0
4813.0,85610.0,106501.0
4781.0,86059.0,105562.0
4781.0,215235.0,106400.0
4781.0,85650.0,105859.0
4721.0,85506.0,105838.0
224728.0,86899.0,11948.0
218346.0,216405.0,107703.0
224599.0,86674.0,106664.0
217886.0,86759.0,106058.0
227844.0,87203.0,106785.0
226343.0,86659.0,105752.0
224773.0,129069.0,105685.0
234027.0,85352.0,106103.0
224160.0,86908.0,106243.0
212904.0,85420.0,759.0
227024.0,85228.0,107234.0
218985.0,87140.0,106728.0
218341.0,85775.0,105650.0
220063.0,87025.0,56652.0
226239.0,217718.0,106384.0
212333.0,87340.0,106583.0
218188.0,215735.0,107144.0
219311.0,88071.0,87681.0
212735.0,85816.0,105882.0
226056.0,88230.0,107548.0
212615.0,85482.0,106983.0
227218.0,87180.0,107297.0
193118.0,85261.0,105653.0
217558.0,85850.0,37463.0
218061.0,85710.0,105721.0
223886.0,87071.0,74691.0
217665.0,87475.0,75266.0
224051.0,85812.0,87697.0
89151.0,86744.0,87348.0
227513.0,87349.0,74496.0
211903.0,73020.0,74791.0
225912.0,87295.0,75221.0
219405.0,87365.0,75044.0
212877.0,86119.0,74663.0
218794.0,87048.0,87041.0
218098.0,86703.0,74905.0
219875.0,85830.0,74717.0
235447.0,86049.0,87599.0
225562.0,73559.0,86829.0
213209.0,85775.0,74295.0
224758.0,85946.0,100064.0
230600.0,85534.0,75052.0
218298.0,73379.0,74859.0
212577.0,85644.0,87303.0
224782.0,87199.0,87429.0
226532.0,85795.0,74536.0
224993.0,86024.0,747.0
225405.0,73577.0,74982.0
219870.0,85993.0,76470.0
218483.0,87137.0,75995.0
213099.0,87042.0,74565.0
223973.0,87237.0,87270.0
212825.0,88452.0,87368.0
89595.0,85816.0,74252.0
223917.0,87353.0,87501.0
218769.0,86060.0,87506.0
217866.0,73338.0,68591.0
223684.0,87527.0,74530.0
11806.0,85845.0,75451.0
4773.0,85559.0,69054.0
243018.0,86025.0,75076.0
224281.0,88116.0,74321.0
229353.0,85757.0,74396.0
219241.0,87055.0,74361.0
224748.0,85808.0,74493.0
218270.0,87505.0,74390.0
90222.0,85767.0,75031.0
218282.0,85915.0,74783.0
220000.0,85776.0,87141.0
224562.0,87278.0,74389.0
224981.0,87376.0,76782.0
211958.0,73343.0,87105.0
219278.0,85902.0,86834.0
226020.0,73333.0,74815.0
212076.0,87408.0,74167.0
219795.0,85838.0,74501.0
217959.0,11643.0,74571.0
218641.0,85636.0,87432.0
223354.0,85907.0,74623.0
218664.0,88685.0,74419.0
218341.0,86026.0,74650.0
224560.0,86214.0,75266.0
224818.0,85848.0,73851.0
224985.0,87749.0,75266.0
234023.0,85614.0,87451.0
89610.0,87053.0,74274.0
218125.0,86150.0,87917.0
218738.0,85837.0,74542.0
218326.0,85684.0,74777.0
218455.0,89287.0,74941.0
218068.0,73227.0,74546.0
226022.0,73427.0,75742.0
213290.0,86180.0,75139.0
218004.0,85899.0,74433.0
219693.0,85983.0,74625.0
219436.0,73122.0,74630.0
225982.0,87487.0,74052.0
224481.0,85895.0,74592.0
218825.0,85895.0,75089.0
225229.0,86230.0,88115.0
219476.0,86244.0,74726.0
224760.0,87674.0,74299.0
218514.0,87560.0,69188.0
217787.0,85442.0,62491.0
224478.0,85765.0,74254.0
90378.0,86967.0,759.0
96692.0,87137.0,11501.0
90286.0,85480.0,4997.0
228503.0,87631.0,74278.0
240147.0,85558.0,74387.0
90697.0,87630.0,74322.0
235402.0,85705.0,86851.0
227855.0,87764.0,88385.0
90761.0,87176.0,75075.0
90761.0,90171.0,75261.0
90652.0,86242.0,75586.0
90717.0,86220.0,74590.0
90499.0,87004.0,86866.0
108886.0,86016.0,74558.0
4633.0,86107.0,74754.0
197259.0,87041.0,74716.0
89961.0,85817.0,87577.0
90150.0,87105.0,74369.0
235275.0,86004.0,74893.0
90592.0,86876.0,74398.0
90686.0,85918.0,74953.0
90575.0,73484.0,74307.0
90569.0,85582.0,74473.0
90092.0,85594.0,74764.0
90557.0,87395.0,75740.0
90827.0,87032.0,75030.0
90620.0,86070.0,74907.0
90861.0,87845.0,74573.0
134545.0,87214.0,74900.0
90159.0,85757.0,74934.0
90640.0,88630.0,74648.0
90562.0,86459.0,74600.0
90451.0,85650.0,74627.0
89878.0,87039.0,75078.0
91026.0,85770.0,74728.0
234013.0,87207.0,74068.0
236016.0,85622.0,74433.0
229168.0,85708.0,74276.0
90594.0,87220.0,88586.0
102564.0,73498.0,73997.0
90381.0,85263.0,74427.0
240766.0,86591.0,74962.0
90662.0,87099.0,74391.0
90499.0,85900.0,74231.0
90801.0,85853.0,74749.0
90575.0,85649.0,74519.0
90557.0,85606.0,87382.0
90666.0,85788.0,75085.0
90848.0,87333.0,87508.0
90427.0,73574.0,74625.0
235347.0,87651.0,74486.0
233703.0,73066.0,87832.0
91300.0,86806.0,74545.0
90692.0,87280.0,74566.0
90467.0,73338.0,74650.0
90088.0,86330.0,68565.0
90744.0,87312.0,74699.0
90582.0,85763.0,74777.0
90704.0,88492.0,74858.0
90880.0,87666.0,74334.0
90395.0,85659.0,87132.0
90627.0,85512.0,74645.0
90637.0,73615.0,74812.0
90608.0,87098.0,74441.0
90387.0,87463.0,74627.0
90422.0,85916.0,74683.0
153380.0,85503.0,74845.0
91028.0,86983.0,87545.0
90109.0,73111.0,74702.0
122232.0,85574.0,74310.0
227371.0,85476.0,74555.0
90500.0,85798.0,74664.0
240192.0,159562.0,74713.0
90549.0,87482.0,24678.0
96494.0,85736.0,74622.0
90321.0,87445.0,75058.0
91357.0,87036.0,74701.0
222832.0,86329.0,75830.0
230137.0,85785.0,74715.0
90676.0,89269.0,87328.0
234846.0,85736.0,75077.0
234703.0,85748.0,76480.0
90520.0,86081.0,87881.0
90279.0,85484.0,87274.0
90832.0,73374.0,74763.0
90149.0,86357.0,74998.0
234172.0,88600.0,75028.0
90690.0,85369.0,87499.0
234288.0,73412.0,87710.0
91131.0,86340.0,74285.0
90811.0,86792.0,74100.0
171989.0,86943.0,75128.0
90493.0,85595.0,86887.0
90442.0,87705.0,74823.0
233872.0,86989.0,75108.0
234619.0,87064.0,74459.0
234201.0,87176.0,74693.0
202830.0,86244.0,87498.0
90664.0,87508.0,86703.0
91714.0,73433.0,74322.0
91041.0,86244.0,74251.0
121616.0,87356.0,75144.0
90302.0,86097.0,74562.0
228510.0,86929.0,74563.0
228647.0,87077.0,87675.0
89929.0,73579.0,87486.0
90434.0,85691.0,87225.0
90438.0,87399.0,74036.0
90062.0,179511.0,74577.0
227549.0,86280.0,74555.0
90310.0,86182.0,75628.0
90300.0,85823.0,87376.0
90690.0,85721.0,75294.0
236243.0,73655.0,74495.0
90212.0,85514.0,74951.0
90446.0,87375.0,74626.0
234602.0,85764.0,74881.0
90395.0,87526.0,87483.0
209655.0,86310.0,74991.0
90295.0,85788.0,87565.0
90716.0,85604.0,87854.0
90743.0,74838.0,74559.0
90445.0,85781.0,88340.0
90400.0,85966.0,74533.0
90765.0,85409.0,74151.0
240427.0,85985.0,74778.0
234802.0,86392.0,75042.0
90725.0,85735.0,74551.0
234805.0,73145.0,87975.0
90701.0,87459.0,74789.0
90778.0,85799.0,87577.0
90251.0,86799.0,74192.0
90544.0,86258.0,87487.0
90461.0,73081.0,231384.0
90996.0,86047.0,87538.0
235224.0,87197.0,75269.0
234416.0,87247.0,87483.0
90767.0,88480.0,74522.0
235158.0,86988.0,74264.0
90580.0,86328.0,74083.0
90707.0,73543.0,74543.0
90656.0,85553.0,74958.0
234451.0,85734.0,74733.0
240477.0,87771.0,74388.0
90605.0,73086.0,230845.0
146830.0,85868.0,74399.0
184391.0,73768.0,86767.0
90784.0,86078.0,86738.0
234778.0,85463.0,232438.0
90484.0,88600.0,86926.0
90211.0,85991.0,86729.0
234778.0,86436.0,86788.0
240017.0,215368.0,74219.0
90574.0,72643.0,86888.0
90606.0,72112.0,74891.0
89829.0,214556.0,74568.0
90112.0,200967.0,74587.0
234340.0,85687.0,230703.0
90195.0,72469.0,87250.0
90792.0,85817.0,87059.0
229181.0,72123.0,74288.0
233883.0,189436.0,173932.0
229668.0,214642.0,86896.0
90422.0,86009.0,116950.0
147029.0,214958.0,74104.0
90339.0,86760.0,86753.0
159808.0,85333.0,87026.0
90075.0,215243.0,86972.0
90410.0,72693.0,74318.0
90391.0,85533.0,87384.0
233737.0,84975.0,87220.0
90165.0,214355.0,87230.0
90754.0,215136.0,106373.0
89977.0,221362.0,87313.0
90610.0,72503.0,74357.0
90817.0,214311.0,86726.0
90394.0,122587.0,74572.0
90687.0,220086.0,86916.0
90343.0,72752.0,86746.0
90704.0,84194.0,87065.0
90554.0,85541.0,118255.0
90529.0,103164.0,86532.0
203324.0,85775.0,229893.0
90777.0,222319.0,86810.0
234486.0,89926.0,74359.0
90386.0,73209.0,167336.0
90687.0,85547.0,11950.0
90630.0,72330.0,193037.0
90854.0,215645.0,87104.0
90893.0,72476.0,74260.0
90261.0,109162.0,87328.0
128074.0,85986.0,74484.0
128141.0,115660.0,87058.0
91256.0,109320.0,230598.0
91211.0,87133.0,111276.0
90320.0,72218.0,86887.0
90468.0,85599.0,87286.0
90957.0,96637.0,237891.0
90137.0,72475.0,87494.0
90321.0,73473.0,86620.0
241096.0,214327.0,86720.0
235289.0,85527.0,236950.0
90590.0,85207.0,74367.0
103232.0,215162.0,74189.0
141887.0,213757.0,87063.0
234584.0,86133.0,124296.0
90150.0,219645.0,204862.0
90534.0,215100.0,86125.0
90712.0,214512.0,74321.0
110662.0,86247.0,232006.0
173994.0,73280.0,86827.0
123691.0,86269.0,74384.0
234427.0,221270.0,74626.0
223481.0,220711.0,74543.0
142106.0,146084.0,86935.0
253379.0,72665.0,231520.0
110738.0,71991.0,86831.0
234577.0,214587.0,74350.0
197999.0,220910.0,183752.0
111958.0,72127.0,87191.0
111137.0,29522.0,131086.0
191241.0,221506.0,230510.0
209994.0,86134.0,143606.0
178540.0,85833.0,74780.0
110510.0,213942.0,230899.0
252463.0,220642.0,74544.0
216003.0,87174.0,74913.0
111048.0,220777.0,74803.0
192483.0,96900.0,87337.0
255824.0,73177.0,87032.0
255127.0,72489.0,74398.0
110741.0,140043.0,74654.0
211990.0,85640.0,74488.0
130245.0,86180.0,86890.0
112121.0,221541.0,86952.0
116606.0,72314.0,87122.0
254438.0,220417.0,86795.0
209741.0,86728.0,86826.0
185030.0,220507.0,86824.0
172503.0,215376.0,87113.0
110972.0,72570.0,86972.0
123839.0,85552.0,87301.0
210361.0,85368.0,87249.0
233643.0,213925.0,123907.0
215470.0,85412.0,86821.0
227751.0,85519.0,231063.0
252109.0,221899.0,87285.0
155093.0,86323.0,230529.0
110916.0,214069.0,74980.0
234663.0,139420.0,87583.0
213053.0,72782.0,74658.0
167593.0,73447.0,87311.0
185410.0,73823.0,86966.0
191815.0,215416.0,86988.0
148252.0,214516.0,230543.0
110994.0,85628.0,86823.0
209559.0,96976.0,232721.0
154357.0,221617.0,759.0
179504.0,214865.0,86783.0
153829.0,73396.0,87120.0
252994.0,214450.0,137148.0
253532.0,213791.0,74973.0
203515.0,72507.0,74612.0
235029.0,85447.0,74582.0
255627.0,214231.0,86903.0
173574.0,103433.0,74652.0
191485.0,220555.0,74615.0
160851.0,214932.0,87204.0
212005.0,214117.0,229828.0
110892.0,145643.0,86581.0
254344.0,214066.0,87166.0
191229.0,72556.0,86499.0
197151.0,79302.0,86759.0
209338.0,72609.0,87119.0
216153.0,215256.0,87178.0
204595.0,85281.0,230441.0
173351.0,222333.0,74355.0
147745.0,221172.0,74379.0
253522.0,72833.0,99959.0
216808.0,85696.0,86741.0
160583.0,85389.0,233009.0
215834.0,73075.0,230752.0
209653.0,74300.0,87151.0
110849.0,85370.0,74162.0
110571.0,72565.0,230282.0
235894.0,127793.0,87740.0
117615.0,72485.0,87076.0
123197.0,85437.0,87190.0
210395.0,208803.0,230795.0
174536.0,85340.0,87060.0
202361.0,73332.0,74933.0
110464.0,109305.0,230199.0
178750.0,72357.0,86767.0
222420.0,85803.0,86570.0
192035.0,72591.0,74560.0
110972.0,72224.0,230261.0
210026.0,72213.0,87324.0
110832.0,220839.0,86760.0
173315.0,214182.0,74455.0
191791.0,97729.0,86726.0
185033.0,72210.0,87306.0
222074.0,86242.0,86436.0
110650.0,214253.0,86932.0
228452.0,214916.0,74513.0
173481.0,85629.0,87298.0
118176.0,220106.0,187205.0
209913.0,183659.0,87237.0
255037.0,219627.0,88980.0
210499.0,86412.0,74118.0
209898.0,72209.0,87156.0
159723.0,208231.0,74655.0
211438.0,85384.0,87061.0
198017.0,165039.0,142967.0
222339.0,73479.0,230245.0
111122.0,219865.0,74412.0
111202.0,208540.0,86684.0
111339.0,87240.0,86700.0
117140.0,220188.0,74350.0
167078.0,85756.0,74552.0
173001.0,214489.0,86877.0
252870.0,73579.0,86995.0
166058.0,182710.0,231141.0
166599.0,153688.0,74254.0
110698.0,214110.0,68357.0
179551.0,115063.0,74414.0
210662.0,214165.0,86670.0
192914.0,85956.0,230608.0
217345.0,71890.0,74200.0
153734.0,85878.0,232834.0
252405.0,85405.0,86689.0
254557.0,215310.0,86663.0
166456.0,72702.0,74911.0
234204.0,214578.0,87026.0
235548.0,85902.0,92798.0
165804.0,85529.0,176364.0
235197.0,177215.0,74444.0
111066.0,214399.0,86989.0
203790.0,72719.0,74299.0
110463.0,72452.0,118185.0
166140.0,214179.0,228923.0
211589.0,73000.0,74449.0
218874.0,219679.0,74937.0
110082.0,170941.0,74507.0
254295.0,213753.0,86775.0
252335.0,159686.0,86551.0
110822.0,72499.0,86609.0
167081.0,220567.0,230399.0
165965.0,214883.0,75241.0
234360.0,86285.0,86965.0
234491.0,90394.0,86818.0
200200.0,103247.0,74558.0
110903.0,73263.0,74410.0
228885.0,215274.0,86528.0
123478.0,219866.0,231131.0
159636.0,72252.0,230085.0
111409.0,207886.0,106931.0
167137.0,85567.0,107047.0
153841.0,72544.0,156627.0
147744.0,78475.0,125763.0
205397.0,85380.0,244793.0
189105.0,209317.0,106842.0
197067.0,221707.0,106457.0
173100.0,215164.0,106822.0
117036.0,72844.0,137246.0
167071.0,220291.0,106271.0
167292.0,215270.0,151542.0
254631.0,73452.0,245794.0
241182.0,220204.0,226613.0
197698.0,85501.0,106396.0
240477.0,86090.0,107092.0
210673.0,213982.0,232304.0
215436.0,85627.0,106862.0
160483.0,92179.0,106954.0
253531.0,221605.0,106412.0
254019.0,86854.0,106269.0
118202.0,171771.0,106450.0
253311.0,219610.0,106524.0
209274.0,72661.0,246238.0
112465.0,85463.0,106373.0
117464.0,72414.0,125212.0
147776.0,72826.0,106272.0
172221.0,72401.0,244483.0
215071.0,72527.0,208909.0
116494.0,72846.0,244375.0
203602.0,72594.0,194123.0
217071.0,73525.0,188489.0
215594.0,72557.0,106295.0
247241.0,72535.0,232423.0
254305.0,73283.0,106272.0
253392.0,73307.0,107099.0
203477.0,72749.0,106939.0
186725.0,214016.0,106603.0
255311.0,72523.0,106363.0
228376.0,72600.0,218897.0
209657.0,92458.0,106435.0
191134.0,72913.0,168509.0
216587.0,72864.0,106546.0
256217.0,214239.0,143754.0
166620.0,72906.0,106651.0
110181.0,74703.0,105881.0
153566.0,73156.0,168862.0
117559.0,73902.0,106531.0
185248.0,73757.0,227847.0
197886.0,73202.0,105911.0
210467.0,72574.0,188820.0
210240.0,72797.0,106071.0
112242.0,214311.0,131295.0
196857.0,214272.0,106289.0
223996.0,73090.0,106711.0
210393.0,73756.0,106130.0
227793.0,72524.0,207243.0
29848.0,72640.0,106910.0
210464.0,72938.0,106016.0
229918.0,72929.0,106789.0
110407.0,72828.0,214306.0
110443.0,72697.0,105965.0
123397.0,73528.0,106282.0
242827.0,72689.0,245175.0
90462.0,72828.0,106719.0
101265.0,72756.0,106307.0
92678.0,72676.0,106764.0
88811.0,72830.0,138097.0
90903.0,73341.0,107060.0
89068.0,220492.0,106235.0
88684.0,72739.0,119081.0
88737.0,72828.0,106494.0
89291.0,73501.0,106309.0
88801.0,72560.0,112532.0
77246.0,72538.0,200800.0
89783.0,72331.0,244255.0
89259.0,73530.0,106192.0
91165.0,72684.0,127900.0
88918.0,73506.0,106031.0
88779.0,72931.0,106041.0
89515.0,72819.0,106641.0
107230.0,72733.0,169446.0
89535.0,72173.0,106407.0
89644.0,72923.0,169458.0
91456.0,73365.0,106885.0
190057.0,72936.0,106781.0
4773.0,72811.0,106798.0
85069.0,103203.0,246998.0
4699.0,72864.0,207073.0
4950.0,214338.0,106521.0
4741.0,73297.0,113254.0
4721.0,73055.0,252250.0
4741.0,72776.0,106539.0
4741.0,72749.0,106248.0
4645.0,73095.0,106298.0
4677.0,220693.0,106420.0
4741.0,73150.0,246804.0
4657.0,72818.0,119263.0
4741.0,72572.0,138094.0
4721.0,72625.0,207978.0
4685.0,72522.0,106086.0
90081.0,72444.0,107354.0
90563.0,72767.0,137811.0
89288.0,73106.0,112866.0
89515.0,72930.0,244773.0
90324.0,72536.0,106465.0
156011.0,72962.0,113516.0
89672.0,72628.0,112687.0
88682.0,72882.0,106968.0
91276.0,72501.0,163374.0
88690.0,73392.0,144029.0
90318.0,73405.0,106331.0
89046.0,73243.0,183037.0
94356.0,72905.0,106658.0
91573.0,220472.0,106859.0
168675.0,72394.0,106374.0
88606.0,72774.0,106273.0
90435.0,73421.0,246625.0
107032.0,72874.0,225161.0
90980.0,73072.0,150533.0
89369.0,73075.0,245704.0
89795.0,73216.0,106657.0
89281.0,72530.0,105782.0
91180.0,73250.0,106612.0
88854.0,72787.0,106734.0
92243.0,72606.0,126089.0
88593.0,73537.0,125636.0
89328.0,72856.0,125976.0
91375.0,72848.0,144636.0
217830.0,72915.0,247388.0
89290.0,78908.0,106851.0
89038.0,72227.0,157624.0
74777.0,73206.0,106367.0
89411.0,72815.0,106403.0
89080.0,73036.0,245148.0
88951.0,73412.0,157878.0
89161.0,72882.0,113073.0
90481.0,72799.0,106674.0
90823.0,73516.0,106695.0
89491.0,72457.0,107468.0
90087.0,72782.0,105903.0
89829.0,73393.0,106257.0
89243.0,72602.0,226184.0
9445.0,73530.0,246448.0
90718.0,72899.0,106363.0
90838.0,164842.0,106821.0
90762.0,72627.0,205674.0
90449.0,84959.0,244171.0
89387.0,72859.0,206348.0
90509.0,72783.0,106873.0
89580.0,72828.0,227122.0
92572.0,72670.0,106198.0
91672.0,73650.0,132229.0
89397.0,73697.0,107115.0
90373.0,72631.0,107060.0
89006.0,72978.0,106027.0
92339.0,72830.0,194138.0
89111.0,72838.0,106168.0
76593.0,71960.0,107166.0
88853.0,214330.0,106295.0
89008.0,72882.0,106097.0
88750.0,97198.0,107076.0
89798.0,72824.0,125075.0
113463.0,72523.0,125027.0
89275.0,72516.0,125980.0
90739.0,214028.0,106337.0
90465.0,72653.0,138063.0
89279.0,72737.0,106535.0
91453.0,72907.0,106999.0
89529.0,73333.0,244767.0
101333.0,72238.0,106132.0
92108.0,72655.0,105952.0
218990.0,72054.0,238172.0
89075.0,74018.0,106735.0
89800.0,72851.0,112584.0
91417.0,214209.0,106399.0
91201.0,72861.0,106653.0
88799.0,72119.0,107343.0
89075.0,214311.0,125179.0
88940.0,72717.0,106336.0
89093.0,72771.0,247092.0
89179.0,72917.0,163504.0
89367.0,72846.0,151275.0
88750.0,72812.0,193746.0
88662.0,72717.0,106568.0
88826.0,72590.0,106661.0
89219.0,72883.0,138864.0
88900.0,73459.0,176098.0
89762.0,73231.0,106865.0
89797.0,208081.0,106694.0
88980.0,73107.0,125242.0
92106.0,72838.0,106300.0
89112.0,214033.0,144693.0
90108.0,72932.0,106210.0
90222.0,72796.0,246131.0
89193.0,72735.0,107345.0
89208.0,72635.0,106934.0
88677.0,73636.0,106293.0
89498.0,74433.0,107101.0
90570.0,72721.0,153622.0
89714.0,72656.0,106601.0
92067.0,72744.0,106043.0
89485.0,72194.0,106293.0
88778.0,72525.0,169903.0
89158.0,72707.0,106402.0
89123.0,73304.0,158476.0
90965.0,73368.0,245145.0
89008.0,74419.0,106821.0
90711.0,73139.0,106478.0
88987.0,73679.0,87191.0
93415.0,73282.0,88859.0
88914.0,72264.0,88003.0
91577.0,73404.0,87415.0
89150.0,72852.0,87686.0
89371.0,72873.0,87726.0
89221.0,72878.0,87956.0
89822.0,72857.0,87672.0
89478.0,72613.0,87503.0
89347.0,73103.0,87281.0
89736.0,73603.0,87693.0
92743.0,72878.0,230624.0
89872.0,72461.0,87024.0
90374.0,220565.0,87491.0
88952.0,71911.0,87729.0
4685.0,72438.0,87623.0
90050.0,72786.0,87375.0
89383.0,73497.0,87451.0
91791.0,72711.0,87740.0
90967.0,73133.0,87959.0
90488.0,73286.0,87695.0
4717.0,72726.0,87605.0
84973.0,72740.0,88534.0
5171.0,73106.0,87344.0
4741.0,72903.0,87045.0
4581.0,73215.0,88414.0
4657.0,85686.0,87247.0
4581.0,85861.0,87345.0
4657.0,73477.0,88054.0
4697.0,85510.0,87082.0
4657.0,73006.0,87556.0
4717.0,73229.0,87081.0
4653.0,73188.0,87964.0
4781.0,73661.0,86906.0
4677.0,86271.0,87333.0
88792.0,85490.0,86875.0
89880.0,73418.0,87257.0
90824.0,73092.0,87365.0
91838.0,73156.0,87673.0
88749.0,88355.0,87695.0
91632.0,85672.0,87758.0
89070.0,73102.0,88109.0
91176.0,73448.0,87188.0
91551.0,73465.0,87124.0
91347.0,73246.0,87388.0
89258.0,73448.0,86674.0
212083.0,73811.0,4265.0
90412.0,73038.0,11437.0
92326.0,73899.0,81528.0
88794.0,85698.0,87810.0
89470.0,85735.0,87533.0
90239.0,72995.0,87137.0
90156.0,72999.0,87931.0
92263.0,85872.0,88013.0
89577.0,72952.0,87244.0
90055.0,73061.0,87534.0
101613.0,86205.0,87046.0
89150.0,74670.0,87735.0
90120.0,73265.0,87466.0
89090.0,73081.0,87284.0
89350.0,73639.0,87855.0
88928.0,85808.0,87320.0
89295.0,86182.0,87580.0
89179.0,85612.0,87162.0
88945.0,73287.0,87493.0
89916.0,85691.0,88371.0
88837.0,73185.0,86982.0
88774.0,85702.0,87470.0
91415.0,73647.0,86922.0
90655.0,73219.0,87157.0
90466.0,85878.0,87532.0
90511.0,85363.0,86950.0
213087.0,85402.0,87737.0
88769.0,73364.0,88022.0
91602.0,85706.0,87499.0
88680.0,87370.0,87520.0
89128.0,73218.0,87794.0
90544.0,85993.0,87122.0
88974.0,85652.0,87347.0
89169.0,85621.0,87324.0
89765.0,85720.0,87526.0
90356.0,86129.0,87895.0
91900.0,73610.0,87984.0
89943.0,85754.0,87416.0
90149.0,85526.0,87816.0
90570.0,73446.0,88204.0
88902.0,85571.0,87436.0
110854.0,73354.0,87467.0
88975.0,72945.0,87531.0
76950.0,85644.0,88109.0
90611.0,73443.0,87383.0
176835.0,86011.0,87342.0
90015.0,73202.0,87582.0
88972.0,73988.0,86820.0
212572.0,85956.0,87480.0
113963.0,72970.0,87038.0
217491.0,85748.0,87903.0
107973.0,73645.0,87475.0
212363.0,73113.0,88035.0
101790.0,73255.0,87186.0
89482.0,85938.0,87168.0
89043.0,85414.0,87996.0
158970.0,87116.0,87526.0
125582.0,73288.0,87873.0
90141.0,86247.0,87535.0
90567.0,85604.0,87509.0
212162.0,85989.0,88067.0
88440.0,85989.0,87927.0
113628.0,72958.0,87336.0
212514.0,73309.0,88505.0
133611.0,86701.0,87420.0
88765.0,73029.0,87706.0
90876.0,73417.0,87129.0
115238.0,73679.0,87258.0
101865.0,86038.0,87741.0
214078.0,73481.0,87567.0
15546.0,73382.0,87749.0
139593.0,73161.0,87947.0
200062.0,73215.0,87524.0
138529.0,73178.0,86638.0
187987.0,85519.0,86952.0
89189.0,73179.0,87274.0
102567.0,74048.0,87664.0
150254.0,72956.0,87295.0
90980.0,86036.0,87024.0
219859.0,73112.0,87595.0
153105.0,86881.0,87305.0
92538.0,73431.0,87591.0
101481.0,73271.0,87478.0
91306.0,85919.0,87675.0
88978.0,73783.0,87201.0
178041.0,73303.0,88123.0
91182.0,85783.0,87363.0
212428.0,73142.0,86808.0
90269.0,73334.0,87594.0
101731.0,85451.0,88025.0
212505.0,85829.0,88292.0
150756.0,73558.0,86994.0
109152.0,73197.0,87304.0
101891.0,73205.0,88125.0
90521.0,73224.0,86907.0
91058.0,73195.0,87880.0
212526.0,72962.0,88229.0
212902.0,73072.0,87702.0
90169.0,85640.0,88146.0
113484.0,73201.0,87720.0
90438.0,85647.0,87642.0
193589.0,73697.0,88301.0
88986.0,86073.0,87600.0
122223.0,85857.0,87920.0
125922.0,85645.0,87469.0
89318.0,73409.0,87645.0
115074.0,86270.0,88090.0
89820.0,73360.0,87408.0
157112.0,86061.0,87440.0
211598.0,86208.0,87532.0
91184.0,85406.0,88601.0
101462.0,73193.0,87930.0
90519.0,85968.0,87809.0
213332.0,73653.0,86862.0
95386.0,73133.0,87376.0
89217.0,86160.0,88135.0
89837.0,85451.0,87538.0
212340.0,73504.0,87217.0
213337.0,73387.0,87757.0
132529.0,73186.0,87151.0
96736.0,73472.0,88244.0
212107.0,73450.0,87633.0
213791.0,86028.0,87521.0
107958.0,73257.0,87276.0
90207.0,73287.0,87432.0
175707.0,73349.0,87670.0
90103.0,86264.0,87901.0
98905.0,86167.0,87529.0
119901.0,73478.0,87165.0
213792.0,85757.0,87574.0
157583.0,86007.0,87445.0
180820.0,85795.0,87430.0
89154.0,86542.0,87466.0
90526.0,73569.0,87438.0
95480.0,73425.0,87569.0
156907.0,73166.0,87578.0
113619.0,85678.0,87604.0
89165.0,73252.0,86975.0
212920.0,73346.0,87244.0
88696.0,73363.0,87297.0
90224.0,73409.0,88587.0
90942.0,72878.0,87090.0
212721.0,85649.0,88018.0
214609.0,85974.0,87228.0
113967.0,86048.0,87497.0
171717.0,85749.0,87791.0
114743.0,86880.0,87176.0
89425.0,85735.0,87239.0
102350.0,73271.0,87560.0
90583.0,85658.0,87442.0
144323.0,85491.0,759.0
120032.0,85839.0,11598.0
126209.0,86108.0,81423.0
165855.0,73285.0,87175.0
212498.0,73429.0,87173.0
214539.0,86256.0,87530.0
101352.0,85360.0,87574.0
89999.0,73616.0,87430.0
213569.0,73316.0,87965.0
91252.0,85414.0,87589.0
90527.0,85513.0,87531.0
90785.0,73229.0,87707.0
114069.0,73400.0,87372.0
88882.0,86208.0,87922.0
95596.0,87002.0,87454.0
215579.0,73551.0,164069.0
150915.0,73365.0,137680.0
95087.0,73479.0,120041.0
101843.0,73486.0,124892.0
89043.0,86163.0,106025.0
90970.0,74006.0,193772.0
212138.0,73374.0,125869.0
88965.0,85503.0,106621.0
95780.0,73094.0,105723.0
90900.0,73166.0,200361.0
121535.0,85651.0,234043.0
157859.0,73331.0,106046.0
92274.0,85351.0,244493.0
91195.0,73159.0,105908.0
89303.0,85934.0,106446.0
89710.0,86406.0,106314.0
211806.0,86949.0,105919.0
88969.0,73806.0,106085.0
150894.0,90019.0,106641.0
158512.0,73304.0,247343.0
212942.0,85385.0,157597.0
163901.0,85378.0,106837.0
90575.0,85925.0,107484.0
212790.0,73050.0,156059.0
4665.0,73465.0,105627.0
4721.0,72959.0,106279.0
4781.0,73269.0,131710.0
4781.0,73392.0,137772.0
4709.0,73023.0,219074.0
4677.0,85584.0,119137.0
4721.0,87415.0,105993.0
4721.0,73270.0,106477.0
4781.0,73131.0,106007.0
4781.0,72929.0,105860.0
4761.0,73238.0,106295.0
4741.0,85725.0,106539.0
4813.0,73237.0,105298.0
4761.0,73117.0,106560.0
4741.0,73375.0,244492.0
4813.0,72973.0,106520.0
140685.0,73015.0,105915.0
4753.0,73168.0,106438.0
4741.0,85918.0,106505.0
4721.0,73277.0,106120.0
4889.0,73742.0,244953.0
4921.0,73451.0,159090.0
4813.0,72938.0,106082.0
102953.0,73429.0,244069.0
206434.0,73187.0,105980.0
108877.0,73529.0,224857.0
212692.0,73059.0,158444.0
89465.0,73594.0,106415.0
212573.0,73104.0,245163.0
212040.0,73862.0,170328.0
121283.0,73485.0,225125.0
163100.0,73429.0,106046.0
212964.0,73707.0,106118.0
90658.0,73046.0,106022.0
212323.0,73575.0,106312.0
89057.0,73420.0,106345.0
214680.0,73417.0,105598.0
107438.0,73387.0,131830.0
221587.0,73012.0,105924.0
108846.0,73443.0,150793.0
108046.0,73240.0,221381.0
115593.0,73273.0,182175.0
119949.0,73450.0,105912.0
212473.0,73512.0,105956.0
211835.0,73534.0,182604.0
187564.0,73494.0,244043.0
157092.0,76747.0,106874.0
109575.0,76554.0,113038.0
157490.0,73051.0,107780.0
213480.0,73093.0,105983.0
127296.0,73531.0,106172.0
89290.0,72966.0,106484.0
88968.0,73888.0,119261.0
88740.0,73117.0,107001.0
156628.0,73338.0,244220.0
107625.0,73187.0,183485.0
89969.0,73438.0,107064.0
89356.0,73335.0,105728.0
89088.0,73522.0,106316.0
89043.0,73428.0,201332.0
89526.0,73577.0,124810.0
176123.0,73020.0,105697.0
179219.0,73076.0,106312.0
101135.0,74623.0,106890.0
171521.0,73438.0,105318.0
93003.0,73332.0,125894.0
170481.0,72931.0,106168.0
102868.0,73709.0,105901.0
90823.0,73281.0,118546.0
212688.0,73611.0,105554.0
158023.0,75080.0,106264.0
89734.0,73077.0,105991.0
211754.0,73475.0,150680.0
114553.0,73040.0,184524.0
92330.0,73166.0,149681.0
135726.0,73284.0,106848.0
88342.0,73353.0,105974.0
88685.0,74008.0,106185.0
102988.0,75259.0,106664.0
90101.0,73615.0,105670.0
216003.0,73499.0,118814.0
90971.0,73591.0,105788.0
90547.0,73175.0,156254.0
88971.0,73004.0,220073.0
157179.0,73599.0,105916.0
89344.0,73351.0,106395.0
133324.0,73511.0,244206.0
133138.0,73284.0,132662.0
214193.0,73897.0,138286.0
114821.0,77147.0,119537.0
158456.0,73477.0,106036.0
189135.0,73070.0,106597.0
214049.0,73275.0,243648.0
212781.0,73443.0,107061.0
211973.0,73347.0,106178.0
108141.0,73401.0,211926.0
105433.0,73859.0,105914.0
89798.0,77090.0,105655.0
88994.0,74971.0,162563.0
4685.0,76447.0,106704.0
88741.0,73711.0,245666.0
213018.0,73601.0,131667.0
183015.0,73183.0,105584.0
126710.0,73334.0,106415.0
6740.0,73197.0,106343.0
6612.0,73173.0,157414.0
6612.0,73167.0,119314.0
111117.0,73370.0,105818.0
110894.0,75145.0,220939.0
110673.0,73538.0,106484.0
79886.0,73333.0,106346.0
6676.0,73359.0,105972.0
6548.0,74617.0,181600.0
6676.0,73210.0,107486.0
6612.0,73904.0,138058.0
110459.0,73589.0,202767.0
6612.0,73099.0,105348.0
6580.0,72894.0,246334.0
111540.0,73465.0,221618.0
11452.0,73330.0,106298.0
6612.0,73752.0,106591.0
6740.0,73057.0,106284.0
110892.0,73434.0,106980.0
110572.0,73365.0,105761.0
6676.0,75217.0,227151.0
10582.0,73115.0,105885.0
111285.0,73448.0,106141.0
10486.0,74746.0,247132.0
110752.0,73224.0,127042.0
109847.0,73179.0,105858.0
6676.0,73366.0,105520.0
6612.0,76251.0,245133.0
29935.0,76364.0,138746.0
110484.0,73424.0,245383.0
23944.0,73545.0,124335.0
10550.0,73461.0,106618.0
10486.0,73375.0,149441.0
111090.0,72979.0,106764.0
6740.0,73233.0,106497.0
6676.0,73253.0,106694.0
6676.0,73502.0,106964.0
110941.0,73402.0,138096.0
110818.0,73601.0,105846.0
17771.0,74475.0,106750.0
6668.0,73423.0,106879.0
110735.0,73125.0,106118.0
110508.0,73248.0,106645.0
10614.0,73437.0,106637.0
104593.0,73519.0,107434.0
6676.0,73321.0,106018.0
110788.0,73432.0,106378.0
6740.0,77415.0,131104.0
10572.0,73588.0,106235.0
110921.0,73255.0,106736.0
10614.0,73132.0,106474.0
111573.0,73244.0,106622.0
6612.0,73691.0,246009.0
110611.0,75067.0,105866.0
111264.0,75507.0,105949.0
85868.0,73117.0,106275.0
110459.0,73527.0,139607.0
6740.0,74029.0,106173.0
6612.0,73132.0,107116.0
110705.0,73096.0,246595.0
110626.0,73333.0,105666.0
109794.0,73460.0,12005.0
6740.0,73468.0,242931.0
17373.0,73288.0,106285.0
110938.0,73614.0,118200.0
10614.0,73576.0,106179.0
17569.0,73087.0,105822.0
92043.0,73358.0,106510.0
110851.0,75112.0,106121.0
10614.0,73273.0,125881.0
10550.0,73117.0,130636.0
17576.0,73504.0,105820.0
23934.0,73611.0,131827.0
10614.0,74895.0,106912.0
6676.0,73377.0,189774.0
6930.0,72995.0,107976.0
6676.0,76178.0,106043.0
110724.0,73580.0,107667.0
110949.0,73693.0,106784.0
110560.0,74939.0,100115.0
11366.0,73222.0,107140.0
6612.0,73937.0,93740.0
11092.0,73315.0,107146.0
10486.0,73424.0,74496.0
110784.0,72988.0,37312.0
110635.0,73268.0,93036.0
6656.0,73182.0,107329.0
10614.0,76449.0,87242.0
110281.0,73061.0,105860.0
110480.0,73559.0,106435.0
92306.0,73046.0,106384.0
10562.0,73056.0,106046.0
110778.0,73538.0,94055.0
18008.0,73142.0,106474.0
109588.0,73326.0,105920.0
6676.0,73412.0,99375.0
110623.0,73230.0,56557.0
10572.0,73287.0,80745.0
55601.0,73575.0,106079.0
10422.0,73273.0,99605.0
111297.0,73552.0,112676.0
109874.0,73339.0,106694.0
17595.0,73280.0,76062.0
110226.0,73387.0,87000.0
6612.0,73345.0,108392.0
110743.0,73619.0,50237.0
6612.0,73591.0,106541.0
10550.0,73371.0,106775.0
110749.0,73751.0,106964.0
110786.0,74960.0,106846.0
10550.0,73123.0,106307.0
111185.0,73446.0,24583.0
10572.0,73691.0,62287.0
110530.0,73251.0,106012.0
166211.0,73641.0,106588.0
158339.0,73346.0,251655.0
89234.0,73183.0,68862.0
89374.0,73294.0,106809.0
90532.0,76232.0,100421.0
187299.0,73344.0,105361.0
89387.0,73296.0,86831.0
89106.0,73777.0,106405.0
89512.0,73262.0,106721.0
88842.0,73053.0,37652.0
211422.0,72917.0,87053.0
89202.0,73524.0,105971.0
89544.0,73208.0,99517.0
90928.0,73397.0,93620.0
89952.0,73279.0,106445.0
186748.0,73270.0,106073.0
88975.0,73443.0,105825.0
88754.0,73188.0,106671.0
173478.0,73348.0,188300.0
90611.0,73194.0,106360.0
215059.0,73172.0,106526.0
88979.0,73442.0,106134.0
89050.0,73680.0,106870.0
212147.0,73049.0,49923.0
88869.0,73566.0,106069.0
212166.0,73125.0,250691.0
90105.0,73586.0,106705.0
91758.0,73634.0,49815.0
88920.0,73545.0,248149.0
90764.0,73046.0,106863.0
89952.0,73212.0,105718.0
88925.0,87253.0,99680.0
88707.0,88333.0,106487.0
91589.0,85888.0,43610.0
89096.0,85588.0,105713.0
88687.0,85438.0,99389.0
33534.0,86202.0,99145.0
89319.0,85425.0,30679.0
212691.0,86677.0,68495.0
92407.0,85336.0,106362.0
221316.0,85861.0,105935.0
89980.0,86053.0,4777.0
138281.0,93099.0,106151.0
214265.0,87274.0,106117.0
88818.0,85617.0,94876.0
89812.0,73387.0,106043.0
89578.0,85415.0,105868.0
89839.0,87377.0,99327.0
89450.0,85395.0,106049.0
163264.0,86965.0,55783.0
88894.0,85552.0,68198.0
89481.0,85652.0,5673.0
89090.0,85738.0,105770.0
90528.0,85432.0,107508.0
200214.0,88035.0,56229.0
89209.0,85865.0,18387.0
4721.0,86803.0,105497.0
85046.0,85484.0,106222.0
4647.0,85400.0,106782.0
4974.0,85702.0,100456.0
4741.0,85578.0,106705.0
4721.0,85502.0,74347.0
4781.0,85887.0,106283.0
4721.0,85733.0,75193.0
4781.0,85701.0,37216.0
4721.0,85449.0,56597.0
4741.0,713.0,94347.0
4741.0,141575.0,244747.0
4721.0,85470.0,106258.0
4781.0,86379.0,80626.0
4721.0,85228.0,93474.0
90276.0,87490.0,93588.0
107264.0,85429.0,99483.0
89337.0,85187.0,106827.0
89371.0,85401.0,74277.0
126398.0,85629.0,105890.0
211913.0,85654.0,105963.0
90343.0,85553.0,43970.0
88847.0,87403.0,74436.0
89172.0,85651.0,56730.0
89157.0,217291.0,11871.0
90061.0,85723.0,81189.0
89046.0,98067.0,106832.0
162756.0,85624.0,107389.0
76639.0,87010.0,105772.0
89456.0,85690.0,88097.0
93191.0,85579.0,108642.0
88843.0,87100.0,106244.0
88934.0,85895.0,107084.0
90060.0,85582.0,105835.0
89085.0,85479.0,106482.0
158480.0,85253.0,62301.0
211455.0,85329.0,87561.0
4721.0,86590.0,106045.0
4781.0,85589.0,49424.0
4721.0,215957.0,106937.0
4657.0,85915.0,107327.0
4741.0,85288.0,106507.0
4781.0,85481.0,106646.0
4781.0,86322.0,94166.0
4721.0,86002.0,80654.0
4773.0,169007.0,106935.0
4721.0,85851.0,107140.0
4773.0,85523.0,81296.0
4721.0,85389.0,106813.0
4721.0,86346.0,106023.0
4781.0,85696.0,106747.0
4741.0,86402.0,106835.0
4721.0,85382.0,68496.0
4781.0,87038.0,108099.0
4741.0,215847.0,106047.0
128384.0,85485.0,106772.0
4677.0,85635.0,99435.0
4741.0,86372.0,105999.0
4717.0,85465.0,244177.0
90661.0,85421.0,107261.0
163541.0,86988.0,105866.0
88806.0,214694.0,105876.0
89241.0,85636.0,106394.0
88844.0,86334.0,105928.0
76876.0,85248.0,105980.0
89587.0,85399.0,106112.0
90449.0,85695.0,106268.0
88916.0,85662.0,105986.0
91816.0,86529.0,106272.0
115690.0,85531.0,105832.0
212571.0,85515.0,106574.0
92242.0,122978.0,105993.0
89330.0,85780.0,107134.0
162376.0,86009.0,106058.0
90549.0,86895.0,106684.0
89388.0,218667.0,106238.0
88907.0,85579.0,37209.0
188384.0,85474.0,99973.0
88937.0,85819.0,93536.0
89065.0,85865.0,109172.0
90241.0,85341.0,106414.0
90017.0,85382.0,107446.0
211467.0,85437.0,105862.0
218168.0,85610.0,87042.0
89077.0,85740.0,106010.0
90650.0,88269.0,81251.0
88709.0,85710.0,107182.0
90638.0,85323.0,105835.0
174809.0,85543.0,107134.0
89159.0,85910.0,106099.0
89623.0,86862.0,106995.0
217581.0,86695.0,105366.0
156748.0,85667.0,106991.0
219511.0,85662.0,106158.0
4741.0,89205.0,86871.0
4721.0,86095.0,106814.0
4721.0,86313.0,106022.0
4721.0,85596.0,106108.0
4677.0,85284.0,106066.0
4781.0,85393.0,106575.0
4721.0,85411.0,105946.0
4717.0,85594.0,68809.0
4813.0,85320.0,73981.0
4741.0,86633.0,99384.0
4753.0,85780.0,87431.0
4813.0,85484.0,105790.0
4721.0,86819.0,106436.0
85037.0,85449.0,106126.0
217565.0,85595.0,106431.0
90266.0,85577.0,106017.0
88903.0,85638.0,68421.0
134294.0,85655.0,106110.0
89076.0,87582.0,100391.0
191352.0,86935.0,12276.0
181290.0,85855.0,246536.0
92130.0,85480.0,81364.0
212133.0,85501.0,107472.0
89117.0,85580.0,107289.0
89183.0,87384.0,106230.0
88787.0,191103.0,31055.0
194078.0,216869.0,106011.0
91550.0,85421.0,106171.0
109259.0,86046.0,105839.0
162469.0,87367.0,245588.0
89166.0,85351.0,107329.0
195212.0,85415.0,105916.0
212185.0,85018.0,106564.0
91543.0,85881.0,106958.0
113527.0,86157.0,106579.0
88764.0,85845.0,106638.0
91014.0,215338.0,56341.0
89960.0,88446.0,106474.0
156276.0,85531.0,105612.0
90549.0,85476.0,105854.0
89254.0,85935.0,106041.0
77135.0,85296.0,105990.0
89404.0,87411.0,106608.0
88927.0,85832.0,106248.0
89119.0,85576.0,37762.0
156407.0,85676.0,106684.0
89179.0,86512.0,106400.0
88753.0,85611.0,106719.0
89007.0,85592.0,106245.0
88797.0,85322.0,106186.0
89360.0,86910.0,105202.0
89169.0,85751.0,106165.0
139578.0,85936.0,106344.0
91697.0,85681.0,105760.0
90883.0,85344.0,106664.0
88735.0,85373.0,106631.0
89913.0,85756.0,100817.0
90432.0,85530.0,106579.0
89148.0,85845.0,107424.0
90326.0,98375.0,105573.0
40284.0,85504.0,106799.0
211190.0,85733.0,107457.0
89025.0,85656.0,106472.0
134666.0,87838.0,106299.0
90133.0,215304.0,106349.0
88782.0,85847.0,105602.0
90309.0,85724.0,106592.0
77023.0,85145.0,107546.0
90729.0,85448.0,106665.0
89590.0,85511.0,106633.0
108971.0,85461.0,106349.0
90193.0,85489.0,107275.0
88837.0,85859.0,105982.0
132285.0,87318.0,106081.0
89771.0,85858.0,106442.0
226416.0,85254.0,106335.0
88836.0,85486.0,106625.0
89116.0,87337.0,107168.0
88814.0,85690.0,106062.0
211559.0,86556.0,106239.0
212131.0,85428.0,105989.0
89356.0,85891.0,106866.0
90835.0,85386.0,105756.0
88893.0,93871.0,106340.0
88587.0,85565.0,107519.0
77495.0,85184.0,106178.0
90201.0,98170.0,106770.0
162998.0,85289.0,105736.0
114390.0,85727.0,106047.0
92508.0,85880.0,106332.0
89957.0,87337.0,106176.0
89218.0,85719.0,106076.0
206883.0,85551.0,106375.0
89077.0,85180.0,105728.0
91466.0,87197.0,106580.0
89280.0,85633.0,62681.0
90292.0,85379.0,105764.0
150991.0,215699.0,107614.0
88993.0,85486.0,759.0
90249.0,122161.0,4278.0
89408.0,99411.0,106213.0
95467.0,103420.0,106296.0
88691.0,72244.0,106309.0
88911.0,103107.0,106126.0
90199.0,220658.0,106038.0
157241.0,71916.0,105615.0
214007.0,165621.0,105477.0
211588.0,72541.0,106172.0
90366.0,220660.0,105979.0
91178.0,72572.0,106646.0
193262.0,220441.0,43631.0
89199.0,73443.0,106022.0
156766.0,72016.0,106154.0
89487.0,72362.0,106085.0
89171.0,103976.0,245025.0
89504.0,97906.0,106374.0
88978.0,73044.0,106442.0
23827.0,221235.0,105464.0
6677.0,72812.0,105946.0
6677.0,222040.0,105690.0
111056.0,220248.0,105686.0
111613.0,171825.0,106308.0
8183.0,73443.0,106330.0
11597.0,146730.0,105758.0
111126.0,178194.0,106594.0
10202.0,220782.0,107369.0
6677.0,72579.0,105998.0
6677.0,85040.0,107243.0
6613.0,72457.0,105854.0
9942.0,102659.0,106433.0
10615.0,72475.0,105983.0
10605.0,72864.0,106337.0
6677.0,221576.0,105854.0
6677.0,208955.0,106347.0
10551.0,220431.0,105820.0
10551.0,85215.0,106168.0
111413.0,73346.0,113607.0
48601.0,221128.0,106452.0
10605.0,72121.0,105502.0
110931.0,72656.0,106114.0
6677.0,104484.0,106596.0
6677.0,72138.0,107330.0
111913.0,72442.0,106436.0
7059.0,71980.0,105790.0
42759.0,78127.0,105559.0
10605.0,221443.0,106633.0
6677.0,220055.0,107516.0
10605.0,96979.0,105974.0
6677.0,73477.0,106123.0
6677.0,170399.0,105726.0
6677.0,72037.0,107672.0
6677.0,171665.0,106199.0
17665.0,134455.0,106497.0
17763.0,78491.0,106112.0
6677.0,208176.0,105800.0
6677.0,221287.0,106272.0
6741.0,134014.0,105695.0
6677.0,72633.0,106234.0
6677.0,220255.0,105665.0
6677.0,220303.0,105868.0
6677.0,72244.0,106150.0
6677.0,221344.0,106305.0
10551.0,103951.0,106553.0
110958.0,166370.0,106363.0
6677.0,220836.0,106634.0
111271.0,72291.0,106306.0
110936.0,115544.0,106680.0
6740.0,220127.0,105538.0
6741.0,220122.0,150849.0
6677.0,84246.0,105822.0
112131.0,220225.0,106214.0
6677.0,220296.0,106798.0
17808.0,103170.0,106543.0
10573.0,72699.0,106083.0
10551.0,122400.0,107266.0
6709.0,96964.0,106900.0
10605.0,220751.0,106013.0
111300.0,220459.0,106933.0
10605.0,72392.0,106688.0
10605.0,220372.0,105466.0
6676.0,115380.0,106464.0
6677.0,72291.0,105989.0
111219.0,172120.0,105794.0
6785.0,220431.0,106704.0
6677.0,170870.0,107264.0
6676.0,85677.0,107716.0
6709.0,221502.0,106493.0
6677.0,221007.0,106068.0
6677.0,220840.0,106733.0
10085.0,220338.0,105886.0
10669.0,90702.0,106360.0
10668.0,220337.0,106376.0
10085.0,220352.0,82372.0
6677.0,220559.0,106164.0
111268.0,134830.0,106780.0
110435.0,72428.0,108112.0
30623.0,72625.0,106666.0
6740.0,78506.0,244205.0
110121.0,220952.0,106124.0
6677.0,78109.0,106050.0
110896.0,202122.0,107029.0
6677.0,72206.0,107032.0
6612.0,109471.0,106223.0
10551.0,72508.0,106305.0
10605.0,220915.0,62711.0
74194.0,220154.0,105301.0
6677.0,221675.0,106623.0
110731.0,78333.0,106167.0
11367.0,220380.0,106289.0
110453.0,129454.0,107095.0
6677.0,222158.0,245387.0
6677.0,90477.0,106521.0
240183.0,220907.0,106516.0
110757.0,72422.0,107077.0
154328.0,78418.0,107142.0
168661.0,172102.0,105932.0
110743.0,90132.0,106094.0
123133.0,165199.0,105693.0
110912.0,221378.0,106991.0
129133.0,220374.0,106823.0
135815.0,220763.0,106336.0
148973.0,171506.0,81270.0
154540.0,166249.0,93993.0
141611.0,72495.0,107422.0
153423.0,72483.0,105914.0
147900.0,152571.0,106032.0
135824.0,222356.0,105502.0
111172.0,73159.0,107462.0
141474.0,115284.0,106196.0
141755.0,73341.0,105417.0
148957.0,208232.0,106416.0
143649.0,108981.0,69272.0
172063.0,147240.0,106923.0
142255.0,172976.0,238145.0
154249.0,103093.0,239974.0
154419.0,171114.0,245090.0
110972.0,142157.0,244490.0
149005.0,146234.0,244846.0
185315.0,221848.0,237203.0
154269.0,109524.0,238676.0
143219.0,78188.0,237271.0
122985.0,221135.0,236740.0
173186.0,73592.0,239313.0
159748.0,207967.0,237048.0
146987.0,110315.0,239455.0
156399.0,72475.0,245202.0
110748.0,221762.0,237818.0
178569.0,87180.0,244432.0
111470.0,220375.0,239058.0
130133.0,72362.0,244144.0
141414.0,72264.0,243821.0
111364.0,72345.0,246746.0
147717.0,214470.0,237394.0
129265.0,220799.0,238793.0
149071.0,90569.0,248909.0
167609.0,140093.0,237110.0
154790.0,72059.0,238158.0
123523.0,72629.0,244149.0
111268.0,196198.0,238920.0
112386.0,72257.0,243689.0
203088.0,84473.0,244738.0
141812.0,222046.0,244760.0
109840.0,152618.0,244209.0
252651.0,221167.0,237928.0
254097.0,171356.0,237352.0
172093.0,171526.0,237804.0
153253.0,72066.0,244599.0
110843.0,71863.0,244386.0
135215.0,72229.0,237249.0
135329.0,115836.0,245987.0
141686.0,208616.0,245440.0
110703.0,73426.0,239723.0
141710.0,91785.0,239470.0
154487.0,221932.0,245211.0
111192.0,72209.0,244172.0
156283.0,111096.0,243983.0
111173.0,72670.0,245585.0
172617.0,221199.0,238182.0
110572.0,72249.0,238312.0
111054.0,190689.0,243743.0
148712.0,72488.0,238275.0
149258.0,116495.0,236917.0
110617.0,220388.0,236871.0
147910.0,72279.0,244426.0
155286.0,121033.0,239269.0
149231.0,220187.0,239558.0
153793.0,72045.0,239911.0
111128.0,109076.0,246065.0
161420.0,220130.0,245326.0
129807.0,72557.0,238300.0
253927.0,78305.0,239311.0
110900.0,72050.0,245926.0
136143.0,221832.0,237533.0
136931.0,221381.0,237482.0
166051.0,127952.0,239937.0
166793.0,165475.0,244480.0
110712.0,109630.0,240471.0
166783.0,220665.0,240012.0
203123.0,159769.0,238089.0
167178.0,72389.0,238201.0
160669.0,220914.0,245320.0
141032.0,220464.0,240084.0
6740.0,190162.0,237315.0
123774.0,241074.0,238105.0
166939.0,11507.0,238226.0
160269.0,220217.0,238113.0
168201.0,166479.0,245797.0
141875.0,221051.0,245498.0
256061.0,96758.0,237563.0
254299.0,84842.0,240365.0
253098.0,72245.0,243890.0
161173.0,177956.0,236756.0
153968.0,221139.0,244859.0
178044.0,98440.0,238930.0
148202.0,72356.0,240250.0
155755.0,74572.0,237238.0
148294.0,73370.0,245053.0
110285.0,85900.0,245203.0
135761.0,74673.0,237514.0
111701.0,85534.0,237307.0
147903.0,73054.0,238548.0
148171.0,73487.0,238701.0
142378.0,85850.0,237482.0
111166.0,85605.0,237909.0
143025.0,72975.0,237779.0
153988.0,86924.0,238992.0
148511.0,85886.0,243310.0
154666.0,87049.0,244801.0
110211.0,73020.0,245168.0
147739.0,85350.0,236964.0
166637.0,73350.0,239362.0
166914.0,73310.0,243429.0
174248.0,85821.0,243371.0
153512.0,73597.0,99171.0
135644.0,73009.0,240050.0
110989.0,74896.0,170165.0
187014.0,85959.0,243794.0
178487.0,73516.0,237541.0
253769.0,73374.0,245432.0
160432.0,88750.0,238679.0
129717.0,85719.0,239561.0
143131.0,73297.0,237309.0
154588.0,73341.0,243914.0
179359.0,87897.0,237986.0
141653.0,86598.0,238747.0
111284.0,86542.0,244596.0
178587.0,73920.0,246167.0
129087.0,73255.0,238307.0
110841.0,72996.0,237864.0
154045.0,86802.0,244210.0
135052.0,87271.0,238134.0
128958.0,73920.0,246207.0
166224.0,137564.0,248122.0
110865.0,87538.0,245073.0
141643.0,85683.0,238013.0
135338.0,73354.0,238073.0
110724.0,75098.0,243677.0
110743.0,85637.0,239117.0
149149.0,90139.0,237484.0
160374.0,87014.0,244430.0
147397.0,73219.0,237563.0
141428.0,73661.0,243600.0
113754.0,73213.0,237570.0
141858.0,73454.0,245550.0
154563.0,85790.0,237861.0
111260.0,73490.0,243364.0
247127.0,74509.0,238094.0
254623.0,85856.0,245480.0
110892.0,73245.0,239023.0
234367.0,72965.0,244492.0
147609.0,74404.0,244145.0
211468.0,85498.0,239139.0
167105.0,220301.0,239094.0
111181.0,85214.0,244616.0
137449.0,85598.0,244995.0
148762.0,73163.0,239864.0
143666.0,73494.0,245014.0
148037.0,73194.0,244380.0
148233.0,73266.0,238325.0
254578.0,73950.0,238083.0
110802.0,73417.0,243548.0
141932.0,85605.0,236969.0
111088.0,73361.0,237111.0
167106.0,85802.0,244391.0
111789.0,87346.0,238369.0
172233.0,85821.0,244834.0
141889.0,86190.0,237847.0
167334.0,73979.0,238590.0
110745.0,87202.0,238879.0
110964.0,73321.0,244160.0
135425.0,85575.0,240125.0
190913.0,74688.0,238306.0
149608.0,73615.0,243784.0
148030.0,86770.0,245170.0
210475.0,86375.0,244082.0
110845.0,73193.0,237838.0
135286.0,74131.0,244407.0
111393.0,73647.0,238171.0
173575.0,73199.0,243717.0
135418.0,73436.0,243624.0
159685.0,73065.0,239111.0
166703.0,73482.0,244072.0
198627.0,85554.0,245956.0
179180.0,73268.0,245681.0
110782.0,73158.0,243298.0
154663.0,85592.0,239800.0
154103.0,73268.0,244876.0
148320.0,87039.0,237916.0
255449.0,73200.0,237021.0
228404.0,73368.0,238421.0
156491.0,73076.0,244339.0
191523.0,74430.0,244336.0
141936.0,85605.0,237843.0
110897.0,73134.0,244488.0
147693.0,88846.0,238457.0
154718.0,85740.0,237745.0
140877.0,208708.0,245870.0
110552.0,86900.0,244016.0
91328.0,85675.0,245182.0
177956.0,73076.0,243580.0
4665.0,86717.0,238263.0
97452.0,85541.0,243559.0
90520.0,73575.0,239757.0
98458.0,73191.0,238327.0
92308.0,73052.0,237157.0
98030.0,85080.0,237994.0
171832.0,73371.0,238599.0
92189.0,73351.0,243686.0
96814.0,85565.0,237743.0
90482.0,76183.0,237102.0
96839.0,73407.0,240112.0
115481.0,72717.0,244769.0
236746.0,73781.0,238288.0
104680.0,86184.0,245273.0
91620.0,73287.0,238333.0
90595.0,85612.0,245514.0
93947.0,86960.0,244770.0
90814.0,85242.0,244381.0
104404.0,85645.0,244616.0
122794.0,87057.0,240058.0
102725.0,73409.0,243676.0
115279.0,86066.0,237304.0
98749.0,87473.0,245654.0
90739.0,73021.0,106366.0
90268.0,72924.0,106755.0
105031.0,88591.0,106007.0
140376.0,73665.0,237346.0
97058.0,86860.0,12007.0
121506.0,85488.0,112867.0
92279.0,73630.0,106753.0
98299.0,73514.0,126442.0
144466.0,85480.0,106045.0
104416.0,73468.0,107028.0
91204.0,73375.0,106390.0
90409.0,73191.0,106519.0
92461.0,85181.0,106710.0
146316.0,85440.0,107592.0
90322.0,86126.0,107194.0
108747.0,74792.0,106376.0
98356.0,85862.0,106726.0
96675.0,74036.0,225607.0
91599.0,73557.0,108185.0
90094.0,87005.0,106779.0
104536.0,73662.0,106350.0
90469.0,73249.0,106362.0
96738.0,73451.0,105822.0
97072.0,73474.0,106078.0
93806.0,75168.0,106259.0
98357.0,73689.0,106301.0
128796.0,73324.0,106695.0
91324.0,87261.0,105990.0
96953.0,73138.0,106278.0
103288.0,72925.0,114022.0
146770.0,87081.0,106615.0
91161.0,73276.0,106606.0
235249.0,73093.0,106813.0
234672.0,73296.0,106148.0
91759.0,73024.0,105876.0
92361.0,85773.0,243487.0
98872.0,87286.0,106324.0
114946.0,73495.0,243638.0
93901.0,74898.0,106308.0
93306.0,73668.0,231493.0
97265.0,73468.0,105842.0
4717.0,73395.0,106373.0
98306.0,86004.0,106608.0
196515.0,85309.0,106600.0
90745.0,73346.0,157948.0
91878.0,86446.0,105987.0
98356.0,73700.0,106395.0
103142.0,86051.0,106784.0
90946.0,73293.0,106114.0
92335.0,87248.0,105354.0
91674.0,74543.0,106151.0
92113.0,73147.0,156026.0
91941.0,86677.0,106839.0
117353.0,85533.0,105756.0
91926.0,72973.0,106839.0
97407.0,85583.0,106323.0
91038.0,73200.0,157987.0
91223.0,76443.0,106255.0
196251.0,73387.0,106874.0
12709.0,73245.0,107395.0
99001.0,86925.0,106175.0
92767.0,73263.0,106653.0
90626.0,73798.0,106614.0
104629.0,86972.0,106591.0
121690.0,86116.0,106406.0
108743.0,75761.0,169064.0
103129.0,85448.0,107103.0
98545.0,73135.0,106498.0
191458.0,86064.0,106666.0
147318.0,85721.0,106462.0
100982.0,88333.0,106900.0
235342.0,85805.0,106578.0
232909.0,85543.0,144475.0
93148.0,87131.0,106623.0
98967.0,73303.0,106199.0
92093.0,85344.0,246139.0
109834.0,74227.0,106713.0
104231.0,87440.0,105656.0
98530.0,88810.0,106432.0
134638.0,86212.0,112480.0
15545.0,89581.0,105798.0
103778.0,73314.0,106910.0
90711.0,73363.0,105830.0
92084.0,75235.0,200116.0
134783.0,73573.0,106057.0
98759.0,85592.0,138425.0
99348.0,87840.0,106947.0
98449.0,87638.0,106562.0
96768.0,73488.0,125609.0
97701.0,73827.0,106399.0
98763.0,86727.0,107132.0
92259.0,86975.0,215172.0
97186.0,73673.0,107470.0
103836.0,73320.0,244433.0
97166.0,85020.0,244283.0
97821.0,73967.0,106061.0
90719.0,73238.0,105906.0
233525.0,72943.0,106118.0
90387.0,73943.0,207744.0
135512.0,86920.0,106705.0
97047.0,128670.0,106273.0
91820.0,72336.0,106824.0
92005.0,153914.0,156019.0
92371.0,184530.0,107202.0
115845.0,115300.0,37001.0
98536.0,71933.0,105777.0
92018.0,73037.0,106308.0
92153.0,209573.0,106208.0
91966.0,96664.0,106307.0
92001.0,72173.0,106052.0
98253.0,159895.0,245017.0
90316.0,72029.0,105880.0
160261.0,154945.0,150556.0
101695.0,147688.0,107791.0
92748.0,73430.0,106198.0
97781.0,72700.0,106417.0
92091.0,213789.0,156403.0
91393.0,185504.0,106880.0
98656.0,72477.0,105984.0
91895.0,72637.0,105989.0
233685.0,72333.0,105911.0
90096.0,72539.0,245133.0
97922.0,208745.0,124941.0
234554.0,154110.0,152409.0
98260.0,84660.0,106842.0
104744.0,110355.0,106166.0
184736.0,201430.0,107652.0
160187.0,72152.0,150365.0
90759.0,213713.0,106692.0
90378.0,210231.0,108817.0
92063.0,210468.0,106724.0
93493.0,209488.0,193355.0
90916.0,165836.0,106459.0
96904.0,209937.0,107144.0
90079.0,208886.0,106333.0
94329.0,149692.0,112342.0
109604.0,98220.0,105998.0
91195.0,78389.0,106593.0
94325.0,71926.0,105880.0
91833.0,142213.0,106110.0
96629.0,209175.0,106531.0
92476.0,135144.0,106368.0
116278.0,85733.0,106568.0
93936.0,129917.0,105860.0
96865.0,212226.0,195537.0
90109.0,73488.0,105735.0
90840.0,78447.0,106111.0
97484.0,90916.0,106671.0
104430.0,84470.0,106426.0
105904.0,209752.0,106335.0
90745.0,71906.0,106690.0
103902.0,220813.0,105786.0
102892.0,98076.0,176601.0
96668.0,73555.0,107237.0
96841.0,155180.0,106329.0
90442.0,72021.0,113536.0
90831.0,209279.0,105896.0
90575.0,102999.0,107472.0
92371.0,73406.0,106366.0
91447.0,92873.0,105945.0
100060.0,211126.0,106182.0
92141.0,134719.0,107242.0
97671.0,155914.0,119025.0
98506.0,210564.0,163664.0
153836.0,84640.0,105951.0
112490.0,110320.0,106413.0
92054.0,222096.0,105835.0
91161.0,72302.0,106256.0
97503.0,73219.0,106218.0
103316.0,73178.0,107091.0
99237.0,98175.0,181067.0
90379.0,84481.0,106708.0
129607.0,109611.0,106023.0
234408.0,85757.0,106568.0
92199.0,210250.0,106332.0
100028.0,79054.0,106497.0
90545.0,154767.0,105992.0
91560.0,153788.0,200184.0
90848.0,209514.0,131726.0
90783.0,109634.0,106140.0
129473.0,72585.0,106244.0
109857.0,72394.0,106022.0
118349.0,121544.0,106003.0
92193.0,147705.0,114421.0
90046.0,73529.0,206788.0
90790.0,179351.0,106514.0
103646.0,72127.0,106445.0
255229.0,164696.0,119352.0
155383.0,166909.0,106714.0
161164.0,72370.0,105882.0
141735.0,210115.0,105991.0
227297.0,110608.0,106501.0
209889.0,90827.0,106709.0
179446.0,211819.0,106692.0
153536.0,111179.0,105756.0
141905.0,72264.0,145416.0
11352.0,71942.0,107162.0
253825.0,215076.0,107518.0
185160.0,209833.0,106303.0
254230.0,209094.0,244945.0
160389.0,71877.0,105894.0
10574.0,72277.0,106869.0
202162.0,211141.0,163399.0
233570.0,73455.0,245832.0
142277.0,109170.0,106814.0
184913.0,72306.0,106086.0
191712.0,84788.0,194294.0
235903.0,72205.0,106829.0
135878.0,215457.0,208956.0
252523.0,210551.0,106176.0
210270.0,71821.0,225703.0
252644.0,73328.0,107259.0
235147.0,73224.0,108251.0
253959.0,72253.0,106710.0
147506.0,104793.0,106502.0
160793.0,209324.0,107431.0
166414.0,177097.0,207422.0
160190.0,159574.0,106785.0
230293.0,72376.0,244208.0
209224.0,129406.0,231990.0
212376.0,72491.0,106902.0
160403.0,72129.0,106181.0
172544.0,78937.0,105869.0
191565.0,203121.0,106425.0
173354.0,184271.0,251214.0
204073.0,74770.0,119629.0
148286.0,72263.0,107099.0
11342.0,135266.0,124668.0
167692.0,141379.0,151294.0
259336.0,209053.0,106623.0
172932.0,221072.0,131082.0
167859.0,72055.0,106180.0
172353.0,72235.0,106362.0
160727.0,72036.0,176971.0
235994.0,73160.0,106563.0
166823.0,208893.0,106365.0
197955.0,211905.0,106254.0
254032.0,158943.0,106243.0
211804.0,127740.0,106453.0
166429.0,90878.0,106626.0
254540.0,220409.0,112833.0
222112.0,122903.0,105878.0
234417.0,209237.0,107461.0
178832.0,122950.0,105945.0
197379.0,209962.0,251857.0
166871.0,86098.0,105774.0
216066.0,209291.0,106278.0
10482.0,85163.0,106542.0
197566.0,98822.0,106279.0
173258.0,97862.0,106778.0
190831.0,72174.0,106695.0
191146.0,146365.0,106461.0
224849.0,209820.0,106037.0
147976.0,10987.0,106090.0
197035.0,72637.0,106176.0
252564.0,209053.0,106597.0
197653.0,73348.0,244218.0
233911.0,147554.0,244541.0
174173.0,212631.0,106158.0
166662.0,127764.0,246511.0
141485.0,84805.0,106410.0
155477.0,184481.0,200656.0
255015.0,164778.0,106080.0
184794.0,213801.0,106142.0
252888.0,145804.0,250772.0
148206.0,210357.0,106520.0
180605.0,174267.0,120379.0
230021.0,73085.0,106172.0
166097.0,102689.0,106883.0
17708.0,145796.0,106869.0
166484.0,78788.0,107025.0
248701.0,148582.0,105982.0
17549.0,117198.0,105673.0
235695.0,72612.0,251134.0
234476.0,195187.0,168500.0
110265.0,159913.0,208029.0
253070.0,139938.0,113753.0
255770.0,73507.0,106889.0
187022.0,72105.0,106458.0
197819.0,3588.0,106080.0
261372.0,78711.0,175563.0
246616.0,73051.0,207092.0
221874.0,146632.0,106701.0
154083.0,210129.0,106552.0
222794.0,209798.0,106308.0
154320.0,72325.0,245220.0
234153.0,127655.0,138476.0
153851.0,209063.0,107593.0
10574.0,142161.0,107432.0
255773.0,210093.0,106455.0
216451.0,111774.0,106162.0
154171.0,72215.0,105473.0
141660.0,212759.0,107320.0
141546.0,97029.0,106410.0
167357.0,72112.0,106428.0
252074.0,178244.0,106043.0
135029.0,91074.0,105457.0
217091.0,164895.0,106573.0
185526.0,73400.0,107058.0
159999.0,189388.0,220771.0
253018.0,182993.0,106307.0
154484.0,190061.0,106703.0
17676.0,72198.0,106698.0
192334.0,71878.0,238097.0
148552.0,72568.0,226240.0
240779.0,78496.0,106214.0
153517.0,152496.0,218864.0
253828.0,73359.0,106941.0
222689.0,209363.0,106305.0
199154.0,173075.0,106220.0
210205.0,134353.0,228380.0
199562.0,121580.0,106846.0
161547.0,182800.0,106248.0
197690.0,122661.0,105758.0
17496.0,713.0,106407.0
173088.0,209316.0,106143.0
241609.0,160806.0,106235.0
10510.0,170607.0,106023.0
254465.0,84523.0,119223.0
234325.0,210151.0,105631.0
216585.0,209956.0,106595.0
254537.0,73619.0,106307.0
234705.0,96621.0,106024.0
165907.0,109226.0,105813.0
153820.0,73757.0,151982.0
254208.0,85890.0,106927.0
173829.0,85613.0,246348.0
135319.0,89146.0,245911.0
166050.0,73781.0,106625.0
165800.0,72971.0,106402.0
216618.0,86908.0,99862.0
252358.0,73382.0,251662.0
190967.0,73290.0,106236.0
179483.0,74427.0,105863.0
11352.0,85626.0,244975.0
191119.0,73605.0,106339.0
243686.0,76084.0,188701.0
203244.0,75112.0,106339.0
228893.0,73404.0,105969.0
247605.0,85749.0,106758.0
160629.0,73786.0,106009.0
196913.0,73289.0,106135.0
153899.0,87725.0,105687.0
160713.0,86407.0,106693.0
190855.0,90395.0,106025.0
180313.0,73637.0,107058.0
159827.0,73392.0,106772.0
17767.0,86067.0,106440.0
210496.0,87089.0,245730.0
260116.0,85848.0,106485.0
147972.0,74229.0,106958.0
6676.0,73323.0,106889.0
192149.0,73797.0,107271.0
209466.0,88852.0,107947.0
252535.0,86226.0,246807.0
227673.0,85854.0,244117.0
203843.0,76236.0,138028.0
192017.0,86246.0,107158.0
160332.0,85744.0,245110.0
17655.0,76704.0,108601.0
229529.0,75211.0,106305.0
172302.0,73549.0,106831.0
253096.0,76596.0,106924.0
216354.0,85893.0,105741.0
254235.0,73147.0,108068.0
160266.0,73308.0,106035.0
174162.0,85513.0,162847.0
29881.0,73732.0,106916.0
218825.0,85620.0,106355.0
198441.0,73038.0,106372.0
254503.0,73155.0,105231.0
252886.0,75504.0,106485.0
147907.0,75071.0,106855.0
211906.0,85784.0,107325.0
193007.0,85810.0,106214.0
252970.0,73095.0,106194.0
252215.0,73228.0,246073.0
167454.0,74260.0,106133.0
165857.0,73440.0,112826.0
229654.0,73758.0,106401.0
197965.0,73215.0,106031.0
185204.0,73075.0,144778.0
167153.0,85621.0,106342.0
260870.0,75527.0,245955.0
174059.0,74388.0,106509.0
252910.0,86967.0,119676.0
215756.0,73253.0,106693.0
147431.0,85976.0,107681.0
148153.0,86763.0,108799.0
185579.0,85863.0,106522.0
11352.0,76312.0,143953.0
241541.0,73795.0,106035.0
212560.0,73188.0,106514.0
159981.0,75297.0,106902.0
147987.0,85417.0,180982.0
161768.0,74712.0,106489.0
254610.0,90256.0,106891.0
221831.0,73305.0,106175.0
6676.0,73064.0,106273.0
210338.0,73363.0,106148.0
155506.0,73358.0,106872.0
160550.0,73313.0,231555.0
253487.0,73425.0,118905.0
154193.0,73430.0,106495.0
261394.0,85939.0,105911.0
128935.0,75537.0,106325.0
247048.0,86176.0,106591.0
17313.0,73756.0,144603.0
141299.0,73507.0,182059.0
215251.0,73056.0,106230.0
160151.0,74926.0,106745.0
253124.0,85696.0,106338.0
209627.0,74803.0,106364.0
166280.0,73046.0,106531.0
255367.0,73398.0,106536.0
253392.0,74082.0,106863.0
255217.0,75111.0,107180.0
254747.0,73289.0,106936.0
253366.0,74652.0,99256.0
253725.0,88054.0,105459.0
252330.0,74717.0,230264.0
254724.0,85864.0,232499.0
254340.0,85892.0,112016.0
255348.0,87451.0,75288.0
252394.0,116843.0,229830.0
252912.0,85743.0,111707.0
252895.0,73173.0,230076.0
253393.0,73309.0,231175.0
123200.0,73387.0,99291.0
253803.0,87022.0,130703.0
254488.0,73586.0,100520.0
257002.0,85465.0,98633.0
252815.0,87673.0,143248.0
253282.0,85952.0,233013.0
255622.0,85816.0,98950.0
148468.0,72993.0,99374.0
253303.0,75013.0,229934.0
254358.0,85212.0,99701.0
252557.0,85625.0,230844.0
253506.0,85881.0,168249.0
253567.0,103791.0,105507.0
254377.0,73618.0,111675.0
253631.0,73096.0,231222.0
253394.0,73270.0,230203.0
252975.0,74593.0,143179.0
253530.0,73112.0,180676.0
254261.0,79807.0,99480.0
253052.0,85706.0,99283.0
253921.0,85572.0,87859.0
255329.0,73766.0,112046.0
253445.0,73468.0,232563.0
254946.0,73180.0,230892.0
254544.0,73125.0,98852.0
253402.0,73519.0,230471.0
254548.0,87257.0,230990.0
255645.0,85769.0,137142.0
255584.0,73980.0,124573.0
252458.0,85819.0,105314.0
255697.0,85843.0,230205.0
253086.0,85639.0,231238.0
256458.0,73342.0,99383.0
254183.0,73782.0,230589.0
256477.0,73583.0,192762.0
253309.0,75923.0,99246.0
253830.0,87115.0,99607.0
252929.0,85905.0,198698.0
253796.0,73180.0,99217.0
6764.0,86022.0,99871.0
6974.0,86603.0,186687.0
96569.0,86281.0,143897.0
8292.0,85451.0,93076.0
6912.0,86143.0,105776.0
8336.0,77036.0,192836.0
6708.0,86115.0,106264.0
8368.0,86014.0,149336.0
6784.0,73193.0,124184.0
6784.0,76556.0,93511.0
7183.0,73264.0,92903.0
6732.0,73124.0,156137.0
6820.0,72909.0,105406.0
7496.0,73327.0,112010.0
6816.0,88902.0,92976.0
6776.0,73425.0,230898.0
6808.0,85910.0,230517.0
6864.0,85713.0,199985.0
252162.0,88588.0,93774.0
258922.0,73606.0,111755.0
253205.0,73311.0,187121.0
252082.0,73437.0,120224.0
254456.0,76253.0,199573.0
253462.0,86799.0,130506.0
254888.0,73155.0,94168.0
252713.0,85748.0,99406.0
253707.0,85607.0,230747.0
253254.0,73097.0,230383.0
253129.0,87296.0,198768.0
255687.0,85566.0,161922.0
254366.0,73151.0,99454.0
6772.0,73236.0,142946.0
60499.0,88104.0,230491.0
7018.0,85726.0,102768.0
6836.0,85496.0,199994.0
6760.0,86159.0,230142.0
6796.0,73302.0,231912.0
6752.0,87578.0,118731.0
8304.0,85754.0,187135.0
6756.0,85774.0,130226.0
6752.0,73492.0,99603.0
256190.0,73132.0,161293.0
254214.0,85696.0,105322.0
254766.0,74475.0,231185.0
6874.0,86034.0,98924.0
48330.0,77366.0,124468.0
8272.0,86035.0,155955.0
8292.0,74824.0,142533.0
6708.0,87386.0,99844.0
7131.0,73156.0,230457.0
6732.0,90458.0,99351.0
6708.0,73195.0,99197.0
129476.0,87011.0,232369.0
254810.0,89130.0,124259.0
252606.0,87136.0,167857.0
253504.0,76505.0,93061.0
255113.0,73659.0,99471.0
255321.0,87983.0,111939.0
252905.0,123318.0,149659.0
256347.0,11915.0,98997.0
259332.0,85800.0,94226.0
253091.0,88628.0,111621.0
254529.0,85897.0,99314.0
253440.0,86231.0,168519.0
253363.0,85888.0,117818.0
209109.0,87079.0,99078.0
253087.0,73305.0,105335.0
253149.0,86264.0,112764.0
256389.0,86028.0,199506.0
253530.0,74699.0,105984.0
252524.0,87213.0,180213.0
254109.0,91903.0,99903.0
6768.0,86142.0,99928.0
54123.0,73725.0,230138.0
6732.0,73273.0,100745.0
6808.0,85995.0,231229.0
6860.0,73541.0,93550.0
6840.0,86093.0,200012.0
6874.0,87244.0,230301.0
6848.0,73694.0,105645.0
6872.0,86012.0,167981.0
255138.0,73223.0,117726.0
254877.0,73329.0,105869.0
252528.0,85837.0,99309.0
147576.0,73387.0,93253.0
253105.0,73746.0,105984.0
254580.0,85240.0,229537.0
252101.0,73263.0,149172.0
255420.0,85751.0,162163.0
252123.0,85166.0,167527.0
6720.0,73471.0,111958.0
6772.0,73317.0,112138.0
6796.0,85528.0,168268.0
8566.0,85028.0,231739.0
66357.0,84980.0,130996.0
8304.0,85268.0,118520.0
6752.0,85705.0,99727.0
6740.0,85609.0,99999.0
6688.0,85134.0,124424.0
6816.0,85865.0,124618.0
8356.0,85338.0,99680.0
254120.0,73325.0,230895.0
252303.0,85302.0,118165.0
256115.0,85138.0,100273.0
253314.0,85146.0,118653.0
255241.0,85355.0,238370.0
253569.0,85226.0,99181.0
254067.0,85296.0,149109.0
256839.0,86809.0,142518.0
254997.0,85645.0,101038.0
128428.0,85741.0,231881.0
253520.0,73425.0,137160.0
254336.0,85235.0,118046.0
252945.0,73283.0,118031.0
253129.0,85504.0,99444.0
252853.0,85448.0,111965.0
253514.0,85394.0,231221.0
254087.0,73424.0,230002.0
6860.0,73524.0,111729.0
36526.0,86362.0,174205.0
4724.0,85019.0,168029.0
7021.0,86795.0,230788.0
6784.0,85566.0,232567.0
6708.0,85427.0,105993.0
6808.0,73312.0,99448.0
6808.0,85619.0,93700.0
8240.0,73434.0,199858.0
257549.0,85511.0,118269.0
6820.0,85786.0,112135.0
23596.0,85346.0,230846.0
6784.0,85156.0,99679.0
6748.0,85758.0,155168.0
235918.0,85641.0,106055.0
253412.0,85780.0,105367.0
255119.0,85155.0,105937.0
255609.0,85202.0,99244.0
254792.0,85187.0,125097.0
255434.0,85220.0,100519.0
253541.0,73478.0,155981.0
254312.0,220977.0,105797.0
252514.0,85226.0,99524.0
254330.0,85265.0,143215.0
253010.0,85156.0,111872.0
253748.0,85520.0,118055.0
254685.0,85079.0,118355.0
253570.0,85303.0,93180.0
253966.0,30339.0,112205.0
253487.0,85335.0,117704.0
253673.0,73412.0,117958.0
253610.0,85170.0,99493.0
254462.0,84960.0,180160.0
253440.0,85404.0,230470.0
252969.0,85296.0,230385.0
253443.0,85208.0,86895.0
252914.0,85592.0,87120.0
255570.0,84940.0,87126.0
253827.0,85690.0,86996.0
255212.0,85510.0,86818.0
253705.0,85038.0,18393.0
254454.0,73290.0,86916.0
255432.0,85256.0,86654.0
253851.0,85472.0,199527.0
256076.0,85794.0,87055.0
255265.0,85042.0,86564.0
254580.0,85204.0,86696.0
255502.0,85439.0,124162.0
254528.0,73135.0,88399.0
255795.0,85242.0,86599.0
257973.0,85557.0,87241.0
255099.0,73547.0,86893.0
255580.0,85406.0,87724.0
253307.0,85388.0,12116.0
254233.0,73389.0,18199.0
252837.0,85486.0,86761.0
255025.0,85523.0,86736.0
255125.0,85537.0,86501.0
255915.0,85268.0,12178.0
254247.0,85575.0,86669.0
256788.0,85023.0,18442.0
257487.0,85502.0,86995.0
8272.0,85143.0,86691.0
66575.0,85249.0,86591.0
4587.0,73025.0,62258.0
7328.0,85835.0,74756.0
7090.0,85234.0,86613.0
6808.0,86988.0,87448.0
6708.0,85317.0,86831.0
8615.0,85316.0,86700.0
6720.0,85467.0,24464.0
6708.0,85596.0,86765.0
6732.0,85094.0,87130.0
8292.0,85460.0,24579.0
6708.0,85315.0,86756.0
252218.0,86640.0,86754.0
253732.0,85639.0,199321.0
135304.0,85378.0,12160.0
253293.0,87081.0,74557.0
252950.0,85625.0,86786.0
253848.0,85463.0,118480.0
252494.0,85642.0,87127.0
254411.0,85409.0,4743.0
255859.0,85434.0,87121.0
256786.0,85545.0,86791.0
253358.0,85178.0,5739.0
256343.0,85170.0,86305.0
253234.0,85642.0,68179.0
252953.0,87082.0,86847.0
257387.0,73371.0,86863.0
253827.0,85068.0,87000.0
255702.0,85116.0,86718.0
253219.0,85130.0,86764.0
253660.0,84970.0,74393.0
256229.0,85488.0,12116.0
253617.0,85617.0,86843.0
253403.0,85166.0,86902.0
254127.0,85047.0,86743.0
252526.0,85363.0,87265.0
6720.0,85360.0,86919.0
7040.0,85450.0,86782.0
6708.0,85628.0,86722.0
6872.0,85252.0,87604.0
6720.0,85438.0,4777.0
7200.0,85673.0,86887.0
6712.0,85157.0,12113.0
6744.0,85449.0,86761.0
6808.0,73469.0,4807.0
6784.0,85250.0,87220.0
6732.0,85162.0,86489.0
6796.0,86381.0,18427.0
6660.0,85544.0,74403.0
6886.0,85449.0,86870.0
103156.0,85266.0,87722.0
6764.0,85313.0,12128.0
6784.0,85677.0,18163.0
6732.0,85331.0,18428.0
255394.0,85523.0,87063.0
253645.0,85364.0,18273.0
253454.0,86549.0,194019.0
254566.0,85751.0,86870.0
254495.0,73177.0,86457.0
252624.0,85180.0,86764.0
110309.0,85249.0,86442.0
256356.0,85409.0,86638.0
89024.0,85654.0,86965.0
157120.0,73400.0,86668.0
89271.0,85393.0,86829.0
89211.0,85426.0,86996.0
132878.0,85189.0,24626.0
212161.0,73334.0,86890.0
101676.0,85587.0,12110.0
213597.0,85706.0,12081.0
89728.0,85208.0,18262.0
175392.0,86665.0,130040.0
162916.0,85659.0,86964.0
102059.0,85253.0,86782.0
89344.0,85431.0,86982.0
114393.0,85645.0,86595.0
89433.0,85413.0,86742.0
89366.0,85430.0,86730.0
89043.0,85266.0,74650.0
89742.0,85236.0,13897.0
200202.0,85330.0,74284.0
213537.0,85309.0,5607.0
211994.0,85612.0,86524.0
214062.0,85327.0,87000.0
211949.0,85477.0,87102.0
113563.0,73276.0,86690.0
4781.0,85531.0,86790.0
208552.0,85384.0,74094.0
4657.0,85344.0,86572.0
4781.0,85141.0,136830.0
4697.0,85709.0,24392.0
4785.0,85550.0,86823.0
4781.0,73291.0,12099.0
4677.0,85275.0,86898.0
4657.0,85745.0,86954.0
4657.0,85413.0,86820.0
4781.0,85500.0,86652.0
4781.0,85889.0,86650.0
4781.0,86851.0,4873.0
4781.0,86048.0,87142.0
4781.0,85480.0,75240.0
4781.0,85548.0,74196.0
4761.0,86732.0,87240.0
4781.0,73411.0,30990.0
4781.0,85426.0,24741.0
4813.0,85507.0,86340.0
4653.0,85097.0,5641.0
4773.0,85540.0,86792.0
4717.0,85414.0,87028.0
4785.0,85864.0,12117.0
4781.0,73794.0,4743.0
4717.0,85371.0,86228.0
4721.0,73292.0,87355.0
4721.0,85312.0,86827.0
4845.0,85905.0,87120.0
4781.0,85595.0,86836.0
4721.0,85174.0,86961.0
4781.0,85761.0,87354.0
4657.0,85487.0,12312.0
4781.0,73307.0,5673.0
89053.0,85140.0,86984.0
214017.0,85315.0,86288.0
89585.0,85174.0,86897.0
89068.0,85506.0,87424.0
200666.0,85195.0,86805.0
212621.0,85266.0,87196.0
213198.0,85197.0,87580.0
213527.0,85427.0,87007.0
214380.0,85540.0,86743.0
213199.0,85508.0,86888.0
213016.0,85172.0,5771.0
212515.0,85520.0,86964.0
89568.0,85262.0,86751.0
214698.0,85486.0,86811.0
212309.0,85258.0,18070.0
89101.0,220942.0,86701.0
151127.0,208690.0,86577.0
211533.0,222060.0,24479.0
213869.0,208856.0,18327.0
89848.0,208270.0,87024.0
212354.0,207924.0,4743.0
89187.0,75298.0,62381.0
211929.0,73610.0,18395.0
213087.0,73181.0,12018.0
113536.0,73414.0,24612.0
101451.0,73233.0,86994.0
213247.0,114523.0,5607.0
89500.0,234887.0,87062.0
213301.0,11835.0,86540.0
211967.0,209218.0,74200.0
211959.0,88863.0,18555.0
212322.0,222146.0,759.0
211975.0,73441.0,18227.0
116774.0,209368.0,87120.0
89258.0,220667.0,86977.0
214249.0,73496.0,12052.0
213209.0,133351.0,74548.0
213415.0,208372.0,18404.0
212399.0,178186.0,162033.0
157327.0,110230.0,12048.0
212533.0,208141.0,36708.0
101733.0,208423.0,12148.0
206112.0,134272.0,24281.0
89162.0,208639.0,74358.0
214157.0,208581.0,86910.0
157615.0,209881.0,18394.0
95365.0,208379.0,87014.0
181497.0,74014.0,87347.0
89107.0,99555.0,86724.0
89142.0,75492.0,86626.0
212034.0,208230.0,12048.0
212238.0,221049.0,86732.0
212032.0,76315.0,86508.0
89139.0,208749.0,106147.0
213117.0,208902.0,106131.0
157622.0,77617.0,106759.0
212885.0,196406.0,106572.0
91145.0,207887.0,106471.0
96453.0,209681.0,106464.0
218283.0,220911.0,106853.0
89333.0,73718.0,107197.0
187422.0,92091.0,107401.0
89573.0,207953.0,106299.0
212468.0,208635.0,106861.0
212903.0,159662.0,107652.0
96387.0,209070.0,105880.0
212852.0,122933.0,106537.0
212362.0,85824.0,106139.0
163251.0,208360.0,31434.0
212057.0,221058.0,106765.0
211652.0,125953.0,106395.0
213025.0,99341.0,105938.0
162939.0,221160.0,106185.0
213541.0,208010.0,106674.0
213613.0,75455.0,107688.0
101676.0,73693.0,107854.0
89063.0,75303.0,106940.0
213368.0,74264.0,106218.0
212584.0,77904.0,106228.0
212114.0,209265.0,106569.0
90857.0,222102.0,106997.0
212006.0,100924.0,106431.0
108111.0,75625.0,106082.0
89315.0,159285.0,106083.0
113649.0,207910.0,106565.0
211972.0,170901.0,106263.0
213593.0,74307.0,106370.0
214209.0,78960.0,106432.0
212739.0,91802.0,106998.0
138543.0,110906.0,106447.0
214332.0,76522.0,108063.0
212494.0,208905.0,106200.0
107958.0,221181.0,106733.0
212596.0,113073.0,106567.0
213210.0,104181.0,106216.0
212289.0,208591.0,106059.0
212747.0,111035.0,106933.0
212740.0,208480.0,106579.0
214454.0,208464.0,106226.0
89478.0,78246.0,106571.0
214147.0,73150.0,106533.0
212433.0,135697.0,107125.0
163777.0,208169.0,106794.0
101538.0,209300.0,105781.0
89309.0,220991.0,105836.0
89802.0,73446.0,106031.0
89047.0,74656.0,62706.0
168687.0,75076.0,106439.0
29884.0,74684.0,62647.0
4595.0,208806.0,106685.0
120688.0,85655.0,105622.0
89537.0,76057.0,106617.0
212876.0,107357.0,106433.0
212741.0,208386.0,107235.0
144525.0,208282.0,106653.0
101809.0,208752.0,106920.0
89489.0,73320.0,106369.0
212259.0,162699.0,107027.0
218490.0,209058.0,106309.0
89552.0,208256.0,106533.0
95246.0,208366.0,106702.0
88636.0,73252.0,106209.0
163409.0,76816.0,106172.0
89194.0,221088.0,106953.0
211941.0,191273.0,106040.0
195091.0,130798.0,106676.0
102256.0,210248.0,107715.0
89452.0,30486.0,106184.0
211672.0,75417.0,106665.0
213368.0,83796.0,106569.0
89014.0,209155.0,106254.0
212588.0,220382.0,106849.0
89628.0,208355.0,107097.0
113535.0,99160.0,106353.0
95554.0,209132.0,106299.0
211642.0,73571.0,106229.0
138616.0,207906.0,106144.0
89031.0,208024.0,105507.0
212606.0,92445.0,106569.0
212866.0,73490.0,106667.0
88801.0,209129.0,106287.0
212154.0,76574.0,106505.0
88912.0,220549.0,106314.0
113576.0,209030.0,105885.0
212370.0,208239.0,106204.0
89106.0,76314.0,106346.0
213653.0,221808.0,106729.0
95325.0,208513.0,106367.0
212773.0,220690.0,105977.0
182519.0,110546.0,106706.0
200069.0,208628.0,105867.0
214960.0,73950.0,105831.0
90460.0,93394.0,106971.0
113907.0,220405.0,105985.0
90801.0,99492.0,106240.0
212001.0,72963.0,81210.0
17281.0,208350.0,106198.0
4595.0,221888.0,105832.0
212101.0,75969.0,105938.0
88548.0,209417.0,107231.0
115082.0,208888.0,106563.0
89161.0,74973.0,106192.0
89258.0,208834.0,106259.0
211521.0,74733.0,106178.0
213342.0,209014.0,106744.0
213220.0,220802.0,106636.0
89536.0,220689.0,106906.0
212956.0,208161.0,106791.0
213447.0,223280.0,106720.0
212163.0,73518.0,106214.0
89512.0,209865.0,107497.0
212234.0,220412.0,106502.0
132159.0,208277.0,106819.0
212836.0,183984.0,105869.0
150839.0,208113.0,107584.0
212634.0,73780.0,107295.0
212782.0,208056.0,107163.0
113893.0,77817.0,106892.0
205624.0,73109.0,107338.0
15476.0,100994.0,106561.0
218856.0,208512.0,107123.0
89701.0,208578.0,106433.0
89021.0,209105.0,106113.0
211997.0,74895.0,106431.0
219350.0,74084.0,106065.0
213023.0,208314.0,106575.0
212575.0,109692.0,106271.0
215702.0,11667.0,50050.0
212730.0,713.0,106525.0
214151.0,11473.0,105504.0
144662.0,223339.0,107040.0
211933.0,208723.0,106639.0
89268.0,221366.0,105983.0
169300.0,208338.0,206593.0
89041.0,208350.0,106277.0
34003.0,208706.0,106005.0
163211.0,75213.0,106823.0
213403.0,209257.0,107157.0
89948.0,208812.0,106301.0
201831.0,207850.0,106330.0
218753.0,73361.0,106558.0
89183.0,208233.0,106996.0
88969.0,76579.0,106090.0
212622.0,75233.0,106461.0
212475.0,110968.0,106337.0
213839.0,208460.0,106270.0
90219.0,215997.0,106064.0
89437.0,11552.0,106096.0
89661.0,74668.0,106458.0
89387.0,208296.0,106045.0
91246.0,221524.0,107786.0
89234.0,73484.0,107003.0
89248.0,221498.0,106619.0
89431.0,208699.0,106105.0
89135.0,208527.0,107219.0
88959.0,208759.0,107250.0
89472.0,73639.0,106200.0
89327.0,208577.0,107210.0
90573.0,220553.0,106309.0
107896.0,74909.0,107395.0
90676.0,73732.0,108107.0
90038.0,73327.0,106131.0
89272.0,75295.0,106067.0
88677.0,208711.0,105842.0
89702.0,207909.0,106558.0
89504.0,75133.0,106233.0
91000.0,79863.0,106699.0
89903.0,73263.0,106705.0
89744.0,221277.0,106564.0
89838.0,222100.0,106541.0
89524.0,208202.0,106630.0
89116.0,99553.0,106502.0
89292.0,209039.0,106405.0
89396.0,208180.0,106415.0
89060.0,207970.0,106471.0
89672.0,208762.0,106228.0
89110.0,94608.0,106157.0
89171.0,221483.0,106176.0
89468.0,208683.0,107924.0
28257.0,98467.0,106154.0
89129.0,210251.0,106405.0
89865.0,86407.0,106013.0
89474.0,87524.0,106838.0
89526.0,86153.0,4847.0
95751.0,86995.0,106309.0
89567.0,85946.0,105824.0
89162.0,88883.0,56101.0
91053.0,87301.0,107285.0
90323.0,73801.0,106598.0
89675.0,86705.0,106380.0
89362.0,87405.0,106092.0
88767.0,88766.0,105957.0
89605.0,85750.0,106957.0
90362.0,87778.0,105938.0
88766.0,73157.0,106685.0
88871.0,86873.0,105849.0
88731.0,88737.0,88632.0
95661.0,86709.0,106954.0
89978.0,86507.0,106799.0
89116.0,87300.0,107174.0
101592.0,87225.0,106404.0
89743.0,89662.0,803.0
89092.0,86120.0,106757.0
89814.0,73076.0,210559.0
89333.0,87909.0,254031.0
89533.0,88724.0,253967.0
89002.0,90615.0,254356.0
89113.0,73434.0,254090.0
89785.0,88420.0,253616.0
89160.0,87261.0,155428.0
89378.0,73549.0,253752.0
88790.0,86207.0,255891.0
88941.0,87297.0,174412.0
89132.0,87672.0,255477.0
89733.0,87393.0,186312.0
89364.0,86554.0,253559.0
89847.0,73455.0,254383.0
89642.0,87147.0,253896.0
89393.0,85977.0,254285.0
89630.0,87398.0,253596.0
89724.0,87047.0,148533.0
88864.0,87875.0,254183.0
89224.0,88827.0,254203.0
89811.0,85695.0,253795.0
89145.0,90168.0,230752.0
88785.0,73095.0,253972.0
8243.0,86190.0,235648.0
89443.0,87804.0,253577.0
89653.0,88953.0,248147.0
89943.0,87701.0,223410.0
89860.0,85690.0,248570.0
88990.0,86670.0,218143.0
89013.0,86244.0,235673.0
89150.0,73265.0,254067.0
90436.0,86069.0,254050.0
89012.0,86855.0,254107.0
90778.0,87581.0,255743.0
88922.0,85775.0,210360.0
89298.0,87897.0,124550.0
90094.0,89501.0,223843.0
89507.0,88419.0,253967.0
89343.0,87010.0,229321.0
91592.0,85414.0,253472.0
89402.0,87235.0,205571.0
88948.0,86061.0,254174.0
89848.0,87278.0,255186.0
90179.0,87651.0,235158.0
89288.0,87581.0,247505.0
89065.0,86903.0,253815.0
88932.0,86087.0,253794.0
89174.0,85675.0,257093.0
89386.0,86640.0,214861.0
89438.0,90550.0,256443.0
88978.0,87379.0,253898.0
89573.0,88781.0,255639.0
89991.0,87845.0,248413.0
89052.0,87916.0,254162.0
88814.0,86853.0,255712.0
89348.0,87135.0,254193.0
89573.0,73239.0,254400.0
89425.0,73500.0,173942.0
89033.0,87321.0,253908.0
89358.0,87268.0,255827.0
89289.0,87206.0,255698.0
89853.0,87272.0,253836.0
89812.0,87611.0,255987.0
89155.0,85554.0,230024.0
88647.0,88937.0,254244.0
89072.0,87559.0,236381.0
89688.0,87342.0,155225.0
89527.0,87726.0,192567.0
89454.0,85686.0,173671.0
89015.0,88249.0,255923.0
89662.0,86065.0,254449.0
89184.0,85864.0,186182.0
89344.0,73057.0,253897.0
89674.0,87053.0,254106.0
89771.0,73176.0,253685.0
88868.0,85684.0,249081.0
89014.0,86504.0,254070.0
89709.0,89465.0,236123.0
89082.0,85690.0,236016.0
90493.0,86234.0,257368.0
88785.0,86226.0,256988.0
89126.0,87944.0,253683.0
88941.0,86113.0,255979.0
89093.0,73797.0,255823.0
89006.0,85860.0,254303.0
88868.0,90783.0,254417.0
89055.0,86222.0,254561.0
88628.0,85453.0,247941.0
88817.0,86010.0,253671.0
89150.0,87059.0,217230.0
89071.0,85548.0,255421.0
89361.0,86754.0,253767.0
88880.0,85769.0,254016.0
89010.0,89179.0,211722.0
89976.0,87062.0,111177.0
89655.0,87807.0,254530.0
89002.0,88307.0,230621.0
90789.0,85588.0,223861.0
90112.0,73479.0,253890.0
89854.0,88794.0,253958.0
89360.0,88989.0,253884.0
89433.0,86771.0,254258.0
89946.0,90117.0,217117.0
89873.0,73046.0,253617.0
89001.0,86263.0,230058.0
89700.0,89173.0,254128.0
89405.0,87308.0,205011.0
89221.0,88772.0,253833.0
4721.0,87911.0,254446.0
85113.0,87755.0,254698.0
4781.0,85885.0,255605.0
4677.0,85864.0,174019.0
4781.0,73306.0,253648.0
4781.0,87469.0,210880.0
4721.0,87340.0,253792.0
4781.0,87344.0,254123.0
4717.0,87398.0,253912.0
4781.0,88952.0,255369.0
4665.0,85689.0,229892.0
4781.0,86181.0,254236.0
4781.0,85527.0,253560.0
4813.0,87732.0,254185.0
89104.0,73343.0,254209.0
89220.0,86176.0,254428.0
88968.0,85982.0,254142.0
108786.0,88688.0,253835.0
89454.0,87210.0,253758.0
89667.0,87043.0,148593.0
21940.0,86323.0,236330.0
89092.0,86045.0,255120.0
89189.0,89162.0,223469.0
89328.0,85590.0,255443.0
89031.0,86961.0,254098.0
89190.0,85886.0,254626.0
89310.0,73565.0,173764.0
89007.0,87381.0,198302.0
91208.0,86898.0,243089.0
96235.0,87438.0,161737.0
89543.0,85926.0,253532.0
89161.0,87249.0,254192.0
88707.0,87194.0,255281.0
89184.0,86089.0,211774.0
89345.0,73411.0,230304.0
89485.0,86252.0,253973.0
89379.0,86059.0,256766.0
89062.0,73865.0,253583.0
89096.0,73410.0,253828.0
89121.0,87244.0,256456.0
89458.0,87348.0,253430.0
90178.0,87901.0,254154.0
90431.0,87412.0,192051.0
89757.0,87139.0,217609.0
89524.0,73400.0,248030.0
89363.0,86758.0,254505.0
88884.0,73589.0,256091.0
15811.0,87606.0,205415.0
89289.0,85585.0,253975.0
88917.0,88642.0,253665.0
88530.0,87327.0,117808.0
89800.0,87144.0,217527.0
90003.0,89412.0,253627.0
89715.0,87953.0,180624.0
89080.0,89221.0,256162.0
89333.0,86305.0,254675.0
89529.0,88862.0,210968.0
89422.0,88790.0,247990.0
89487.0,85785.0,254140.0
88977.0,86974.0,210414.0
89417.0,89089.0,255813.0
89231.0,89133.0,254438.0
89700.0,73212.0,253787.0
89122.0,85765.0,254873.0
89316.0,30013.0,254497.0
89258.0,85697.0,254156.0
89327.0,87040.0,253891.0
89126.0,85982.0,253803.0
89367.0,86086.0,230933.0
91369.0,85999.0,211936.0
135154.0,85876.0,256617.0
155615.0,85644.0,253614.0
123444.0,87142.0,195495.0
142014.0,86267.0,255863.0
154396.0,89923.0,256238.0
136032.0,72998.0,253909.0
142182.0,87301.0,253661.0
129017.0,88515.0,254230.0
141878.0,85844.0,237381.0
123136.0,87050.0,149614.0
136288.0,86569.0,230007.0
154591.0,88769.0,173981.0
123388.0,85814.0,198780.0
205750.0,85729.0,255278.0
159887.0,87103.0,192255.0
148601.0,89266.0,219391.0
117381.0,89251.0,254703.0
148311.0,88122.0,253692.0
154162.0,87428.0,253427.0
135899.0,73324.0,253962.0
129652.0,86871.0,253811.0
136328.0,85765.0,253928.0
154511.0,87513.0,254005.0
116243.0,88270.0,229331.0
147598.0,89781.0,174030.0
142276.0,73517.0,254387.0
147476.0,86655.0,256669.0
147832.0,88543.0,155619.0
154162.0,88287.0,254660.0
148046.0,86597.0,253833.0
154863.0,86577.0,254717.0
162117.0,90156.0,248880.0
141550.0,87415.0,161032.0
173723.0,73219.0,112693.0
141655.0,85952.0,101696.0
29988.0,88832.0,125679.0
141462.0,73158.0,237593.0
147804.0,85647.0,238040.0
211091.0,86115.0,99805.0
135226.0,85899.0,155408.0
135484.0,190045.0,113676.0
154551.0,97203.0,118517.0
148279.0,72803.0,143844.0
143504.0,72601.0,176499.0
141728.0,220280.0,99999.0
142342.0,110082.0,243915.0
123021.0,165294.0,144640.0
128931.0,72916.0,144086.0
141613.0,72788.0,87132.0
147909.0,159262.0,181319.0
154717.0,74470.0,175523.0
129237.0,166065.0,231704.0
142087.0,73390.0,180880.0
165853.0,196278.0,87237.0
154068.0,220429.0,112497.0
180057.0,72793.0,242203.0
155046.0,135018.0,87531.0
141463.0,164936.0,88315.0
129679.0,122145.0,169243.0
154842.0,78875.0,147631.0
172973.0,109750.0,93715.0
209721.0,72726.0,86848.0
148413.0,72523.0,87492.0
125513.0,78782.0,238215.0
143880.0,72722.0,132288.0
155504.0,190128.0,87140.0
124242.0,91287.0,100511.0
147951.0,214203.0,175024.0
134960.0,85167.0,100014.0
141306.0,134890.0,143698.0
141727.0,72891.0,100944.0
142144.0,221759.0,227134.0
185655.0,220336.0,131011.0
135586.0,159467.0,137418.0
134805.0,220800.0,106257.0
147870.0,97243.0,93986.0
136182.0,72772.0,11596.0
147488.0,72900.0,142851.0
142121.0,190129.0,759.0
153435.0,72758.0,139159.0
203369.0,73556.0,87450.0
173975.0,72816.0,87113.0
153924.0,72540.0,93736.0
142064.0,172191.0,244581.0
141862.0,72743.0,175916.0
216110.0,220905.0,238363.0
172440.0,72742.0,99487.0
142267.0,72897.0,93602.0
142949.0,171333.0,206829.0
147576.0,165749.0,94507.0
154558.0,184706.0,95455.0
129715.0,183484.0,164049.0
142194.0,73262.0,125149.0
146962.0,72835.0,86830.0
142534.0,164977.0,86883.0
150236.0,165688.0,157360.0
135580.0,72559.0,181421.0
148853.0,73610.0,237884.0
141510.0,79095.0,87547.0
129518.0,72302.0,87398.0
136317.0,92147.0,86703.0
148423.0,159602.0,111474.0
185458.0,72686.0,93857.0
140956.0,85634.0,99984.0
135830.0,72764.0,99980.0
116714.0,85255.0,182007.0
190659.0,222361.0,119564.0
149429.0,85008.0,87733.0
141832.0,109854.0,93902.0
166578.0,220827.0,118652.0
166087.0,213909.0,87381.0
259316.0,208659.0,244243.0
130062.0,221689.0,118971.0
154628.0,159410.0,87077.0
148090.0,221344.0,119149.0
175451.0,72584.0,175196.0
175638.0,220893.0,137726.0
130612.0,72756.0,94612.0
147823.0,72532.0,87483.0
142466.0,73245.0,238848.0
148172.0,122503.0,86705.0
149758.0,221638.0,88281.0
130019.0,85206.0,238167.0
154335.0,84882.0,94365.0
142635.0,122238.0,106456.0
122927.0,220291.0,87129.0
136455.0,152532.0,118823.0
172230.0,91332.0,93897.0
142126.0,72506.0,4265.0
154121.0,220385.0,11439.0
142129.0,220980.0,156066.0
154809.0,208659.0,118608.0
148177.0,72499.0,162396.0
149103.0,128300.0,238390.0
141474.0,214249.0,87227.0
123491.0,73151.0,87222.0
160339.0,72271.0,106002.0
149528.0,73735.0,100876.0
135698.0,220170.0,149996.0
135369.0,221219.0,109448.0
136378.0,220865.0,181552.0
136642.0,104163.0,87388.0
148350.0,72850.0,187461.0
153651.0,220529.0,238108.0
148139.0,72997.0,151205.0
148442.0,72810.0,106417.0
148018.0,159052.0,87344.0
165790.0,72611.0,119336.0
130427.0,72655.0,100658.0
149140.0,183656.0,93622.0
141516.0,73259.0,94747.0
155759.0,183167.0,100211.0
148385.0,221815.0,143846.0
129232.0,72668.0,87215.0
160436.0,220734.0,175489.0
154673.0,72536.0,237813.0
154047.0,72887.0,87608.0
155996.0,159012.0,193519.0
143899.0,72338.0,157194.0
147877.0,79072.0,244077.0
141505.0,85130.0,106470.0
135506.0,129023.0,238109.0
135720.0,72405.0,156573.0
130534.0,72607.0,244120.0
144136.0,221788.0,237783.0
129015.0,72905.0,87753.0
160961.0,86280.0,86894.0
148241.0,72736.0,87197.0
148258.0,220040.0,93498.0
197844.0,73513.0,150661.0
124441.0,72639.0,245095.0
141775.0,220904.0,156555.0
135496.0,109680.0,105682.0
142022.0,116288.0,87310.0
142800.0,90808.0,144185.0
147264.0,220415.0,99620.0
135194.0,221136.0,139220.0
129578.0,166352.0,187454.0
149153.0,85123.0,246988.0
136134.0,116784.0,87229.0
142527.0,214007.0,137804.0
143245.0,221466.0,88309.0
148153.0,177320.0,237466.0
179731.0,220689.0,87173.0
147053.0,72462.0,137480.0
154183.0,72780.0,87509.0
148087.0,215616.0,244630.0
142520.0,72565.0,87050.0
135515.0,72880.0,87560.0
135390.0,152791.0,106067.0
148506.0,72908.0,99834.0
149605.0,190254.0,237593.0
142039.0,222534.0,87161.0
148267.0,220951.0,125399.0
141215.0,72815.0,87243.0
148177.0,164737.0,87359.0
142207.0,72680.0,245568.0
154552.0,72852.0,206425.0
128963.0,220530.0,93233.0
129774.0,183719.0,111820.0
138073.0,220327.0,87235.0
129828.0,220165.0,131346.0
129248.0,221469.0,238690.0
136354.0,221185.0,238297.0
135792.0,146562.0,237997.0
143012.0,220291.0,238559.0
156049.0,72788.0,244326.0
142377.0,221482.0,87497.0
130626.0,72508.0,143377.0
136482.0,72287.0,200500.0
253900.0,141169.0,145241.0
256536.0,213464.0,137702.0
254467.0,72446.0,149623.0
253291.0,220370.0,125957.0
255608.0,72710.0,87382.0
256614.0,165329.0,87318.0
252616.0,220072.0,143330.0
252881.0,81003.0,237564.0
256236.0,85297.0,143397.0
254323.0,72743.0,182472.0
252231.0,116387.0,247445.0
239383.0,72565.0,150331.0
253796.0,220391.0,137611.0
255259.0,72595.0,87115.0
254478.0,72866.0,920.0
254317.0,135677.0,106940.0
254646.0,220820.0,87100.0
255154.0,72488.0,112119.0
253250.0,220674.0,240039.0
258829.0,122661.0,106246.0
254444.0,177306.0,237373.0
256499.0,71788.0,93526.0
255045.0,73424.0,87141.0
254273.0,85401.0,241794.0
252825.0,220791.0,137066.0
254434.0,165548.0,125717.0
255755.0,72685.0,237992.0
254636.0,123677.0,144110.0
256843.0,104069.0,132138.0
254124.0,128410.0,93843.0
254849.0,72926.0,144107.0
257332.0,196660.0,87183.0
253104.0,221140.0,87222.0
255908.0,72556.0,144029.0
253811.0,165506.0,238267.0
253155.0,91956.0,93817.0
256420.0,91352.0,156970.0
254891.0,130138.0,162816.0
252691.0,220483.0,143625.0
252911.0,72860.0,182098.0
253815.0,85441.0,138268.0
252409.0,220812.0,88155.0
255016.0,153174.0,87040.0
252211.0,159735.0,238626.0
254468.0,221173.0,87367.0
254267.0,221370.0,212429.0
253469.0,220553.0,87472.0
254496.0,115387.0,112219.0
257051.0,72527.0,87472.0
254987.0,72487.0,87221.0
253585.0,196339.0,175898.0
258586.0,215090.0,219231.0
252957.0,86389.0,86987.0
114443.0,85726.0,87545.0
30244.0,85471.0,239991.0
256738.0,85877.0,87631.0
254783.0,85794.0,99862.0
255009.0,85560.0,169702.0
253663.0,153885.0,87430.0
256505.0,85445.0,87510.0
255113.0,85386.0,99628.0
254149.0,216561.0,87799.0
252950.0,86567.0,118511.0
253089.0,85410.0,231494.0
253397.0,85618.0,88207.0
256111.0,86112.0,233780.0
256239.0,85641.0,87291.0
255284.0,85456.0,87490.0
253566.0,86001.0,87311.0
254487.0,85911.0,238433.0
258019.0,85419.0,232197.0
256019.0,85376.0,94596.0
254039.0,85993.0,93870.0
255496.0,85917.0,232553.0
257705.0,85774.0,194485.0
252668.0,85877.0,100080.0
255471.0,215276.0,87412.0
253179.0,85434.0,175525.0
255860.0,86813.0,239096.0
254240.0,85557.0,239782.0
253855.0,85935.0,87549.0
255051.0,85096.0,86808.0
256040.0,85370.0,87154.0
255182.0,86555.0,232098.0
255609.0,85729.0,87677.0
254102.0,85263.0,231677.0
256979.0,85809.0,93364.0
256351.0,85828.0,87417.0
255731.0,85318.0,99950.0
257252.0,86909.0,86828.0
239139.0,85381.0,87389.0
253883.0,85198.0,87511.0
254447.0,85909.0,86893.0
256205.0,86951.0,169333.0
255323.0,87528.0,237612.0
253676.0,215852.0,231421.0
255335.0,87500.0,143680.0
255289.0,86163.0,86980.0
254809.0,85238.0,87461.0
255107.0,86086.0,87401.0
254598.0,85601.0,231947.0
254980.0,85527.0,238653.0
256291.0,85457.0,87079.0
257069.0,85640.0,88077.0
253872.0,85733.0,200581.0
253938.0,85590.0,87261.0
255559.0,87027.0,125444.0
254530.0,85774.0,176622.0
254383.0,85970.0,107572.0
259125.0,85561.0,87166.0
253365.0,84996.0,87500.0
255420.0,85236.0,233061.0
254139.0,160235.0,143823.0
257103.0,85918.0,87145.0
259434.0,85355.0,87694.0
255733.0,216142.0,87536.0
256149.0,87141.0,169357.0
255560.0,217547.0,175951.0
258942.0,85427.0,94147.0
254682.0,85312.0,168732.0
254928.0,86078.0,759.0
253795.0,85475.0,11609.0
253523.0,85437.0,168808.0
51639.0,86093.0,232559.0
255953.0,214414.0,87185.0
237172.0,85355.0,200201.0
253973.0,85557.0,93541.0
256517.0,85921.0,87305.0
254302.0,85711.0,94040.0
255139.0,85584.0,87042.0
254762.0,88555.0,86967.0
252512.0,85723.0,87069.0
255747.0,85535.0,182051.0
254414.0,85815.0,239810.0
257635.0,85271.0,87286.0
256014.0,123331.0,181717.0
254210.0,85959.0,235408.0
256352.0,85137.0,237104.0
253110.0,86073.0,87424.0
256128.0,85445.0,87965.0
253792.0,85485.0,87441.0
254284.0,85438.0,125166.0
255841.0,85569.0,181514.0
253989.0,147797.0,232933.0
253964.0,85744.0,181953.0
256406.0,85889.0,234495.0
254335.0,85614.0,87167.0
255223.0,85360.0,87582.0
255467.0,85552.0,87626.0
255494.0,85335.0,187796.0
253458.0,85481.0,239226.0
252234.0,85275.0,86552.0
256642.0,216669.0,124349.0
253652.0,85326.0,87727.0
237758.0,85746.0,142877.0
255016.0,85251.0,87156.0
253549.0,85656.0,105485.0
254545.0,85066.0,87549.0
255029.0,85885.0,93844.0
256139.0,86546.0,86713.0
252257.0,85361.0,87209.0
254443.0,85193.0,231377.0
255680.0,85720.0,87634.0
256970.0,85401.0,87053.0
254643.0,85784.0,87734.0
257390.0,85583.0,206189.0
254446.0,85615.0,238149.0
255017.0,85125.0,156240.0
255094.0,85676.0,200404.0
257518.0,85796.0,125024.0
254039.0,85742.0,156766.0
253036.0,86233.0,87133.0
252990.0,85810.0,93907.0
256947.0,88402.0,87247.0
256278.0,85786.0,207872.0
256650.0,87741.0,87043.0
254947.0,85503.0,181401.0
256263.0,85483.0,86913.0
253434.0,85146.0,87733.0
258490.0,85635.0,87526.0
253743.0,85274.0,87870.0
256138.0,85769.0,106189.0
253440.0,85379.0,87384.0
256613.0,85237.0,100329.0
256839.0,86204.0,219654.0
253318.0,87541.0,87781.0
255735.0,128528.0,232856.0
255748.0,85738.0,87349.0
252877.0,85878.0,87737.0
255010.0,85867.0,87376.0
253509.0,85859.0,202920.0
255797.0,85667.0,86949.0
256124.0,85575.0,224030.0
255451.0,85486.0,239274.0
255007.0,85896.0,87371.0
254815.0,85268.0,87796.0
253327.0,85692.0,87291.0
257407.0,85404.0,86884.0
255325.0,87757.0,86381.0
255312.0,85593.0,207189.0
255272.0,85708.0,87539.0
251817.0,85856.0,87459.0
255152.0,85735.0,93531.0
254862.0,85519.0,87204.0
256079.0,85976.0,87352.0
255715.0,85530.0,125630.0
254706.0,215101.0,86565.0
257995.0,86673.0,149968.0
235122.0,85630.0,87499.0
255997.0,85757.0,237560.0
254680.0,85939.0,137939.0
233915.0,85564.0,150122.0
230199.0,85041.0,86943.0
233930.0,135338.0,150611.0
235208.0,85712.0,87189.0
234640.0,85617.0,87141.0
235156.0,85644.0,92985.0
203639.0,85502.0,143843.0
233552.0,85403.0,87250.0
233922.0,85384.0,93854.0
240618.0,86828.0,87833.0
233615.0,85220.0,87512.0
233789.0,85569.0,138219.0
234183.0,116399.0,163122.0
233897.0,85545.0,157861.0
234753.0,85721.0,87667.0
233867.0,85442.0,168698.0
227830.0,89233.0,87738.0
122838.0,85633.0,87630.0
171687.0,217380.0,86903.0
228649.0,85462.0,87658.0
97570.0,129032.0,93722.0
228173.0,85601.0,87620.0
233657.0,85694.0,759.0
234199.0,85277.0,94276.0
228241.0,86217.0,231612.0
234054.0,98270.0,87613.0
229508.0,85324.0,88230.0
228238.0,85941.0,87310.0
147188.0,85464.0,233710.0
234152.0,85632.0,87121.0
109172.0,86016.0,86787.0
121744.0,85905.0,87275.0
140739.0,85445.0,87906.0
240865.0,85365.0,131152.0
240216.0,85815.0,118421.0
234012.0,85647.0,87216.0
233967.0,85352.0,87970.0
203258.0,85621.0,86987.0
234111.0,104895.0,87789.0
233438.0,85444.0,112338.0
115607.0,85902.0,87134.0
234029.0,85204.0,170706.0
241251.0,86116.0,87861.0
235128.0,85345.0,87439.0
233981.0,85284.0,87313.0
228181.0,85358.0,86873.0
165896.0,85805.0,87270.0
234009.0,215416.0,87364.0
235161.0,98504.0,87309.0
233868.0,85614.0,87638.0
233686.0,85426.0,87280.0
234395.0,85719.0,87509.0
233749.0,85371.0,87080.0
233784.0,85205.0,87693.0
234688.0,85537.0,86810.0
234338.0,85747.0,87730.0
233071.0,85749.0,43177.0
233968.0,166438.0,49290.0
233538.0,73348.0,87537.0
90466.0,18226.0,87271.0
160657.0,73233.0,87250.0
153093.0,73340.0,87670.0
239997.0,73154.0,86919.0
233245.0,73080.0,87075.0
230697.0,73834.0,86889.0
233895.0,73648.0,87212.0
234037.0,73110.0,87370.0
228693.0,73352.0,87250.0
234864.0,73162.0,87044.0
233685.0,73369.0,88383.0
234814.0,73249.0,87502.0
240549.0,73457.0,86715.0
236059.0,67154.0,87666.0
240604.0,73859.0,87538.0
234238.0,73290.0,86852.0
233787.0,73417.0,87471.0
234208.0,73303.0,87872.0
90337.0,76134.0,87229.0
166702.0,73264.0,87412.0
241549.0,73221.0,87448.0
240473.0,73048.0,87440.0
240854.0,73247.0,87641.0
235261.0,73417.0,87945.0
240438.0,73433.0,87211.0
236168.0,73279.0,86999.0
233454.0,73539.0,87561.0
240491.0,73651.0,87104.0
234091.0,73192.0,87375.0
234078.0,73597.0,87468.0
233906.0,73183.0,87515.0
233823.0,48995.0,87293.0
121902.0,73241.0,87178.0
109264.0,73042.0,87256.0
235051.0,73616.0,86864.0
234950.0,73134.0,87426.0
235180.0,73275.0,87369.0
134722.0,73363.0,87656.0
233295.0,73209.0,87320.0
235185.0,73202.0,87912.0
227871.0,73138.0,87114.0
197118.0,73458.0,87161.0
233499.0,73680.0,87403.0
178327.0,73229.0,87481.0
234077.0,73418.0,87872.0
234466.0,74475.0,87432.0
90762.0,73214.0,87435.0
240790.0,73492.0,86803.0
229659.0,73194.0,87927.0
233931.0,73019.0,87068.0
234277.0,73462.0,87609.0
233584.0,73407.0,87692.0
78403.0,73640.0,87501.0
103472.0,77955.0,87273.0
234356.0,73415.0,87048.0
121822.0,73293.0,88099.0
234213.0,73497.0,86697.0
233885.0,73696.0,87827.0
235859.0,73247.0,86977.0
229238.0,73591.0,87497.0
89986.0,73381.0,87621.0
234179.0,73278.0,87381.0
229500.0,73489.0,87920.0
233806.0,73448.0,86958.0
234305.0,73406.0,87910.0
233920.0,67336.0,87240.0
234265.0,73511.0,86812.0
233681.0,73267.0,87361.0
159657.0,73420.0,87269.0
228265.0,66944.0,87113.0
184206.0,73086.0,87509.0
172456.0,73285.0,87101.0
234593.0,73343.0,88127.0
234200.0,73383.0,87443.0
11576.0,73952.0,87241.0
84798.0,55615.0,86580.0
91462.0,73265.0,87926.0
240244.0,73415.0,87599.0
240560.0,73533.0,87056.0
228700.0,73453.0,87545.0
240591.0,73295.0,87493.0
234229.0,73782.0,87341.0
178780.0,73169.0,87443.0
178049.0,73479.0,87601.0
233822.0,73178.0,88057.0
235360.0,73412.0,87159.0
240883.0,73300.0,88032.0
233876.0,73209.0,86848.0
233455.0,73320.0,86761.0
234462.0,73433.0,87572.0
235080.0,73476.0,87479.0
234303.0,73715.0,87472.0
234489.0,73591.0,87505.0
234506.0,73282.0,87893.0
234770.0,73293.0,87699.0
165081.0,73670.0,86894.0
228200.0,73027.0,86842.0
234266.0,73664.0,87245.0
234777.0,73052.0,87200.0
234105.0,73547.0,87452.0
228366.0,73634.0,87971.0
234463.0,73482.0,87670.0
177873.0,60986.0,86783.0
240571.0,73499.0,88080.0
190020.0,73349.0,87307.0
241083.0,73154.0,87544.0
241339.0,76504.0,87605.0
231463.0,73569.0,86709.0
115867.0,73526.0,87836.0
147022.0,73289.0,87137.0
90349.0,73473.0,86906.0
228407.0,73355.0,86959.0
134034.0,73212.0,87732.0
240301.0,73310.0,87352.0
96918.0,73327.0,87623.0
235353.0,73579.0,87513.0
234450.0,73516.0,87803.0
158872.0,73454.0,87345.0
234740.0,73085.0,87025.0
232968.0,73301.0,87040.0
233254.0,74337.0,87669.0
165395.0,73507.0,87646.0
140584.0,73401.0,87620.0
227870.0,73281.0,87643.0
109099.0,73637.0,87315.0
234440.0,73320.0,87864.0
234435.0,73284.0,87534.0
195646.0,73268.0,87137.0
165827.0,73871.0,87413.0
234212.0,73263.0,87477.0
234673.0,73624.0,86941.0
96404.0,73280.0,87448.0
232797.0,73527.0,87513.0
234391.0,73393.0,88151.0
234320.0,73079.0,88480.0
229825.0,73534.0,86981.0
234424.0,72968.0,87386.0
234178.0,73318.0,87315.0
234463.0,73350.0,87342.0
234592.0,73591.0,87017.0
172202.0,73619.0,87467.0
234420.0,73611.0,87199.0
103516.0,67378.0,87623.0
239677.0,73644.0,87537.0
235346.0,74825.0,87438.0
224208.0,73501.0,87214.0
218249.0,73313.0,87854.0
224338.0,74337.0,87529.0
213955.0,74621.0,88277.0
218242.0,72846.0,86876.0
227931.0,73179.0,233448.0
240304.0,73187.0,88135.0
224286.0,73804.0,87845.0
218648.0,73415.0,87510.0
219062.0,73382.0,87183.0
224804.0,73358.0,86777.0
212165.0,73276.0,86930.0
229460.0,73690.0,87797.0
88686.0,5504.0,87431.0
224344.0,42549.0,86809.0
225365.0,73729.0,87417.0
218941.0,73232.0,87936.0
218486.0,73387.0,87335.0
229912.0,73315.0,87442.0
235680.0,73688.0,87115.0
218426.0,75114.0,87113.0
227849.0,73228.0,87229.0
239328.0,73732.0,87483.0
228110.0,73290.0,87668.0
217964.0,73915.0,87519.0
227481.0,73519.0,87314.0
218514.0,73220.0,87555.0
219076.0,73772.0,87471.0
218447.0,73442.0,86845.0
228300.0,73297.0,87765.0
224810.0,73540.0,87407.0
218907.0,73103.0,87385.0
219033.0,73622.0,87345.0
221604.0,73296.0,87560.0
224995.0,73616.0,87661.0
227242.0,73739.0,87222.0
233541.0,76357.0,87968.0
224357.0,73528.0,87345.0
223847.0,73507.0,87402.0
239683.0,73219.0,87346.0
224695.0,74511.0,87992.0
217832.0,73402.0,87042.0
219835.0,73110.0,87202.0
219267.0,73761.0,87174.0
226080.0,73112.0,88009.0
240179.0,73128.0,87377.0
227206.0,73355.0,88062.0
223716.0,73368.0,86984.0
229084.0,74993.0,87046.0
220191.0,73636.0,87371.0
227741.0,73657.0,105526.0
228016.0,73109.0,759.0
223837.0,73286.0,86401.0
211428.0,74297.0,86765.0
218134.0,73529.0,86556.0
224037.0,73472.0,111407.0
218542.0,73223.0,86590.0
218542.0,73460.0,87150.0
219007.0,73563.0,138273.0
212656.0,73458.0,111404.0
218394.0,73046.0,205216.0
224835.0,73362.0,180268.0
223987.0,74982.0,87315.0
224182.0,73176.0,88147.0
225649.0,73463.0,186723.0
226516.0,73799.0,87115.0
219928.0,73231.0,118119.0
226589.0,73799.0,86760.0
218401.0,74201.0,86765.0
218912.0,73440.0,216886.0
218081.0,73114.0,87307.0
241288.0,73440.0,199172.0
218667.0,73462.0,87502.0
240087.0,73334.0,99516.0
230316.0,73411.0,86938.0
225651.0,73368.0,86997.0
224525.0,73347.0,86732.0
228903.0,73913.0,229943.0
211647.0,73443.0,99309.0
218139.0,73178.0,192884.0
229079.0,73036.0,86858.0
132211.0,73472.0,199578.0
218710.0,73476.0,74493.0
223200.0,73511.0,87214.0
233095.0,85530.0,86746.0
218752.0,86687.0,99375.0
212507.0,73393.0,175882.0
212043.0,73542.0,174819.0
224254.0,73299.0,87115.0
220222.0,85272.0,87103.0
234694.0,73265.0,86843.0
89072.0,76771.0,86811.0
234211.0,73692.0,86784.0
218405.0,85422.0,199221.0
227263.0,73272.0,87061.0
227851.0,73191.0,231048.0
228438.0,85262.0,86552.0
217739.0,73108.0,87930.0
228287.0,85332.0,168031.0
217940.0,85449.0,87714.0
228770.0,85432.0,86704.0
218876.0,73260.0,105547.0
212413.0,85797.0,231548.0
217901.0,73212.0,86804.0
224626.0,73537.0,87123.0
224325.0,85175.0,87000.0
224911.0,85289.0,148580.0
213978.0,73017.0,86782.0
218715.0,85145.0,193310.0
212495.0,73501.0,86972.0
219176.0,85475.0,105683.0
190558.0,72867.0,111921.0
227426.0,85273.0,231053.0
224320.0,73321.0,186175.0
225233.0,85193.0,154973.0
229502.0,85804.0,193181.0
224830.0,73236.0,187559.0
224943.0,85570.0,235089.0
218862.0,86015.0,124897.0
217776.0,73083.0,192812.0
221949.0,85404.0,229428.0
236228.0,73013.0,237506.0
212490.0,85370.0,86690.0
224575.0,72980.0,111108.0
218662.0,73162.0,87013.0
218359.0,85091.0,87676.0
235284.0,72954.0,86767.0
229959.0,74531.0,87472.0
226407.0,85760.0,199780.0
227544.0,73241.0,198715.0
226087.0,85490.0,169338.0
218791.0,72944.0,111884.0
150465.0,85603.0,149827.0
212535.0,73371.0,87247.0
225677.0,73415.0,205449.0
224441.0,85112.0,86570.0
212300.0,73202.0,205963.0
211914.0,73324.0,230114.0
218476.0,73419.0,207030.0
219237.0,85312.0,86723.0
219186.0,85150.0,199237.0
212624.0,73781.0,111487.0
219337.0,85788.0,86709.0
229063.0,73034.0,180215.0
225894.0,85509.0,211468.0
219121.0,85221.0,87215.0
228997.0,73069.0,143001.0
218528.0,85768.0,86805.0
227540.0,73434.0,87265.0
226651.0,73787.0,86866.0
212482.0,85141.0,87146.0
224690.0,73315.0,86508.0
224375.0,73276.0,87533.0
218214.0,73539.0,204778.0
225248.0,85442.0,86687.0
218851.0,85306.0,212687.0
218355.0,30058.0,87203.0
165716.0,85346.0,86940.0
223887.0,85049.0,87015.0
228370.0,73296.0,86571.0
225801.0,73317.0,87020.0
228747.0,85410.0,86635.0
224175.0,73337.0,87085.0
224514.0,73400.0,199324.0
239985.0,73325.0,117512.0
225689.0,72950.0,87149.0
215431.0,85226.0,87304.0
212089.0,73037.0,174134.0
217724.0,85239.0,86519.0
239977.0,85249.0,86927.0
213548.0,85454.0,86759.0
225054.0,73515.0,231947.0
218887.0,86472.0,86989.0
224736.0,85522.0,211414.0
212699.0,73738.0,86921.0
226639.0,85450.0,86823.0
121849.0,85554.0,130250.0
224320.0,73396.0,87058.0
217851.0,84970.0,199360.0
227826.0,73530.0,199459.0
228447.0,85142.0,192342.0
227690.0,72944.0,192694.0
218889.0,72966.0,86857.0
212334.0,85493.0,87192.0
225748.0,73063.0,200173.0
240461.0,85308.0,86722.0
218429.0,73327.0,174146.0
115534.0,85610.0,86545.0
218721.0,85042.0,87003.0
219288.0,85216.0,86765.0
156729.0,73135.0,86670.0
225268.0,85734.0,198738.0
219648.0,85409.0,199087.0
241800.0,85282.0,74622.0
212692.0,73157.0,86719.0
228496.0,73521.0,199075.0
225473.0,72985.0,192861.0
4753.0,85373.0,86880.0
4781.0,85410.0,231658.0
4721.0,73382.0,87082.0
4781.0,85799.0,86417.0
4785.0,73520.0,118655.0
4781.0,73570.0,86790.0
4781.0,73493.0,86675.0
4781.0,73327.0,86596.0
4717.0,73136.0,86535.0
4721.0,72918.0,87732.0
4721.0,85248.0,230248.0
4721.0,73528.0,168740.0
4781.0,85295.0,212068.0
4741.0,73571.0,86978.0
4721.0,73434.0,92602.0
4721.0,72980.0,175360.0
4753.0,85250.0,231477.0
4761.0,73347.0,86930.0
4761.0,85266.0,211057.0
4753.0,73418.0,86618.0
4717.0,73304.0,87033.0
4741.0,73060.0,86920.0
4721.0,85372.0,86934.0
4721.0,85222.0,86937.0
214334.0,75621.0,87253.0
4721.0,85640.0,199293.0
4761.0,73491.0,87102.0
4781.0,73468.0,168705.0
4665.0,85674.0,86838.0
4677.0,85506.0,230220.0
4781.0,85749.0,87540.0
4793.0,73133.0,86736.0
4721.0,85104.0,86834.0
4813.0,73257.0,87376.0
4689.0,85531.0,199298.0
223683.0,85076.0,86789.0
218201.0,73627.0,199765.0
212679.0,85537.0,155440.0
224671.0,73012.0,86736.0
213065.0,72952.0,230233.0
224656.0,85047.0,86983.0
224116.0,73591.0,87266.0
227906.0,85808.0,87130.0
227941.0,85154.0,86866.0
224596.0,73518.0,87063.0
224237.0,73152.0,87058.0
212561.0,73367.0,199526.0
239710.0,73356.0,86970.0
225511.0,85246.0,86905.0
157692.0,85261.0,86984.0
90726.0,73151.0,167491.0
89081.0,85386.0,199091.0
89206.0,73255.0,86932.0
89579.0,85532.0,86969.0
89117.0,73544.0,87045.0
89536.0,73334.0,87003.0
89820.0,85111.0,86428.0
89150.0,85422.0,149875.0
89424.0,73203.0,246193.0
89138.0,85272.0,244407.0
89462.0,73353.0,254785.0
89342.0,72998.0,252051.0
88924.0,73240.0,207820.0
89467.0,85463.0,163706.0
89178.0,73309.0,250508.0
89086.0,73575.0,251133.0
88964.0,85708.0,245049.0
88994.0,85206.0,250045.0
89386.0,73312.0,244859.0
88597.0,85356.0,248322.0
89154.0,73282.0,251559.0
88577.0,73805.0,250979.0
88645.0,85478.0,246295.0
89042.0,85326.0,144645.0
89330.0,73096.0,245303.0
92460.0,85372.0,255401.0
89255.0,73365.0,245580.0
89044.0,73384.0,251247.0
89558.0,72965.0,243767.0
88876.0,73227.0,244347.0
89026.0,73015.0,251307.0
88913.0,85160.0,246092.0
89158.0,73087.0,144641.0
89352.0,73328.0,250445.0
90698.0,85603.0,244830.0
89576.0,73439.0,245356.0
89211.0,85344.0,251977.0
89140.0,85632.0,251540.0
88975.0,73381.0,246046.0
89508.0,85304.0,245161.0
89633.0,73373.0,246746.0
89223.0,73300.0,251795.0
89069.0,73313.0,244702.0
89886.0,73317.0,245027.0
89454.0,73283.0,251563.0
89267.0,73238.0,232050.0
89444.0,85686.0,247190.0
89062.0,73333.0,246164.0
89731.0,73091.0,252265.0
89404.0,73083.0,245730.0
90591.0,85244.0,245247.0
89212.0,85394.0,244849.0
89937.0,73498.0,251230.0
89137.0,73373.0,244457.0
89284.0,85450.0,227742.0
89286.0,73230.0,251861.0
89292.0,85631.0,251398.0
88962.0,73055.0,245020.0
89453.0,73254.0,250696.0
89587.0,85624.0,225984.0
89102.0,73108.0,243961.0
89692.0,73126.0,244743.0
89222.0,73261.0,245191.0
91333.0,73098.0,252184.0
89279.0,73268.0,251411.0
90024.0,73328.0,244324.0
89595.0,245651.0,244381.0
89956.0,245748.0,244234.0
89038.0,246822.0,207837.0
88835.0,246458.0,245245.0
88705.0,246086.0,245624.0
92792.0,246288.0,203746.0
92098.0,245979.0,246805.0
9227.0,245948.0,226872.0
88991.0,246310.0,220400.0
89306.0,245772.0,246196.0
90490.0,246044.0,244895.0
89489.0,246187.0,244707.0
89519.0,245570.0,244421.0
89699.0,245951.0,245457.0
89267.0,246066.0,243362.0
89305.0,246614.0,251192.0
89677.0,229266.0,251022.0
88869.0,246159.0,250936.0
88731.0,245742.0,245204.0
89228.0,246002.0,218922.0
89090.0,223227.0,244504.0
89608.0,245477.0,244504.0
89333.0,246059.0,247322.0
89254.0,246043.0,244684.0
90258.0,245997.0,246386.0
89056.0,246265.0,137566.0
88810.0,246133.0,246641.0
89423.0,246212.0,251379.0
89173.0,245501.0,250930.0
91000.0,246619.0,245539.0
89290.0,245330.0,107000.0
89998.0,245542.0,244932.0
88585.0,245893.0,246163.0
89048.0,246081.0,228152.0
89010.0,245649.0,251363.0
89555.0,245761.0,244682.0
89036.0,245750.0,251511.0
89306.0,245890.0,250489.0
90278.0,227457.0,251181.0
90265.0,246850.0,245033.0
88750.0,245575.0,244443.0
89433.0,246175.0,244741.0
89052.0,246176.0,244828.0
89467.0,245727.0,245720.0
98205.0,229836.0,244473.0
89295.0,246030.0,251351.0
91046.0,245232.0,251975.0
89758.0,221796.0,244530.0
89426.0,245775.0,253085.0
90315.0,245830.0,106524.0
89110.0,246222.0,245429.0
89185.0,245476.0,243625.0
89566.0,245939.0,244212.0
89297.0,245944.0,244921.0
89335.0,245317.0,240499.0
90140.0,247003.0,245605.0
89614.0,223331.0,245364.0
89681.0,245529.0,244487.0
88927.0,246942.0,245539.0
89319.0,245938.0,251671.0
90452.0,246372.0,251779.0
88728.0,245892.0,245885.0
89671.0,245834.0,245819.0
89004.0,245801.0,244388.0
89088.0,247230.0,244352.0
89410.0,245777.0,244735.0
89276.0,245825.0,245318.0
89521.0,245546.0,250906.0
89398.0,245923.0,251384.0
90730.0,245964.0,244822.0
91994.0,245785.0,247041.0
89445.0,245180.0,244601.0
90469.0,246016.0,37203.0
89168.0,223547.0,251115.0
89263.0,246612.0,250806.0
89245.0,245301.0,245073.0
89261.0,245640.0,244355.0
90980.0,246135.0,245232.0
90248.0,233382.0,251599.0
89097.0,246665.0,247316.0
89360.0,245917.0,245376.0
90055.0,245639.0,219752.0
89692.0,246316.0,244873.0
89111.0,246266.0,251098.0
89057.0,246001.0,250809.0
89448.0,247106.0,244515.0
89968.0,245979.0,244198.0
89475.0,245835.0,250556.0
89090.0,245380.0,251240.0
89741.0,245643.0,250595.0
89309.0,246363.0,250436.0
88980.0,246075.0,251474.0
89177.0,246020.0,245447.0
89318.0,248372.0,219968.0
88903.0,246296.0,250945.0
89043.0,245564.0,251685.0
89062.0,246309.0,251106.0
89063.0,245395.0,222053.0
89192.0,245753.0,252434.0
89147.0,246948.0,251588.0
4685.0,246002.0,245851.0
89005.0,246904.0,221785.0
89401.0,246526.0,244917.0
89072.0,246288.0,244286.0
89316.0,247195.0,244221.0
100614.0,246125.0,251043.0
89489.0,48947.0,244243.0
89145.0,11528.0,244532.0
91021.0,245452.0,244129.0
90008.0,245866.0,245257.0
90331.0,245948.0,30694.0
89545.0,228134.0,246713.0
90888.0,245516.0,245005.0
91565.0,245447.0,245102.0
89778.0,246152.0,244676.0
90545.0,245423.0,251210.0
89089.0,245324.0,212732.0
89533.0,246029.0,251648.0
89156.0,248729.0,202639.0
89141.0,246526.0,245439.0
89327.0,246023.0,246192.0
90536.0,246416.0,251265.0
88663.0,245103.0,244795.0
89428.0,245674.0,226682.0
89182.0,246098.0,245160.0
89201.0,245698.0,245173.0
90703.0,246614.0,250929.0
187867.0,245960.0,244477.0
90757.0,246642.0,244755.0
90293.0,228789.0,245074.0
90720.0,245557.0,244996.0
89021.0,222346.0,244507.0
89794.0,246102.0,245003.0
88954.0,245968.0,247782.0
88989.0,246170.0,245573.0
4721.0,246110.0,249903.0
4687.0,245054.0,244905.0
85063.0,246301.0,182249.0
5078.0,247142.0,244782.0
4781.0,245930.0,244524.0
4677.0,245921.0,244647.0
4717.0,247522.0,244155.0
4781.0,245944.0,244828.0
4721.0,245294.0,251514.0
4721.0,246237.0,244996.0
4721.0,246186.0,251488.0
4721.0,246573.0,244647.0
4785.0,250267.0,250734.0
4721.0,245210.0,251141.0
5111.0,246572.0,250257.0
89180.0,245680.0,243986.0
89529.0,246355.0,251347.0
89616.0,245898.0,250797.0
90717.0,224044.0,251037.0
88936.0,245864.0,87595.0
211966.0,245990.0,87656.0
91752.0,245771.0,87689.0
145475.0,245429.0,232388.0
89146.0,246072.0,87338.0
90230.0,247763.0,87066.0
89442.0,246559.0,144679.0
91410.0,246106.0,86764.0
91021.0,246658.0,87338.0
90987.0,245378.0,220269.0
212027.0,245480.0,87437.0
91335.0,246040.0,87645.0
91421.0,222683.0,86930.0
91683.0,246025.0,87560.0
4633.0,245737.0,87508.0
4685.0,247353.0,87831.0
90697.0,245266.0,232483.0
89152.0,245578.0,86948.0
127283.0,245430.0,168751.0
92738.0,245913.0,659.0
89213.0,246066.0,11417.0
95385.0,246532.0,143534.0
91968.0,246159.0,87794.0
91000.0,245363.0,200326.0
89891.0,244943.0,232294.0
90737.0,246468.0,157175.0
108299.0,247330.0,87160.0
88954.0,222012.0,87503.0
90487.0,246250.0,194140.0
90818.0,246277.0,87309.0
9291.0,245668.0,150759.0
92286.0,247058.0,87869.0
89883.0,247303.0,87147.0
91454.0,245698.0,87434.0
211830.0,245510.0,171296.0
214091.0,246525.0,232963.0
89661.0,246405.0,87294.0
91725.0,245857.0,87730.0
214081.0,246042.0,87484.0
89879.0,246183.0,87460.0
151028.0,245217.0,86973.0
89982.0,245624.0,87087.0
213371.0,246638.0,87055.0
89219.0,245714.0,225405.0
88710.0,245862.0,87009.0
90526.0,246873.0,195463.0
212298.0,246538.0,170601.0
90583.0,245447.0,86959.0
88976.0,245889.0,87039.0
92524.0,246507.0,87303.0
96051.0,246679.0,87366.0
89465.0,246250.0,87185.0
90820.0,227638.0,164508.0
92383.0,246666.0,87072.0
89258.0,246692.0,144455.0
212378.0,245854.0,87525.0
91495.0,246971.0,86948.0
89211.0,246297.0,212518.0
91085.0,72605.0,207445.0
90248.0,85109.0,87103.0
107446.0,213769.0,87434.0
90832.0,97273.0,87562.0
89406.0,73364.0,87275.0
89817.0,72859.0,87435.0
90509.0,222771.0,86956.0
157370.0,84734.0,150572.0
89170.0,72589.0,86890.0
212499.0,214199.0,87257.0
90633.0,116572.0,151024.0
93168.0,73319.0,199987.0
194530.0,85395.0,188101.0
90494.0,110478.0,86821.0
91174.0,140538.0,87234.0
162734.0,72574.0,87730.0
91209.0,214060.0,87735.0
90417.0,214048.0,87877.0
89362.0,109136.0,87950.0
89612.0,72462.0,87439.0
92747.0,221020.0,200679.0
89242.0,73543.0,88562.0
92172.0,220437.0,87559.0
157529.0,72858.0,189383.0
90317.0,177977.0,195093.0
89305.0,195870.0,87199.0
89603.0,78839.0,168751.0
88951.0,78140.0,87039.0
90933.0,78346.0,87552.0
90534.0,97605.0,87444.0
89466.0,72621.0,86979.0
158589.0,153426.0,232748.0
90592.0,85419.0,86727.0
88948.0,79155.0,87900.0
90449.0,72743.0,88056.0
91035.0,73388.0,169107.0
91307.0,85546.0,162926.0
213390.0,86721.0,87237.0
108534.0,116237.0,87284.0
89328.0,122724.0,87139.0
212724.0,91477.0,87269.0
127846.0,72869.0,200136.0
90770.0,72273.0,88527.0
92220.0,213940.0,187495.0
89326.0,72817.0,193854.0
89790.0,78870.0,150694.0
212360.0,215004.0,150579.0
212698.0,72872.0,4265.0
92254.0,214238.0,11438.0
91116.0,78757.0,87037.0
213757.0,214068.0,151479.0
90494.0,72531.0,87069.0
90162.0,134050.0,169482.0
90962.0,189987.0,162327.0
89415.0,84666.0,231842.0
89678.0,222449.0,87424.0
89286.0,73053.0,175135.0
88777.0,208376.0,87410.0
214204.0,84867.0,176177.0
89212.0,78791.0,231661.0
91943.0,73633.0,87304.0
90131.0,122603.0,87444.0
90575.0,122042.0,232519.0
8165.0,128228.0,87003.0
90021.0,208739.0,87809.0
89666.0,72696.0,87047.0
89679.0,85605.0,87827.0
91638.0,214911.0,87902.0
89628.0,72879.0,87226.0
91794.0,141459.0,232006.0
90971.0,215029.0,88360.0
89375.0,72607.0,231605.0
128449.0,72597.0,169079.0
89503.0,85938.0,231514.0
89956.0,189877.0,162671.0
91098.0,72881.0,87249.0
89513.0,159872.0,87237.0
90888.0,220131.0,88103.0
4813.0,213863.0,87284.0
4793.0,171810.0,232926.0
4753.0,85535.0,87689.0
85075.0,73292.0,174336.0
4753.0,110133.0,87011.0
4781.0,214444.0,87421.0
4753.0,85662.0,87022.0
4813.0,86585.0,200513.0
4781.0,103793.0,168959.0
4645.0,85951.0,194369.0
4753.0,221191.0,231368.0
4781.0,78797.0,87924.0
4781.0,73188.0,68613.0
4813.0,97211.0,759.0
89552.0,85542.0,23949.0
91351.0,85694.0,759.0
89384.0,183839.0,4265.0
175932.0,214060.0,87002.0
89402.0,87364.0,145535.0
91866.0,91610.0,87659.0
89094.0,91041.0,87832.0
212811.0,189926.0,87894.0
89351.0,208071.0,125711.0
89530.0,190110.0,163081.0
89097.0,79209.0,138734.0
89144.0,176944.0,87095.0
89404.0,73199.0,88127.0
91511.0,214526.0,169543.0
157829.0,97235.0,87912.0
91314.0,73437.0,87762.0
91694.0,72712.0,87260.0
90437.0,85194.0,87430.0
90310.0,214334.0,150122.0
90879.0,214159.0,87595.0
89645.0,72572.0,87043.0
91475.0,140031.0,87045.0
89136.0,85623.0,243455.0
90496.0,86770.0,87639.0
89193.0,85217.0,87559.0
88964.0,215201.0,87702.0
91003.0,85753.0,100263.0
211982.0,214476.0,87895.0
92666.0,220443.0,219177.0
89667.0,84970.0,88058.0
139473.0,214788.0,8258.0
89575.0,72888.0,224962.0
91270.0,214629.0,5726.0
92134.0,85285.0,232345.0
212730.0,85001.0,87921.0
89375.0,85750.0,87969.0
89739.0,171757.0,87669.0
213001.0,85394.0,89642.0
90754.0,72882.0,87503.0
90642.0,72888.0,87847.0
89208.0,220489.0,199976.0
90143.0,85445.0,87177.0
91409.0,108943.0,87613.0
108752.0,178341.0,87227.0
7993.0,220366.0,87940.0
92258.0,72450.0,87941.0
90423.0,73176.0,87283.0
89284.0,190034.0,87212.0
212743.0,159269.0,87348.0
89060.0,79009.0,87249.0
90071.0,72788.0,87505.0
90450.0,85350.0,87678.0
90114.0,214482.0,87402.0
90640.0,73561.0,86494.0
212288.0,87176.0,181983.0
88906.0,78395.0,87603.0
90365.0,85438.0,157343.0
90531.0,214153.0,87176.0
212683.0,72586.0,87995.0
89949.0,85659.0,87768.0
89030.0,85039.0,87569.0
133762.0,115746.0,195034.0
90655.0,72785.0,87298.0
91137.0,72857.0,175955.0
89401.0,72308.0,87662.0
96333.0,220478.0,86970.0
89316.0,215277.0,87117.0
91812.0,72849.0,206654.0
89985.0,85904.0,193596.0
215145.0,215367.0,106730.0
89599.0,208930.0,106676.0
187570.0,220603.0,106411.0
90590.0,85263.0,246514.0
90512.0,219959.0,107433.0
88845.0,214404.0,106610.0
93323.0,85086.0,105936.0
89045.0,85710.0,106391.0
89070.0,208190.0,106397.0
89331.0,220194.0,105332.0
89124.0,103920.0,106707.0
89087.0,208303.0,150650.0
89036.0,220893.0,247298.0
88894.0,190326.0,106754.0
163670.0,97308.0,105957.0
89852.0,116832.0,244626.0
89032.0,72846.0,200469.0
90884.0,220925.0,106400.0
90721.0,86768.0,119411.0
203819.0,214168.0,106906.0
261413.0,214462.0,177578.0
172926.0,214404.0,163717.0
160770.0,219749.0,106990.0
129835.0,221021.0,106071.0
166511.0,221960.0,244613.0
166822.0,209002.0,202337.0
210907.0,72516.0,106465.0
154713.0,220297.0,145159.0
112022.0,213845.0,105884.0
253666.0,222006.0,106315.0
178297.0,85875.0,106130.0
179028.0,213975.0,105992.0
185137.0,214325.0,105838.0
135183.0,220130.0,244825.0
256348.0,146786.0,106056.0
211652.0,85285.0,106518.0
123411.0,214054.0,105948.0
255144.0,214552.0,105487.0
209598.0,222116.0,106731.0
228745.0,85385.0,244449.0
187304.0,73348.0,243949.0
178836.0,146684.0,150019.0
253161.0,178223.0,220815.0
253195.0,153914.0,138382.0
150287.0,214251.0,105890.0
261042.0,213883.0,106486.0
178386.0,72887.0,106241.0
179299.0,72573.0,106261.0
205884.0,214562.0,105571.0
153755.0,91170.0,107270.0
259848.0,72330.0,106022.0
252942.0,72651.0,111883.0
172636.0,214558.0,187135.0
191533.0,85372.0,107923.0
167013.0,85412.0,106570.0
166600.0,85756.0,124552.0
168035.0,85118.0,124772.0
254061.0,85343.0,106160.0
253397.0,90423.0,106051.0
192700.0,93403.0,227995.0
203834.0,85761.0,105811.0
166464.0,87985.0,247816.0
198309.0,86689.0,245252.0
154213.0,85376.0,105702.0
209697.0,85931.0,107086.0
178264.0,85965.0,106490.0
148226.0,85219.0,150402.0
184867.0,86034.0,164027.0
166390.0,86929.0,105310.0
173538.0,713.0,105714.0
197449.0,86013.0,245620.0
210656.0,85476.0,233056.0
259784.0,215805.0,106205.0
261113.0,85217.0,106471.0
198005.0,85827.0,106826.0
211589.0,85297.0,106062.0
190775.0,147079.0,243223.0
253612.0,85512.0,106731.0
253833.0,85857.0,106230.0
191768.0,85393.0,105524.0
253448.0,105051.0,106528.0
228748.0,85695.0,193455.0
191392.0,85784.0,105696.0
184472.0,85848.0,106186.0
210159.0,87239.0,155778.0
197751.0,87084.0,105587.0
186709.0,215783.0,106058.0
167205.0,85492.0,105863.0
260576.0,85223.0,244269.0
159399.0,86075.0,106161.0
123170.0,85323.0,150160.0
252959.0,85326.0,200466.0
173269.0,85711.0,106015.0
197856.0,85700.0,106638.0
155363.0,86787.0,106695.0
168186.0,85701.0,105722.0
130196.0,86711.0,107243.0
249235.0,85797.0,106796.0
166819.0,85421.0,107186.0
167526.0,85444.0,106042.0
217791.0,85749.0,105984.0
228590.0,85320.0,106067.0
178234.0,85696.0,107058.0
253681.0,85421.0,105937.0
125416.0,87002.0,243586.0
148714.0,73446.0,107395.0
159975.0,85643.0,113302.0
156202.0,85855.0,125827.0
172557.0,85150.0,245137.0
147699.0,85806.0,107564.0
192659.0,85780.0,106168.0
254059.0,85747.0,106572.0
130001.0,166023.0,106084.0
178742.0,86107.0,105934.0
174408.0,85426.0,105510.0
261890.0,85227.0,106423.0
136699.0,87314.0,251503.0
259806.0,85242.0,106351.0
173761.0,85361.0,244277.0
166513.0,85384.0,105499.0
222307.0,86010.0,247054.0
160954.0,87088.0,106442.0
173070.0,85705.0,105329.0
254091.0,85578.0,106987.0
228871.0,99660.0,106693.0
234488.0,85804.0,220828.0
160344.0,85696.0,225246.0
178662.0,85533.0,105397.0
260543.0,87281.0,245550.0
254019.0,86030.0,106275.0
185604.0,85214.0,105777.0
123102.0,85857.0,107362.0
253443.0,85426.0,106947.0
171929.0,85262.0,106543.0
253792.0,85759.0,105950.0
172149.0,85658.0,106340.0
166662.0,85703.0,105761.0
259883.0,85781.0,106808.0
253939.0,215518.0,106210.0
254690.0,85452.0,106294.0
179179.0,85682.0,106119.0
253254.0,85717.0,106184.0
196928.0,85591.0,106074.0
159849.0,216336.0,43713.0
253111.0,87071.0,216573.0
141250.0,85721.0,105124.0
253240.0,215057.0,106667.0
149466.0,85691.0,106835.0
166569.0,86041.0,113090.0
252857.0,85741.0,150635.0
172678.0,85351.0,250574.0
253330.0,85421.0,113913.0
191857.0,87282.0,163868.0
154844.0,85739.0,193392.0
253663.0,85210.0,158284.0
123018.0,85606.0,106966.0
171994.0,85599.0,246738.0
215950.0,110901.0,106624.0
123618.0,85720.0,106919.0
253036.0,215131.0,107639.0
254797.0,86040.0,106442.0
123593.0,85779.0,106023.0
179490.0,85546.0,246547.0
179470.0,85369.0,105758.0
216706.0,87100.0,226772.0
191315.0,88741.0,130798.0
230616.0,85619.0,105948.0
185624.0,86788.0,105893.0
173183.0,155017.0,214675.0
123234.0,85627.0,759.0
197986.0,85531.0,106426.0
110818.0,85465.0,106647.0
179004.0,85463.0,125779.0
129999.0,85573.0,106206.0
259857.0,85596.0,106214.0
160430.0,85374.0,106289.0
173010.0,86741.0,163804.0
252951.0,85630.0,105714.0
196806.0,85826.0,106507.0
123101.0,85818.0,105627.0
254986.0,85684.0,106498.0
179677.0,85628.0,106382.0
172400.0,85411.0,244328.0
172519.0,85599.0,106698.0
259562.0,85579.0,106079.0
172264.0,85608.0,106738.0
253759.0,154979.0,106178.0
208991.0,191214.0,245632.0
173682.0,85643.0,105538.0
197211.0,85614.0,5641.0
129932.0,215996.0,107791.0
173088.0,86764.0,106470.0
184964.0,110181.0,106269.0
165981.0,85550.0,106575.0
216161.0,85820.0,124050.0
261410.0,85181.0,93109.0
254107.0,85831.0,106210.0
253957.0,86139.0,106262.0
159978.0,86914.0,106216.0
179626.0,86069.0,105704.0
192254.0,85312.0,124841.0
192611.0,85535.0,105929.0
254319.0,85360.0,106093.0
185276.0,85682.0,106533.0
175170.0,73192.0,106423.0
174212.0,85874.0,107054.0
253877.0,85910.0,106570.0
216614.0,85619.0,250756.0
159826.0,85942.0,106634.0
261580.0,87886.0,201872.0
252755.0,86352.0,105978.0
254200.0,85505.0,213718.0
256902.0,85403.0,226908.0
260437.0,85290.0,4265.0
252836.0,85976.0,11597.0
254106.0,85349.0,759.0
174710.0,104427.0,251803.0
188307.0,85850.0,106248.0
154351.0,85735.0,106463.0
261484.0,86730.0,106482.0
129482.0,216871.0,250646.0
124451.0,85632.0,245765.0
260826.0,85557.0,106253.0
254068.0,85603.0,220118.0
216051.0,86164.0,106307.0
211542.0,85408.0,238044.0
172796.0,85972.0,238538.0
218584.0,85512.0,252146.0
89545.0,85408.0,108288.0
219072.0,85244.0,106019.0
217766.0,138403.0,106224.0
225277.0,85517.0,107352.0
89361.0,86009.0,106933.0
164113.0,85373.0,106303.0
89280.0,85745.0,232576.0
181417.0,85839.0,251696.0
218271.0,85478.0,250899.0
89363.0,85117.0,106482.0
125897.0,85307.0,105950.0
89355.0,87158.0,225821.0
218130.0,85532.0,106585.0
224821.0,86082.0,106512.0
90394.0,85796.0,106619.0
218102.0,86804.0,107120.0
218575.0,84971.0,106600.0
218394.0,86807.0,106630.0
219355.0,86815.0,105994.0
218398.0,86116.0,245674.0
213282.0,86153.0,106259.0
217788.0,74870.0,106132.0
218638.0,85551.0,107347.0
223931.0,85483.0,244118.0
219588.0,85562.0,105916.0
90507.0,85370.0,245621.0
89459.0,86073.0,105917.0
224547.0,85466.0,225077.0
89146.0,85977.0,106603.0
225603.0,85342.0,106491.0
88994.0,85501.0,107073.0
89119.0,85908.0,252498.0
224652.0,85498.0,106391.0
212387.0,85513.0,106396.0
107875.0,85474.0,105999.0
218200.0,85463.0,106708.0
89978.0,85621.0,106794.0
211981.0,85831.0,106401.0
89250.0,85376.0,245658.0
217842.0,87015.0,106528.0
88913.0,87255.0,106623.0
211555.0,85603.0,69233.0
89564.0,85248.0,106657.0
89299.0,85530.0,106256.0
90312.0,85563.0,245402.0
89571.0,87511.0,106940.0
212191.0,85351.0,106969.0
218167.0,86022.0,106935.0
218376.0,85156.0,106773.0
225479.0,85573.0,106979.0
221184.0,85591.0,106503.0
89219.0,85544.0,106375.0
89367.0,217315.0,106203.0
88878.0,85733.0,207397.0
212221.0,72955.0,107501.0
90715.0,73267.0,106506.0
89559.0,73601.0,182097.0
223891.0,85370.0,255031.0
89273.0,73091.0,250571.0
212203.0,73523.0,106047.0
218204.0,73648.0,251286.0
89426.0,80336.0,106747.0
89009.0,85591.0,251318.0
89970.0,73018.0,245404.0
211752.0,85864.0,81438.0
225189.0,85206.0,207477.0
225038.0,86814.0,237930.0
223883.0,85639.0,105977.0
88895.0,85687.0,226559.0
218231.0,73209.0,225728.0
88809.0,85032.0,221320.0
223810.0,72831.0,245346.0
218609.0,85731.0,24781.0
218371.0,73252.0,106874.0
89369.0,85602.0,105806.0
88843.0,73283.0,106221.0
89354.0,73176.0,106072.0
89641.0,85747.0,105943.0
218948.0,73093.0,213570.0
212293.0,85495.0,245743.0
89057.0,73306.0,220077.0
132866.0,73250.0,250760.0
89589.0,86877.0,106518.0
89231.0,73497.0,105655.0
89602.0,73334.0,106373.0
236896.0,74473.0,106034.0
224409.0,86972.0,106149.0
89081.0,73381.0,212312.0
225695.0,85329.0,106165.0
218387.0,86610.0,194140.0
213517.0,73591.0,150194.0
218437.0,74797.0,106193.0
214110.0,73286.0,106438.0
214395.0,86014.0,106547.0
212412.0,73731.0,106584.0
90981.0,85809.0,244678.0
89070.0,73425.0,244565.0
90733.0,73896.0,106284.0
225031.0,73087.0,106460.0
218130.0,73798.0,250963.0
214399.0,73532.0,106639.0
90032.0,74642.0,215277.0
89288.0,73411.0,106257.0
224238.0,85220.0,106476.0
89463.0,73273.0,106833.0
89233.0,73153.0,106425.0
90447.0,85947.0,106743.0
88919.0,85251.0,213244.0
89330.0,85888.0,106900.0
89227.0,85894.0,106375.0
89811.0,73030.0,106313.0
212151.0,73250.0,106679.0
220593.0,73632.0,226111.0
218822.0,73203.0,243987.0
90476.0,73300.0,106448.0
237394.0,73574.0,213648.0
91351.0,73149.0,106503.0
89191.0,85464.0,106785.0
229471.0,73022.0,219909.0
218390.0,72988.0,225835.0
89136.0,85570.0,225970.0
90273.0,75089.0,106293.0
89814.0,85131.0,225215.0
225369.0,85419.0,244923.0
224444.0,85431.0,107524.0
218097.0,86642.0,106557.0
212128.0,85250.0,239843.0
226991.0,73244.0,244289.0
89294.0,85192.0,107129.0
89116.0,86937.0,106953.0
151308.0,73050.0,200798.0
88859.0,85466.0,106284.0
89312.0,73500.0,106093.0
217768.0,84936.0,200090.0
213812.0,85771.0,218722.0
233099.0,73285.0,105800.0
232527.0,74881.0,106340.0
89353.0,73377.0,175933.0
27800.0,73241.0,106531.0
89258.0,74322.0,231931.0
89195.0,85612.0,106245.0
89254.0,73278.0,106738.0
89134.0,74902.0,106350.0
218841.0,85623.0,106369.0
221924.0,74355.0,106107.0
232197.0,85665.0,227509.0
89297.0,85576.0,106169.0
231210.0,73328.0,220878.0
102077.0,73451.0,106793.0
88830.0,85267.0,106165.0
217843.0,73123.0,107116.0
90862.0,73458.0,106966.0
218768.0,73437.0,107916.0
224274.0,85674.0,106561.0
89494.0,73821.0,106209.0
212275.0,73531.0,105771.0
218770.0,85881.0,106074.0
218270.0,85308.0,106899.0
226467.0,86348.0,106115.0
218714.0,85289.0,106396.0
90769.0,85481.0,251201.0
218040.0,73365.0,206783.0
89371.0,73613.0,106282.0
225275.0,85528.0,106087.0
226264.0,86913.0,106876.0
212771.0,73419.0,106955.0
222243.0,85629.0,213871.0
89134.0,85018.0,106479.0
218982.0,73644.0,219177.0
231791.0,73861.0,251119.0
223496.0,73099.0,106348.0
89345.0,87061.0,247947.0
89091.0,74417.0,208467.0
90769.0,73893.0,106661.0
218183.0,85303.0,105771.0
224156.0,73525.0,106849.0
89067.0,74499.0,106718.0
218512.0,85610.0,105928.0
234104.0,86257.0,107576.0
89614.0,73220.0,218014.0
90071.0,73476.0,105907.0
89689.0,73019.0,93628.0
89254.0,85715.0,212798.0
212813.0,73430.0,106518.0
120342.0,73292.0,201367.0
91241.0,73216.0,106403.0
89556.0,73335.0,106145.0
88942.0,73075.0,100371.0
219389.0,73444.0,94091.0
4781.0,75590.0,105967.0
85034.0,85720.0,100891.0
4635.0,85477.0,106924.0
5018.0,87229.0,100317.0
4781.0,72980.0,99412.0
4813.0,85594.0,99521.0
4721.0,85164.0,106405.0
4781.0,85406.0,100820.0
4741.0,73293.0,99460.0
4761.0,75956.0,100481.0
4721.0,73544.0,106890.0
4721.0,85830.0,106725.0
4677.0,85150.0,99549.0
4721.0,73054.0,106341.0
4717.0,73516.0,93220.0
224341.0,73394.0,99608.0
89214.0,85204.0,100203.0
224556.0,86478.0,106703.0
217962.0,85211.0,99517.0
215435.0,73170.0,100357.0
217998.0,73482.0,100017.0
224204.0,85752.0,99583.0
224698.0,85602.0,99675.0
89738.0,73581.0,105711.0
88945.0,85732.0,100945.0
89174.0,85615.0,100073.0
218152.0,73470.0,99576.0
218593.0,73257.0,99179.0
89266.0,72976.0,105973.0
90222.0,73184.0,99554.0
88807.0,85379.0,99997.0
4721.0,85244.0,93938.0
214560.0,73767.0,99228.0
4595.0,73415.0,106331.0
5018.0,73051.0,99856.0
4817.0,85163.0,93882.0
4721.0,74572.0,106069.0
4813.0,72939.0,105327.0
4753.0,73148.0,100554.0
4721.0,87011.0,99580.0
4721.0,85396.0,105763.0
4721.0,85286.0,100952.0
4781.0,72988.0,105917.0
4721.0,74111.0,106145.0
4813.0,73378.0,99471.0
5075.0,74901.0,100240.0
4753.0,85350.0,93784.0
4781.0,73167.0,106273.0
4813.0,85388.0,100186.0
4761.0,84882.0,99712.0
4813.0,85732.0,106471.0
4781.0,73464.0,24748.0
4781.0,74428.0,105751.0
4721.0,73671.0,99932.0
4781.0,85228.0,99414.0
4813.0,73163.0,106300.0
4741.0,85699.0,106434.0
4781.0,73195.0,99492.0
4773.0,85798.0,106046.0
4781.0,85852.0,105922.0
4721.0,72849.0,99830.0
4717.0,85368.0,99023.0
4697.0,85272.0,105927.0
4813.0,85516.0,99024.0
4781.0,85369.0,100156.0
4721.0,85980.0,92950.0
4581.0,72945.0,99415.0
6676.0,73153.0,98928.0
110956.0,86932.0,98760.0
111091.0,85473.0,99734.0
10605.0,73253.0,100002.0
111752.0,73883.0,100125.0
110729.0,86124.0,100285.0
10551.0,74796.0,106738.0
42547.0,85474.0,113300.0
48889.0,73156.0,100854.0
110765.0,73109.0,93826.0
10573.0,85224.0,105751.0
111072.0,73522.0,93434.0
6677.0,86106.0,99317.0
110256.0,85609.0,99394.0
110494.0,74607.0,99118.0
6677.0,73035.0,99723.0
10605.0,73629.0,100082.0
92352.0,73545.0,99485.0
10573.0,73674.0,100422.0
111109.0,85536.0,105534.0
6677.0,73086.0,93566.0
17708.0,73364.0,100591.0
6677.0,73653.0,99614.0
6677.0,85500.0,101043.0
6677.0,85469.0,99871.0
42450.0,73127.0,94208.0
110785.0,73166.0,99695.0
6677.0,116276.0,99949.0
6676.0,116253.0,100564.0
10551.0,72965.0,100144.0
111836.0,73295.0,105411.0
6645.0,129066.0,106157.0
11367.0,141386.0,105865.0
10605.0,129317.0,93110.0
11421.0,134864.0,99929.0
6677.0,123127.0,93518.0
42580.0,74043.0,106821.0
6740.0,129209.0,94824.0
111958.0,73199.0,100167.0
111002.0,76060.0,99087.0
111218.0,72984.0,105877.0
37757.0,73778.0,99657.0
11379.0,73861.0,99678.0
111449.0,129923.0,93110.0
110632.0,116649.0,98915.0
111266.0,128745.0,94174.0
6612.0,141709.0,99777.0
61678.0,122533.0,99507.0
6677.0,221984.0,100192.0
111018.0,75597.0,99360.0
6677.0,147645.0,105540.0
111509.0,134736.0,100144.0
111150.0,128669.0,100217.0
86252.0,147499.0,105561.0
110404.0,122928.0,100442.0
111118.0,73321.0,105646.0
111413.0,117094.0,113603.0
110442.0,73122.0,100203.0
111680.0,128489.0,100542.0
110689.0,122842.0,99862.0
110714.0,73517.0,99930.0
98159.0,73358.0,99703.0
110519.0,122578.0,105826.0
111120.0,76172.0,100440.0
111241.0,74513.0,106317.0
110784.0,135113.0,100419.0
110689.0,134694.0,99566.0
111504.0,135353.0,100433.0
111099.0,73144.0,101315.0
110828.0,129096.0,100054.0
92407.0,73252.0,105967.0
110926.0,220897.0,100336.0
110623.0,122840.0,100106.0
98485.0,76078.0,99106.0
110607.0,128666.0,93396.0
104296.0,128776.0,100616.0
110679.0,141203.0,100597.0
110784.0,73045.0,100006.0
110857.0,116404.0,99364.0
111214.0,73525.0,100364.0
110867.0,153424.0,99771.0
110733.0,135598.0,100017.0
111344.0,75215.0,106239.0
110902.0,116587.0,106017.0
111378.0,128906.0,100668.0
110459.0,73373.0,100085.0
111004.0,128674.0,99486.0
111086.0,129606.0,100173.0
110537.0,116873.0,100252.0
85736.0,74628.0,99582.0
110915.0,153087.0,245676.0
91935.0,73313.0,101668.0
110840.0,129538.0,93612.0
10669.0,73248.0,99748.0
111786.0,135014.0,100262.0
111246.0,73121.0,93356.0
110975.0,73293.0,100328.0
111684.0,128957.0,105872.0
54942.0,123055.0,99531.0
110691.0,146929.0,106083.0
110826.0,75032.0,99882.0
92273.0,73479.0,100432.0
110775.0,73517.0,100022.0
110741.0,135716.0,99566.0
110899.0,74587.0,99428.0
110611.0,197630.0,100130.0
79574.0,128943.0,99355.0
86327.0,73117.0,106420.0
111101.0,73530.0,99462.0
110846.0,122647.0,106958.0
110733.0,135865.0,106002.0
111494.0,74652.0,100329.0
110807.0,73227.0,93706.0
111530.0,104273.0,105999.0
110824.0,141537.0,105722.0
110823.0,129314.0,99804.0
36303.0,73013.0,100185.0
111261.0,160362.0,99353.0
105175.0,73451.0,99890.0
110819.0,73200.0,100707.0
104732.0,73066.0,100232.0
110686.0,142392.0,93952.0
92304.0,116315.0,99543.0
110771.0,73432.0,100083.0
110902.0,73219.0,99289.0
110998.0,74653.0,100622.0
111042.0,128985.0,106716.0
111388.0,221204.0,99489.0
98023.0,129061.0,99744.0
110807.0,74846.0,100066.0
110400.0,76070.0,238133.0
111095.0,74715.0,244704.0
110820.0,129496.0,100308.0
80340.0,128686.0,101195.0
110845.0,123176.0,106016.0
98378.0,75199.0,101659.0
111192.0,140919.0,100419.0
104826.0,122772.0,93506.0
110514.0,75919.0,99863.0
111867.0,140947.0,106037.0
92322.0,135580.0,100443.0
110937.0,147564.0,99796.0
111002.0,128625.0,
111055.0,134712.0,
111580.0,128793.0,
98454.0,73239.0,
110882.0,128946.0,
110530.0,73552.0,
111212.0,129123.0,
110980.0,73643.0,
110442.0,116680.0,
111342.0,128903.0,
73696.0,74320.0,
110616.0,73249.0,
111492.0,129013.0,
85899.0,74788.0,
110859.0,140858.0,
85948.0,73848.0,
111062.0,221386.0,
111346.0,123316.0,
97645.0,74123.0,
111088.0,154764.0,
110615.0,141402.0,
111378.0,110526.0,
111076.0,128437.0,
111489.0,116590.0,
111199.0,73423.0,
110482.0,73064.0,
79644.0,117322.0,
110902.0,154034.0,
111150.0,134834.0,
110798.0,129528.0,
110834.0,73342.0,
111414.0,73281.0,
111102.0,74728.0,
111571.0,76948.0,
67102.0,129013.0,
111184.0,73214.0,
110797.0,74551.0,
110516.0,73280.0,
111690.0,135174.0,
110352.0,146735.0,
110475.0,147435.0,
111524.0,135006.0,
111687.0,153145.0,
111226.0,74227.0,
112050.0,73185.0,
111399.0,73811.0,
110724.0,220982.0,
86242.0,122393.0,
73496.0,73280.0,
110912.0,74155.0,
111110.0,140853.0,
110360.0,73289.0,
111117.0,148137.0,
111079.0,129174.0,
79666.0,134836.0,
111545.0,147331.0,
110678.0,135072.0,
67437.0,147400.0,
79788.0,148129.0,
110808.0,73370.0,
110902.0,140814.0,
97747.0,109702.0,
111461.0,122896.0,
111147.0,73309.0,
105223.0,104963.0,
98069.0,76261.0,
111123.0,153676.0,
92646.0,74879.0,
111256.0,73244.0,
111347.0,148339.0,
111301.0,73165.0,
111139.0,73587.0,
73690.0,122530.0,
110792.0,123222.0,
110607.0,122222.0,
110742.0,73879.0,
111230.0,73410.0,
110851.0,122644.0,
92289.0,73676.0,
30487.0,75515.0,
111589.0,73726.0,
111992.0,122218.0,
111014.0,73853.0,
80022.0,74333.0,
93063.0,220998.0,
10825.0,153812.0,
99035.0,118493.0,
111530.0,73225.0,
60986.0,76395.0,
111343.0,73322.0,
110336.0,128704.0,
74029.0,74790.0,
111652.0,74427.0,
85928.0,128741.0,
111261.0,129085.0,
110667.0,128865.0,
110543.0,73437.0,
111601.0,123036.0,
111820.0,73747.0,
111297.0,116877.0,
79602.0,153336.0,
110983.0,74804.0,
110926.0,73699.0,
110608.0,73175.0,
73614.0,73374.0,
127742.0,134677.0,
136037.0,73091.0,
208847.0,73450.0,
134615.0,141017.0,
118525.0,73072.0,
90690.0,153655.0,
110890.0,73075.0,
153909.0,135151.0,
91682.0,116429.0,
148897.0,122963.0,
128174.0,86567.0,
91659.0,73835.0,
98210.0,73333.0,
122162.0,85947.0,
91856.0,73150.0,
112245.0,89434.0,
142216.0,72972.0,
99064.0,73193.0,
90961.0,85584.0,
136341.0,220418.0,
93512.0,85899.0,
143598.0,73686.0,
93435.0,85456.0,
112087.0,85577.0,
147223.0,86034.0,
110110.0,85202.0,
121865.0,73672.0,
141554.0,85571.0,
115839.0,85339.0,
104580.0,73367.0,
97235.0,87662.0,
103078.0,86460.0,
202024.0,87718.0,
143326.0,85578.0,
103887.0,73378.0,
134399.0,73324.0,
92422.0,74913.0,
140473.0,74988.0,
133726.0,89074.0,
103651.0,88739.0,
135248.0,73239.0,
134879.0,88660.0,
148547.0,73907.0,
108995.0,74917.0,
115822.0,73807.0,
102574.0,73518.0,
92206.0,220380.0,
108732.0,74961.0,
142250.0,74771.0,
112636.0,74796.0,
110879.0,74690.0,
111625.0,74559.0,
98690.0,87271.0,
103400.0,85537.0,
129749.0,90175.0,
104062.0,73048.0,
134970.0,89112.0,
115868.0,85062.0,
103693.0,73811.0,
110048.0,86954.0,
135441.0,73514.0,
147956.0,88545.0,
110734.0,87572.0,
140766.0,73662.0,
129357.0,74421.0,
203693.0,86780.0,
110133.0,85467.0,
122360.0,74798.0,
135195.0,73379.0,
141084.0,88733.0,
111408.0,73437.0,
92377.0,86955.0,
122945.0,74740.0,
123262.0,75221.0,
142591.0,165332.0,
96872.0,74862.0,
98749.0,74854.0,
104476.0,74243.0,
109771.0,85395.0,
110945.0,74501.0,
134361.0,88653.0,
145953.0,73778.0,
142008.0,74515.0,
142355.0,86813.0,
97119.0,91520.0,
97148.0,73120.0,
109398.0,85626.0,
129907.0,86620.0,
93616.0,85216.0,
172359.0,76383.0,
140387.0,241611.0,
165521.0,11739.0,
109639.0,73297.0,
154021.0,73527.0,
203588.0,85645.0,
103848.0,74821.0,
104665.0,85211.0,
105530.0,86719.0,
130348.0,74788.0,
141701.0,85931.0,
140560.0,73139.0,
4569.0,90366.0,
172183.0,88626.0,
117136.0,86403.0,
127962.0,89921.0,
140669.0,85731.0,
142316.0,74993.0,
117220.0,87925.0,
122314.0,86250.0,
107057.0,73913.0,
97972.0,85878.0,
137455.0,86998.0,
148479.0,76514.0,
122395.0,73321.0,
91840.0,73139.0,
129373.0,88014.0,
136578.0,73325.0,
111081.0,85473.0,
110977.0,75309.0,
110466.0,85518.0,
128265.0,89523.0,
123197.0,87141.0,
134791.0,73094.0,
99894.0,88241.0,
4685.0,72941.0,
135124.0,74055.0,
141414.0,73485.0,
135410.0,73628.0,
130064.0,73204.0,
141226.0,85689.0,
110426.0,72962.0,
173009.0,74693.0,
152921.0,74452.0,
148021.0,74519.0,
117227.0,75188.0,
137313.0,89001.0,
111128.0,75603.0,
111046.0,73455.0,
122752.0,74120.0,
147095.0,74816.0,
115568.0,73679.0,
140457.0,73381.0,
111062.0,85826.0,
111019.0,85772.0,
109779.0,73253.0,
93166.0,73663.0,
129870.0,85330.0,
109342.0,74111.0,
148640.0,85567.0,
104826.0,73601.0,
110946.0,85861.0,
140380.0,73378.0,
135193.0,73004.0,
135385.0,85921.0,
96265.0,75911.0,
178164.0,73508.0,
103259.0,73550.0,
129046.0,85505.0,
121667.0,73913.0,
135847.0,75382.0,
160005.0,88779.0,
123432.0,85565.0,
104503.0,74546.0,
89788.0,73557.0,
121711.0,75473.0,
99515.0,73351.0,
121514.0,86088.0,
105224.0,87195.0,
141716.0,88860.0,
152513.0,85314.0,
178638.0,74977.0,
159438.0,73365.0,
115164.0,84971.0,
129825.0,73301.0,
109357.0,73511.0,
93035.0,73584.0,
140896.0,73194.0,
184895.0,73224.0,
111075.0,73308.0,
123196.0,85792.0,
11667.0,90202.0,
15527.0,73136.0,
90313.0,73979.0,
235304.0,88874.0,
98565.0,73991.0,
130766.0,88070.0,
93177.0,141328.0,
92019.0,86672.0,
94699.0,73747.0,
115166.0,88857.0,
93762.0,221159.0,
132561.0,85169.0,
141013.0,85055.0,
116794.0,73271.0,
90283.0,220415.0,
128631.0,73657.0,
112499.0,153640.0,
136413.0,74781.0,
160081.0,73077.0,
134409.0,74103.0,
111648.0,73905.0,
122280.0,73643.0,
135188.0,88720.0,
102824.0,74734.0,
117957.0,85863.0,
153189.0,76622.0,
146236.0,86602.0,
203177.0,87657.0,
123138.0,85352.0,
137229.0,73723.0,
109346.0,77890.0,
109700.0,86317.0,
124305.0,86801.0,
,85451.0,
,75631.0,
,87481.0,
,73690.0,
,78480.0,
,85670.0,
,74863.0,
,74895.0,
,73108.0,
,73509.0,
,74935.0,
,11399.0,
,74722.0,
,73102.0,
,86170.0,
,73210.0,
,73338.0,
,87049.0,
,87095.0,
,74475.0,
,76148.0,
,73340.0,
,85220.0,
,73380.0,
,73283.0,
,86003.0,
,85462.0,
,85298.0,
,72834.0,
,87237.0,
,85695.0,
,85538.0,
,72562.0,
,97332.0,
,73239.0,
,86258.0,
,86885.0,
,140261.0,
,72655.0,
,165535.0,
,72537.0,
,213776.0,
,110154.0,
,103727.0,
,156830.0,
,85736.0,
,161038.0,
,78728.0,
,220938.0,
,84891.0,
,72842.0,
,85270.0,
,72896.0,
,85610.0,
,85814.0,
,73588.0,
,72228.0,
,86050.0,
,85534.0,
,222016.0,
,86996.0,
,160890.0,
,85481.0,
,86908.0,
,220370.0,
,85441.0,
,86187.0,
,207462.0,
,128005.0,
,97509.0,
,73103.0,
,72955.0,
,147744.0,
,87187.0,
,184145.0,
,86346.0,
,73531.0,
,86896.0,
,110518.0,
,85836.0,
,161821.0,
,178059.0,
,73468.0,
,214794.0,
,73458.0,
,85590.0,
,159714.0,
,72877.0,
,154090.0,
,213745.0,
,99647.0,
,72726.0,
,210911.0,
,72536.0,
,174214.0,
,73447.0,
,85724.0,
,73362.0,
,166356.0,
,73697.0,
,85469.0,
,215366.0,
,160444.0,
,72592.0,
,73168.0,
,85851.0,
,160014.0,
,73278.0,
,85125.0,
,85621.0,
,73283.0,
,86285.0,
,85804.0,
,135913.0,
,85858.0,
,85628.0,
,79400.0,
,72820.0,
,85550.0,
,103249.0,
,73078.0,
,79071.0,
,3684.0,
,85814.0,
,165017.0,
,172922.0,
,85939.0,
,85831.0,
,85564.0,
,85725.0,
,180232.0,
,160548.0,
,141954.0,
,72843.0,
,72906.0,
,173649.0,
,85906.0,
,73199.0,
,160205.0,
,159434.0,
,85498.0,
,85760.0,
,72820.0,
,3684.0,
,191889.0,
,197206.0,
,85771.0,
,122831.0,
,214998.0,
,103694.0,
,220823.0,
,214291.0,
,161573.0,
,85555.0,
,103854.0,
,167663.0,
,103692.0,
,72391.0,
,85520.0,
,78867.0,
,72624.0,
,86581.0,
,222510.0,
,160457.0,
,140457.0,
,185308.0,
,159782.0,
,72801.0,
,166152.0,
,73139.0,
,160007.0,
,85513.0,
,140716.0,
,72370.0,
,78253.0,
,187720.0,
,159383.0,
,73227.0,
,85174.0,
,214043.0,
,85507.0,
,72879.0,
,78764.0,
,91356.0,
,86096.0,
,73176.0,
,72910.0,
,220149.0,
,78427.0,
,165103.0,
,73561.0,
,167944.0,
,86086.0,
,72578.0,
,97086.0,
,216043.0,
,85785.0,
,220724.0,
,165138.0,
,78808.0,
,160342.0,
,86179.0,
,87225.0,
,85651.0,
,85096.0,
,73629.0,
,152563.0,
,72976.0,
,221996.0,
,72914.0,
,98635.0,
,73471.0,
,159549.0,
,87418.0,
,160359.0,
,85326.0,
,72870.0,
,85429.0,
,86794.0,
,86272.0,
,85634.0,
,85678.0,
,73099.0,
,73031.0,
,79017.0,
,214357.0,
,85133.0,
,84996.0,
,85598.0,
,162324.0,
,144178.0,
,115258.0,
,215439.0,
,72943.0,
,98213.0,
,72591.0,
,85716.0,
,160451.0,
,153207.0,
,73263.0,
,133896.0,
,166488.0,
,89456.0,
,97269.0,
,220020.0,
,161139.0,
,85772.0,
,215320.0,
,177466.0,
,72879.0,
,161519.0,
,73077.0,
,85234.0,
,85449.0,
,153912.0,
,78575.0,
,86671.0,
,72884.0,
,72824.0,
,72291.0,
,86935.0,
,85450.0,
,86784.0,
,218374.0,
,78886.0,
,72660.0,
,72598.0,
,85517.0,
,159851.0,
,184309.0,
,85590.0,
,78716.0,
,73886.0,
,79127.0,
,72877.0,
,73424.0,
,85498.0,
,72547.0,
,87493.0,
,165468.0,
,110835.0,
,85185.0,
,159707.0,
,213965.0,
,85476.0,
,85498.0,
,73465.0,
,158319.0,
,67184.0,
,110790.0,
,85728.0,
,73162.0,
,72865.0,
,86963.0,
,72877.0,
,73217.0,
,85233.0,
,73939.0,
,153398.0,
,155731.0,
,172724.0,
,91217.0,
,220940.0,
,87052.0,
,109158.0,
,72644.0,
,85162.0,
,158438.0,
,72551.0,
,159999.0,
,85471.0,
,85413.0,
,85695.0,
,214881.0,
,73375.0,
,147353.0,
,103584.0,
,78291.0,
,87370.0,
,73291.0,
,220203.0,
,87420.0,
,78256.0,
,87644.0,
,176955.0,
,85122.0,
,72266.0,
,86348.0,
,85873.0,
,186682.0,
,72147.0,
,84612.0,
,159597.0,
,72877.0,
,128301.0,
,72582.0,
,192113.0,
,86905.0,
,73420.0,
,191381.0,
,214169.0,
,103762.0,
,213976.0,
,72779.0,
,142142.0,
,159434.0,
,179255.0,
,73317.0,
,154087.0,
,85912.0,
,168143.0,
,73425.0,
,171239.0,
,85564.0,
,72448.0,
,73537.0,
,86671.0,
,73839.0,
,85546.0,
,87097.0,
,86566.0,
,218205.0,
,72288.0,
,85920.0,
,85925.0,
,78983.0,
,215130.0,
,129750.0,
,73368.0,
,215739.0,
,72713.0,
,85437.0,
,72837.0,
,86379.0,
,216757.0,
,73570.0,
,191170.0,
,171658.0,
,159345.0,
,85455.0,
,154549.0,
,133939.0,
,87190.0,
,72146.0,
,85544.0,
,72521.0,
,85333.0,
,72242.0,
,72817.0,
,84459.0,
,85177.0,
,73561.0,
,85959.0,
,191031.0,
,72814.0,
,72567.0,
,165696.0,
,72575.0,
,72631.0,
,91015.0,
,184930.0,
,220212.0,
,106435.0,
,86966.0,
,110259.0,
,73192.0,
,85747.0,
,86960.0,
,78776.0,
,109569.0,
,71987.0,
,174167.0,
,109581.0,
,73294.0,
,160497.0,
,142933.0,
,72917.0,
,73487.0,
,85555.0,
,97219.0,
,72272.0,
,87622.0,
,91165.0,
,185660.0,
,73719.0,
,85775.0,
,86921.0,
,72800.0,
,178233.0,
,136644.0,
,87597.0,
,214281.0,
,85759.0,
,78989.0,
,86001.0,
,72903.0,
,87167.0,
,78647.0,
,85567.0,
,177450.0,
,121325.0,
,219566.0,
,151945.0,
,213091.0,
,108777.0,
,115121.0,
,115497.0,
,220304.0,
,208046.0,
,213439.0,
,213347.0,
,86152.0,
,158425.0,
,207860.0,
,220716.0,
,210041.0,
,219767.0,
,139551.0,
,158705.0,
,133452.0,
,140194.0,
,128817.0,
,221753.0,
,121587.0,
,183195.0,
,73527.0,
,215046.0,
,133603.0,
,139790.0,
,73172.0,
,127210.0,
,220180.0,
,210711.0,
,213685.0,
,90901.0,
,219838.0,
,133391.0,
,90344.0,
,90023.0,
,139506.0,
,114729.0,
,133833.0,
,221826.0,
,72964.0,
,215562.0,
,133534.0,
,219629.0,
,219758.0,
,222530.0,
,208193.0,
,158743.0,
,207355.0,
,102854.0,
,215109.0,
,73657.0,
,219489.0,
,139747.0,
,210976.0,
,219965.0,
,213896.0,
,102831.0,
,183490.0,
,208092.0,
,207300.0,
,213809.0,
,176760.0,
,126843.0,
,213218.0,
,73293.0,
,219475.0,
,213548.0,
,220142.0,
,73409.0,
,72519.0,
,213958.0,
,73022.0,
,115376.0,
,73624.0,
,210266.0,
,221839.0,
,77808.0,
,190031.0,
,83939.0,
,160045.0,
,127766.0,
,165934.0,
,127491.0,
,214285.0,
,207663.0,
,190964.0,
,207594.0,
,219580.0,
,214111.0,
,102885.0,
,139925.0,
,221422.0,
,170478.0,
,219774.0,
,133473.0,
,90648.0,
,220389.0,
,220025.0,
,210507.0,
,103518.0,
,212038.0,
,213757.0,
,139991.0,
,215301.0,
,127284.0,
,127318.0,
,221685.0,
,207856.0,
,211150.0,
,72723.0,
,158333.0,
,220540.0,
,213818.0,
,73246.0,
,121652.0,
,108687.0,
,115278.0,
,171231.0,
,212741.0,
,133140.0,
,208454.0,
,207396.0,
,219798.0,
,114737.0,
,213600.0,
,220491.0,
,139274.0,
,214451.0,
,211695.0,
,183758.0,
,211030.0,
,222540.0,
,214931.0,
,182814.0,
,213847.0,
,73095.0,
,127282.0,
,208664.0,
,114858.0,
,121278.0,
,152252.0,
,121478.0,
,109316.0,
,207361.0,
,114903.0,
,109386.0,
,146087.0,
,146245.0,
,139914.0,
,213783.0,
,207832.0,
,215021.0,
,73215.0,
,209623.0,
,212009.0,
,213355.0,
,213056.0,
,90789.0,
,213746.0,
,182919.0,
,121514.0,
,214085.0,
,73077.0,
,213526.0,
,115540.0,
,127329.0,
,109207.0,
,207716.0,
,189051.0,
,121701.0,
,210920.0,
,109143.0,
,214175.0,
,219774.0,
,189050.0,
,73135.0,
,73037.0,
,220241.0,
,73238.0,
,219581.0,
,209442.0,
,102794.0,
,207290.0,
,209144.0,
,73100.0,
,219828.0,
,210753.0,
,103009.0,
,109034.0,
,164327.0,
,152319.0,
,109564.0,
,109234.0,
,109026.0,
,73295.0,
,85690.0,
,73162.0,
,73461.0,
,74552.0,
,85386.0,
,73605.0,
,85501.0,
,73037.0,
,73122.0,
,184473.0,
,85449.0,
,85617.0,
,85486.0,
,73586.0,
,220461.0,
,85366.0,
,85152.0,
,86608.0,
,73527.0,
,85370.0,
,85126.0,
,72976.0,
,196286.0,
,220453.0,
,73494.0,
,85188.0,
,73019.0,
,85018.0,
,85225.0,
,220878.0,
,85602.0,
,202747.0,
,87233.0,
,85278.0,
,85372.0,
,85965.0,
,159658.0,
,202103.0,
,85518.0,
,73303.0,
,85232.0,
,73162.0,
,85160.0,
,73009.0,
,85290.0,
,208476.0,
,73610.0,
,73747.0,
,73391.0,
,73200.0,
,86588.0,
,73719.0,
,84923.0,
,73269.0,
,85746.0,
,73487.0,
,85638.0,
,85617.0,
,74529.0,
,73138.0,
,85338.0,
,221859.0,
,73287.0,
,85344.0,
,73471.0,
,85030.0,
,221502.0,
,85910.0,
,73642.0,
,73385.0,
,190222.0,
,73416.0,
,73526.0,
,73170.0,
,73674.0,
,85542.0,
,73685.0,
,73455.0,
,73269.0,
,88330.0,
,85586.0,
,85610.0,
,73364.0,
,84956.0,
,72942.0,
,73342.0,
,203253.0,
,73201.0,
,190350.0,
,73064.0,
,209487.0,
,73014.0,
,86778.0,
,73340.0,
,85506.0,
,73662.0,
,220688.0,
,86770.0,
,85313.0,
,74816.0,
,85784.0,
,73070.0,
,73175.0,
,73100.0,
,85310.0,
,85204.0,
,73435.0,
,84902.0,
,72947.0,
,85783.0,
,85286.0,
,85257.0,
,209421.0,
,73532.0,
,85893.0,
,85492.0,
,73192.0,
,85520.0,
,85161.0,
,73552.0,
,85456.0,
,73217.0,
,85465.0,
,86604.0,
,203326.0,
,85227.0,
,73347.0,
,85408.0,
,73069.0,
,172418.0,
,85370.0,
,85842.0,
,85845.0,
,73334.0,
,214472.0,
,85248.0,
,73056.0,
,85162.0,
,85326.0,
,85396.0,
,73068.0,
,73260.0,
,203329.0,
,85140.0,
,73226.0,
,85887.0,
,73336.0,
,85112.0,
,86820.0,
,85282.0,
,85687.0,
,73149.0,
,73563.0,
,85468.0,
,73599.0,
,85596.0,
,85657.0,
,85572.0,
,73118.0,
,73272.0,
,85191.0,
,73039.0,
,73506.0,
,73084.0,
,85582.0,
,73240.0,
,85295.0,
,85594.0,
,85294.0,
,73198.0,
,73127.0,
,196185.0,
,73585.0,
,72570.0,
,85746.0,
,85474.0,
,73504.0,
,85089.0,
,190122.0,
,202997.0,
,184490.0,
,214624.0,
,85217.0,
,85180.0,
,73350.0,
,73074.0,
,86474.0,
,85098.0,
,85235.0,
,73625.0,
,220949.0,
,73399.0,
,73140.0,
,73351.0,
,73912.0,
,73311.0,
,85473.0,
,220830.0,
,85579.0,
,73236.0,
,87382.0,
,713.0,
,4602.0,
,85196.0,
,73025.0,
,73049.0,
,85348.0,
,85542.0,
,72825.0,
,85593.0,
,73239.0,
,73295.0,
,85293.0,
,73348.0,
,73347.0,
,85546.0,
,85216.0,
,73064.0,
,85305.0,
,72983.0,
,73579.0,
,183837.0,
,73443.0,
,85454.0,
,73040.0,
,73863.0,
,73232.0,
,86498.0,
,85870.0,
,166314.0,
,179259.0,
,109876.0,
,89522.0,
,208320.0,
,185326.0,
,118991.0,
,147532.0,
,210500.0,
,153395.0,
,85995.0,
,87184.0,
,713.0,
,105461.0,
,117799.0,
,73213.0,
,183781.0,
,158897.0,
,99356.0,
,86016.0,
,86446.0,
,128412.0,
,73581.0,
,122376.0,
,207820.0,
,118346.0,
,159842.0,
,141802.0,
,124370.0,
,166205.0,
,208659.0,
,153133.0,
,86650.0,
,166037.0,
,88348.0,
,152847.0,
,166938.0,
,125838.0,
,73083.0,
,208351.0,
,107136.0,
,177707.0,
,220441.0,
,85723.0,
,121174.0,
,94503.0,
,140582.0,
,177616.0,
,125251.0,
,165450.0,
,142306.0,
,209036.0,
,165413.0,
,88112.0,
,73389.0,
,153827.0,
,177321.0,
,164935.0,
,124434.0,
,90784.0,
,165375.0,
,106524.0,
,87260.0,
,122632.0,
,85669.0,
,165288.0,
,90044.0,
,156354.0,
,86800.0,
,159229.0,
,153183.0,
,123671.0,
,171506.0,
,713.0,
,165582.0,
,11621.0,
,123960.0,
,86188.0,
,153202.0,
,184475.0,
,184073.0,
,183101.0,
,177551.0,
,153828.0,
,140412.0,
,116224.0,
,207955.0,
,73448.0,
,125507.0,
,73292.0,
,153658.0,
,184766.0,
,159179.0,
,87614.0,
,183544.0,
,161263.0,
,118195.0,
,159294.0,
,238782.0,
,713.0,
,11683.0,
,4615.0,
,87236.0,
,73592.0,
,196982.0,
,153394.0,
,221334.0,
,159641.0,
,203217.0,
,153918.0,
,87310.0,
,201687.0,
,153042.0,
,122142.0,
,147642.0,
,119508.0,
,73334.0,
,88474.0,
,73271.0,
,93124.0,
,73272.0,
,89978.0,
,73153.0,
,153242.0,
,72961.0,
,165101.0,
,73453.0,
,159211.0,
,73450.0,
,158885.0,
,87121.0,
,90058.0,
,165294.0,
,177811.0,
,102614.0,
,208712.0,
,141242.0,
,209003.0,
,172042.0,
,159025.0,
,166085.0,
,99587.0,
,152633.0,
,183596.0,
,95950.0,
,153971.0,
,116935.0,
,134666.0,
,184166.0,
,153268.0,
,88728.0,
,126137.0,
,158963.0,
,178166.0,
,73486.0,
,91368.0,
,190681.0,
,113184.0,
,171349.0,
,124479.0,
,73405.0,
,713.0,
,99278.0,
,88231.0,
,159121.0,
,153268.0,
,118752.0,
,93459.0,
,72985.0,
,88725.0,
,125931.0,
,213489.0,
,207940.0,
,73246.0,
,177661.0,
,159551.0,
,73105.0,
,132023.0,
,85927.0,
,85710.0,
,171861.0,
,150498.0,
,104132.0,
,90043.0,
,185465.0,
,137915.0,
,127549.0,
,208210.0,
,209439.0,
,86880.0,
,88730.0,
,195781.0,
,89547.0,
,152946.0,
,86457.0,
,73758.0,
,87646.0,
,88801.0,
,36981.0,
,11481.0,
,681.0,
,73605.0,
,159288.0,
,165427.0,
,202882.0,
,125568.0,
,73090.0,
,165303.0,
,152841.0,
,183685.0,
,165330.0,
,123800.0,
,159258.0,
,153069.0,
,147649.0,
,160156.0,
,30239.0,
,88405.0,
,178942.0,
,87669.0,
,159343.0,
,165438.0,
,165774.0,
,122709.0,
,153078.0,
,119534.0,
,73199.0,
