trojan,vmess,shadowsocks
11045.0,6623.0,12760.0
16484.0,6547.0,7773.0
16539.0,12354.0,12685.0
11077.0,7110.0,7739.0
16310.0,7035.0,7803.0
11153.0,6721.0,12741.0
158792.0,7283.0,7741.0
11200.0,6611.0,12850.0
16314.0,6579.0,12718.0
10873.0,7122.0,7804.0
16502.0,12436.0,12721.0
11082.0,7087.0,7773.0
525431.0,6611.0,7743.0
11269.0,6667.0,12827.0
16333.0,6643.0,7673.0
11099.0,7160.0,13213.0
11045.0,12231.0,12486.0
16345.0,12254.0,7773.0
16912.0,7192.0,12600.0
11033.0,12192.0,7753.0
11087.0,7140.0,12782.0
16280.0,4292.0,7709.0
18041.0,6547.0,12622.0
16313.0,7287.0,7709.0
11072.0,12190.0,526491.0
17707.0,7174.0,7837.0
16342.0,6687.0,12730.0
10977.0,41963.0,7739.0
11129.0,6797.0,12726.0
16146.0,7073.0,7867.0
16187.0,7172.0,12610.0
10937.0,12476.0,7741.0
16355.0,6599.0,7741.0
11045.0,12298.0,12915.0
16508.0,7192.0,12749.0
11163.0,7092.0,7803.0
16174.0,12212.0,12621.0
10959.0,6603.0,7673.0
291906.0,7103.0,12696.0
11045.0,6623.0,7739.0
10957.0,7201.0,12521.0
16451.0,6579.0,7675.0
10981.0,6655.0,12546.0
527277.0,7122.0,7709.0
16132.0,12277.0,12583.0
11045.0,7158.0,7739.0
10937.0,12247.0,7773.0
16256.0,6667.0,12943.0
10991.0,6631.0,12652.0
16310.0,14077.0,7742.0
16538.0,7192.0,12803.0
11158.0,12292.0,7887.0
16174.0,12151.0,12554.0
11141.0,7174.0,7707.0
10959.0,7122.0,12686.0
16258.0,12261.0,7675.0
11129.0,7122.0,12686.0
16310.0,12344.0,7675.0
11185.0,12297.0,12740.0
16303.0,7192.0,7641.0
10914.0,6655.0,12587.0
16277.0,7110.0,7643.0
16474.0,7140.0,12467.0
10799.0,12122.0,7675.0
10981.0,7219.0,12548.0
16378.0,7192.0,7609.0
16504.0,12259.0,14742.0
10962.0,6699.0,12553.0
16260.0,12190.0,7773.0
11190.0,7160.0,12751.0
17750.0,6687.0,7773.0
16333.0,7242.0,12549.0
11099.0,12294.0,7707.0
11129.0,7108.0,7775.0
16926.0,12225.0,12685.0
16043.0,6623.0,7643.0
10927.0,7117.0,13333.0
11045.0,7122.0,7837.0
16400.0,12213.0,12561.0
16256.0,6612.0,14924.0
10991.0,7103.0,12565.0
526903.0,7160.0,7789.0
11129.0,12354.0,12881.0
16225.0,12217.0,7837.0
10905.0,6982.0,12568.0
11141.0,6579.0,7579.0
380684.0,7204.0,12688.0
16527.0,12327.0,7741.0
11161.0,6743.0,12734.0
16418.0,6611.0,7741.0
11077.0,6547.0,7807.0
10974.0,6611.0,12508.0
534858.0,7260.0,12491.0
16132.0,6539.0,7819.0
11168.0,6579.0,7607.0
534996.0,6611.0,12786.0
11060.0,12272.0,12641.0
11097.0,7092.0,7675.0
16384.0,6611.0,12551.0
16295.0,6611.0,7657.0
11222.0,6580.0,12652.0
16224.0,12227.0,7808.0
10981.0,7160.0,12797.0
10927.0,12259.0,7673.0
16428.0,7126.0,12789.0
11109.0,6611.0,7805.0
16238.0,6667.0,12626.0
16140.0,7122.0,7805.0
11072.0,12168.0,12623.0
525409.0,12651.0,7740.0
10893.0,7108.0,12850.0
16449.0,12352.0,7643.0
11158.0,7140.0,7741.0
225682.0,6655.0,12467.0
10949.0,7103.0,12794.0
16474.0,6667.0,7675.0
10927.0,12219.0,12555.0
11163.0,7122.0,7757.0
16370.0,12154.0,12717.0
16420.0,7092.0,7773.0
10991.0,6631.0,12859.0
16163.0,6611.0,7739.0
11013.0,6611.0,12651.0
11045.0,7108.0,7837.0
16116.0,12190.0,12589.0
16454.0,105751.0,7675.0
10895.0,6623.0,12558.0
11254.0,12244.0,7577.0
16234.0,7092.0,12696.0
16496.0,7169.0,7739.0
11237.0,6635.0,12492.0
11200.0,12111.0,7739.0
16354.0,7122.0,554925.0
256641.0,6643.0,7771.0
11121.0,6515.0,12651.0
18050.0,7242.0,7755.0
16511.0,12272.0,12564.0
11104.0,6995.0,7739.0
16280.0,7172.0,12619.0
10949.0,6611.0,7741.0
223572.0,7040.0,14489.0
10964.0,12368.0,12621.0
16342.0,6579.0,7641.0
11072.0,7140.0,12587.0
525487.0,12494.0,7743.0
11043.0,7110.0,7595.0
16354.0,12245.0,12937.0
11050.0,7122.0,12624.0
16288.0,12377.0,7807.0
11104.0,7149.0,12555.0
104172.0,7117.0,7679.0
11099.0,6579.0,12535.0
17954.0,6687.0,7643.0
16216.0,12308.0,12535.0
11035.0,7142.0,7641.0
16224.0,12150.0,12566.0
11067.0,7160.0,7741.0
11082.0,7103.0,12642.0
16300.0,12417.0,7815.0
534887.0,7076.0,12740.0
11112.0,7117.0,7805.0
17878.0,7087.0,12612.0
16418.0,13019.0,7837.0
11013.0,7204.0,12587.0
11146.0,6611.0,7739.0
16324.0,12298.0,12442.0
527455.0,7092.0,7543.0
11195.0,6591.0,7807.0
11217.0,6962.0,12853.0
16246.0,12550.0,12573.0
11109.0,6679.0,7611.0
16290.0,7140.0,12634.0
16278.0,12286.0,7741.0
11141.0,6571.0,12654.0
666205.0,6611.0,7739.0
10949.0,13815.0,14598.0
11173.0,6971.0,12632.0
16288.0,12255.0,7643.0
534529.0,6958.0,7739.0
11072.0,7122.0,12929.0
16478.0,12249.0,7579.0
11158.0,7122.0,12756.0
16550.0,12204.0,12751.0
11313.0,12291.0,7755.0
10959.0,7058.0,12698.0
16269.0,4439.0,7739.0
16389.0,6655.0,12831.0
10969.0,7122.0,7577.0
11183.0,12297.0,12666.0
16513.0,6655.0,7757.0
11173.0,12116.0,12609.0
16038.0,7122.0,7675.0
532781.0,7122.0,7719.0
11060.0,12336.0,271418.0
16514.0,6623.0,7643.0
11124.0,7094.0,12719.0
11045.0,12200.0,12512.0
525634.0,12313.0,7641.0
11030.0,7064.0,14652.0
534880.0,6611.0,12815.0
258461.0,6667.0,7675.0
16518.0,7122.0,12544.0
11050.0,12171.0,7739.0
11003.0,7072.0,7675.0
16342.0,6643.0,12838.0
16388.0,566674.0,12458.0
11212.0,6643.0,7577.0
16265.0,6667.0,7707.0
11185.0,7076.0,263955.0
16387.0,12162.0,7857.0
10927.0,7087.0,12587.0
11013.0,7274.0,12728.0
525494.0,12093.0,7821.0
149656.0,6590.0,14625.0
10927.0,6611.0,12871.0
526036.0,12231.0,7867.0
11161.0,7108.0,12656.0
16486.0,6611.0,7641.0
11011.0,7035.0,12706.0
16418.0,6689.0,7803.0
11163.0,6659.0,12608.0
533849.0,6667.0,7739.0
11134.0,12210.0,12642.0
16259.0,7122.0,7805.0
11163.0,7117.0,7829.0
16161.0,6623.0,12653.0
10981.0,7128.0,12730.0
16266.0,12251.0,7709.0
11166.0,12072.0,12719.0
128858.0,7242.0,7741.0
10991.0,6567.0,12547.0
16454.0,12190.0,7741.0
11281.0,7058.0,12730.0
16344.0,7122.0,7741.0
10873.0,12480.0,12554.0
16077.0,40463.0,7742.0
10895.0,6643.0,12696.0
10926.0,7040.0,7755.0
16373.0,12372.0,12919.0
16428.0,6994.0,7739.0
11087.0,12459.0,12520.0
10991.0,6623.0,7679.0
16330.0,6623.0,12537.0
11013.0,7108.0,7611.0
16440.0,12030.0,12503.0
16182.0,6623.0,7773.0
10937.0,12399.0,12567.0
16432.0,7178.0,7741.0
11301.0,7174.0,14699.0
266097.0,12277.0,12472.0
11114.0,7122.0,7645.0
16204.0,12093.0,12597.0
11222.0,12147.0,7577.0
533575.0,7108.0,12608.0
11308.0,6623.0,7643.0
16406.0,7190.0,12502.0
11035.0,12510.0,7577.0
11205.0,7174.0,12633.0
16320.0,12372.0,7677.0
11097.0,12207.0,14754.0
16141.0,7174.0,12674.0
11308.0,6611.0,7739.0
104602.0,6559.0,12651.0
661945.0,6952.0,7707.0
10905.0,6982.0,12521.0
11072.0,12182.0,7479.0
267136.0,6635.0,12598.0
16378.0,6547.0,7741.0
10873.0,7174.0,7771.0
16225.0,12277.0,12641.0
11163.0,7155.0,7739.0
526224.0,6611.0,12732.0
11109.0,7192.0,12765.0
16141.0,12338.0,7773.0
11099.0,7085.0,14848.0
17661.0,7078.0,12555.0
527553.0,12232.0,7741.0
10981.0,7108.0,12925.0
16314.0,12245.0,7773.0
11087.0,12254.0,7953.0
16229.0,7122.0,12889.0
10964.0,6507.0,12815.0
10937.0,6667.0,7741.0
16364.0,12307.0,12685.0
294247.0,6994.0,7741.0
11102.0,22836.0,12727.0
11185.0,6862.0,7741.0
16342.0,7121.0,7705.0
11109.0,12327.0,12913.0
16256.0,7192.0,12790.0
16322.0,12145.0,7690.0
11045.0,6579.0,12774.0
16236.0,7140.0,7803.0
11320.0,12385.0,12707.0
11217.0,6643.0,7755.0
16508.0,7140.0,12466.0
16185.0,7174.0,7739.0
11306.0,12290.0,12701.0
10989.0,7192.0,7739.0
527117.0,12126.0,12749.0
11023.0,7108.0,7755.0
16278.0,12158.0,12706.0
526644.0,7160.0,7641.0
11045.0,12281.0,12662.0
16420.0,7174.0,7675.0
11077.0,12247.0,12561.0
191965.0,717.0,7739.0
11131.0,7122.0,12792.0
16141.0,12227.0,7739.0
11013.0,12302.0,12773.0
16317.0,7108.0,7773.0
11045.0,6579.0,12806.0
16386.0,6667.0,7577.0
11247.0,7124.0,12781.0
534074.0,7103.0,7675.0
11146.0,6643.0,12717.0
16570.0,6623.0,7675.0
11217.0,6611.0,12505.0
16087.0,6579.0,7773.0
11060.0,31556.0,12563.0
16313.0,6623.0,7641.0
11144.0,6655.0,12784.0
11109.0,40419.0,7678.0
16310.0,6623.0,12457.0
10959.0,6655.0,7675.0
526925.0,6611.0,12728.0
11050.0,12190.0,7773.0
106465.0,7210.0,12836.0
11055.0,6655.0,7739.0
15954.0,514476.0,12599.0
11013.0,6655.0,7641.0
16192.0,7256.0,12764.0
10927.0,12600.0,7855.0
16256.0,6721.0,12761.0
18116.0,7174.0,7755.0
16342.0,12272.0,12673.0
10981.0,12260.0,7805.0
16287.0,7223.0,12489.0
11023.0,7090.0,7543.0
16246.0,12537.0,12428.0
11043.0,12274.0,7741.0
18093.0,7123.0,12699.0
16388.0,12300.0,7741.0
11075.0,7078.0,7836.0
534000.0,12309.0,13018.0
11104.0,7000.0,12696.0
16546.0,12179.0,7677.0
10996.0,7174.0,7641.0
11131.0,7172.0,12635.0
16268.0,13092.0,12740.0
11217.0,12232.0,7741.0
16230.0,7090.0,12521.0
11013.0,7224.0,7773.0
16321.0,12260.0,12354.0
11131.0,7108.0,7741.0
16240.0,12160.0,12796.0
16385.0,12260.0,7739.0
11151.0,7160.0,12666.0
11237.0,7122.0,7757.0
16389.0,455845.0,12585.0
15954.0,12342.0,7805.0
11126.0,7058.0,12489.0
16170.0,12267.0,7675.0
11050.0,7154.0,12512.0
526248.0,12267.0,7805.0
10969.0,7192.0,12699.0
16528.0,12296.0,7739.0
11035.0,7092.0,7641.0
10991.0,7092.0,12796.0
16205.0,12718.0,12552.0
16386.0,12171.0,7645.0
10819.0,7122.0,12676.0
533832.0,12304.0,7741.0
11308.0,7092.0,12630.0
16094.0,12228.0,7643.0
11274.0,7121.0,12674.0
15991.0,7804.0,7741.0
11008.0,13114.0,12585.0
16181.0,12165.0,7741.0
11104.0,7124.0,7739.0
526310.0,12451.0,12619.0
10991.0,7254.0,12770.0
17903.0,7110.0,7741.0
11131.0,12195.0,12912.0
16371.0,12167.0,7641.0
16438.0,7122.0,12674.0
10981.0,12223.0,7677.0
16230.0,7092.0,12651.0
11124.0,12306.0,7741.0
530491.0,7174.0,12691.0
11082.0,7224.0,7644.0
534718.0,12263.0,7813.0
11232.0,7154.0,12493.0
16366.0,12159.0,7738.0
11040.0,12368.0,12585.0
16216.0,6981.0,12623.0
11350.0,7160.0,7483.0
10802.0,12392.0,12489.0
15841.0,12359.0,7819.0
10844.0,7510.0,12519.0
136122.0,12099.0,7803.0
16080.0,7110.0,12688.0
10728.0,7174.0,7738.0
16017.0,454112.0,12667.0
10716.0,12226.0,7743.0
15803.0,7154.0,12651.0
10886.0,12229.0,7804.0
15876.0,7192.0,12559.0
10876.0,7174.0,7806.0
10726.0,456251.0,12505.0
15858.0,12271.0,7675.0
16266.0,7142.0,7747.0
11092.0,7032.0,12553.0
15611.0,12268.0,12752.0
10683.0,12369.0,7803.0
16115.0,7174.0,14731.0
10834.0,454656.0,12699.0
15930.0,7076.0,7675.0
10974.0,7210.0,7641.0
16008.0,12286.0,358071.0
10834.0,7206.0,12684.0
10779.0,12264.0,7644.0
15844.0,12287.0,7739.0
16283.0,7174.0,239137.0
10834.0,6958.0,12675.0
15843.0,12332.0,8105.0
10996.0,12283.0,121984.0
15681.0,7124.0,7643.0
10822.0,7158.0,12618.0
17545.0,12101.0,7641.0
15669.0,12214.0,326737.0
10758.0,7122.0,7738.0
15725.0,12346.0,7641.0
10792.0,6962.0,245945.0
15824.0,7206.0,12565.0
10942.0,12446.0,7675.0
10996.0,7121.0,8105.0
15728.0,12447.0,365232.0
17467.0,7174.0,369790.0
10898.0,12178.0,7773.0
426016.0,12342.0,7773.0
15739.0,7108.0,369918.0
10674.0,7092.0,7687.0
15941.0,12251.0,12684.0
10834.0,7172.0,7577.0
10522.0,12169.0,12849.0
16099.0,12219.0,8071.0
16151.0,7128.0,14632.0
11006.0,12064.0,12599.0
426893.0,7206.0,7643.0
10630.0,12538.0,12456.0
133726.0,7122.0,7544.0
10866.0,12401.0,7883.0
16047.0,7192.0,12511.0
10844.0,12128.0,7675.0
15806.0,7090.0,12589.0
10834.0,7206.0,7773.0
10834.0,12374.0,12552.0
141735.0,7192.0,7708.0
10760.0,12287.0,331555.0
16030.0,7128.0,7738.0
15767.0,12115.0,12588.0
10736.0,7174.0,7740.0
11052.0,12442.0,12422.0
104566.0,12282.0,7642.0
15653.0,7206.0,12686.0
10738.0,7174.0,7741.0
10888.0,12160.0,350405.0
15915.0,7174.0,7641.0
15763.0,12188.0,12552.0
10844.0,12228.0,8105.0
11026.0,7174.0,7773.0
52002.0,7158.0,184041.0
10662.0,12160.0,370766.0
15995.0,7122.0,8107.0
15368.0,12392.0,7543.0
162598.0,7154.0,190448.0
15663.0,12132.0,7741.0
10832.0,7058.0,366793.0
10748.0,12356.0,12586.0
10802.0,7206.0,8105.0
15896.0,12489.0,7753.0
104970.0,7218.0,7883.0
10748.0,12449.0,12792.0
10790.0,12223.0,7543.0
16037.0,7172.0,644380.0
15797.0,12555.0,7643.0
10834.0,7058.0,12586.0
15906.0,12020.0,7643.0
10834.0,7124.0,368642.0
17099.0,12292.0,12618.0
15857.0,7140.0,7775.0
10780.0,12251.0,7741.0
10866.0,7242.0,368559.0
15823.0,7206.0,8071.0
16057.0,12382.0,369558.0
10834.0,12424.0,12684.0
15912.0,7160.0,7973.0
10994.0,12172.0,12709.0
10790.0,7206.0,7577.0
15974.0,7210.0,381954.0
15887.0,13540.0,12894.0
10866.0,7174.0,8105.0
15837.0,452027.0,12567.0
10972.0,7076.0,7675.0
433334.0,12160.0,55617.0
10738.0,7186.0,7739.0
16058.0,12314.0,12664.0
10812.0,7192.0,12684.0
15958.0,12369.0,7773.0
10802.0,13811.0,12525.0
16090.0,12167.0,7642.0
11006.0,7256.0,7577.0
15711.0,12291.0,349064.0
10792.0,7126.0,763.0
15832.0,12104.0,7739.0
10812.0,7008.0,43905.0
15785.0,7090.0,7741.0
10886.0,12470.0,520633.0
15887.0,12228.0,7741.0
11250.0,7092.0,369025.0
15878.0,7140.0,12652.0
10888.0,12332.0,7739.0
15843.0,7154.0,7641.0
10748.0,12444.0,371433.0
15756.0,12096.0,7773.0
10972.0,7072.0,363837.0
10672.0,7371.0,12521.0
15688.0,12260.0,7710.0
15736.0,7218.0,12653.0
10758.0,12070.0,7774.0
10942.0,7224.0,12425.0
16335.0,12204.0,7641.0
10918.0,12278.0,12837.0
15708.0,7154.0,8203.0
11028.0,7174.0,12612.0
16077.0,12182.0,8419.0
10620.0,7206.0,12754.0
16157.0,12315.0,7973.0
16013.0,7026.0,7739.0
10738.0,12300.0,364042.0
15951.0,7154.0,352072.0
10802.0,12283.0,12618.0
15780.0,7012.0,8119.0
10790.0,12255.0,12716.0
15743.0,12310.0,7611.0
10758.0,7110.0,369934.0
15830.0,12012.0,7741.0
10704.0,7058.0,316845.0
15735.0,13695.0,8105.0
11016.0,7174.0,7545.0
10994.0,12081.0,14587.0
15823.0,12233.0,7644.0
15893.0,7122.0,12554.0
10736.0,459227.0,12651.0
15949.0,7160.0,8106.0
10792.0,12206.0,7739.0
15831.0,7206.0,366217.0
10932.0,7210.0,12750.0
10824.0,12301.0,7773.0
15943.0,7142.0,12488.0
10920.0,12278.0,7774.0
15755.0,7028.0,7643.0
15672.0,12260.0,367423.0
10821.0,12405.0,12501.0
17077.0,7124.0,7641.0
15598.0,7206.0,12673.0
10910.0,12182.0,7739.0
17538.0,7154.0,12720.0
15915.0,12288.0,7612.0
10972.0,7042.0,12684.0
17503.0,12264.0,7773.0
10876.0,12180.0,12718.0
15972.0,7040.0,7641.0
15815.0,7254.0,7806.0
10696.0,12323.0,12458.0
11028.0,7206.0,7741.0
16821.0,12063.0,12459.0
10822.0,7174.0,7739.0
72129.0,12240.0,12554.0
15876.0,7124.0,8175.0
10748.0,12296.0,14619.0
15776.0,7210.0,12696.0
10908.0,12283.0,7641.0
15810.0,7142.0,8071.0
10952.0,12114.0,361297.0
15863.0,7110.0,12805.0
10932.0,12273.0,8135.0
10972.0,12132.0,7543.0
164046.0,7218.0,278948.0
10918.0,7110.0,60708.0
105690.0,12196.0,7641.0
16007.0,7288.0,7607.0
10686.0,12231.0,360584.0
17310.0,12346.0,7707.0
16985.0,7206.0,355656.0
11046.0,7154.0,7741.0
15580.0,12178.0,366508.0
10556.0,7206.0,7543.0
15890.0,14063.0,311557.0
10984.0,12320.0,12520.0
15832.0,7072.0,7641.0
10760.0,12056.0,12750.0
10844.0,7110.0,8071.0
16115.0,7206.0,354691.0
16013.0,12195.0,7683.0
10920.0,12367.0,14598.0
10908.0,7190.0,7675.0
15862.0,7142.0,355833.0
15576.0,12343.0,8237.0
10878.0,7122.0,365711.0
15900.0,12201.0,8071.0
10866.0,6900.0,178613.0
10930.0,12260.0,12438.0
15930.0,7210.0,7739.0
10758.0,12315.0,7675.0
10728.0,12324.0,366634.0
15263.0,7108.0,12654.0
17143.0,12245.0,7515.0
10952.0,7186.0,7707.0
15774.0,7154.0,370540.0
10748.0,12180.0,520443.0
15832.0,7174.0,7641.0
11959.0,12304.0,238607.0
16050.0,7000.0,60300.0
10737.0,12131.0,7705.0
10886.0,7206.0,49738.0
15795.0,12442.0,8205.0
15985.0,456822.0,352626.0
10800.0,7092.0,350295.0
10726.0,7096.0,7674.0
15866.0,12069.0,12718.0
10748.0,7154.0,7543.0
15889.0,12356.0,510284.0
15844.0,7110.0,7641.0
10952.0,12378.0,12663.0
16134.0,12210.0,8073.0
10856.0,7210.0,12663.0
10920.0,7192.0,8237.0
17016.0,12621.0,7675.0
10926.0,7140.0,364618.0
72398.0,12223.0,12707.0
424827.0,12260.0,8105.0
15931.0,7254.0,482566.0
10886.0,12292.0,7739.0
4453.0,7192.0,7709.0
10920.0,7058.0,370879.0
10856.0,12296.0,12492.0
16027.0,7154.0,8072.0
15801.0,12500.0,12354.0
10802.0,7256.0,7544.0
15991.0,12387.0,12553.0
10780.0,12163.0,7739.0
15857.0,7122.0,12730.0
10694.0,7256.0,7739.0
16068.0,12193.0,7675.0
10792.0,7108.0,366346.0
10974.0,12243.0,12555.0
15766.0,7040.0,7642.0
10990.0,12244.0,12643.0
15800.0,12328.0,7739.0
16013.0,7160.0,12696.0
11006.0,12167.0,7773.0
15822.0,7192.0,12762.0
10770.0,7174.0,7445.0
15733.0,12278.0,12611.0
10718.0,7090.0,7707.0
15933.0,12038.0,12518.0
10964.0,7160.0,7773.0
15599.0,12274.0,7773.0
10770.0,7122.0,12602.0
15888.0,457594.0,12584.0
10738.0,7142.0,7543.0
15705.0,12272.0,12504.0
10738.0,7096.0,7738.0
15563.0,12226.0,12477.0
10716.0,7060.0,8105.0
11026.0,12392.0,365684.0
15637.0,7174.0,7775.0
143709.0,12233.0,116810.0
15838.0,6976.0,7641.0
10662.0,12347.0,14499.0
10728.0,7206.0,12591.0
15949.0,12526.0,7645.0
15912.0,7192.0,369502.0
10780.0,12080.0,8203.0
15686.0,7122.0,518417.0
10706.0,12309.0,8071.0
15780.0,7160.0,12586.0
10940.0,12128.0,8203.0
15737.0,12350.0,12665.0
10770.0,7108.0,7707.0
10706.0,7192.0,12469.0
15831.0,12273.0,7641.0
15785.0,7174.0,12584.0
10694.0,12304.0,7739.0
16088.0,7126.0,7709.0
10856.0,12221.0,367459.0
10908.0,7178.0,7641.0
15837.0,12280.0,366444.0
15960.0,7288.0,7883.0
10748.0,12160.0,13083.0
15659.0,7108.0,7741.0
10696.0,12231.0,12641.0
15738.0,12327.0,7675.0
10982.0,7190.0,12565.0
16003.0,13938.0,7837.0
10758.0,12196.0,12643.0
11451.0,7058.0,7641.0
16059.0,13645.0,12643.0
17190.0,7028.0,7643.0
10554.0,12185.0,12609.0
10812.0,12223.0,7741.0
15609.0,7040.0,12598.0
15812.0,12265.0,7675.0
10834.0,7174.0,370761.0
15937.0,7142.0,14682.0
10855.0,12342.0,12372.0
16170.0,7154.0,7641.0
10942.0,12215.0,7641.0
15844.0,7174.0,368730.0
10800.0,12286.0,12587.0
10770.0,12210.0,7756.0
15937.0,7128.0,149894.0
15856.0,6993.0,7773.0
10694.0,12148.0,12782.0
16112.0,12360.0,7685.0
10674.0,7192.0,7544.0
17593.0,7110.0,7641.0
10770.0,12310.0,365806.0
15696.0,12338.0,370072.0
15823.0,7191.0,7773.0
10886.0,7192.0,12805.0
15815.0,12230.0,8105.0
11028.0,12183.0,12618.0
15685.0,7140.0,7773.0
10866.0,7210.0,643778.0
15673.0,12167.0,12686.0
10834.0,12328.0,8105.0
17271.0,7158.0,12459.0
15953.0,12246.0,7627.0
10834.0,7110.0,12499.0
16010.0,7040.0,7773.0
10964.0,12213.0,13027.0
10706.0,7122.0,8205.0
15814.0,12324.0,7641.0
15745.0,7214.0,364668.0
10886.0,12255.0,7641.0
10962.0,7174.0,364140.0
16361.0,12342.0,7741.0
15953.0,7154.0,385717.0
10814.0,12242.0,310333.0
15877.0,13888.0,7641.0
11108.0,7174.0,12459.0
15931.0,12397.0,7611.0
10964.0,12310.0,12457.0
432791.0,7154.0,7578.0
11038.0,7154.0,367239.0
10896.0,12201.0,7739.0
414694.0,7192.0,8203.0
16112.0,12246.0,277653.0
10834.0,6982.0,12785.0
10920.0,11923.0,7675.0
15770.0,12228.0,7739.0
16035.0,7178.0,318038.0
11006.0,457746.0,12524.0
15950.0,7192.0,7774.0
10642.0,7154.0,7837.0
15724.0,12273.0,363541.0
11058.0,7256.0,333325.0
10918.0,12214.0,7641.0
15772.0,12102.0,12586.0
11090.0,6958.0,8107.0
15754.0,7110.0,12731.0
15865.0,12049.0,8203.0
10630.0,12299.0,14578.0
11058.0,7124.0,7739.0
15656.0,7204.0,357962.0
10886.0,12228.0,12522.0
15952.0,12210.0,7709.0
431916.0,7158.0,8071.0
10918.0,13629.0,367130.0
10982.0,12332.0,12523.0
15851.0,7242.0,7740.0
16104.0,12278.0,12675.0
10792.0,7122.0,8105.0
15832.0,7370.0,7773.0
10920.0,12233.0,233695.0
10812.0,7119.0,12554.0
156352.0,93897.0,7641.0
16161.0,12391.0,12651.0
10652.0,7160.0,7739.0
10748.0,7160.0,12718.0
15911.0,12326.0,7773.0
44830.0,7087.0,12663.0
10834.0,7169.0,7773.0
15894.0,7117.0,12619.0
15723.0,41129.0,7709.0
10770.0,12327.0,7739.0
10972.0,7174.0,333614.0
15695.0,7174.0,44589.0
10588.0,12143.0,7675.0
15789.0,7169.0,378306.0
15949.0,7035.0,14544.0
10844.0,7213.0,14617.0
15880.0,12261.0,12684.0
11006.0,7040.0,7677.0
15637.0,7076.0,331615.0
10888.0,12222.0,7803.0
16126.0,7135.0,12706.0
10834.0,7117.0,7641.0
15866.0,41203.0,12664.0
10824.0,7087.0,7643.0
10908.0,12077.0,23201.0
433195.0,7040.0,45352.0
15867.0,7187.0,4726.0
10866.0,7149.0,4726.0
15809.0,7135.0,1058.0
11004.0,6975.0,4342.0
428535.0,7169.0,492283.0
10704.0,12173.0,8427.0
16027.0,7108.0,12588.0
15788.0,7192.0,7837.0
10696.0,12305.0,7789.0
10841.0,7160.0,12624.0
443979.0,12454.0,7705.0
16172.0,7169.0,12458.0
10895.0,7058.0,7755.0
15760.0,12304.0,12715.0
10656.0,12254.0,12654.0
10947.0,7210.0,7739.0
16077.0,7105.0,12895.0
13289.0,7187.0,7837.0
16342.0,41079.0,7727.0
16108.0,7117.0,12657.0
11055.0,7206.0,12519.0
11141.0,12134.0,7741.0
15815.0,7140.0,12617.0
15774.0,12223.0,7693.0
10849.0,7174.0,12524.0
16151.0,12323.0,7741.0
11028.0,7172.0,12619.0
10809.0,12336.0,7773.0
16000.0,7169.0,12683.0
15885.0,7122.0,7773.0
11067.0,12222.0,12458.0
10851.0,12176.0,7741.0
472304.0,7160.0,12631.0
15926.0,12240.0,7775.0
10935.0,7028.0,12517.0
10691.0,7159.0,7641.0
15955.0,12191.0,12612.0
15729.0,7105.0,7741.0
10969.0,7067.0,7803.0
16229.0,41129.0,12988.0
10777.0,7181.0,12739.0
10893.0,6976.0,7741.0
15784.0,464176.0,12620.0
16171.0,7035.0,7705.0
10819.0,202444.0,12720.0
15754.0,7103.0,7643.0
11344.0,161844.0,7643.0
15665.0,13935.0,12749.0
10603.0,7169.0,12879.0
15713.0,7140.0,7803.0
10851.0,12062.0,12651.0
15945.0,7117.0,7641.0
11055.0,7146.0,12553.0
16127.0,12130.0,7641.0
11021.0,7096.0,7773.0
15835.0,12263.0,12733.0
10991.0,7123.0,12682.0
10871.0,7053.0,7739.0
474783.0,7140.0,12750.0
15887.0,12158.0,7739.0
10959.0,7231.0,12713.0
15971.0,7135.0,7755.0
10907.0,7087.0,7675.0
16125.0,7187.0,12651.0
11033.0,7126.0,12650.0
16086.0,12144.0,7741.0
10969.0,7140.0,12650.0
15966.0,12358.0,7773.0
11023.0,7174.0,12681.0
15931.0,12207.0,7789.0
11023.0,7053.0,7741.0
11001.0,7160.0,12771.0
15977.0,12387.0,7741.0
10935.0,7174.0,12642.0
15936.0,12286.0,12690.0
15956.0,7087.0,7741.0
10797.0,6983.0,12590.0
10733.0,7187.0,7773.0
15944.0,7126.0,12749.0
16013.0,12112.0,7739.0
11117.0,12173.0,12949.0
15772.0,7178.0,7741.0
10905.0,12143.0,12453.0
15990.0,7122.0,7775.0
10767.0,6995.0,12525.0
10850.0,7103.0,7579.0
15793.0,6977.0,12882.0
10969.0,7187.0,7773.0
16112.0,12215.0,12950.0
17449.0,7122.0,7763.0
10905.0,7251.0,12654.0
15993.0,41043.0,7671.0
10895.0,7122.0,12781.0
184776.0,12208.0,7677.0
16302.0,7187.0,12749.0
11099.0,7058.0,7773.0
15970.0,12127.0,12651.0
11023.0,7053.0,7743.0
15936.0,7174.0,12619.0
11001.0,12112.0,7515.0
15978.0,7169.0,12484.0
10753.0,7135.0,7577.0
16022.0,40993.0,7643.0
10765.0,7135.0,12814.0
10907.0,6971.0,12572.0
15892.0,7085.0,7775.0
10915.0,140642.0,12799.0
16031.0,7153.0,7643.0
11031.0,12181.0,12465.0
16269.0,7040.0,7755.0
11023.0,7169.0,12654.0
89327.0,7110.0,7704.0
10991.0,12254.0,12551.0
15951.0,7173.0,7789.0
16067.0,151352.0,7705.0
10882.0,12404.0,12794.0
162964.0,7058.0,12455.0
11021.0,7173.0,7805.0
16043.0,41015.0,7641.0
10947.0,7108.0,12681.0
11107.0,12254.0,12541.0
16296.0,7174.0,7739.0
119376.0,12140.0,12492.0
10935.0,12204.0,7705.0
10847.0,7092.0,7741.0
229299.0,6973.0,13044.0
19986.0,7065.0,7691.0
10809.0,7087.0,12717.0
16181.0,40979.0,14588.0
10971.0,7201.0,7739.0
15936.0,41204.0,12326.0
11055.0,7073.0,7705.0
16177.0,6982.0,12819.0
11057.0,12197.0,12453.0
16019.0,7087.0,7739.0
11053.0,7187.0,7643.0
10915.0,7035.0,12916.0
15697.0,41136.0,12856.0
11107.0,7108.0,7741.0
15837.0,12236.0,13064.0
15849.0,165590.0,7769.0
10883.0,7117.0,12728.0
10999.0,7105.0,7739.0
16812.0,7187.0,12815.0
10967.0,175049.0,7705.0
15795.0,12248.0,7739.0
16067.0,7160.0,12847.0
11021.0,7092.0,7705.0
15927.0,12406.0,12650.0
10903.0,7187.0,12587.0
17153.0,7053.0,7739.0
10915.0,41199.0,7774.0
16590.0,6995.0,13109.0
10829.0,7204.0,12885.0
16075.0,140839.0,7643.0
11021.0,7169.0,12815.0
15964.0,7167.0,7739.0
10935.0,7111.0,7789.0
13476.0,7140.0,12617.0
4765.0,12404.0,7741.0
4745.0,7122.0,12945.0
4777.0,12255.0,7773.0
4797.0,7171.0,12747.0
4721.0,7122.0,12770.0
15946.0,12142.0,7643.0
10883.0,7122.0,12743.0
17658.0,12215.0,7775.0
15815.0,7197.0,7643.0
10905.0,7204.0,12619.0
15841.0,12308.0,12487.0
10979.0,7135.0,7739.0
16098.0,7108.0,12683.0
10979.0,12359.0,7739.0
10935.0,12245.0,12913.0
15883.0,7092.0,7741.0
15989.0,7187.0,12492.0
10817.0,7117.0,7657.0
10733.0,7155.0,12796.0
15995.0,7073.0,7741.0
10744.0,7155.0,12674.0
15736.0,12273.0,7741.0
11245.0,7040.0,12654.0
15861.0,12311.0,7773.0
16194.0,7044.0,12590.0
10949.0,7155.0,7837.0
16076.0,7169.0,12870.0
10873.0,7110.0,7657.0
263180.0,12240.0,7739.0
11023.0,12240.0,12640.0
15906.0,7108.0,7739.0
11055.0,7174.0,12640.0
15828.0,12427.0,12681.0
10731.0,7160.0,7543.0
10807.0,12159.0,12610.0
16327.0,7117.0,7837.0
15936.0,6969.0,7885.0
11013.0,12220.0,13570.0
17506.0,7158.0,12674.0
10915.0,4162.0,7773.0
17025.0,6785.0,12781.0
15806.0,7103.0,7674.0
10657.0,7192.0,12781.0
10935.0,12044.0,7641.0
16032.0,7087.0,12653.0
10828.0,6977.0,7739.0
16008.0,7121.0,12683.0
15959.0,12159.0,7675.0
10883.0,7169.0,12747.0
11033.0,12048.0,7739.0
15828.0,7140.0,12687.0
10969.0,7108.0,7803.0
15991.0,12299.0,12740.0
15900.0,7174.0,7707.0
10969.0,12174.0,12456.0
15878.0,7087.0,7677.0
10981.0,7216.0,12685.0
15936.0,11999.0,7643.0
10743.0,7110.0,12558.0
10969.0,12171.0,7543.0
15854.0,7174.0,7542.0
15829.0,12030.0,12424.0
11055.0,12389.0,12717.0
16204.0,7110.0,7821.0
10883.0,7158.0,12585.0
11107.0,12223.0,7773.0
15849.0,7251.0,7741.0
15817.0,12141.0,12817.0
10711.0,7121.0,12715.0
10969.0,7071.0,7739.0
15914.0,7117.0,7773.0
16067.0,193798.0,12503.0
10957.0,7174.0,12628.0
16159.0,12141.0,7705.0
10905.0,7251.0,7803.0
11075.0,7169.0,12487.0
16194.0,7169.0,7641.0
119498.0,13887.0,12521.0
10883.0,13791.0,12600.0
16175.0,7087.0,7643.0
10969.0,41061.0,12535.0
17406.0,7192.0,7641.0
10733.0,12391.0,12650.0
17349.0,7149.0,7641.0
10935.0,7187.0,7643.0
183098.0,7057.0,12683.0
17675.0,12169.0,7805.0
11107.0,12377.0,12683.0
15853.0,7108.0,12895.0
82236.0,7077.0,7701.0
11021.0,7103.0,12495.0
10883.0,7103.0,7641.0
15779.0,7122.0,12617.0
10881.0,12339.0,7579.0
16025.0,7091.0,7577.0
15668.0,12272.0,12780.0
10755.0,12209.0,7587.0
16044.0,7122.0,12817.0
11023.0,7168.0,12553.0
10957.0,7089.0,7805.0
16054.0,12222.0,7643.0
82325.0,7110.0,12640.0
10978.0,7122.0,12585.0
17199.0,11963.0,7641.0
11053.0,12227.0,12907.0
15633.0,7108.0,7707.0
10873.0,7105.0,7739.0
16153.0,7242.0,13143.0
10797.0,12175.0,12521.0
11193.0,6977.0,7709.0
16981.0,6875.0,12847.0
10755.0,140951.0,7643.0
15860.0,7169.0,7705.0
10979.0,7135.0,12443.0
15878.0,7187.0,7741.0
15872.0,12172.0,12553.0
10883.0,7110.0,12717.0
15881.0,7105.0,7739.0
10969.0,161634.0,12662.0
10831.0,7187.0,7675.0
16086.0,7117.0,7543.0
15787.0,41326.0,12815.0
11023.0,7117.0,12785.0
15800.0,7035.0,7677.0
11021.0,7135.0,12553.0
15926.0,7058.0,7675.0
10935.0,12163.0,12664.0
15939.0,12062.0,7741.0
10819.0,7128.0,12847.0
173978.0,7201.0,7645.0
11107.0,143285.0,7755.0
10659.0,7187.0,12358.0
15860.0,7169.0,7677.0
17493.0,7092.0,12781.0
15844.0,12048.0,7741.0
11097.0,7171.0,12490.0
16102.0,7160.0,12683.0
10947.0,12391.0,7837.0
11255.0,7155.0,7577.0
438803.0,7283.0,12649.0
17555.0,41401.0,12287.0
11058.0,7091.0,7837.0
16076.0,12331.0,12576.0
90919.0,7122.0,7675.0
11033.0,7058.0,12622.0
10883.0,12205.0,7855.0
15737.0,12305.0,7739.0
10991.0,7174.0,12815.0
15699.0,7053.0,12731.0
10753.0,12357.0,7741.0
15828.0,7178.0,12583.0
15846.0,7135.0,7675.0
10723.0,41101.0,12849.0
11067.0,7115.0,7773.0
15891.0,41049.0,12681.0
16021.0,12180.0,7741.0
10883.0,7174.0,12719.0
11263.0,7121.0,7757.0
15847.0,40975.0,14718.0
15838.0,12194.0,12619.0
10851.0,7122.0,7791.0
10883.0,7122.0,7643.0
16095.0,12165.0,12585.0
15913.0,7103.0,12751.0
10935.0,7108.0,7543.0
10969.0,12216.0,12633.0
15831.0,12222.0,7515.0
4757.0,7122.0,7773.0
4738.0,7169.0,12545.0
13387.0,7225.0,12883.0
5020.0,7187.0,7773.0
4733.0,7204.0,7739.0
4777.0,7103.0,12685.0
4777.0,7187.0,7579.0
15869.0,7299.0,12519.0
10989.0,7169.0,12571.0
16041.0,7117.0,7577.0
10763.0,7122.0,7803.0
15976.0,7117.0,12708.0
10903.0,7142.0,7755.0
15551.0,12329.0,12847.0
10519.0,7219.0,12619.0
15862.0,7105.0,7772.0
10883.0,7205.0,7805.0
10861.0,7155.0,12683.0
16000.0,7178.0,12717.0
11119.0,12261.0,7739.0
15773.0,12379.0,7707.0
15862.0,7040.0,12654.0
10935.0,7283.0,12651.0
10925.0,7126.0,7741.0
16054.0,12097.0,12773.0
11712.0,6977.0,7643.0
15894.0,7026.0,12456.0
10819.0,12183.0,7741.0
15809.0,7122.0,12786.0
10841.0,12220.0,7643.0
15786.0,12134.0,7757.0
11085.0,7058.0,12551.0
223740.0,7105.0,12877.0
16095.0,7117.0,7677.0
10937.0,12484.0,12849.0
10819.0,7124.0,7741.0
15965.0,7117.0,12783.0
15946.0,7263.0,7739.0
11055.0,7206.0,12697.0
16041.0,12241.0,7657.0
11117.0,7137.0,12669.0
15949.0,7092.0,8017.0
10777.0,12265.0,12785.0
15859.0,7153.0,7739.0
10967.0,7087.0,12289.0
16109.0,12384.0,7609.0
10989.0,7160.0,7741.0
10883.0,12183.0,12988.0
16045.0,8106.0,14780.0
10969.0,7053.0,12751.0
15709.0,7206.0,7643.0
11393.0,12179.0,12883.0
15713.0,7160.0,7819.0
15915.0,12215.0,7641.0
10679.0,12279.0,12652.0
461681.0,7108.0,12598.0
11285.0,7071.0,7735.0
10905.0,7224.0,12783.0
15892.0,12293.0,7705.0
15613.0,7041.0,12781.0
10853.0,7103.0,7741.0
16010.0,7155.0,12817.0
10807.0,7224.0,7773.0
16044.0,12129.0,12783.0
10967.0,7071.0,7641.0
15828.0,7073.0,12553.0
10915.0,7193.0,7677.0
11057.0,12261.0,7705.0
16184.0,7288.0,12681.0
10957.0,12191.0,12585.0
15719.0,7154.0,7741.0
10883.0,7117.0,7739.0
15920.0,7275.0,12608.0
10883.0,7087.0,12849.0
15879.0,7035.0,7773.0
134336.0,7121.0,12851.0
10787.0,7160.0,7741.0
11083.0,12361.0,12590.0
15981.0,7071.0,7611.0
18007.0,7003.0,12621.0
11103.0,7117.0,7739.0
227579.0,12196.0,12653.0
15794.0,7122.0,7739.0
11021.0,7231.0,7705.0
15933.0,12229.0,12881.0
10883.0,7078.0,12847.0
15751.0,7251.0,7641.0
11107.0,7192.0,12815.0
15978.0,12132.0,7707.0
11065.0,7192.0,866896.0
16003.0,12184.0,867190.0
10775.0,7155.0,868158.0
11131.0,7123.0,868182.0
89217.0,12211.0,867482.0
17804.0,7178.0,866924.0
10883.0,7117.0,868211.0
15958.0,12285.0,868174.0
15906.0,7192.0,866550.0
10871.0,7140.0,866350.0
10809.0,12179.0,866628.0
88249.0,6971.0,867218.0
13080.0,7211.0,869198.0
669057.0,7169.0,867629.0
13198.0,7141.0,870081.0
333874.0,7078.0,867195.0
367049.0,12179.0,868003.0
13230.0,12265.0,867658.0
389104.0,7072.0,870844.0
13312.0,7078.0,868296.0
234731.0,12395.0,868384.0
13364.0,7178.0,867318.0
385046.0,12424.0,868872.0
13252.0,7154.0,868483.0
13348.0,12338.0,869752.0
334309.0,13846.0,7820.0
13198.0,12111.0,867006.0
205716.0,7058.0,866859.0
13306.0,7117.0,867096.0
370983.0,7140.0,867559.0
13198.0,12247.0,867730.0
369070.0,7169.0,873348.0
263556.0,7119.0,871224.0
13048.0,7155.0,867982.0
375865.0,7169.0,870584.0
13294.0,12129.0,867825.0
672083.0,7072.0,870969.0
13252.0,7137.0,866971.0
369630.0,12132.0,869118.0
394315.0,7206.0,868531.0
13316.0,12188.0,868035.0
377027.0,7154.0,869579.0
13216.0,12391.0,869648.0
394166.0,7092.0,867370.0
13252.0,7206.0,868515.0
436464.0,12375.0,867186.0
13332.0,7072.0,868528.0
13058.0,12375.0,867965.0
347568.0,7287.0,866554.0
358110.0,7055.0,868811.0
13228.0,7117.0,869896.0
359830.0,7072.0,867046.0
13316.0,12343.0,866926.0
385002.0,7124.0,866569.0
13144.0,12382.0,869070.0
294606.0,7155.0,868144.0
288792.0,7173.0,866920.0
13386.0,6989.0,867163.0
359975.0,7154.0,867839.0
13262.0,12293.0,866455.0
93275.0,12209.0,867380.0
13090.0,7122.0,869328.0
263573.0,7199.0,867548.0
13228.0,7267.0,867007.0
302374.0,12329.0,867704.0
13316.0,7140.0,866628.0
239686.0,7155.0,867020.0
13186.0,7121.0,867260.0
13252.0,7155.0,868492.0
447449.0,7071.0,869464.0
237500.0,12220.0,871446.0
13026.0,7058.0,866728.0
13144.0,7149.0,867603.0
13293.0,7169.0,867384.0
360120.0,7041.0,867394.0
361938.0,7035.0,866430.0
13262.0,7206.0,870469.0
262187.0,12165.0,867201.0
13418.0,7105.0,871189.0
13166.0,12231.0,846714.0
6616.0,7206.0,866793.0
13322.0,7105.0,866983.0
372199.0,12379.0,867798.0
13144.0,7122.0,867040.0
352506.0,12086.0,866972.0
358372.0,7160.0,868388.0
13236.0,7199.0,866728.0
13220.0,7196.0,867867.0
212799.0,7169.0,866549.0
449939.0,7108.0,866372.0
13262.0,12278.0,866529.0
286568.0,7135.0,867037.0
13278.0,7356.0,870421.0
302801.0,12329.0,877084.0
13470.0,7122.0,868176.0
236334.0,12507.0,871028.0
13332.0,7117.0,867043.0
372960.0,6953.0,867566.0
13197.0,7210.0,868918.0
288570.0,12293.0,866451.0
13186.0,7206.0,866761.0
13456.0,12214.0,867771.0
694173.0,7206.0,865772.0
373855.0,12314.0,869194.0
13252.0,12147.0,868329.0
377789.0,7154.0,868029.0
13386.0,7155.0,866766.0
13198.0,12197.0,869225.0
236969.0,7008.0,869010.0
13058.0,7117.0,867688.0
232775.0,7169.0,869528.0
13230.0,6953.0,868408.0
283983.0,7154.0,870531.0
261774.0,12275.0,867631.0
13220.0,7009.0,867356.0
13166.0,7119.0,867771.0
351634.0,7169.0,870217.0
372001.0,7117.0,866211.0
13166.0,12232.0,866466.0
13198.0,7142.0,867124.0
358860.0,7117.0,867750.0
449051.0,12211.0,868882.0
13262.0,7110.0,867556.0
367282.0,7174.0,869932.0
13166.0,12243.0,868476.0
293107.0,7105.0,867510.0
13188.0,7053.0,871152.0
371555.0,12287.0,871842.0
13058.0,7110.0,867538.0
286831.0,7174.0,867870.0
13284.0,12279.0,869629.0
13291.0,7482.0,867694.0
346059.0,7110.0,867059.0
373847.0,12068.0,867931.0
13252.0,7122.0,867060.0
394182.0,12348.0,869180.0
13240.0,7160.0,867531.0
384735.0,12243.0,867614.0
13220.0,6931.0,867296.0
13112.0,7040.0,867607.0
347265.0,12361.0,864886.0
382229.0,7288.0,866886.0
13354.0,12161.0,869696.0
377728.0,7169.0,877793.0
13142.0,7174.0,867360.0
385925.0,12439.0,865969.0
13380.0,7169.0,868621.0
263193.0,7554.0,866509.0
13208.0,7274.0,866844.0
394217.0,12495.0,869174.0
13122.0,7035.0,869696.0
386241.0,7163.0,868999.0
13198.0,7219.0,869009.0
376402.0,7206.0,868527.0
13122.0,12311.0,869934.0
368923.0,7116.0,868505.0
13334.0,7117.0,871528.0
387959.0,7121.0,866014.0
355281.0,7135.0,870727.0
13262.0,7167.0,867846.0
371549.0,7187.0,869742.0
13386.0,12095.0,868382.0
359162.0,7028.0,867579.0
13090.0,6907.0,867077.0
371293.0,7192.0,867219.0
13430.0,12217.0,867670.0
377061.0,7154.0,867542.0
13198.0,12425.0,867140.0
13187.0,7169.0,866818.0
347426.0,7108.0,867188.0
358885.0,12156.0,869787.0
13316.0,7149.0,866095.0
261864.0,7086.0,867711.0
13300.0,7124.0,866453.0
377512.0,12053.0,867991.0
13300.0,7135.0,866780.0
381910.0,7087.0,867813.0
239179.0,12356.0,870229.0
13348.0,7160.0,866117.0
370089.0,7155.0,867475.0
13144.0,7155.0,868020.0
389100.0,12232.0,866944.0
13300.0,7206.0,866932.0
13358.0,7117.0,866802.0
206014.0,12320.0,867579.0
48325.0,7160.0,866908.0
13198.0,7124.0,138732.0
290537.0,12182.0,866588.0
13188.0,6983.0,869515.0
13348.0,7035.0,866103.0
377618.0,12178.0,866553.0
385050.0,7288.0,867165.0
13370.0,7117.0,866989.0
694977.0,12425.0,867805.0
376434.0,7192.0,867791.0
13284.0,12475.0,866491.0
395379.0,7078.0,872597.0
13198.0,7087.0,866167.0
13070.0,12231.0,869188.0
347992.0,7174.0,870377.0
370609.0,7158.0,867836.0
13144.0,12252.0,866174.0
378441.0,6957.0,866914.0
13143.0,7110.0,866498.0
380310.0,12364.0,867627.0
13284.0,7087.0,866503.0
140838.0,6982.0,869581.0
13198.0,12161.0,869929.0
432118.0,12279.0,867289.0
13438.0,7110.0,867260.0
13176.0,7121.0,866745.0
283429.0,12293.0,867582.0
357870.0,7204.0,867611.0
13296.0,7123.0,866999.0
356019.0,7123.0,867399.0
13363.0,7122.0,7709.0
13230.0,12279.0,763.0
281835.0,12036.0,312100.0
13252.0,7206.0,7757.0
256733.0,7169.0,7683.0
385374.0,7078.0,763.0
13144.0,12279.0,7741.0
359939.0,7155.0,7741.0
13412.0,7163.0,110652.0
274972.0,12193.0,7757.0
13198.0,7040.0,7757.0
371849.0,12491.0,763.0
13198.0,7205.0,7657.0
369164.0,7174.0,42705.0
13284.0,12197.0,7819.0
358593.0,7058.0,7641.0
13300.0,12118.0,192881.0
373776.0,7086.0,32117.0
13058.0,7108.0,7919.0
286481.0,12147.0,7741.0
13418.0,7137.0,763.0
13316.0,7185.0,7773.0
347580.0,7155.0,7707.0
260574.0,7103.0,77523.0
13176.0,12521.0,7685.0
362616.0,7028.0,7643.0
13428.0,7173.0,763.0
13230.0,7087.0,7643.0
360596.0,7155.0,7643.0
372033.0,7192.0,7739.0
13262.0,12142.0,165376.0
395799.0,7108.0,7675.0
13198.0,12273.0,252712.0
372934.0,7169.0,7657.0
13364.0,12423.0,763.0
286032.0,7172.0,7577.0
13386.0,12337.0,7773.0
239131.0,7190.0,763.0
13176.0,7174.0,7543.0
359252.0,12196.0,763.0
13364.0,7071.0,182427.0
359055.0,7187.0,7925.0
13208.0,12159.0,7657.0
360116.0,7122.0,763.0
13166.0,12311.0,7773.0
289028.0,7046.0,493120.0
13144.0,12116.0,8233.0
286891.0,7122.0,7613.0
6776.0,7087.0,7705.0
6776.0,12312.0,191311.0
6776.0,7122.0,7773.0
6680.0,12290.0,7837.0
6776.0,7000.0,7609.0
6712.0,6869.0,763.0
6712.0,11996.0,7739.0
3730.0,7058.0,763.0
6776.0,12256.0,7641.0
8338.0,7110.0,7641.0
13402.0,7199.0,7705.0
672848.0,12191.0,7543.0
13316.0,7192.0,763.0
347640.0,7169.0,7806.0
263555.0,7149.0,763.0
13198.0,13340.0,216291.0
13230.0,7014.0,305031.0
349906.0,12016.0,7543.0
692624.0,7160.0,7739.0
13144.0,12305.0,763.0
13122.0,7154.0,7739.0
368275.0,7035.0,763.0
13316.0,7201.0,7577.0
351738.0,7155.0,194336.0
433313.0,4678.0,7675.0
13176.0,7060.0,7739.0
359125.0,238124.0,8056.0
13198.0,7186.0,246027.0
240074.0,7178.0,7641.0
13144.0,12132.0,7641.0
140557.0,7140.0,7739.0
13316.0,12067.0,7673.0
371851.0,7085.0,7757.0
13220.0,7117.0,7739.0
262626.0,7154.0,7607.0
13198.0,7072.0,28844.0
373457.0,7158.0,7641.0
13370.0,12137.0,7725.0
385461.0,7123.0,7773.0
13332.0,7187.0,763.0
355821.0,7135.0,7641.0
13352.0,12251.0,42889.0
379691.0,7128.0,7739.0
13364.0,7117.0,7674.0
386902.0,7201.0,7757.0
13080.0,12223.0,763.0
355648.0,7206.0,7675.0
13300.0,12279.0,763.0
238726.0,7126.0,343353.0
13262.0,7071.0,7705.0
434804.0,7167.0,7641.0
13144.0,7117.0,763.0
258821.0,7044.0,763.0
13416.0,12259.0,7752.0
375959.0,7035.0,7691.0
13268.0,7122.0,763.0
292087.0,12315.0,7675.0
13208.0,7087.0,763.0
384703.0,12226.0,7543.0
13242.0,6994.0,763.0
382171.0,7158.0,7643.0
13284.0,12242.0,763.0
238264.0,7174.0,7706.0
13198.0,12078.0,212390.0
13880.0,7053.0,7577.0
6680.0,7213.0,763.0
13208.0,7123.0,763.0
72791.0,7169.0,7757.0
369327.0,7060.0,763.0
13174.0,12228.0,7641.0
13380.0,7167.0,7741.0
368858.0,12248.0,90612.0
275264.0,7142.0,7641.0
13300.0,7206.0,763.0
270379.0,12236.0,7675.0
13364.0,13384.0,7659.0
371345.0,7174.0,7739.0
13416.0,7235.0,7821.0
692844.0,7219.0,763.0
13278.0,7193.0,7726.0
390012.0,7187.0,43761.0
13470.0,7105.0,7641.0
470748.0,7135.0,763.0
13090.0,7169.0,7739.0
393861.0,7158.0,7819.0
13144.0,12330.0,763.0
288960.0,6976.0,7789.0
13262.0,12356.0,7739.0
13144.0,7224.0,7675.0
205882.0,12146.0,7773.0
356519.0,6995.0,7773.0
13398.0,7149.0,763.0
377227.0,7087.0,7643.0
13268.0,6995.0,763.0
383560.0,7154.0,7738.0
13112.0,12237.0,21777.0
13284.0,7053.0,7807.0
351597.0,7174.0,763.0
357954.0,12337.0,7741.0
13262.0,6912.0,7723.0
242030.0,48151.0,239748.0
13268.0,7052.0,7803.0
397608.0,7169.0,7545.0
13348.0,6975.0,763.0
386771.0,7142.0,212052.0
13198.0,12263.0,642058.0
356182.0,12672.0,7709.0
13300.0,7128.0,7743.0
394968.0,7103.0,7741.0
13364.0,7032.0,7691.0
13284.0,12205.0,763.0
379891.0,7155.0,7791.0
168002.0,12141.0,763.0
13354.0,7142.0,7739.0
359925.0,12035.0,763.0
6680.0,7154.0,7803.0
13166.0,7055.0,7773.0
669016.0,7135.0,7775.0
375769.0,7117.0,220172.0
13296.0,12419.0,8277.0
384538.0,7192.0,195157.0
13284.0,7085.0,7811.0
13080.0,12278.0,42777.0
212943.0,7206.0,7577.0
359148.0,7206.0,763.0
13386.0,12212.0,7709.0
289071.0,12255.0,7741.0
13108.0,7110.0,763.0
13090.0,7169.0,213142.0
347292.0,7155.0,7773.0
372173.0,12113.0,763.0
13176.0,7078.0,7641.0
291841.0,7251.0,42607.0
13326.0,7185.0,246962.0
386640.0,7023.0,7677.0
13300.0,6912.0,191565.0
371510.0,12191.0,311409.0
13386.0,7149.0,7609.0
13102.0,7117.0,7789.0
364466.0,7117.0,763.0
263076.0,12205.0,7675.0
13112.0,7224.0,7643.0
13080.0,7090.0,7545.0
212957.0,12078.0,7681.0
372416.0,12145.0,576177.0
13262.0,7000.0,7739.0
234556.0,7155.0,7741.0
13252.0,12178.0,7597.0
13364.0,7154.0,440099.0
347685.0,7085.0,7739.0
239546.0,12059.0,763.0
13300.0,7128.0,7543.0
358552.0,12161.0,337360.0
13262.0,7190.0,7707.0
385676.0,7153.0,543935.0
13208.0,186710.0,7577.0
13230.0,7087.0,763.0
368849.0,12324.0,7579.0
449465.0,7142.0,7757.0
13144.0,7103.0,763.0
687354.0,7117.0,7675.0
13224.0,7187.0,763.0
264920.0,7174.0,7819.0
393660.0,12254.0,7643.0
13198.0,7169.0,167420.0
140108.0,7003.0,7837.0
13302.0,7099.0,7739.0
373693.0,12225.0,7531.0
13326.0,7044.0,7739.0
357759.0,12164.0,7741.0
13284.0,7192.0,7773.0
440387.0,7073.0,7641.0
13262.0,7174.0,7643.0
389125.0,12327.0,7705.0
13176.0,7119.0,83311.0
451255.0,7138.0,7741.0
13230.0,12291.0,7755.0
13144.0,7167.0,763.0
642165.0,12127.0,7675.0
433511.0,40894.0,579699.0
13338.0,7222.0,7543.0
393536.0,7206.0,763.0
13348.0,12059.0,7739.0
446978.0,7192.0,7675.0
13230.0,7032.0,38910.0
406716.0,12213.0,7743.0
13370.0,6977.0,7587.0
430371.0,41003.0,763.0
13230.0,7169.0,7579.0
439566.0,7237.0,7543.0
13252.0,7087.0,7643.0
441055.0,7135.0,276162.0
13220.0,12408.0,7739.0
446090.0,7140.0,763.0
13220.0,7117.0,7773.0
444632.0,12126.0,79039.0
13386.0,7140.0,7789.0
13252.0,7169.0,763.0
638760.0,7192.0,575920.0
696270.0,12183.0,7612.0
13176.0,7169.0,8069.0
390500.0,7155.0,5739.0
13252.0,7224.0,7741.0
431462.0,12164.0,7641.0
13418.0,7103.0,7741.0
435606.0,12130.0,7641.0
13176.0,7160.0,763.0
13090.0,7155.0,763.0
637969.0,6994.0,7643.0
451420.0,12615.0,7709.0
13122.0,6957.0,763.0
432407.0,12178.0,7755.0
13364.0,7274.0,7641.0
448958.0,7192.0,763.0
13112.0,12049.0,7545.0
397056.0,7123.0,763.0
13364.0,12126.0,7643.0
454592.0,7172.0,763.0
13300.0,7135.0,763.0
13058.0,7022.0,7641.0
639445.0,7199.0,7579.0
397836.0,7073.0,763.0
13208.0,7105.0,7741.0
446740.0,6985.0,7741.0
13230.0,7000.0,7757.0
450866.0,12291.0,213589.0
13300.0,6895.0,7579.0
406552.0,7187.0,763.0
13230.0,7065.0,7674.0
468408.0,6975.0,763.0
13224.0,7142.0,763.0
391351.0,12094.0,7707.0
13300.0,7224.0,7577.0
13166.0,12145.0,7641.0
657441.0,7155.0,7739.0
453552.0,7211.0,199486.0
13198.0,7117.0,763.0
373406.0,7090.0,7675.0
13316.0,12128.0,7705.0
455250.0,7192.0,7677.0
13248.0,7103.0,7643.0
398233.0,12291.0,7643.0
13417.0,7092.0,763.0
395807.0,7121.0,7677.0
13418.0,7117.0,763.0
450036.0,7123.0,7739.0
13294.0,12160.0,62508.0
13348.0,7124.0,7775.0
665160.0,7181.0,7643.0
449255.0,7085.0,7741.0
13144.0,12101.0,7803.0
13316.0,7090.0,42559.0
660339.0,7123.0,7821.0
13348.0,7172.0,7657.0
427614.0,12210.0,763.0
696361.0,7205.0,7739.0
243165.0,12141.0,7675.0
13176.0,7192.0,1095.0
407391.0,7090.0,7567.0
13284.0,12272.0,43226.0
447420.0,717.0,7643.0
13252.0,4296.0,763.0
386015.0,7103.0,7675.0
13176.0,7160.0,42659.0
358244.0,12151.0,7903.0
13208.0,12680.0,7643.0
13328.0,7224.0,7741.0
438461.0,12389.0,7773.0
376638.0,6994.0,763.0
13322.0,12273.0,7709.0
13358.0,7000.0,763.0
670237.0,13732.0,7773.0
13166.0,7008.0,7577.0
639525.0,12196.0,7739.0
13316.0,12160.0,7643.0
671234.0,7190.0,7579.0
13230.0,7142.0,7737.0
669936.0,12114.0,7739.0
433423.0,7009.0,7837.0
13214.0,7108.0,7611.0
13198.0,12071.0,7805.0
642960.0,7151.0,763.0
292321.0,12291.0,7677.0
13220.0,6976.0,7674.0
433275.0,12085.0,7739.0
13208.0,7140.0,7645.0
393641.0,7169.0,7577.0
13300.0,12315.0,763.0
449503.0,6982.0,7643.0
13144.0,12263.0,7803.0
13306.0,6976.0,7643.0
669957.0,7035.0,7611.0
432314.0,7149.0,7807.0
13090.0,7101.0,7579.0
665978.0,7105.0,7773.0
434493.0,7117.0,7643.0
13112.0,7128.0,7773.0
431783.0,12360.0,7819.0
13208.0,7269.0,7739.0
440109.0,7035.0,7643.0
13198.0,7169.0,7610.0
433558.0,12237.0,7773.0
13198.0,7128.0,7577.0
449833.0,7169.0,7611.0
13090.0,7187.0,7613.0
13294.0,12217.0,7677.0
668333.0,7000.0,7643.0
367503.0,12265.0,7805.0
13188.0,7092.0,7739.0
430039.0,7117.0,7743.0
13352.0,7110.0,7545.0
13214.0,112238.0,7643.0
661342.0,7053.0,7641.0
13284.0,7117.0,7643.0
670656.0,7117.0,7675.0
394519.0,7213.0,7739.0
13220.0,7140.0,7825.0
435499.0,222167.0,7807.0
13344.0,7035.0,7741.0
396963.0,7110.0,7611.0
13284.0,221890.0,7739.0
13434.0,40647.0,7513.0
667591.0,717.0,7645.0
452067.0,7108.0,7710.0
13300.0,717.0,7643.0
437219.0,7174.0,7639.0
13198.0,188238.0,7643.0
432330.0,7161.0,7641.0
13198.0,7005.0,7739.0
13262.0,7169.0,7641.0
670849.0,6964.0,7613.0
435006.0,74625.0,7805.0
13402.0,7116.0,7579.0
382060.0,7115.0,763.0
13198.0,7301.0,7773.0
384353.0,7117.0,7641.0
13144.0,13960.0,7675.0
396450.0,7192.0,7641.0
13176.0,188845.0,7773.0
13194.0,7169.0,7447.0
670674.0,7123.0,7615.0
433385.0,213034.0,177118.0
13268.0,7058.0,7739.0
429286.0,7169.0,7641.0
13230.0,7076.0,7577.0
384451.0,188319.0,7643.0
13386.0,7117.0,7641.0
452649.0,7040.0,7988.0
13112.0,221889.0,7709.0
432392.0,7169.0,7607.0
13174.0,7110.0,7677.0
452700.0,188090.0,7645.0
13364.0,7117.0,7887.0
431078.0,7137.0,7579.0
13300.0,6975.0,7805.0
260462.0,213648.0,7479.0
13348.0,7192.0,7739.0
13090.0,6977.0,7645.0
670271.0,7155.0,7739.0
438000.0,7110.0,7545.0
13364.0,215121.0,7755.0
13112.0,7187.0,7643.0
670470.0,7174.0,7543.0
448053.0,179902.0,7515.0
13294.0,75100.0,7579.0
13166.0,7122.0,7581.0
683666.0,7117.0,7805.0
13262.0,7110.0,7613.0
668689.0,215408.0,7543.0
428689.0,7117.0,7641.0
13228.0,7092.0,7597.0
429374.0,222043.0,7675.0
13316.0,7160.0,7738.0
387518.0,177395.0,7583.0
13284.0,7105.0,7643.0
377367.0,6982.0,7643.0
13143.0,233211.0,7547.0
449582.0,7173.0,7609.0
13402.0,7122.0,7641.0
383395.0,261151.0,7739.0
13386.0,7181.0,7739.0
434252.0,7169.0,7579.0
13262.0,7169.0,7707.0
13154.0,7000.0,7641.0
456108.0,119125.0,7739.0
450353.0,7122.0,7641.0
13450.0,177336.0,7741.0
451734.0,7135.0,7739.0
13214.0,7085.0,7805.0
386216.0,7237.0,7541.0
13480.0,7129.0,7447.0
431361.0,188150.0,7771.0
13352.0,7155.0,7739.0
13198.0,7121.0,763.0
669668.0,5610.0,7545.0
448516.0,717.0,1127.0
13224.0,7174.0,7643.0
696711.0,188925.0,7641.0
450396.0,214975.0,7547.0
13338.0,7110.0,7645.0
376776.0,7128.0,7611.0
6744.0,86044.0,7643.0
13240.0,7053.0,7739.0
384270.0,7103.0,7821.0
13300.0,7076.0,7677.0
375706.0,177336.0,7647.0
13284.0,7138.0,7613.0
13262.0,222172.0,7579.0
644887.0,7135.0,7645.0
13208.0,85480.0,7709.0
685049.0,7110.0,40308.0
377657.0,7076.0,7611.0
13176.0,47882.0,7545.0
384377.0,7149.0,7739.0
13316.0,7206.0,7739.0
402718.0,7135.0,7611.0
13334.0,478886.0,7577.0
450645.0,7224.0,7609.0
13402.0,4253.0,7545.0
13220.0,40584.0,7773.0
413303.0,4657.0,7741.0
467861.0,7117.0,7447.0
13348.0,4683.0,7675.0
445636.0,6849.0,7659.0
13300.0,487053.0,7641.0
398616.0,7169.0,7641.0
13300.0,7117.0,7641.0
445809.0,7117.0,7803.0
13386.0,7116.0,7871.0
398001.0,75065.0,7675.0
13284.0,7110.0,7643.0
13162.0,178667.0,763.0
669544.0,7103.0,7577.0
698067.0,7224.0,7803.0
14273.0,180874.0,7577.0
391690.0,7041.0,7773.0
13300.0,7146.0,7739.0
454502.0,215606.0,7645.0
13144.0,7117.0,7579.0
437794.0,7160.0,7613.0
13348.0,189615.0,7612.0
440708.0,7105.0,7543.0
13198.0,7122.0,7915.0
453883.0,222235.0,7949.0
13216.0,7117.0,7675.0
393342.0,7043.0,7739.0
13380.0,177548.0,7643.0
447570.0,7169.0,7613.0
13326.0,7087.0,7581.0
383135.0,7105.0,7545.0
13230.0,7110.0,7713.0
409000.0,119196.0,7641.0
447404.0,7058.0,7789.0
13208.0,74683.0,7837.0
356010.0,188224.0,763.0
6680.0,7308.0,7803.0
13279.0,7035.0,7645.0
13294.0,188590.0,7677.0
384743.0,7110.0,7643.0
382050.0,7123.0,7597.0
13198.0,7201.0,7738.0
397317.0,7187.0,7549.0
13300.0,7087.0,7675.0
13198.0,7035.0,7643.0
641351.0,7105.0,7629.0
13208.0,7126.0,7579.0
395070.0,231253.0,7675.0
665099.0,7143.0,7577.0
13198.0,188212.0,7499.0
450134.0,7178.0,7643.0
13080.0,186224.0,7543.0
13176.0,7117.0,7567.0
671445.0,7169.0,7677.0
303089.0,7103.0,7543.0
13402.0,7003.0,7579.0
449727.0,7174.0,7773.0
15826.0,222045.0,7677.0
13176.0,7167.0,7611.0
672558.0,7225.0,7611.0
13102.0,7035.0,7611.0
667570.0,7092.0,7645.0
13230.0,7111.0,7805.0
667659.0,7174.0,7581.0
441990.0,7140.0,7773.0
13284.0,180569.0,7445.0
13240.0,7106.0,7805.0
686721.0,233203.0,7739.0
453694.0,7110.0,7643.0
13358.0,118979.0,7615.0
355522.0,7105.0,7481.0
13144.0,7201.0,7611.0
13198.0,7219.0,7691.0
689262.0,7187.0,7773.0
375727.0,7193.0,7739.0
13230.0,215282.0,7838.0
453394.0,6977.0,7739.0
13198.0,7035.0,7641.0
449937.0,7160.0,763.0
13364.0,219962.0,7740.0
13208.0,6918.0,7774.0
686028.0,111809.0,12688.0
448193.0,7140.0,7646.0
13326.0,177422.0,7741.0
13134.0,7000.0,7971.0
668955.0,239550.0,7675.0
7133.0,7135.0,14635.0
6712.0,7078.0,7773.0
8332.0,231820.0,12749.0
398178.0,7174.0,7739.0
13364.0,215273.0,7804.0
372172.0,7169.0,7775.0
433015.0,85406.0,7739.0
13262.0,6982.0,7707.0
390942.0,7105.0,12624.0
13230.0,6875.0,7773.0
428571.0,7035.0,7642.0
13364.0,7160.0,763.0
13284.0,221919.0,7741.0
670018.0,7087.0,7740.0
388494.0,7117.0,7642.0
13144.0,7135.0,7641.0
13198.0,7187.0,14682.0
686064.0,7003.0,7739.0
437329.0,7103.0,7641.0
13448.0,7201.0,12686.0
381815.0,7155.0,7676.0
13306.0,717.0,7739.0
395651.0,6785.0,7725.0
13248.0,717.0,12588.0
391276.0,6977.0,7757.0
13252.0,7187.0,7837.0
445285.0,7117.0,14862.0
13352.0,7117.0,7675.0
453678.0,7169.0,12720.0
13332.0,7242.0,7643.0
462184.0,233214.0,14742.0
13364.0,6994.0,7740.0
373911.0,188428.0,12630.0
13370.0,7035.0,7756.0
669306.0,7122.0,14726.0
13322.0,180027.0,7817.0
371239.0,7160.0,7803.0
13197.0,222009.0,7709.0
445774.0,7122.0,7756.0
13294.0,7169.0,763.0
450138.0,86093.0,7641.0
13386.0,7128.0,7806.0
446586.0,7187.0,12567.0
13198.0,6982.0,7740.0
13306.0,717.0,12624.0
452662.0,7103.0,7710.0
431594.0,7205.0,7742.0
13198.0,7187.0,7755.0
13370.0,7119.0,7773.0
670207.0,7160.0,12831.0
448466.0,186264.0,7740.0
13364.0,7005.0,7739.0
13230.0,7205.0,7675.0
683533.0,717.0,7641.0
384923.0,7005.0,7641.0
13386.0,514552.0,7641.0
448977.0,7117.0,731.0
13188.0,7092.0,12642.0
13294.0,177427.0,7677.0
440519.0,7005.0,9551.0
431744.0,7121.0,7643.0
6680.0,102035.0,7825.0
13348.0,7253.0,7677.0
13262.0,215252.0,7773.0
659990.0,7035.0,7743.0
260014.0,7117.0,12753.0
13208.0,6968.0,7774.0
447817.0,177087.0,12884.0
13354.0,7169.0,7577.0
696971.0,7169.0,7739.0
13240.0,7055.0,7740.0
13144.0,7092.0,7677.0
672750.0,12322.0,7643.0
13262.0,7143.0,7707.0
670522.0,233386.0,603.0
446484.0,6918.0,8195.0
13284.0,179553.0,7773.0
446623.0,7105.0,12914.0
13214.0,7174.0,7675.0
13262.0,74305.0,12542.0
670526.0,7160.0,7741.0
434125.0,7169.0,7851.0
13198.0,717.0,12459.0
440373.0,6797.0,7676.0
13220.0,170823.0,12718.0
11112.0,7058.0,7739.0
16316.0,178645.0,7773.0
16365.0,7074.0,7675.0
10932.0,220032.0,7822.0
11220.0,7035.0,7641.0
16357.0,7122.0,8293.0
16387.0,179754.0,535473.0
10932.0,6918.0,7643.0
11179.0,12359.0,763.0
16313.0,7110.0,7739.0
16529.0,81437.0,7741.0
11136.0,6953.0,7675.0
16185.0,7128.0,7742.0
11275.0,188266.0,763.0
16194.0,74322.0,7641.0
11114.0,6928.0,7578.0
16435.0,71637.0,7789.0
10910.0,7122.0,7741.0
11222.0,7167.0,7741.0
16185.0,7071.0,12785.0
16325.0,7058.0,7577.0
11114.0,57058.0,7641.0
16235.0,6977.0,763.0
11137.0,7122.0,7741.0
16242.0,112503.0,12589.0
11104.0,7140.0,7774.0
16388.0,177820.0,7773.0
11124.0,7092.0,12529.0
16420.0,188365.0,7675.0
11350.0,7169.0,7741.0
16434.0,717.0,7742.0
10996.0,4284.0,7773.0
16464.0,7005.0,7739.0
11060.0,7035.0,7773.0
16492.0,7124.0,7677.0
11168.0,188333.0,7641.0
16367.0,7117.0,7710.0
11052.0,7128.0,7838.0
16378.0,222117.0,7611.0
11156.0,7105.0,14665.0
11072.0,7140.0,8912.0
16140.0,233166.0,523097.0
16293.0,7174.0,7677.0
11050.0,85495.0,7837.0
16273.0,7135.0,7773.0
11262.0,7179.0,7641.0
11146.0,7040.0,7644.0
16399.0,215180.0,7675.0
11199.0,6943.0,7643.0
16268.0,7135.0,7677.0
10890.0,7117.0,7643.0
15871.0,7091.0,7644.0
16485.0,12222.0,7789.0
11146.0,12336.0,7741.0
16248.0,7178.0,7678.0
11220.0,6977.0,7749.0
16259.0,7169.0,12654.0
11168.0,7071.0,7739.0
17965.0,7035.0,7642.0
11018.0,6957.0,7641.0
16172.0,7169.0,12785.0
16278.0,12247.0,7643.0
11060.0,7046.0,12589.0
16184.0,7409.0,7675.0
11134.0,7073.0,12817.0
17942.0,7119.0,7741.0
16285.0,7059.0,7741.0
11050.0,7217.0,7773.0
16221.0,7160.0,7739.0
10996.0,12261.0,7643.0
16230.0,7117.0,7772.0
10974.0,7122.0,7741.0
11244.0,12389.0,9553.0
16388.0,7135.0,7742.0
16452.0,7187.0,12622.0
11072.0,7160.0,7742.0
16352.0,12222.0,7741.0
10986.0,7205.0,7741.0
11190.0,12442.0,7740.0
16267.0,7092.0,7641.0
15989.0,7041.0,7641.0
11252.0,7053.0,7739.0
16559.0,7174.0,13092.0
11212.0,12159.0,7644.0
16249.0,7472.0,7741.0
11146.0,7087.0,12652.0
16423.0,7140.0,7773.0
11210.0,12254.0,7739.0
16010.0,12240.0,7480.0
11082.0,7126.0,7480.0
16376.0,7190.0,7709.0
11082.0,12335.0,7742.0
16389.0,7108.0,10084.0
11050.0,12305.0,845799.0
16491.0,7108.0,7740.0
11062.0,12158.0,14669.0
237503.0,7169.0,7803.0
11072.0,7192.0,7756.0
16187.0,7078.0,7741.0
11050.0,12193.0,12682.0
16070.0,7140.0,7675.0
11020.0,12273.0,7641.0
16173.0,7067.0,12651.0
11190.0,7325.0,7739.0
16452.0,7224.0,14566.0
11166.0,12336.0,7803.0
16346.0,7116.0,7710.0
11050.0,7140.0,12596.0
11232.0,12337.0,7641.0
16023.0,7415.0,7775.0
109339.0,12470.0,7642.0
11114.0,7121.0,763.0
11146.0,7087.0,7709.0
16278.0,12304.0,7803.0
16238.0,7108.0,7739.0
11094.0,7053.0,12785.0
16314.0,7087.0,7445.0
10974.0,7174.0,12882.0
15891.0,13219.0,7544.0
11050.0,7169.0,7741.0
17898.0,7135.0,12795.0
16041.0,7035.0,7644.0
11190.0,7071.0,7739.0
16432.0,7108.0,7739.0
11168.0,12212.0,7644.0
16486.0,12245.0,7643.0
11190.0,7159.0,110139.0
11072.0,7155.0,7611.0
16355.0,7117.0,7709.0
16411.0,7122.0,7641.0
10943.0,12245.0,7742.0
16301.0,7140.0,521456.0
11060.0,12190.0,7580.0
16245.0,7126.0,7806.0
11104.0,12359.0,7836.0
16366.0,7169.0,7677.0
11136.0,7169.0,7577.0
16464.0,7174.0,14633.0
11006.0,7139.0,12525.0
16281.0,12155.0,7709.0
10964.0,7187.0,7803.0
16336.0,12272.0,7677.0
11168.0,7108.0,7742.0
109359.0,7040.0,14570.0
11158.0,12361.0,12893.0
11190.0,7089.0,7774.0
16456.0,7169.0,12559.0
16216.0,7160.0,7675.0
11274.0,12259.0,7805.0
16045.0,7140.0,12753.0
11134.0,12255.0,7740.0
11168.0,7187.0,7739.0
16198.0,7122.0,7543.0
11223.0,12600.0,7741.0
16387.0,7092.0,14500.0
16284.0,12746.0,7677.0
11284.0,7023.0,7741.0
16294.0,7160.0,763.0
11222.0,12327.0,763.0
16252.0,7174.0,7739.0
11244.0,12209.0,7705.0
16128.0,7092.0,7754.0
11114.0,12111.0,7677.0
11082.0,7160.0,7705.0
16488.0,12323.0,7641.0
11276.0,7117.0,7741.0
16278.0,7108.0,7641.0
16463.0,12222.0,7789.0
11102.0,7103.0,7709.0
16334.0,12073.0,12879.0
11005.0,7122.0,7741.0
17908.0,7092.0,7743.0
16119.0,12176.0,7739.0
11060.0,7160.0,14842.0
11328.0,12176.0,7677.0
16546.0,7301.0,763.0
16367.0,12222.0,7773.0
11136.0,7110.0,7740.0
16305.0,7108.0,57710.0
10952.0,12275.0,7741.0
16312.0,7073.0,7739.0
11560.0,7377.0,7739.0
16110.0,7117.0,7740.0
11136.0,7035.0,7577.0
15858.0,7108.0,7741.0
10878.0,12176.0,7676.0
16614.0,7058.0,7739.0
11220.0,463924.0,158226.0
16166.0,7208.0,7642.0
11030.0,12172.0,7741.0
11254.0,7087.0,7709.0
16443.0,7005.0,7644.0
16455.0,7119.0,7643.0
11050.0,7169.0,7739.0
16108.0,8513.0,7641.0
11178.0,7117.0,7739.0
16289.0,7173.0,7803.0
11006.0,7135.0,7675.0
11276.0,7085.0,7739.0
16280.0,7201.0,7803.0
16302.0,12355.0,7805.0
11051.0,7174.0,7739.0
16227.0,7035.0,7642.0
11210.0,7108.0,7705.0
10996.0,12317.0,763.0
16086.0,7058.0,7658.0
16291.0,12419.0,7740.0
11274.0,7187.0,763.0
16537.0,7155.0,7644.0
11070.0,7087.0,7741.0
11136.0,12304.0,7791.0
228025.0,7108.0,7741.0
16184.0,7122.0,7741.0
11104.0,12371.0,7643.0
16517.0,7140.0,7891.0
11190.0,12370.0,7741.0
16399.0,7174.0,7741.0
11060.0,13213.0,7740.0
16204.0,7021.0,7742.0
11050.0,14134.0,7543.0
11072.0,7089.0,7741.0
182220.0,7219.0,7675.0
10996.0,7087.0,42707.0
16086.0,12412.0,7544.0
16046.0,7040.0,7773.0
11244.0,7174.0,7709.0
16681.0,12194.0,7643.0
11082.0,7092.0,7803.0
16301.0,12134.0,7709.0
11136.0,7187.0,7741.0
16377.0,7142.0,7611.0
11190.0,12532.0,7738.0
16367.0,7359.0,643.0
10996.0,7169.0,7740.0
16421.0,7174.0,7706.0
11136.0,12243.0,7706.0
11168.0,7191.0,7773.0
16526.0,12584.0,7739.0
16161.0,7128.0,7739.0
11222.0,12337.0,763.0
11242.0,7078.0,7837.0
16130.0,12198.0,7774.0
11158.0,7158.0,7683.0
16161.0,7135.0,763.0
11158.0,7108.0,7869.0
16428.0,12949.0,7739.0
16102.0,7053.0,7577.0
11262.0,12978.0,44817.0
11200.0,7192.0,7741.0
16252.0,7035.0,7741.0
16322.0,7087.0,7720.0
11104.0,7128.0,7789.0
16304.0,12311.0,7868.0
11050.0,7117.0,7739.0
16214.0,12504.0,7760.0
11210.0,7076.0,7803.0
11060.0,7123.0,7740.0
52681.0,6995.0,763.0
11020.0,8215.0,7708.0
16134.0,7071.0,7803.0
10966.0,7192.0,7643.0
16019.0,12158.0,7741.0
16186.0,7121.0,7741.0
11284.0,12308.0,763.0
16259.0,7122.0,7676.0
11180.0,8377.0,7709.0
16303.0,7169.0,7739.0
11156.0,7108.0,7741.0
16284.0,12325.0,7739.0
11200.0,13744.0,7739.0
11136.0,7129.0,7837.0
16313.0,7187.0,7743.0
16290.0,7009.0,7803.0
11158.0,7078.0,7806.0
16118.0,12652.0,7773.0
11169.0,7117.0,7643.0
18100.0,7167.0,7741.0
11242.0,6975.0,171751.0
16240.0,7137.0,7775.0
16085.0,7096.0,567861.0
11082.0,12305.0,7803.0
16158.0,7055.0,7773.0
11286.0,7204.0,7709.0
16333.0,12173.0,7741.0
11244.0,7154.0,7740.0
16236.0,7122.0,7641.0
11158.0,12109.0,7806.0
16083.0,7338.0,7543.0
11116.0,12313.0,763.0
16279.0,12611.0,7750.0
11062.0,7160.0,7803.0
16528.0,7223.0,763.0
11146.0,7155.0,7642.0
11244.0,12550.0,7739.0
16247.0,7160.0,7773.0
17865.0,7053.0,7676.0
16290.0,12341.0,7739.0
11308.0,7122.0,7804.0
11180.0,7135.0,7805.0
16170.0,7119.0,7677.0
16323.0,12329.0,7739.0
11114.0,7140.0,7741.0
16540.0,7053.0,7739.0
11082.0,7149.0,7705.0
16488.0,7122.0,763.0
11148.0,13313.0,7837.0
11146.0,7149.0,7705.0
16151.0,12715.0,763.0
11223.0,7122.0,7803.0
16153.0,7083.0,7739.0
11276.0,7205.0,7917.0
16151.0,7109.0,7739.0
16345.0,12437.0,7741.0
11190.0,7169.0,763.0
16496.0,504908.0,7642.0
11232.0,7174.0,7773.0
17839.0,12290.0,7803.0
11190.0,7078.0,7642.0
16498.0,12154.0,7741.0
11134.0,7169.0,7741.0
16420.0,6895.0,7837.0
16274.0,7117.0,7739.0
11276.0,7114.0,7773.0
16410.0,12214.0,7741.0
11083.0,7173.0,7803.0
16205.0,12325.0,7741.0
11210.0,6982.0,7545.0
11126.0,7160.0,7803.0
16262.0,12461.0,7741.0
16154.0,8511.0,7708.0
11210.0,7160.0,535108.0
11254.0,12405.0,8143.0
16183.0,7117.0,4155.0
11255.0,7187.0,7676.0
16379.0,7077.0,367839.0
16323.0,7174.0,7610.0
11082.0,12507.0,42959.0
18121.0,7067.0,7678.0
16367.0,7122.0,7705.0
11104.0,12126.0,7837.0
16096.0,7053.0,7741.0
10910.0,6995.0,7741.0
16270.0,7142.0,7741.0
11082.0,7138.0,7739.0
16314.0,12327.0,7774.0
11103.0,7013.0,7741.0
16161.0,7108.0,7741.0
11136.0,13445.0,7806.0
16566.0,7167.0,570133.0
11168.0,518662.0,7804.0
16270.0,7192.0,7642.0
11060.0,12340.0,7675.0
16475.0,6977.0,7744.0
11144.0,7169.0,7739.0
16479.0,12216.0,7711.0
11158.0,7010.0,7739.0
16572.0,7129.0,7741.0
10964.0,7091.0,7806.0
16475.0,7223.0,247661.0
11274.0,7140.0,7739.0
15953.0,12161.0,763.0
11242.0,7174.0,7676.0
16518.0,12112.0,7739.0
11080.0,7039.0,42489.0
16320.0,12359.0,7773.0
10912.0,7117.0,7741.0
16335.0,7117.0,7739.0
11220.0,7123.0,7739.0
16443.0,12354.0,7773.0
11136.0,7092.0,7641.0
16108.0,7123.0,7742.0
11306.0,7165.0,7739.0
10878.0,7122.0,7642.0
16321.0,12391.0,7805.0
16475.0,12295.0,7805.0
11146.0,7174.0,7739.0
11072.0,7187.0,7773.0
16284.0,7105.0,7742.0
17897.0,7222.0,763.0
16251.0,12404.0,7608.0
11136.0,71259.0,7739.0
16013.0,7072.0,7889.0
11168.0,7256.0,7740.0
17895.0,12319.0,763.0
16463.0,12196.0,7847.0
11221.0,7072.0,7710.0
16484.0,7192.0,7773.0
11136.0,222657.0,7739.0
16526.0,12228.0,7741.0
10942.0,7174.0,763.0
11308.0,7140.0,7544.0
16160.0,12131.0,7608.0
16094.0,12217.0,7705.0
10996.0,7072.0,7852.0
16035.0,7160.0,7739.0
11223.0,12774.0,7707.0
16299.0,459526.0,7741.0
11168.0,7122.0,7740.0
16328.0,7096.0,7742.0
11048.0,12314.0,342107.0
16184.0,7040.0,7668.0
11115.0,12356.0,7739.0
16155.0,7020.0,7642.0
11092.0,12289.0,7741.0
11253.0,12213.0,7773.0
16409.0,7174.0,7741.0
16374.0,12164.0,7579.0
11028.0,7206.0,7739.0
16368.0,7224.0,222287.0
11072.0,12313.0,7741.0
16013.0,12331.0,7675.0
10807.0,7192.0,7641.0
10723.0,7108.0,4860.0
16054.0,12231.0,7757.0
15844.0,7274.0,7675.0
11003.0,12210.0,7577.0
436478.0,12228.0,281196.0
10831.0,7140.0,7644.0
10767.0,13880.0,12947.0
16304.0,12456.0,7741.0
16141.0,7092.0,12554.0
10883.0,7124.0,7675.0
15668.0,12294.0,12873.0
10797.0,7174.0,7837.0
17935.0,12146.0,12828.0
15883.0,7206.0,7773.0
10733.0,12406.0,12585.0
437247.0,12228.0,7741.0
10755.0,7092.0,12786.0
10819.0,12106.0,7755.0
15869.0,7058.0,12820.0
45861.0,7122.0,7741.0
15939.0,11919.0,12715.0
10991.0,7192.0,7739.0
10851.0,12423.0,12749.0
15697.0,12305.0,7739.0
436810.0,7174.0,496709.0
11021.0,7174.0,7641.0
10905.0,12355.0,12913.0
108206.0,7192.0,7675.0
436735.0,12374.0,12715.0
10871.0,7174.0,7739.0
16313.0,12189.0,12760.0
11045.0,12263.0,7576.0
16487.0,7174.0,12617.0
10883.0,458530.0,7643.0
15999.0,7174.0,12654.0
10841.0,246060.0,7641.0
15969.0,7287.0,12363.0
10905.0,7192.0,38702.0
4817.0,12222.0,448958.0
59103.0,7206.0,7739.0
4649.0,12144.0,8428.0
4725.0,7110.0,12838.0
4745.0,12263.0,7807.0
4725.0,7174.0,12826.0
4745.0,11954.0,7741.0
4785.0,459786.0,12749.0
4721.0,7154.0,7739.0
10797.0,7160.0,12649.0
436727.0,12514.0,7739.0
11487.0,7192.0,12827.0
16044.0,4230.0,7515.0
16085.0,6150.0,12683.0
10935.0,459029.0,7773.0
15971.0,7206.0,14684.0
10927.0,12278.0,12686.0
10883.0,7108.0,7741.0
15862.0,12164.0,12551.0
10969.0,7110.0,7773.0
15958.0,453745.0,50123.0
10895.0,458737.0,763.0
16118.0,7140.0,7775.0
10991.0,7040.0,13403.0
434239.0,12167.0,7741.0
10947.0,7160.0,12817.0
108231.0,12164.0,7773.0
11534.0,13788.0,301140.0
16022.0,7124.0,7757.0
10905.0,12268.0,12794.0
433600.0,12278.0,7789.0
10981.0,7174.0,12685.0
15840.0,7140.0,7641.0
10819.0,12297.0,12683.0
15989.0,12205.0,7837.0
11013.0,7110.0,12834.0
15883.0,12135.0,7641.0
10831.0,7140.0,12783.0
52086.0,12365.0,7677.0
10979.0,7040.0,12784.0
15935.0,7224.0,7641.0
10969.0,103033.0,12654.0
10969.0,7206.0,7741.0
15993.0,12242.0,12720.0
15825.0,12145.0,7803.0
4689.0,7288.0,12851.0
10883.0,4166.0,7741.0
16312.0,6194.0,12588.0
10691.0,456017.0,7577.0
11065.0,7008.0,14618.0
105706.0,7192.0,266976.0
10605.0,12167.0,7773.0
423381.0,7204.0,12817.0
10797.0,12676.0,7739.0
15797.0,7306.0,12918.0
10721.0,11919.0,7611.0
15713.0,7058.0,12784.0
11021.0,12228.0,7773.0
62906.0,7154.0,12850.0
15820.0,12149.0,7757.0
10733.0,12124.0,12685.0
15909.0,7058.0,7675.0
11013.0,717.0,12656.0
16440.0,7058.0,7739.0
11119.0,7108.0,12845.0
15917.0,12310.0,7739.0
10829.0,7160.0,14473.0
15766.0,12260.0,12730.0
10807.0,7192.0,7739.0
16173.0,12295.0,12682.0
10937.0,12465.0,7773.0
10895.0,7092.0,12826.0
112462.0,459049.0,7545.0
17787.0,7110.0,12754.0
10797.0,7192.0,7739.0
16646.0,12364.0,297460.0
11033.0,7154.0,7543.0
185533.0,12310.0,12789.0
10883.0,6982.0,7705.0
16109.0,12165.0,12654.0
10871.0,7206.0,7755.0
10969.0,12210.0,12425.0
15729.0,12191.0,7641.0
15829.0,7206.0,12918.0
10882.0,7205.0,7741.0
16336.0,12328.0,244400.0
10883.0,7192.0,7807.0
217323.0,12326.0,12523.0
11046.0,12351.0,7445.0
15967.0,7008.0,12881.0
10915.0,12373.0,7669.0
10797.0,7160.0,194061.0
435680.0,7210.0,7709.0
125291.0,12419.0,12879.0
10895.0,7204.0,7775.0
10797.0,12188.0,12779.0
16086.0,7174.0,7675.0
436660.0,12210.0,12814.0
10895.0,12251.0,7741.0
10883.0,7174.0,12488.0
436047.0,203396.0,7709.0
16742.0,7110.0,12493.0
10883.0,7122.0,7739.0
10194.0,12289.0,12453.0
4541.0,7190.0,7675.0
10991.0,12300.0,12585.0
16220.0,12565.0,7643.0
10829.0,7078.0,556207.0
10947.0,7090.0,7739.0
202311.0,12263.0,12640.0
15980.0,7426.0,7675.0
10851.0,12260.0,12902.0
10658.0,7192.0,7641.0
18041.0,12184.0,12842.0
448053.0,12233.0,7641.0
10893.0,7192.0,12437.0
16204.0,12335.0,7741.0
10701.0,7122.0,12779.0
10883.0,7108.0,7609.0
15575.0,12228.0,14618.0
16214.0,12133.0,12681.0
10883.0,7124.0,7755.0
10947.0,7028.0,12683.0
15936.0,12197.0,7757.0
17237.0,456086.0,12556.0
11109.0,7210.0,7885.0
434754.0,7206.0,262251.0
10711.0,12392.0,7741.0
200311.0,12222.0,12945.0
16195.0,7090.0,7705.0
10903.0,7160.0,12793.0
15807.0,458776.0,7739.0
10861.0,7122.0,12653.0
16228.0,12281.0,7543.0
11057.0,7154.0,306015.0
10883.0,13200.0,7643.0
437891.0,12063.0,13080.0
16037.0,7154.0,7739.0
10725.0,12420.0,12879.0
10969.0,7140.0,7739.0
445050.0,12360.0,12754.0
434091.0,7172.0,7755.0
11001.0,7242.0,12992.0
440833.0,12096.0,7803.0
112124.0,7256.0,12683.0
10797.0,12620.0,7741.0
15585.0,12228.0,12718.0
10743.0,7224.0,7741.0
11031.0,12635.0,12754.0
15926.0,7206.0,7791.0
11251.0,7072.0,12550.0
193965.0,12167.0,7775.0
16204.0,13664.0,12764.0
10969.0,12164.0,7739.0
16195.0,7096.0,12813.0
10872.0,12151.0,7739.0
15860.0,7154.0,12762.0
10851.0,12344.0,7677.0
15548.0,7076.0,12862.0
10669.0,186380.0,7739.0
16066.0,7160.0,12624.0
11067.0,12278.0,7805.0
443784.0,7110.0,12717.0
11065.0,7242.0,7805.0
16321.0,12173.0,12913.0
10831.0,7192.0,7803.0
10937.0,12402.0,12657.0
16609.0,7124.0,7643.0
10969.0,12264.0,12357.0
79459.0,12248.0,7643.0
15899.0,7154.0,12826.0
10883.0,7072.0,7641.0
16131.0,12280.0,12838.0
10797.0,7140.0,7707.0
16215.0,12345.0,536947.0
11131.0,7274.0,7609.0
16007.0,12260.0,12946.0
11055.0,12355.0,7579.0
10797.0,7158.0,12826.0
441969.0,7224.0,7675.0
15765.0,12260.0,12622.0
10797.0,12276.0,7675.0
15942.0,7174.0,12970.0
10895.0,12232.0,7641.0
18377.0,7092.0,12773.0
15903.0,7174.0,7741.0
10799.0,12383.0,12879.0
4785.0,7426.0,7741.0
4681.0,459087.0,12879.0
4661.0,7110.0,7775.0
4657.0,12246.0,12737.0
4721.0,7174.0,7641.0
122515.0,12192.0,12574.0
4785.0,12456.0,7675.0
4661.0,7126.0,12794.0
4721.0,12486.0,7741.0
4785.0,7126.0,12752.0
4701.0,7154.0,7641.0
4745.0,12403.0,12563.0
4721.0,12353.0,7803.0
17190.0,7224.0,12781.0
10851.0,7122.0,7641.0
15959.0,12218.0,12927.0
10959.0,7238.0,7705.0
15744.0,12570.0,12883.0
10765.0,7058.0,7543.0
16163.0,12024.0,12630.0
10831.0,458507.0,7641.0
16165.0,13934.0,12522.0
10873.0,7160.0,7739.0
10895.0,12114.0,134996.0
15983.0,7124.0,7755.0
10971.0,7142.0,294263.0
106837.0,12246.0,7700.0
10775.0,129167.0,12797.0
15884.0,7192.0,7739.0
10853.0,206163.0,12683.0
16670.0,7122.0,7739.0
11160.0,7501.0,12717.0
15883.0,12232.0,7805.0
10711.0,12259.0,12487.0
17567.0,7140.0,7739.0
15829.0,7192.0,85820.0
10745.0,12256.0,7755.0
16055.0,7174.0,12778.0
10883.0,12283.0,7775.0
15906.0,7174.0,14654.0
10885.0,12413.0,12862.0
12397.0,7153.0,7707.0
183743.0,12187.0,13003.0
4637.0,12273.0,7755.0
15939.0,7174.0,12622.0
10883.0,7154.0,7775.0
10829.0,12260.0,12683.0
125338.0,7172.0,7677.0
16076.0,12078.0,12687.0
11131.0,7122.0,7755.0
16494.0,460332.0,14783.0
11109.0,12400.0,12956.0
193303.0,7078.0,7659.0
10935.0,7142.0,12682.0
16495.0,12163.0,7773.0
10961.0,7192.0,263835.0
16591.0,12110.0,7739.0
10935.0,458417.0,12845.0
11173.0,7110.0,7789.0
16420.0,7174.0,12804.0
10819.0,12233.0,7757.0
11021.0,7142.0,303706.0
16556.0,12456.0,7577.0
10820.0,12360.0,12817.0
16041.0,7178.0,7741.0
10647.0,7142.0,12686.0
16282.0,12216.0,7641.0
10917.0,7140.0,276693.0
10905.0,12370.0,7843.0
16393.0,458317.0,12551.0
15840.0,7206.0,7707.0
9997.0,7122.0,12709.0
10765.0,12464.0,7757.0
183303.0,7422.0,12813.0
10969.0,12151.0,7707.0
10935.0,7288.0,12730.0
15792.0,12210.0,7739.0
16010.0,7160.0,12681.0
11131.0,12260.0,7739.0
427092.0,12320.0,7267.0
10743.0,7000.0,6786.0
15971.0,7060.0,534759.0
11119.0,12442.0,795.0
10755.0,12246.0,8385.0
436590.0,7140.0,12851.0
4785.0,7140.0,7707.0
13367.0,12328.0,12519.0
4693.0,7192.0,7641.0
4661.0,12347.0,12739.0
4629.0,7090.0,7741.0
4777.0,12228.0,136840.0
4785.0,7000.0,7755.0
268147.0,12173.0,12968.0
10745.0,7206.0,7739.0
214316.0,12327.0,13027.0
16429.0,7110.0,7739.0
11151.0,12438.0,12718.0
15949.0,12292.0,7839.0
10819.0,7190.0,12713.0
10659.0,186504.0,7741.0
439655.0,7110.0,12878.0
16096.0,12199.0,7738.0
10959.0,7178.0,12849.0
10839.0,7140.0,7675.0
428373.0,458303.0,12783.0
12386.0,7124.0,7741.0
185968.0,12160.0,12786.0
434851.0,12213.0,7741.0
10927.0,7122.0,12911.0
10873.0,464685.0,7641.0
432492.0,7160.0,12718.0
432293.0,7092.0,7739.0
10969.0,12147.0,12813.0
15843.0,12182.0,7741.0
10831.0,7032.0,12630.0
85737.0,12287.0,7739.0
10657.0,7206.0,12858.0
15861.0,12364.0,7805.0
10797.0,7206.0,494761.0
10787.0,7078.0,7773.0
15740.0,12245.0,12652.0
16226.0,7140.0,7739.0
10807.0,12269.0,12784.0
15942.0,12173.0,7739.0
10905.0,7174.0,12654.0
16032.0,13895.0,7675.0
10935.0,12312.0,12588.0
15968.0,7092.0,7677.0
11055.0,7174.0,12845.0
15791.0,12160.0,7641.0
10883.0,7222.0,12821.0
11045.0,12502.0,7803.0
51686.0,7090.0,12881.0
10981.0,12402.0,7739.0
17645.0,11990.0,12551.0
10991.0,7154.0,7757.0
436075.0,7108.0,12585.0
15851.0,12278.0,7807.0
10883.0,7274.0,12617.0
10981.0,458961.0,7739.0
15885.0,7206.0,12685.0
11075.0,12333.0,7803.0
16205.0,12360.0,12781.0
435566.0,7090.0,7705.0
10968.0,12190.0,12559.0
16043.0,7108.0,7819.0
10883.0,12242.0,13011.0
16473.0,7190.0,7803.0
11077.0,12273.0,12717.0
16249.0,7008.0,7641.0
10949.0,7160.0,12934.0
10755.0,12516.0,7659.0
440477.0,7206.0,12781.0
10957.0,12146.0,7675.0
15945.0,7206.0,12675.0
10915.0,460496.0,7773.0
16203.0,12342.0,12847.0
15819.0,7174.0,7675.0
10957.0,7110.0,12683.0
15815.0,12242.0,7837.0
4689.0,13633.0,12829.0
10829.0,12387.0,7662.0
10883.0,7224.0,12590.0
435259.0,12494.0,7803.0
11821.0,7338.0,12845.0
51589.0,7072.0,7739.0
15902.0,12197.0,12990.0
10745.0,7160.0,7739.0
16118.0,12242.0,12818.0
10991.0,7160.0,7739.0
16044.0,12217.0,12683.0
10763.0,12342.0,7807.0
12687.0,7092.0,12967.0
443382.0,12367.0,7741.0
15951.0,7026.0,12617.0
10829.0,7088.0,7738.0
16067.0,12290.0,12549.0
10969.0,12300.0,7773.0
10991.0,7224.0,12718.0
16063.0,12230.0,7641.0
10925.0,7206.0,12682.0
16163.0,13111.0,7401.0
26309.0,7206.0,12685.0
10935.0,12433.0,7641.0
4689.0,7092.0,12654.0
15841.0,456643.0,7543.0
10841.0,7242.0,12777.0
16171.0,7172.0,7757.0
10895.0,12133.0,12849.0
15703.0,7172.0,7775.0
11021.0,455789.0,12767.0
13464.0,7192.0,7805.0
4721.0,12240.0,12815.0
4721.0,7160.0,7837.0
4701.0,12209.0,12614.0
4701.0,12335.0,7789.0
4725.0,7108.0,12651.0
11372.0,7206.0,7643.0
16566.0,182504.0,252354.0
16397.0,14421.0,7643.0
11087.0,7124.0,277867.0
16012.0,12159.0,7577.0
10797.0,7122.0,7677.0
10733.0,12782.0,12525.0
435445.0,7092.0,497828.0
16181.0,12254.0,7757.0
10925.0,7087.0,164935.0
17261.0,7053.0,7821.0
438142.0,7059.0,234217.0
10807.0,276395.0,7577.0
15861.0,7103.0,494611.0
11107.0,7297.0,7545.0
182524.0,7137.0,259458.0
11763.0,203382.0,7446.0
10893.0,7169.0,248431.0
10765.0,152748.0,7775.0
16214.0,7117.0,485068.0
10979.0,7153.0,7578.0
202970.0,7105.0,493063.0
437196.0,200996.0,7707.0
10895.0,12409.0,481817.0
15789.0,7092.0,7676.0
10797.0,7053.0,292486.0
15785.0,7167.0,521249.0
10776.0,7140.0,7658.0
16095.0,12309.0,488369.0
10851.0,12074.0,7675.0
465207.0,7058.0,239455.0
13300.0,12277.0,7710.0
668006.0,7092.0,7740.0
13230.0,7135.0,12736.0
13198.0,7169.0,280315.0
671086.0,175554.0,7641.0
671383.0,7117.0,248852.0
13198.0,7121.0,7643.0
663850.0,152756.0,12851.0
13322.0,7122.0,7447.0
693410.0,12193.0,254104.0
13294.0,7105.0,7676.0
671829.0,163642.0,234237.0
13134.0,7067.0,7641.0
13416.0,222799.0,12722.0
478113.0,7137.0,7741.0
450067.0,7108.0,251394.0
13134.0,12061.0,7739.0
695222.0,7201.0,7642.0
13176.0,7135.0,12705.0
449318.0,7087.0,485380.0
13230.0,173604.0,7721.0
13198.0,7140.0,518266.0
665704.0,157032.0,7931.0
13230.0,7117.0,490327.0
449493.0,6989.0,7773.0
664568.0,7140.0,12881.0
13198.0,12150.0,7676.0
13176.0,7192.0,256129.0
692453.0,12490.0,516738.0
464788.0,7169.0,7578.0
13386.0,7260.0,486189.0
677114.0,12284.0,7676.0
13262.0,12163.0,248981.0
13252.0,7121.0,7741.0
659204.0,7135.0,482408.0
13176.0,7187.0,7675.0
676891.0,13421.0,7676.0
438292.0,7122.0,12821.0
13252.0,7128.0,481599.0
665706.0,12322.0,7516.0
13348.0,7173.0,249744.0
465701.0,7058.0,7677.0
13316.0,12688.0,12802.0
13154.0,12773.0,7740.0
699487.0,7128.0,251158.0
469248.0,7122.0,7675.0
13198.0,12254.0,522167.0
458944.0,13776.0,7641.0
13294.0,7040.0,7739.0
692886.0,13077.0,12552.0
13220.0,7174.0,519790.0
698614.0,7122.0,7771.0
13306.0,12842.0,282929.0
693070.0,7105.0,7643.0
13412.0,12825.0,286769.0
699093.0,7122.0,7657.0
13294.0,7129.0,273270.0
471068.0,7169.0,7677.0
13294.0,7169.0,248335.0
481173.0,7201.0,7543.0
692521.0,7108.0,280861.0
13300.0,12231.0,7756.0
13176.0,7128.0,255629.0
695893.0,12222.0,7739.0
424229.0,7092.0,487883.0
13262.0,13313.0,7641.0
697682.0,7117.0,7543.0
13284.0,7169.0,12655.0
453766.0,7117.0,262688.0
13198.0,13353.0,7739.0
672048.0,7108.0,524359.0
13252.0,7190.0,7543.0
663560.0,13008.0,480554.0
13330.0,7169.0,7678.0
460090.0,7117.0,499676.0
13176.0,7169.0,12593.0
465528.0,7237.0,7741.0
13300.0,6980.0,499299.0
695581.0,12394.0,7775.0
13402.0,7117.0,279441.0
424474.0,7169.0,7577.0
697825.0,7169.0,520970.0
13302.0,7105.0,7641.0
461308.0,7122.0,284288.0
13300.0,12675.0,7641.0
695519.0,6971.0,481789.0
13300.0,7137.0,7803.0
692488.0,7117.0,487006.0
13300.0,7174.0,7739.0
447131.0,12199.0,246378.0
13208.0,7034.0,7644.0
665869.0,152940.0,284043.0
13370.0,7169.0,482091.0
13090.0,7255.0,7773.0
466703.0,13345.0,253498.0
693275.0,7174.0,7742.0
13316.0,7169.0,7741.0
440278.0,163469.0,12692.0
13144.0,7126.0,171139.0
13198.0,12797.0,520105.0
640238.0,7169.0,7643.0
696839.0,12301.0,493925.0
13438.0,7108.0,7577.0
451685.0,6980.0,268997.0
13412.0,12172.0,7677.0
660368.0,7160.0,289714.0
13134.0,12565.0,7739.0
469027.0,7192.0,523970.0
13176.0,13238.0,7643.0
447331.0,6971.0,258292.0
13176.0,7092.0,7755.0
668586.0,12420.0,255390.0
13262.0,7187.0,7641.0
457622.0,12404.0,286690.0
13284.0,7192.0,7739.0
665846.0,7067.0,7741.0
13354.0,7126.0,12851.0
693447.0,7171.0,253452.0
13338.0,7135.0,7723.0
466392.0,7103.0,251069.0
13058.0,12509.0,13047.0
668705.0,6994.0,7742.0
13220.0,7103.0,250272.0
664529.0,7110.0,7611.0
13220.0,12286.0,12784.0
13246.0,6995.0,7738.0
670310.0,12640.0,279571.0
446278.0,7140.0,7773.0
13312.0,7071.0,286918.0
13184.0,175415.0,7675.0
683377.0,13111.0,275447.0
647631.0,7140.0,7642.0
13334.0,7122.0,12654.0
696636.0,12316.0,7739.0
13408.0,7135.0,487006.0
13176.0,7254.0,7643.0
670135.0,12642.0,240505.0
13144.0,7105.0,7641.0
683002.0,7116.0,12719.0
455807.0,12677.0,7805.0
13284.0,7108.0,13072.0
13208.0,7155.0,7741.0
657546.0,206814.0,282730.0
453806.0,7092.0,7641.0
13144.0,13134.0,272806.0
454611.0,13909.0,7803.0
13633.0,7092.0,484405.0
659159.0,7040.0,7706.0
13262.0,12793.0,522706.0
660855.0,7155.0,7643.0
13166.0,7160.0,14783.0
13058.0,12670.0,12584.0
658226.0,7135.0,7709.0
677615.0,7040.0,522307.0
13316.0,12281.0,7547.0
448806.0,7187.0,279839.0
13338.0,7174.0,7803.0
13090.0,12204.0,524144.0
668387.0,13331.0,7677.0
13176.0,7160.0,259686.0
641318.0,7117.0,7645.0
687422.0,7192.0,480995.0
13268.0,12764.0,7642.0
663546.0,7105.0,491762.0
13284.0,7117.0,7822.0
448912.0,244194.0,268789.0
13188.0,7149.0,7644.0
694366.0,7073.0,7710.0
13300.0,193663.0,13049.0
669140.0,12181.0,530915.0
13194.0,7058.0,7607.0
463605.0,7117.0,524955.0
13230.0,7085.0,7738.0
677826.0,203940.0,282656.0
13284.0,7117.0,527075.0
689898.0,7126.0,7543.0
13462.0,12313.0,266869.0
693881.0,6927.0,7662.0
13230.0,7110.0,488576.0
641816.0,12399.0,7641.0
13188.0,7105.0,279981.0
694842.0,7211.0,7772.0
13122.0,12537.0,7741.0
691186.0,7072.0,12591.0
13364.0,7096.0,258169.0
699610.0,12738.0,7803.0
661148.0,7105.0,524474.0
13242.0,7053.0,7723.0
454773.0,7122.0,250291.0
13394.0,12348.0,7543.0
13198.0,7169.0,499208.0
689129.0,12625.0,7643.0
554489.0,6976.0,285626.0
13026.0,6977.0,7678.0
13252.0,7087.0,254679.0
640923.0,7187.0,7742.0
434490.0,7135.0,483247.0
13198.0,7108.0,7691.0
693384.0,12226.0,485347.0
13198.0,7087.0,7547.0
672524.0,175437.0,254506.0
13322.0,7071.0,7741.0
666997.0,7065.0,250563.0
13130.0,6989.0,7675.0
468362.0,13862.0,279547.0
13176.0,7173.0,7773.0
694105.0,165740.0,270981.0
13198.0,7117.0,7642.0
670823.0,156858.0,7803.0
13300.0,7192.0,12882.0
13166.0,12272.0,528689.0
686901.0,7149.0,7705.0
449467.0,12492.0,252151.0
13450.0,7108.0,7710.0
695108.0,7003.0,239616.0
13300.0,193327.0,7837.0
664171.0,7123.0,250761.0
13364.0,7122.0,281042.0
483937.0,12195.0,7607.0
13188.0,12313.0,521747.0
450540.0,7058.0,7446.0
13398.0,7149.0,524061.0
666205.0,7122.0,7803.0
13262.0,12472.0,248890.0
694335.0,193561.0,7611.0
13178.0,7121.0,270424.0
665295.0,7072.0,7641.0
13122.0,12263.0,286850.0
449990.0,7251.0,7675.0
13332.0,7076.0,491349.0
451595.0,12218.0,7644.0
13312.0,7140.0,12574.0
695082.0,12227.0,7741.0
13262.0,7137.0,520587.0
697215.0,201374.0,7673.0
13198.0,7219.0,7739.0
698673.0,6976.0,12553.0
13144.0,194122.0,482333.0
672889.0,7053.0,7739.0
13284.0,7187.0,525538.0
13326.0,193567.0,7577.0
657206.0,7201.0,483307.0
451667.0,7178.0,7677.0
13134.0,12629.0,520103.0
690245.0,12245.0,7742.0
13198.0,7174.0,523602.0
444914.0,6958.0,7543.0
13144.0,470975.0,7577.0
671753.0,12328.0,12820.0
13380.0,7222.0,483579.0
441724.0,7187.0,7739.0
13208.0,472667.0,481235.0
450050.0,196063.0,7741.0
13208.0,7168.0,281613.0
664278.0,7108.0,7739.0
13294.0,12176.0,7740.0
466271.0,7105.0,12897.0
13386.0,7139.0,271313.0
451563.0,13760.0,7641.0
13112.0,7058.0,257121.0
692229.0,12372.0,7705.0
13220.0,7169.0,496756.0
694851.0,154887.0,7643.0
13280.0,7117.0,480260.0
13332.0,7053.0,7548.0
698156.0,6855.0,261892.0
666516.0,7174.0,7641.0
13112.0,12124.0,249416.0
698628.0,6971.0,7642.0
13364.0,303974.0,521206.0
451141.0,6995.0,7708.0
13415.0,7192.0,518252.0
13278.0,12810.0,7677.0
396674.0,7076.0,480095.0
664324.0,12222.0,7641.0
13210.0,7169.0,271614.0
13134.0,13014.0,7643.0
442530.0,7160.0,12895.0
453926.0,7219.0,7742.0
13252.0,7117.0,254785.0
458993.0,12096.0,7643.0
13268.0,7174.0,7757.0
458070.0,7155.0,12751.0
13338.0,7122.0,526719.0
698004.0,12559.0,7643.0
13322.0,7108.0,7807.0
697187.0,12427.0,12656.0
13268.0,7174.0,7741.0
13198.0,12770.0,12981.0
640347.0,7110.0,521137.0
697224.0,11848.0,7743.0
13184.0,7219.0,281288.0
13274.0,12331.0,7643.0
695662.0,7173.0,251068.0
13380.0,7067.0,7593.0
680972.0,213634.0,7740.0
13402.0,7140.0,12802.0
447794.0,12577.0,371433.0
470168.0,12163.0,7741.0
13270.0,7160.0,12916.0
13144.0,7035.0,276301.0
672335.0,7174.0,7675.0
692773.0,12286.0,481214.0
13144.0,13116.0,7739.0
374523.0,7108.0,267207.0
13364.0,7222.0,7774.0
13342.0,12222.0,521930.0
422783.0,12363.0,7675.0
692492.0,7122.0,489022.0
13270.0,12683.0,7675.0
703776.0,7174.0,274395.0
13230.0,7155.0,7642.0
454251.0,506273.0,482221.0
13184.0,7110.0,7641.0
452614.0,7135.0,7644.0
13466.0,7108.0,12768.0
666647.0,12164.0,488649.0
13380.0,7173.0,7543.0
461102.0,12222.0,502438.0
13144.0,7174.0,7657.0
13326.0,12304.0,382175.0
696900.0,7174.0,7671.0
13194.0,7122.0,7739.0
645659.0,12175.0,12716.0
688769.0,7169.0,253561.0
13246.0,516707.0,7544.0
13348.0,7187.0,290509.0
445730.0,154949.0,7853.0
443022.0,7149.0,286663.0
13402.0,7160.0,7804.0
13198.0,12659.0,253493.0
450103.0,7219.0,7739.0
13112.0,7169.0,268898.0
658776.0,7169.0,7479.0
13248.0,7090.0,481274.0
452648.0,13258.0,7577.0
668527.0,7174.0,259188.0
13386.0,12341.0,7677.0
443718.0,7160.0,258076.0
13154.0,12258.0,7739.0
672853.0,7071.0,238673.0
13364.0,12419.0,7579.0
697222.0,7174.0,250277.0
13144.0,12484.0,7675.0
696555.0,7174.0,489307.0
13144.0,12684.0,7742.0
462840.0,7237.0,279827.0
13284.0,7192.0,479713.0
462730.0,12286.0,7774.0
13143.0,7053.0,489751.0
13294.0,13106.0,7577.0
695399.0,7174.0,258750.0
454580.0,7003.0,7643.0
13252.0,7087.0,493176.0
465858.0,6953.0,7643.0
13230.0,7190.0,523981.0
694043.0,13361.0,7803.0
13230.0,7187.0,273574.0
13358.0,7121.0,7643.0
692806.0,12656.0,246326.0
695483.0,7174.0,7611.0
13274.0,7140.0,7644.0
695189.0,7169.0,12558.0
13262.0,12321.0,526840.0
672137.0,7160.0,7543.0
13048.0,7058.0,250095.0
698967.0,12541.0,7595.0
13386.0,7035.0,12608.0
695407.0,7140.0,7641.0
13058.0,12239.0,496743.0
668744.0,7053.0,7515.0
13198.0,14672.0,240028.0
333983.0,7122.0,7643.0
661909.0,13333.0,249265.0
13210.0,7155.0,7837.0
460400.0,7028.0,489405.0
13252.0,12258.0,7677.0
13380.0,7115.0,494607.0
695133.0,7135.0,7543.0
664325.0,7185.0,249509.0
13182.0,7117.0,7596.0
669565.0,7110.0,7544.0
13230.0,12176.0,12915.0
424059.0,7105.0,7741.0
12994.0,7128.0,12849.0
13262.0,12254.0,253434.0
280151.0,7053.0,7773.0
707999.0,7103.0,261687.0
13370.0,7300.0,7509.0
665189.0,7105.0,493845.0
13268.0,7123.0,7774.0
692930.0,7117.0,523578.0
13175.0,7122.0,7739.0
13364.0,12520.0,480247.0
669240.0,7169.0,7608.0
695283.0,12194.0,486567.0
13248.0,7159.0,7619.0
691277.0,6957.0,253872.0
13348.0,7219.0,7676.0
433280.0,7122.0,7741.0
13284.0,12417.0,12493.0
13080.0,7117.0,7807.0
406726.0,7087.0,12796.0
691420.0,7201.0,7643.0
13316.0,7107.0,12553.0
15987.0,12273.0,7981.0
10711.0,7053.0,12510.0
15899.0,12685.0,12767.0
14575.0,7192.0,7711.0
119752.0,7169.0,12772.0
11107.0,7155.0,7741.0
16463.0,7174.0,12496.0
11035.0,13505.0,7577.0
15847.0,7160.0,12728.0
11107.0,12187.0,7755.0
15987.0,7117.0,12841.0
11290.0,7140.0,7739.0
16267.0,7169.0,12674.0
11077.0,7169.0,7643.0
15990.0,7117.0,12490.0
10935.0,7174.0,7903.0
15946.0,12336.0,14701.0
11043.0,7117.0,12816.0
16281.0,7155.0,7758.0
11023.0,7110.0,12581.0
110259.0,12386.0,7641.0
11087.0,7199.0,12635.0
16187.0,7108.0,7741.0
16184.0,13077.0,7773.0
10839.0,7256.0,12732.0
10905.0,12128.0,12772.0
15771.0,12834.0,7809.0
16022.0,7110.0,12556.0
10979.0,7123.0,7741.0
17424.0,7160.0,12524.0
11117.0,12287.0,7675.0
16409.0,7122.0,12618.0
11067.0,12209.0,7741.0
212893.0,7092.0,7739.0
15754.0,12175.0,12483.0
10967.0,7192.0,12737.0
16282.0,12239.0,7644.0
11151.0,7121.0,12706.0
15980.0,7242.0,7739.0
10883.0,12338.0,12579.0
474557.0,7122.0,7739.0
10905.0,12541.0,12930.0
15709.0,12458.0,7739.0
10957.0,7092.0,12818.0
16184.0,7169.0,7741.0
10809.0,7158.0,12566.0
11053.0,12208.0,7675.0
16110.0,7199.0,12755.0
438275.0,7105.0,7823.0
11085.0,6977.0,12487.0
15901.0,7169.0,7739.0
10915.0,7174.0,12605.0
10990.0,13205.0,7709.0
16140.0,7117.0,7707.0
11055.0,7028.0,12862.0
15927.0,12231.0,12644.0
11043.0,7140.0,7775.0
82190.0,12519.0,12836.0
11390.0,7169.0,7807.0
15915.0,7092.0,12603.0
15942.0,12372.0,7741.0
10967.0,7133.0,12587.0
4817.0,12811.0,7773.0
13432.0,7026.0,12782.0
5467.0,7174.0,7739.0
4725.0,12276.0,7607.0
4777.0,7155.0,12685.0
4817.0,12323.0,12949.0
10915.0,7092.0,7741.0
16151.0,7135.0,12902.0
10831.0,12724.0,7609.0
432101.0,7142.0,12423.0
11119.0,7092.0,7604.0
15968.0,12337.0,12806.0
16368.0,7108.0,7803.0
10850.0,12254.0,12653.0
127401.0,7201.0,7773.0
11055.0,7135.0,12834.0
10957.0,7117.0,7773.0
176672.0,7105.0,12680.0
10807.0,813.0,7741.0
128775.0,7169.0,12762.0
15945.0,7117.0,7542.0
10841.0,7153.0,13009.0
17521.0,7201.0,7740.0
15977.0,7213.0,7773.0
11107.0,7035.0,12608.0
4689.0,7045.0,12649.0
844514.0,12436.0,7805.0
6846.0,7169.0,7775.0
88988.0,7174.0,12719.0
11085.0,12639.0,12651.0
11898.0,7206.0,7739.0
15637.0,12237.0,12617.0
16158.0,12305.0,7705.0
10775.0,7174.0,12642.0
11021.0,7116.0,7643.0
16160.0,7107.0,7677.0
10979.0,13650.0,12589.0
52191.0,12597.0,12784.0
15771.0,7128.0,7641.0
10883.0,7039.0,12991.0
15968.0,7173.0,7773.0
11297.0,7174.0,12813.0
4757.0,12277.0,7479.0
5023.0,6953.0,12634.0
43298.0,7039.0,7643.0
4964.0,7058.0,12717.0
4785.0,7169.0,7677.0
4757.0,7026.0,12665.0
4785.0,12373.0,7641.0
4725.0,7192.0,12728.0
17699.0,12326.0,7755.0
10969.0,7087.0,12826.0
16000.0,7135.0,7709.0
11013.0,7028.0,12599.0
16325.0,12227.0,7543.0
16181.0,7090.0,12796.0
11001.0,12510.0,7479.0
10743.0,7035.0,14412.0
15856.0,7201.0,12825.0
10807.0,7174.0,7641.0
15858.0,12227.0,12569.0
18746.0,7153.0,7739.0
16009.0,7122.0,12669.0
11175.0,12241.0,7675.0
15953.0,7035.0,7641.0
10787.0,7135.0,12762.0
17234.0,7160.0,7773.0
10713.0,12230.0,13024.0
16075.0,7026.0,12826.0
10883.0,12319.0,7739.0
10829.0,12254.0,12698.0
16081.0,7190.0,7643.0
16022.0,12161.0,7713.0
10883.0,7108.0,12848.0
15921.0,6974.0,12620.0
10849.0,7224.0,7641.0
16337.0,12450.0,12568.0
11131.0,7140.0,7577.0
10711.0,12123.0,12716.0
16585.0,7087.0,7773.0
16045.0,7187.0,7647.0
10957.0,7058.0,12827.0
16608.0,12309.0,12513.0
11097.0,12304.0,7677.0
15970.0,7190.0,12913.0
11055.0,773.0,7837.0
10915.0,7117.0,12795.0
16192.0,7119.0,7643.0
16237.0,7023.0,7745.0
10991.0,7185.0,13185.0
110473.0,7040.0,12554.0
11033.0,12208.0,7675.0
15569.0,7044.0,7640.0
10969.0,12155.0,12774.0
158586.0,7123.0,12715.0
11872.0,7204.0,7739.0
10905.0,12551.0,12587.0
15924.0,6895.0,7773.0
11089.0,7117.0,12568.0
16023.0,6957.0,7707.0
16345.0,6989.0,13456.0
10980.0,7058.0,7837.0
16163.0,12057.0,12676.0
10711.0,7155.0,7641.0
17263.0,7160.0,12843.0
16124.0,12857.0,7851.0
11099.0,7174.0,12659.0
10935.0,13367.0,7645.0
16140.0,7129.0,12732.0
16149.0,7071.0,7707.0
10797.0,7122.0,12584.0
10883.0,12542.0,7773.0
15807.0,7160.0,12717.0
11224.0,13314.0,7755.0
15892.0,7141.0,14763.0
11077.0,7092.0,12772.0
210141.0,12290.0,7741.0
16073.0,12661.0,12549.0
11043.0,7108.0,7789.0
11798.0,7201.0,12823.0
15806.0,7065.0,7837.0
15636.0,7169.0,7741.0
10669.0,7122.0,12489.0
10863.0,12283.0,12719.0
15961.0,7122.0,7741.0
15939.0,7187.0,12706.0
10969.0,7076.0,7741.0
10993.0,12505.0,12848.0
79410.0,15557.0,7789.0
15766.0,7135.0,12740.0
10947.0,7135.0,7707.0
16096.0,12739.0,12836.0
10883.0,7122.0,7777.0
10969.0,7169.0,12864.0
15949.0,7122.0,7607.0
16041.0,12265.0,12651.0
10849.0,7256.0,7741.0
10895.0,13563.0,8063.0
15981.0,7169.0,12948.0
16098.0,7105.0,12525.0
10883.0,7105.0,7739.0
10915.0,7274.0,12623.0
15967.0,12479.0,7675.0
17713.0,7035.0,12534.0
10981.0,7160.0,7575.0
16184.0,7191.0,12600.0
11055.0,12720.0,7579.0
16263.0,7155.0,12653.0
11021.0,7119.0,7739.0
16172.0,7105.0,12643.0
10935.0,7117.0,7839.0
15974.0,7103.0,12661.0
11389.0,7187.0,7691.0
15846.0,7173.0,12799.0
11107.0,7169.0,7741.0
11023.0,12294.0,12665.0
15795.0,7096.0,7739.0
10819.0,7317.0,12651.0
16000.0,7172.0,7675.0
11001.0,12290.0,12720.0
138461.0,7187.0,7739.0
11001.0,7001.0,12630.0
16397.0,7231.0,7675.0
10777.0,7122.0,7741.0
16140.0,12562.0,12650.0
16032.0,7199.0,7739.0
10969.0,12502.0,12929.0
10883.0,7154.0,12722.0
15902.0,7105.0,7773.0
16336.0,7122.0,12826.0
10905.0,12668.0,7775.0
10883.0,12272.0,12512.0
15992.0,7122.0,7773.0
10979.0,7174.0,7775.0
224980.0,12387.0,12926.0
16173.0,7222.0,12850.0
10981.0,12144.0,7742.0
15761.0,12340.0,12818.0
10935.0,7192.0,7642.0
16291.0,7140.0,12608.0
11077.0,12305.0,7803.0
15885.0,6953.0,14479.0
10969.0,7117.0,12762.0
16116.0,7174.0,7577.0
11045.0,12409.0,7643.0
128949.0,7201.0,12881.0
10895.0,12273.0,7805.0
15970.0,7110.0,12619.0
10843.0,7035.0,12815.0
11053.0,7108.0,7711.0
472796.0,12127.0,12619.0
185667.0,7186.0,7773.0
10841.0,7187.0,12569.0
16291.0,7053.0,7739.0
11077.0,7110.0,12750.0
10969.0,13321.0,7611.0
474341.0,6976.0,12521.0
10981.0,12232.0,7611.0
16172.0,12373.0,12259.0
15955.0,7000.0,7543.0
10881.0,12128.0,12654.0
15890.0,7122.0,7578.0
10829.0,7140.0,12700.0
15977.0,12296.0,7773.0
10851.0,7174.0,7585.0
10969.0,12096.0,12470.0
437475.0,12310.0,12489.0
10765.0,6968.0,7641.0
16257.0,12491.0,12662.0
16019.0,7206.0,7739.0
10849.0,12022.0,12675.0
10935.0,7136.0,7641.0
16050.0,442265.0,12518.0
15838.0,7174.0,7773.0
10743.0,7072.0,7705.0
16120.0,12385.0,12750.0
11021.0,12309.0,12586.0
16320.0,7122.0,7773.0
11013.0,12358.0,12753.0
15937.0,7040.0,7678.0
10863.0,12364.0,12502.0
441046.0,7205.0,7579.0
10969.0,7206.0,12559.0
16162.0,12315.0,7641.0
10969.0,7092.0,12827.0
16665.0,12282.0,7642.0
10765.0,12263.0,12564.0
11055.0,7090.0,7773.0
16409.0,12312.0,12637.0
17007.0,7158.0,7513.0
10927.0,12254.0,12412.0
15806.0,30134.0,7739.0
10819.0,7122.0,7880.0
15884.0,7192.0,13190.0
10775.0,12287.0,8022.0
10969.0,7124.0,12879.0
15946.0,12131.0,12794.0
15929.0,7206.0,7641.0
10806.0,12199.0,12684.0
15906.0,12239.0,7707.0
10807.0,7124.0,12569.0
10883.0,7172.0,7773.0
16063.0,11924.0,7771.0
16085.0,12299.0,12719.0
11139.0,7139.0,12589.0
15889.0,7042.0,7741.0
10967.0,12048.0,12630.0
89496.0,12051.0,7709.0
10883.0,7206.0,12600.0
10871.0,12707.0,7708.0
15828.0,7072.0,12589.0
16248.0,12308.0,7705.0
10927.0,7042.0,12706.0
10969.0,7192.0,7741.0
230466.0,12228.0,12617.0
15765.0,7110.0,7675.0
10723.0,12296.0,12602.0
10883.0,12200.0,7513.0
82368.0,7173.0,12620.0
10969.0,7174.0,7773.0
222580.0,12225.0,12783.0
11129.0,7174.0,7677.0
16141.0,12535.0,7649.0
15860.0,12251.0,13404.0
10969.0,7058.0,12672.0
16118.0,7142.0,7741.0
11055.0,12336.0,7741.0
11139.0,7274.0,12730.0
15955.0,12149.0,12576.0
239873.0,7078.0,7675.0
10732.0,12163.0,12505.0
15989.0,12274.0,7619.0
11101.0,7092.0,12661.0
10883.0,12087.0,7741.0
157748.0,7172.0,7805.0
16291.0,7076.0,12683.0
11109.0,12306.0,12753.0
16054.0,13201.0,7741.0
10723.0,7174.0,7711.0
16809.0,7012.0,12879.0
10981.0,12336.0,12804.0
12279.0,7210.0,7641.0
16248.0,12246.0,12661.0
10939.0,7192.0,7706.0
16280.0,12460.0,12774.0
16217.0,12324.0,7791.0
11099.0,7140.0,12642.0
10935.0,7191.0,7773.0
474458.0,12208.0,12619.0
16000.0,6950.0,7645.0
10883.0,12369.0,7757.0
16234.0,7154.0,12719.0
10893.0,13594.0,12786.0
108099.0,6958.0,7775.0
10935.0,12382.0,12781.0
150284.0,7140.0,7577.0
11055.0,12238.0,763.0
10819.0,12482.0,6186.0
15872.0,7206.0,11833.0
15980.0,7174.0,7677.0
10883.0,12210.0,8466.0
10903.0,12172.0,12708.0
18550.0,7238.0,7805.0
10935.0,7174.0,12698.0
142786.0,12305.0,7643.0
17251.0,7110.0,12569.0
10883.0,12183.0,7545.0
15957.0,12264.0,12674.0
11067.0,6982.0,7545.0
164893.0,13962.0,12553.0
11107.0,12099.0,7741.0
15859.0,7122.0,7607.0
10947.0,12492.0,12885.0
10883.0,7008.0,12642.0
15815.0,7012.0,7577.0
16042.0,12160.0,12472.0
11001.0,7173.0,7675.0
15883.0,12342.0,12653.0
10883.0,13870.0,7739.0
10883.0,12242.0,12760.0
107786.0,7172.0,7773.0
481347.0,12356.0,12793.0
11045.0,7014.0,7773.0
489782.0,7142.0,12686.0
10979.0,12233.0,7675.0
225918.0,7306.0,12702.0
11021.0,12196.0,7757.0
11023.0,7192.0,14603.0
16010.0,12386.0,12434.0
15955.0,7174.0,7674.0
10797.0,12324.0,12557.0
213042.0,7160.0,7641.0
10957.0,12237.0,12596.0
11107.0,7126.0,7803.0
130100.0,12201.0,12644.0
11055.0,12740.0,7545.0
15713.0,7090.0,14580.0
15850.0,7274.0,12749.0
10723.0,12278.0,7741.0
11107.0,7206.0,7641.0
16170.0,12474.0,12922.0
15847.0,12095.0,12634.0
10849.0,7142.0,7739.0
17051.0,7192.0,12655.0
10969.0,12004.0,7741.0
11055.0,7154.0,12632.0
15936.0,12265.0,7739.0
11151.0,12315.0,12891.0
16076.0,7122.0,7611.0
15988.0,12242.0,12754.0
10605.0,7026.0,7739.0
15869.0,7122.0,12652.0
10969.0,12186.0,7643.0
16149.0,7072.0,14750.0
10893.0,12406.0,12820.0
10937.0,7174.0,7775.0
15961.0,12128.0,12717.0
16054.0,7288.0,7677.0
10799.0,12428.0,14461.0
10765.0,7174.0,12696.0
16009.0,12210.0,7739.0
15905.0,12368.0,12453.0
10883.0,7108.0,7611.0
10885.0,12423.0,12598.0
551363.0,7122.0,7741.0
16281.0,7090.0,12748.0
10787.0,12223.0,7643.0
19537.0,7154.0,12825.0
18082.0,12296.0,7739.0
16151.0,7154.0,12674.0
11077.0,12250.0,7711.0
11077.0,12354.0,12683.0
16451.0,7122.0,7803.0
11151.0,7142.0,12649.0
16473.0,12277.0,7739.0
11045.0,7028.0,12683.0
16417.0,12279.0,7741.0
10915.0,7142.0,12844.0
16294.0,12359.0,7837.0
10851.0,12281.0,12976.0
16183.0,7191.0,7805.0
16451.0,7110.0,12576.0
11043.0,12250.0,7773.0
16439.0,13806.0,12792.0
10904.0,12273.0,7641.0
11023.0,7242.0,12658.0
16527.0,444108.0,7659.0
11077.0,7026.0,12569.0
16547.0,7110.0,7755.0
10873.0,12404.0,12780.0
16227.0,7174.0,7705.0
10905.0,439650.0,12656.0
16171.0,12246.0,7675.0
11067.0,7128.0,12793.0
17207.0,453578.0,7739.0
16467.0,7108.0,12782.0
10959.0,6976.0,7757.0
11023.0,12196.0,12947.0
16099.0,7255.0,7739.0
11183.0,12078.0,12760.0
16389.0,29758.0,7741.0
10821.0,7108.0,12587.0
16269.0,12321.0,7741.0
11151.0,12167.0,12781.0
16024.0,7092.0,7789.0
11109.0,7367.0,12685.0
16504.0,12266.0,7641.0
16345.0,7174.0,12751.0
10925.0,12576.0,7709.0
11173.0,445225.0,12815.0
16325.0,7058.0,7641.0
11205.0,12442.0,12781.0
16077.0,7224.0,7741.0
11107.0,12264.0,12388.0
16279.0,7060.0,7677.0
16463.0,7122.0,12704.0
11055.0,12213.0,7923.0
10980.0,12310.0,12749.0
16431.0,7110.0,7739.0
16693.0,12370.0,12811.0
11259.0,7154.0,7577.0
11065.0,449585.0,12622.0
16225.0,7210.0,7667.0
16068.0,12196.0,12838.0
11063.0,7224.0,7641.0
11247.0,7210.0,12817.0
17014.0,12247.0,7677.0
11195.0,7122.0,13119.0
16102.0,12227.0,7757.0
11067.0,7206.0,7641.0
16240.0,12210.0,12979.0
10936.0,7206.0,7743.0
16099.0,12291.0,12681.0
16053.0,12360.0,7740.0
11043.0,7110.0,12618.0
17995.0,12222.0,7773.0
11368.0,7174.0,12423.0
15959.0,7154.0,7820.0
16501.0,12341.0,12828.0
11163.0,7172.0,7739.0
10915.0,12128.0,12911.0
16301.0,12263.0,7741.0
10991.0,7058.0,12494.0
16369.0,12387.0,7855.0
11121.0,7154.0,12740.0
16473.0,12354.0,7773.0
11131.0,7204.0,81769.0
215164.0,12328.0,7739.0
11087.0,7096.0,12815.0
16400.0,7124.0,7675.0
10981.0,12254.0,12587.0
16377.0,12537.0,7707.0
11237.0,7154.0,12619.0
16259.0,7210.0,7803.0
11099.0,12465.0,12484.0
16490.0,7617.0,7641.0
11001.0,12356.0,12717.0
16387.0,12079.0,7773.0
11215.0,7190.0,14629.0
16334.0,7108.0,12879.0
16043.0,12246.0,7709.0
11131.0,7128.0,12718.0
16559.0,12477.0,7741.0
10937.0,7072.0,12749.0
10937.0,12538.0,7756.0
16421.0,7690.0,12883.0
11195.0,12616.0,7641.0
16409.0,7991.0,12587.0
11001.0,12291.0,7673.0
16311.0,7158.0,12545.0
16345.0,12296.0,7755.0
11043.0,12260.0,12741.0
16225.0,7210.0,7773.0
10905.0,12442.0,13105.0
199436.0,7014.0,7641.0
10829.0,7014.0,12588.0
16874.0,12191.0,7741.0
10991.0,12304.0,12785.0
16100.0,7008.0,7643.0
10929.0,7154.0,12683.0
16387.0,12228.0,7775.0
11129.0,7092.0,12911.0
16129.0,12326.0,7643.0
16151.0,7174.0,12693.0
11163.0,12508.0,7643.0
11023.0,7124.0,12645.0
16367.0,12116.0,7607.0
11045.0,12310.0,12845.0
16397.0,7174.0,7705.0
11065.0,12228.0,12615.0
16419.0,7092.0,7577.0
10959.0,12369.0,12847.0
16214.0,7174.0,7739.0
11023.0,7154.0,12838.0
16161.0,12114.0,7803.0
11097.0,6962.0,12387.0
16945.0,12750.0,7741.0
11023.0,7206.0,12654.0
16279.0,12128.0,7757.0
11163.0,7058.0,12619.0
16380.0,12183.0,7691.0
18808.0,7040.0,12751.0
10937.0,12300.0,7741.0
16010.0,12270.0,12749.0
10959.0,7192.0,7773.0
16237.0,13788.0,12749.0
10959.0,12310.0,7641.0
16186.0,7178.0,12516.0
16290.0,7206.0,7675.0
10851.0,12405.0,12783.0
16517.0,7192.0,7641.0
10937.0,12246.0,12911.0
10915.0,7224.0,7739.0
16636.0,12424.0,14436.0
11185.0,7090.0,12617.0
16357.0,12232.0,7675.0
10937.0,12190.0,12946.0
16110.0,7078.0,7579.0
16420.0,7256.0,12815.0
11109.0,12232.0,7773.0
10981.0,12405.0,12817.0
16281.0,7160.0,7643.0
11087.0,7124.0,12685.0
16131.0,12081.0,7641.0
11074.0,7154.0,12578.0
16014.0,12502.0,7739.0
11183.0,7142.0,12677.0
15944.0,12360.0,7741.0
16195.0,7154.0,14858.0
10971.0,12324.0,12732.0
11067.0,6962.0,7643.0
16065.0,12165.0,12522.0
11043.0,12222.0,7805.0
16291.0,7122.0,12624.0
16259.0,7122.0,7577.0
10957.0,12137.0,12792.0
16225.0,12128.0,7577.0
10817.0,7206.0,12621.0
11023.0,12228.0,7641.0
16517.0,7154.0,12902.0
11185.0,6982.0,7645.0
16344.0,12278.0,12588.0
10915.0,14000.0,7445.0
16483.0,12210.0,12715.0
10937.0,7122.0,7675.0
16407.0,7160.0,12781.0
17921.0,12246.0,7643.0
16268.0,7224.0,12860.0
10927.0,12637.0,7739.0
11077.0,12474.0,12803.0
16569.0,7174.0,7579.0
11087.0,7154.0,12867.0
16969.0,12829.0,7805.0
11023.0,12160.0,12718.0
16387.0,7124.0,7773.0
11045.0,7224.0,12721.0
16401.0,12274.0,7741.0
10991.0,7160.0,12740.0
16319.0,12210.0,7513.0
11057.0,12287.0,12578.0
16262.0,7174.0,7757.0
16505.0,12277.0,12666.0
10915.0,7204.0,7923.0
11053.0,12095.0,12767.0
16278.0,7072.0,7757.0
16485.0,12349.0,14686.0
10851.0,7008.0,12516.0
16246.0,6962.0,7803.0
10829.0,12324.0,12587.0
11131.0,7122.0,7705.0
16126.0,12228.0,12590.0
11077.0,12131.0,7643.0
16767.0,7206.0,12651.0
16306.0,12278.0,7675.0
10991.0,7160.0,12783.0
16387.0,7040.0,7757.0
11225.0,12110.0,12717.0
11234.0,7154.0,7709.0
16969.0,12146.0,12655.0
10933.0,12292.0,7741.0
16237.0,7160.0,12826.0
11131.0,12278.0,7640.0
16157.0,7122.0,12566.0
15998.0,12164.0,7773.0
11045.0,7178.0,12749.0
11013.0,7174.0,7803.0
16399.0,12242.0,12815.0
17110.0,12442.0,7837.0
10871.0,7010.0,12585.0
11067.0,7092.0,7755.0
16377.0,12278.0,12683.0
11013.0,7174.0,7739.0
17381.0,12328.0,12633.0
18798.0,12242.0,7755.0
18260.0,7110.0,12850.0
16103.0,12093.0,7773.0
10981.0,7140.0,12622.0
11109.0,7174.0,7757.0
16118.0,12245.0,7696.0
10991.0,7154.0,12819.0
16864.0,12131.0,12490.0
18152.0,12287.0,7675.0
11109.0,7014.0,12701.0
16269.0,12358.0,7675.0
17038.0,7110.0,12717.0
10787.0,7026.0,7773.0
10959.0,12246.0,12717.0
15991.0,7032.0,7803.0
11129.0,12244.0,12553.0
16208.0,7158.0,7741.0
11129.0,11971.0,12731.0
16151.0,7058.0,7773.0
10993.0,12122.0,12825.0
16108.0,7210.0,7775.0
16333.0,12310.0,12862.0
11097.0,7090.0,7773.0
11053.0,12369.0,12574.0
16421.0,12270.0,7739.0
11153.0,6976.0,12717.0
16272.0,7040.0,7641.0
11109.0,12265.0,12512.0
16178.0,12160.0,7772.0
16045.0,7192.0,12849.0
11023.0,7058.0,7741.0
10967.0,12381.0,12649.0
16357.0,7154.0,7741.0
10937.0,12210.0,7543.0
16217.0,12222.0,12526.0
16979.0,7058.0,12747.0
11023.0,12170.0,7755.0
11087.0,7000.0,12781.0
16625.0,12342.0,7677.0
11087.0,7128.0,12756.0
16679.0,7108.0,7741.0
11119.0,12355.0,12708.0
16211.0,7174.0,8048.0
10841.0,11973.0,12614.0
16355.0,12178.0,7579.0
11281.0,7072.0,14584.0
16345.0,7192.0,12792.0
11077.0,12274.0,7579.0
16269.0,12226.0,12608.0
11129.0,7288.0,7621.0
16348.0,12103.0,12589.0
18352.0,7040.0,7741.0
11109.0,12292.0,12747.0
16311.0,7160.0,7739.0
10949.0,7140.0,12883.0
16249.0,12175.0,7643.0
11131.0,7224.0,12681.0
17727.0,12430.0,7739.0
18052.0,7000.0,12223.0
11129.0,12173.0,7543.0
16505.0,7206.0,12653.0
11119.0,12288.0,7739.0
4637.0,12470.0,12749.0
16012.0,7206.0,7577.0
11045.0,12321.0,12607.0
11045.0,7026.0,7739.0
17337.0,12373.0,12970.0
16709.0,7124.0,7607.0
11065.0,12370.0,12651.0
11227.0,7160.0,7757.0
16088.0,12465.0,12829.0
16069.0,7071.0,7773.0
11153.0,12224.0,12717.0
16326.0,7206.0,7675.0
10927.0,12306.0,12464.0
10831.0,7154.0,7641.0
16248.0,7224.0,12551.0
11045.0,12179.0,7837.0
16398.0,12425.0,12717.0
215298.0,7256.0,7741.0
11109.0,7174.0,13293.0
11013.0,12118.0,7763.0
16409.0,7110.0,12813.0
16505.0,12174.0,7739.0
11099.0,12343.0,12802.0
17912.0,7192.0,7706.0
17838.0,7223.0,12683.0
11045.0,12306.0,7643.0
16905.0,12177.0,12550.0
10851.0,7108.0,7641.0
16323.0,7122.0,12824.0
11067.0,12085.0,7577.0
16257.0,7174.0,12580.0
11055.0,12293.0,7675.0
16195.0,12210.0,7607.0
10907.0,7174.0,12745.0
16473.0,7140.0,12422.0
10981.0,12292.0,7545.0
16269.0,7078.0,12654.0
11013.0,7142.0,7609.0
16215.0,12126.0,12979.0
11121.0,12260.0,7757.0
15979.0,7140.0,12686.0
11075.0,12288.0,7773.0
16355.0,7126.0,12749.0
16578.0,7192.0,7805.0
11141.0,12361.0,12556.0
16335.0,7108.0,7675.0
10841.0,12255.0,12781.0
11067.0,7174.0,7739.0
16611.0,12327.0,12751.0
10926.0,12279.0,7741.0
16289.0,7110.0,12517.0
16505.0,12393.0,7675.0
10925.0,7288.0,12658.0
11131.0,7174.0,7673.0
16310.0,12051.0,12556.0
16345.0,12110.0,7739.0
11023.0,7192.0,12670.0
11045.0,12245.0,7739.0
16355.0,7174.0,12487.0
16281.0,7124.0,7789.0
10990.0,12361.0,12658.0
11023.0,12215.0,7643.0
16151.0,7160.0,12617.0
16183.0,12206.0,7775.0
10755.0,7160.0,12683.0
10981.0,7274.0,7641.0
16338.0,12320.0,12542.0
15891.0,12314.0,7741.0
11099.0,7154.0,12653.0
16765.0,12343.0,7641.0
10991.0,7206.0,12714.0
11077.0,12223.0,7705.0
16161.0,7174.0,12727.0
16183.0,7122.0,7677.0
11141.0,12571.0,12883.0
16333.0,7122.0,7741.0
11119.0,12446.0,12519.0
16325.0,12306.0,7543.0
11075.0,7192.0,12893.0
11001.0,7122.0,7757.0
16301.0,12163.0,7641.0
10989.0,7058.0,12415.0
16355.0,12456.0,12720.0
10959.0,12229.0,7641.0
215882.0,7224.0,12553.0
16132.0,12365.0,7641.0
11151.0,7204.0,12717.0
11217.0,7154.0,7771.0
16259.0,12124.0,12881.0
11045.0,12314.0,7740.0
16172.0,7174.0,12682.0
16234.0,7122.0,7641.0
11119.0,12425.0,12811.0
16949.0,6958.0,7643.0
11097.0,12521.0,12781.0
16098.0,12291.0,7675.0
11023.0,7124.0,14750.0
16237.0,12179.0,12715.0
11131.0,7224.0,7805.0
16163.0,7206.0,12619.0
10949.0,12147.0,7741.0
11217.0,7206.0,12717.0
16409.0,12129.0,7657.0
16231.0,7192.0,7757.0
10991.0,12388.0,13110.0
11013.0,7160.0,12712.0
16326.0,12147.0,7741.0
16236.0,12192.0,12882.0
11107.0,7058.0,7739.0
11035.0,7122.0,12730.0
16387.0,12279.0,7479.0
11298.0,12263.0,12720.0
16725.0,7174.0,7739.0
11045.0,12324.0,12860.0
16235.0,7108.0,7611.0
16346.0,7174.0,12651.0
11011.0,12274.0,7773.0
11087.0,7174.0,12717.0
16464.0,12343.0,7739.0
11193.0,7122.0,13000.0
16406.0,12374.0,7739.0
16387.0,12172.0,12321.0
11067.0,7174.0,7739.0
11163.0,7090.0,12717.0
16192.0,12086.0,7741.0
16374.0,7160.0,12585.0
11045.0,12338.0,7677.0
16183.0,7040.0,42615.0
11001.0,12192.0,7641.0
16168.0,12245.0,71946.0
11129.0,7160.0,7773.0
16284.0,7192.0,42625.0
10991.0,12191.0,7709.0
16356.0,7210.0,89514.0
11217.0,12161.0,7741.0
11150.0,6960.0,44086.0
16514.0,12302.0,699.0
16313.0,7142.0,1538.0
11173.0,12324.0,1303.0
11099.0,7174.0,827.0
16310.0,12182.0,8407.0
11151.0,7160.0,7643.0
16524.0,12439.0,576348.0
16300.0,7092.0,176031.0
11217.0,11987.0,7641.0
16256.0,7040.0,234394.0
11141.0,12411.0,7741.0
16170.0,7154.0,7545.0
11001.0,12159.0,273671.0
16352.0,6982.0,42807.0
11045.0,12134.0,7643.0
16193.0,7092.0,107883.0
11077.0,12243.0,7641.0
11023.0,12311.0,202414.0
16300.0,7206.0,7675.0
11225.0,7192.0,200127.0
16348.0,12243.0,7837.0
16258.0,7206.0,211831.0
11109.0,12421.0,7643.0
16238.0,12425.0,551171.0
11097.0,7224.0,92664.0
16196.0,12388.0,7773.0
11193.0,6958.0,199457.0
11205.0,7122.0,7773.0
16336.0,12777.0,4796.0
16217.0,7154.0,7805.0
11044.0,12079.0,336542.0
10959.0,7092.0,7803.0
16336.0,12288.0,311219.0
16279.0,7122.0,211251.0
11077.0,12263.0,7805.0
16364.0,12342.0,198769.0
11077.0,7216.0,7741.0
16463.0,12191.0,192881.0
11249.0,7092.0,7641.0
16377.0,12211.0,310024.0
11217.0,7178.0,7641.0
16596.0,12374.0,245421.0
11097.0,7090.0,8251.0
11131.0,7205.0,328392.0
16202.0,13360.0,7800.0
16301.0,7174.0,110853.0
11113.0,12097.0,7577.0
10937.0,12224.0,108950.0
16432.0,7192.0,7739.0
16440.0,12397.0,193749.0
11099.0,7040.0,7675.0
11067.0,13764.0,4103.0
16591.0,7206.0,7739.0
16486.0,12320.0,180706.0
11129.0,7154.0,7772.0
16364.0,12392.0,80805.0
10937.0,7072.0,7675.0
16414.0,12370.0,234749.0
11077.0,12229.0,7709.0
11247.0,7242.0,349500.0
16524.0,12425.0,7803.0
10959.0,7206.0,7545.0
16462.0,7159.0,42825.0
16278.0,12236.0,109166.0
10895.0,7206.0,7643.0
16173.0,12182.0,191823.0
10959.0,7206.0,7773.0
16292.0,12247.0,246022.0
11185.0,7124.0,7805.0
16069.0,12397.0,7445.0
10991.0,7204.0,235442.0
11151.0,12420.0,71821.0
16084.0,6976.0,7871.0
17878.0,12165.0,7741.0
16572.0,12094.0,763.0
11141.0,7072.0,213009.0
17877.0,7222.0,7741.0
16310.0,12292.0,191520.0
10981.0,12361.0,7773.0
16384.0,7154.0,203397.0
11067.0,7078.0,7709.0
16042.0,12360.0,71443.0
11087.0,7174.0,7739.0
10991.0,12145.0,5831.0
16312.0,7160.0,7577.0
16292.0,12156.0,763.0
11096.0,7122.0,7675.0
11141.0,12166.0,7675.0
16387.0,7058.0,42612.0
11045.0,12372.0,7741.0
16474.0,12324.0,109315.0
16008.0,7090.0,4860.0
10841.0,12426.0,7807.0
16354.0,7224.0,7837.0
11045.0,7192.0,42619.0
16486.0,12297.0,80073.0
11013.0,7154.0,7741.0
11109.0,12193.0,763.0
16546.0,12470.0,7576.0
11077.0,7224.0,42595.0
16320.0,7206.0,7739.0
16560.0,12255.0,111634.0
11077.0,7122.0,7850.0
16389.0,12338.0,199895.0
11043.0,12424.0,7585.0
16442.0,7108.0,42481.0
11043.0,7174.0,7803.0
16546.0,12279.0,7773.0
11131.0,12067.0,108491.0
16400.0,7128.0,71553.0
10927.0,7174.0,7579.0
16160.0,12370.0,208790.0
11195.0,7040.0,7707.0
16373.0,12373.0,7773.0
11131.0,12229.0,192061.0
16260.0,7072.0,246587.0
11013.0,7438.0,7807.0
11153.0,12284.0,233998.0
16173.0,12310.0,7741.0
16160.0,7092.0,7803.0
11107.0,12338.0,237158.0
16454.0,7174.0,33100.0
11153.0,7190.0,7769.0
10979.0,12447.0,7547.0
16186.0,7306.0,43137.0
16453.0,12185.0,7675.0
11183.0,7206.0,582223.0
586000.0,12160.0,12056.0
11151.0,13181.0,7803.0
11023.0,7026.0,346356.0
16271.0,7140.0,7641.0
16226.0,12229.0,7706.0
11099.0,12457.0,214127.0
16304.0,7128.0,311837.0
11045.0,12509.0,7805.0
16473.0,7122.0,190055.0
10927.0,12495.0,7739.0
16278.0,7122.0,4103.0
11131.0,12420.0,7643.0
16396.0,7128.0,350779.0
11067.0,12325.0,7741.0
10959.0,7206.0,209344.0
15907.0,12325.0,108395.0
10905.0,7192.0,7739.0
16195.0,12238.0,223907.0
16214.0,7123.0,7756.0
11013.0,7206.0,201571.0
11131.0,12174.0,7757.0
16322.0,7206.0,7739.0
16540.0,12471.0,111434.0
11109.0,7160.0,42745.0
16409.0,12245.0,7739.0
11067.0,12292.0,7901.0
10991.0,7166.0,193444.0
16212.0,12116.0,214346.0
16505.0,7157.0,7643.0
10991.0,7122.0,5831.0
10991.0,12290.0,7773.0
16380.0,12347.0,28480.0
18062.0,7192.0,7741.0
10959.0,7174.0,182576.0
16364.0,13265.0,8163.0
11077.0,7040.0,345629.0
16161.0,12165.0,42521.0
16118.0,7192.0,7641.0
11077.0,12182.0,373485.0
10959.0,7191.0,7805.0
16428.0,12309.0,7741.0
16260.0,12274.0,209387.0
11077.0,7014.0,7677.0
10937.0,7210.0,203461.0
16473.0,717.0,111080.0
16278.0,6254.0,7641.0
11099.0,11757.0,111338.0
16355.0,4984.0,7643.0
11097.0,12400.0,236641.0
11035.0,7110.0,7807.0
16309.0,12306.0,42643.0
10949.0,7076.0,7544.0
16321.0,12570.0,190407.0
16300.0,7092.0,7739.0
10979.0,7090.0,763.0
16354.0,12085.0,7741.0
10850.0,12390.0,42579.0
16364.0,7173.0,7675.0
10905.0,12256.0,80573.0
17753.0,7172.0,7759.0
16165.0,12179.0,110848.0
10937.0,7008.0,7607.0
16370.0,7142.0,233195.0
10905.0,12324.0,7803.0
16400.0,12327.0,571527.0
11087.0,7192.0,7935.0
16354.0,12274.0,345597.0
11109.0,7154.0,190867.0
16260.0,7160.0,7675.0
10927.0,12265.0,554903.0
11131.0,12310.0,106651.0
16396.0,7160.0,7739.0
10959.0,7174.0,189522.0
16400.0,12329.0,7739.0
16464.0,7108.0,190579.0
10841.0,12274.0,7643.0
18159.0,7160.0,234233.0
16332.0,12160.0,7643.0
10959.0,7152.0,234336.0
11111.0,12267.0,7741.0
52825.0,7206.0,211937.0
11269.0,12115.0,7773.0
16636.0,12150.0,192679.0
11129.0,7174.0,7675.0
11023.0,7076.0,109740.0
16400.0,12146.0,7789.0
10959.0,12215.0,7803.0
16322.0,7192.0,577587.0
16170.0,12316.0,4471.0
10905.0,7154.0,7803.0
18386.0,7192.0,7675.0
16431.0,12310.0,233954.0
11131.0,7122.0,763.0
16110.0,12205.0,7705.0
11045.0,7174.0,42713.0
16030.0,12231.0,7641.0
10993.0,12274.0,203641.0
10981.0,7140.0,7739.0
16236.0,12023.0,763.0
16292.0,7160.0,7741.0
11045.0,7140.0,53763.0
16482.0,12265.0,7709.0
11131.0,12178.0,42777.0
10991.0,7174.0,7641.0
16110.0,12210.0,109797.0
10959.0,7174.0,7741.0
16410.0,12214.0,763.0
16271.0,7154.0,7852.0
10787.0,12256.0,114097.0
16416.0,7072.0,7611.0
11153.0,12343.0,763.0
16153.0,7192.0,7641.0
11077.0,12306.0,763.0
16431.0,7206.0,7773.0
11153.0,12084.0,192786.0
16346.0,7140.0,7739.0
11045.0,12305.0,7705.0
10971.0,7078.0,212819.0
16340.0,7174.0,190599.0
16227.0,12261.0,7857.0
11077.0,7014.0,42611.0
16162.0,12132.0,7579.0
11057.0,12304.0,339289.0
10907.0,7154.0,7689.0
16451.0,12192.0,580590.0
110446.0,7122.0,763.0
11162.0,7142.0,7803.0
11109.0,12420.0,325788.0
16374.0,12388.0,7643.0
16253.0,7192.0,583214.0
11151.0,12273.0,42453.0
10981.0,7122.0,7739.0
17007.0,12424.0,763.0
11109.0,7008.0,7757.0
16427.0,12343.0,190867.0
16432.0,7092.0,7741.0
11193.0,7206.0,763.0
16247.0,12229.0,7543.0
11205.0,12502.0,572502.0
17912.0,7110.0,7643.0
10873.0,12323.0,71822.0
16444.0,7206.0,7739.0
11141.0,12338.0,4103.0
16054.0,7222.0,7739.0
16310.0,12273.0,7609.0
11055.0,7174.0,310245.0
17992.0,7192.0,42549.0
11035.0,12233.0,7743.0
16300.0,7154.0,234868.0
11045.0,12192.0,7805.0
15988.0,12245.0,189335.0
17596.0,7160.0,7577.0
10873.0,12292.0,271999.0
11077.0,7204.0,7773.0
16282.0,7058.0,251087.0
16152.0,12245.0,7710.0
11023.0,11972.0,213405.0
16279.0,7192.0,7641.0
11161.0,7192.0,580423.0
16422.0,12117.0,232969.0
10873.0,7135.0,7741.0
16323.0,7103.0,192568.0
10873.0,7117.0,7741.0
16075.0,12247.0,317054.0
10873.0,7174.0,7739.0
10937.0,173801.0,219625.0
16023.0,7137.0,7707.0
16352.0,7187.0,167407.0
11259.0,12301.0,7665.0
10939.0,7192.0,7898.0
16216.0,12168.0,179562.0
11077.0,7110.0,339085.0
16364.0,7174.0,7759.0
16312.0,12343.0,243564.0
11141.0,6995.0,7739.0
11121.0,7110.0,107718.0
16062.0,12246.0,7887.0
16224.0,7270.0,1035431.0
10851.0,12536.0,220394.0
16247.0,7117.0,7819.0
11099.0,7174.0,212157.0
16144.0,12356.0,7579.0
11099.0,3942.0,578856.0
525646.0,7085.0,7739.0
10981.0,7237.0,7773.0
16246.0,7174.0,42579.0
10853.0,12218.0,89759.0
16480.0,7117.0,7739.0
10981.0,7105.0,414585.0
17999.0,7058.0,7741.0
17877.0,12432.0,190583.0
11099.0,7169.0,7611.0
16170.0,7117.0,60982.0
16365.0,12379.0,7641.0
11217.0,7076.0,198671.0
16409.0,7174.0,7855.0
10971.0,12300.0,337185.0
16376.0,7057.0,8118.0
11109.0,41029.0,336276.0
11077.0,7117.0,42649.0
16396.0,7076.0,7741.0
16324.0,12199.0,53575.0
10969.0,717.0,7645.0
16301.0,7199.0,113657.0
11129.0,163658.0,7709.0
11163.0,7173.0,312721.0
16438.0,7091.0,7677.0
11119.0,12311.0,193485.0
16217.0,7110.0,7641.0
11163.0,41038.0,26663.0
15976.0,7136.0,7705.0
16249.0,7117.0,42645.0
11129.0,12183.0,7739.0
16346.0,7206.0,7933.0
10871.0,773.0,192550.0
11045.0,7067.0,236927.0
16214.0,7108.0,7543.0
11077.0,12261.0,107757.0
16246.0,773.0,7739.0
11131.0,7173.0,322165.0
16419.0,7126.0,7578.0
11077.0,12205.0,189803.0
16368.0,7206.0,7741.0
11173.0,12343.0,237815.0
16484.0,7224.0,7643.0
16356.0,12557.0,233509.0
10787.0,7140.0,7803.0
16213.0,12443.0,246073.0
10981.0,7160.0,7739.0
18267.0,12469.0,111242.0
11173.0,12293.0,7802.0
16227.0,7040.0,7739.0
16234.0,7122.0,5831.0
11099.0,12247.0,316392.0
16207.0,7209.0,7677.0
11023.0,7135.0,188728.0
16355.0,7159.0,7577.0
10873.0,141004.0,7674.0
16301.0,6913.0,332783.0
10917.0,7607.0,253389.0
10937.0,12327.0,7543.0
16299.0,7128.0,582682.0
16536.0,12361.0,238021.0
11141.0,4654.0,7641.0
16313.0,7169.0,237628.0
11097.0,7122.0,7789.0
10991.0,12165.0,180416.0
16618.0,7035.0,7641.0
15850.0,7563.0,108631.0
10711.0,12525.0,7773.0
10775.0,7117.0,763.0
16099.0,7142.0,7577.0
11033.0,12357.0,276740.0
17038.0,7140.0,7803.0
10969.0,12018.0,201596.0
16226.0,7122.0,7739.0
10925.0,12261.0,4471.0
15958.0,7092.0,7643.0
11013.0,12182.0,7739.0
15936.0,161639.0,190794.0
16063.0,7039.0,73298.0
10763.0,84496.0,7609.0
10851.0,7035.0,272982.0
16077.0,7023.0,7739.0
15971.0,7192.0,42413.0
11067.0,12210.0,7773.0
10981.0,12274.0,4471.0
15892.0,7082.0,7805.0
10883.0,7199.0,273768.0
15859.0,12211.0,7641.0
15914.0,7192.0,239941.0
10785.0,7103.0,7641.0
11067.0,7110.0,199277.0
16108.0,12425.0,7739.0
15786.0,7160.0,42513.0
10883.0,12796.0,7509.0
10797.0,7087.0,12586.0
16158.0,7187.0,7545.0
10905.0,7251.0,12716.0
15777.0,7105.0,8071.0
16015.0,507358.0,417354.0
11055.0,6953.0,7641.0
15879.0,7122.0,367695.0
10883.0,12293.0,12420.0
16108.0,12050.0,7741.0
10785.0,7160.0,546656.0
10711.0,7117.0,12619.0
15805.0,7206.0,7641.0
15881.0,12252.0,12618.0
10893.0,12293.0,7545.0
15853.0,7092.0,12688.0
11021.0,825.0,7579.0
15742.0,7105.0,397079.0
10819.0,7206.0,12361.0
10839.0,12293.0,7674.0
15850.0,7039.0,60703.0
10915.0,20321.0,7760.0
16009.0,7167.0,8203.0
10851.0,6971.0,12422.0
16162.0,7149.0,7707.0
16195.0,7117.0,355638.0
10969.0,7529.0,12459.0
11021.0,12233.0,7643.0
15923.0,7155.0,12395.0
15806.0,7105.0,7644.0
10915.0,7137.0,375716.0
10915.0,7035.0,7643.0
15901.0,7140.0,12588.0
12337.0,12210.0,8071.0
21167.0,40847.0,12520.0
16062.0,7041.0,7676.0
11237.0,7142.0,642251.0
10881.0,13274.0,7577.0
9462.0,7210.0,7772.0
16432.0,12205.0,638820.0
10723.0,7123.0,400495.0
15792.0,12603.0,7739.0
10914.0,7000.0,12652.0
11499.0,7155.0,7641.0
15969.0,7137.0,364180.0
137473.0,7040.0,7543.0
16148.0,12179.0,315733.0
10935.0,3942.0,7739.0
15991.0,6955.0,8071.0
11013.0,7035.0,365571.0
17182.0,7160.0,381124.0
11033.0,12375.0,7641.0
15869.0,7082.0,363991.0
10797.0,12343.0,7675.0
16590.0,7169.0,12684.0
10979.0,717.0,8021.0
16050.0,4669.0,12686.0
10993.0,717.0,8071.0
10861.0,501116.0,820564.0
16183.0,717.0,369466.0
10991.0,717.0,7641.0
11171.0,717.0,12523.0
15892.0,5499.0,7740.0
10755.0,7035.0,7973.0
16128.0,7237.0,366763.0
11021.0,13857.0,12641.0
15850.0,7169.0,7741.0
10883.0,40993.0,12390.0
16108.0,7117.0,8204.0
10947.0,7104.0,12554.0
15830.0,12227.0,7640.0
15968.0,7201.0,349319.0
10871.0,7122.0,7675.0
16185.0,12232.0,7580.0
10863.0,7169.0,203708.0
10883.0,7179.0,12664.0
15893.0,12261.0,8105.0
10659.0,7206.0,243090.0
16306.0,7005.0,7641.0
16119.0,7167.0,12588.0
10969.0,7169.0,7641.0
16073.0,7169.0,12675.0
10797.0,7192.0,8105.0
11065.0,12355.0,640885.0
15989.0,4362.0,7479.0
11539.0,7067.0,61303.0
20499.0,7122.0,7741.0
16204.0,12243.0,363300.0
10969.0,7105.0,7677.0
15894.0,7224.0,516406.0
10935.0,12293.0,7641.0
16152.0,7117.0,368042.0
10829.0,7168.0,12554.0
11085.0,7155.0,7755.0
15923.0,12311.0,645253.0
11206.0,7206.0,7641.0
16222.0,7134.0,110458.0
17340.0,7187.0,7805.0
17945.0,7154.0,7543.0
10895.0,12411.0,233440.0
15710.0,7122.0,12709.0
10871.0,12343.0,7739.0
17426.0,41033.0,7742.0
10989.0,7067.0,487732.0
16109.0,7117.0,514834.0
11119.0,7169.0,8119.0
16300.0,7187.0,7707.0
10861.0,6907.0,366967.0
10722.0,6893.0,7641.0
15882.0,41085.0,350342.0
16086.0,7123.0,12805.0
10991.0,7181.0,7987.0
16140.0,7593.0,612915.0
11057.0,12149.0,7803.0
16129.0,6977.0,12591.0
10745.0,4382.0,7643.0
15690.0,7085.0,7641.0
10745.0,7224.0,516644.0
16099.0,12165.0,12662.0
10766.0,41097.0,7773.0
16002.0,7067.0,12719.0
10957.0,7158.0,7677.0
15983.0,424110.0,12586.0
10993.0,12407.0,8071.0
15870.0,7174.0,637887.0
10659.0,7187.0,7805.0
15834.0,7251.0,516942.0
10905.0,7007.0,515183.0
10679.0,7071.0,8071.0
16493.0,7039.0,13209.0
17426.0,13779.0,7739.0
10969.0,773.0,12459.0
16116.0,7160.0,7641.0
10883.0,7315.0,361754.0
16978.0,7169.0,7641.0
10935.0,7117.0,12354.0
18127.0,7029.0,7709.0
12126.0,7160.0,12556.0
15891.0,12233.0,7973.0
11033.0,7060.0,316495.0
16076.0,12284.0,7739.0
15677.0,7169.0,12526.0
10688.0,12413.0,7642.0
10883.0,7154.0,364286.0
16139.0,7169.0,7675.0
15934.0,7122.0,12851.0
10915.0,12200.0,8205.0
15892.0,7206.0,639250.0
11107.0,12278.0,7675.0
16257.0,7122.0,369981.0
10969.0,12247.0,8205.0
15744.0,12197.0,12760.0
10765.0,7160.0,7675.0
10745.0,7206.0,12650.0
17955.0,12164.0,7675.0
10935.0,7040.0,12492.0
16096.0,12197.0,7676.0
16258.0,7192.0,361044.0
11021.0,12406.0,7643.0
15741.0,7067.0,12575.0
10711.0,7105.0,8205.0
10743.0,7078.0,12589.0
15867.0,12036.0,7742.0
11055.0,7192.0,12524.0
16280.0,12211.0,7741.0
11075.0,7103.0,551941.0
16040.0,7169.0,8007.0
16086.0,7117.0,364753.0
11055.0,7224.0,372812.0
16737.0,12393.0,7739.0
11055.0,7044.0,640842.0
10841.0,12243.0,7643.0
15891.0,7023.0,12618.0
17392.0,7076.0,7577.0
16183.0,12320.0,12586.0
10903.0,7174.0,7677.0
16195.0,12228.0,517229.0
10981.0,7155.0,250827.0
15933.0,12311.0,7717.0
10787.0,7174.0,310100.0
15987.0,7169.0,7641.0
11109.0,6971.0,643924.0
15871.0,7210.0,12716.0
11087.0,12407.0,7675.0
15752.0,12329.0,642142.0
10935.0,7092.0,12521.0
16106.0,7174.0,7773.0
10863.0,12099.0,12684.0
10883.0,7046.0,7790.0
15997.0,12161.0,518580.0
15967.0,7108.0,7641.0
11079.0,12429.0,12648.0
16095.0,14184.0,7641.0
11131.0,12429.0,12609.0
10819.0,7110.0,7641.0
15895.0,7117.0,12633.0
16214.0,12100.0,8105.0
10947.0,7206.0,553697.0
16365.0,7160.0,366196.0
10742.0,12397.0,7543.0
10915.0,7117.0,12673.0
15775.0,7087.0,7674.0
10831.0,7103.0,379624.0
16043.0,7099.0,12727.0
11067.0,3942.0,7675.0
17167.0,7035.0,12575.0
15990.0,41120.0,7677.0
10883.0,7053.0,12438.0
10819.0,7155.0,7741.0
15977.0,7154.0,355224.0
15809.0,12229.0,8071.0
10957.0,6995.0,638464.0
10861.0,7153.0,7577.0
16003.0,7105.0,521374.0
16199.0,41054.0,12491.0
11244.0,7168.0,7643.0
10797.0,7117.0,14653.0
15924.0,7058.0,7683.0
16145.0,12179.0,12586.0
11033.0,12561.0,355487.0
10883.0,7210.0,7675.0
16800.0,7110.0,365968.0
11333.0,12243.0,8071.0
15878.0,7222.0,7645.0
17621.0,12177.0,356259.0
10861.0,7124.0,12660.0
15923.0,12243.0,7641.0
15826.0,7169.0,12565.0
11045.0,7117.0,7681.0
15908.0,12293.0,639063.0
11055.0,7128.0,7479.0
16001.0,7110.0,7479.0
10691.0,12247.0,515525.0
17035.0,7205.0,52045.0
10905.0,7117.0,7741.0
11001.0,7117.0,12650.0
15945.0,773.0,7920.0
10849.0,7072.0,12520.0
15829.0,7169.0,7773.0
10777.0,12261.0,7705.0
16079.0,7274.0,366366.0
10915.0,7053.0,12425.0
15978.0,7117.0,7643.0
10883.0,12100.0,321397.0
15863.0,7140.0,8205.0
16217.0,7288.0,423511.0
11485.0,12374.0,7641.0
15875.0,7242.0,514823.0
11021.0,12070.0,8105.0
16861.0,7126.0,7739.0
11585.0,12065.0,356763.0
16023.0,12205.0,12492.0
11075.0,7090.0,7642.0
15914.0,7140.0,12698.0
11001.0,12236.0,7641.0
15978.0,7026.0,12665.0
10807.0,12164.0,8202.0
10967.0,211793.0,14517.0
16041.0,7174.0,12481.0
11021.0,7124.0,7643.0
15881.0,12712.0,12565.0
10829.0,7288.0,8105.0
16044.0,12138.0,60345.0
10819.0,7174.0,7675.0
15968.0,12555.0,517648.0
10883.0,7044.0,12861.0
16054.0,12219.0,7709.0
11003.0,7158.0,12488.0
15846.0,12551.0,7974.0
11055.0,7160.0,386362.0
16364.0,12226.0,7803.0
10819.0,7254.0,7543.0
16108.0,12331.0,12652.0
15829.0,12342.0,326466.0
10797.0,7192.0,7739.0
16129.0,12362.0,12598.0
10883.0,7078.0,7675.0
15792.0,7274.0,399201.0
11405.0,12214.0,8071.0
15667.0,7174.0,516279.0
11053.0,12210.0,7641.0
15758.0,7139.0,12586.0
10969.0,12214.0,7657.0
11829.0,12210.0,12748.0
15800.0,7154.0,7642.0
16184.0,7160.0,349828.0
11483.0,12274.0,8071.0
15850.0,12222.0,12611.0
10969.0,7128.0,7739.0
15991.0,7174.0,12324.0
11055.0,12287.0,7544.0
10571.0,7154.0,279713.0
16012.0,12188.0,7773.0
15817.0,12214.0,12662.0
10935.0,7172.0,7741.0
10915.0,7122.0,617983.0
15917.0,12171.0,12550.0
10981.0,12375.0,8237.0
15911.0,7122.0,12518.0
15988.0,7058.0,7676.0
10915.0,12270.0,12571.0
16022.0,7206.0,7543.0
10969.0,12360.0,640908.0
15872.0,7206.0,7678.0
10981.0,12364.0,344673.0
10797.0,7206.0,356103.0
15971.0,12365.0,7741.0
15997.0,12387.0,413440.0
10969.0,7238.0,7543.0
16203.0,7110.0,12635.0
10743.0,12365.0,7681.0
16215.0,7122.0,12675.0
10915.0,12242.0,7577.0
16148.0,12268.0,12652.0
10659.0,7092.0,7643.0
16118.0,12131.0,12750.0
10969.0,7122.0,7641.0
10991.0,7154.0,12785.0
15776.0,12233.0,8106.0
15933.0,7154.0,12577.0
10969.0,12112.0,8239.0
10831.0,7206.0,12631.0
15939.0,12274.0,7739.0
15935.0,7160.0,12548.0
10967.0,12146.0,7739.0
10967.0,7174.0,350788.0
15709.0,12213.0,8071.0
16023.0,7078.0,638526.0
10969.0,12167.0,12505.0
16240.0,7206.0,7739.0
10905.0,12501.0,12520.0
16032.0,7160.0,8205.0
10961.0,12260.0,12707.0
16291.0,7160.0,7683.0
10925.0,12228.0,394933.0
11055.0,7072.0,7543.0
15742.0,12440.0,12707.0
17899.0,7160.0,7707.0
11055.0,12342.0,365858.0
11067.0,7108.0,7641.0
15924.0,12260.0,12597.0
15999.0,7140.0,7775.0
10927.0,12228.0,366944.0
5020.0,7154.0,7739.0
4985.0,12275.0,12741.0
4797.0,7142.0,7576.0
4757.0,12356.0,12684.0
4785.0,12228.0,7817.0
4750.0,7122.0,369161.0
13593.0,13888.0,7709.0
10701.0,12387.0,12577.0
15786.0,7072.0,8007.0
11119.0,7092.0,615898.0
15617.0,12296.0,7739.0
15784.0,13847.0,331131.0
10659.0,12287.0,8205.0
16020.0,7154.0,310535.0
10883.0,12128.0,7641.0
10959.0,7072.0,642800.0
16036.0,12182.0,7739.0
10861.0,7142.0,7705.0
16128.0,12292.0,534050.0
11101.0,7058.0,12807.0
16074.0,12282.0,7675.0
12323.0,7224.0,638387.0
15981.0,12364.0,392028.0
10935.0,7160.0,7609.0
15978.0,7040.0,12611.0
15958.0,199194.0,7675.0
10797.0,7044.0,12750.0
16462.0,12160.0,7676.0
10797.0,7160.0,12561.0
15981.0,12231.0,7710.0
11215.0,12228.0,12652.0
16153.0,7174.0,7641.0
11055.0,7140.0,638747.0
13551.0,12492.0,7641.0
13583.0,12173.0,12719.0
13371.0,7078.0,7740.0
13221.0,7174.0,248674.0
13370.0,717.0,7641.0
13431.0,7268.0,12633.0
13199.0,12365.0,7645.0
13452.0,12248.0,8105.0
13339.0,7174.0,638761.0
13215.0,12431.0,332347.0
13429.0,7206.0,7739.0
13231.0,7040.0,12663.0
13229.0,12386.0,7739.0
13365.0,12337.0,12676.0
13231.0,7092.0,7741.0
13417.0,12035.0,12457.0
13253.0,7192.0,7643.0
13291.0,7186.0,12290.0
13253.0,12186.0,7643.0
13309.0,12323.0,12519.0
13451.0,7192.0,7580.0
13317.0,7140.0,12554.0
13167.0,12212.0,8105.0
13301.0,12228.0,12618.0
13167.0,7206.0,7709.0
13167.0,7206.0,574287.0
13269.0,12196.0,575623.0
13253.0,12228.0,573992.0
13451.0,7160.0,576602.0
13243.0,7108.0,573732.0
13221.0,12381.0,576265.0
13349.0,7122.0,576513.0
13231.0,12387.0,574522.0
13249.0,12378.0,576909.0
13189.0,7154.0,575758.0
13215.0,7192.0,576340.0
13419.0,12153.0,574372.0
13409.0,7238.0,575699.0
13163.0,12210.0,574858.0
13349.0,12131.0,576047.0
13295.0,7140.0,575676.0
13409.0,7522.0,574196.0
13371.0,12114.0,574727.0
13419.0,7270.0,574401.0
13317.0,12227.0,578768.0
13285.0,7072.0,574094.0
13269.0,12250.0,575168.0
13285.0,12214.0,575085.0
13469.0,7124.0,575347.0
13329.0,12110.0,575338.0
13355.0,7058.0,576361.0
13451.0,7124.0,573644.0
13163.0,12210.0,574725.0
13323.0,12483.0,576232.0
13419.0,7192.0,576987.0
13505.0,7174.0,573776.0
13307.0,12487.0,574167.0
13215.0,7108.0,576122.0
13355.0,12310.0,576578.0
13135.0,206734.0,574004.0
13339.0,7160.0,574159.0
13451.0,7160.0,575744.0
13263.0,12296.0,575182.0
13199.0,12242.0,573729.0
13387.0,7122.0,577686.0
13189.0,458194.0,574573.0
13403.0,7274.0,574677.0
13333.0,7242.0,578530.0
13411.0,12152.0,574776.0
13317.0,12360.0,575656.0
13355.0,7124.0,574162.0
13441.0,458931.0,575102.0
13292.0,7256.0,575362.0
13254.0,7142.0,574349.0
13301.0,12302.0,577362.0
13441.0,12342.0,574852.0
13317.0,7124.0,574229.0
13231.0,7092.0,575717.0
13537.0,12424.0,574249.0
13441.0,7192.0,574573.0
13377.0,12290.0,574908.0
13304.0,12436.0,574906.0
13451.0,7072.0,574444.0
13243.0,7154.0,574714.0
13355.0,12272.0,575092.0
13353.0,7174.0,578384.0
13381.0,12260.0,574287.0
13217.0,7092.0,575834.0
13439.0,12324.0,574469.0
13285.0,7122.0,575473.0
13441.0,12241.0,576798.0
13183.0,12229.0,575529.0
13317.0,7256.0,574884.0
13253.0,7174.0,575273.0
13317.0,12052.0,574544.0
13409.0,12104.0,575936.0
13483.0,7174.0,574826.0
13797.0,7192.0,574947.0
13231.0,12228.0,576150.0
13451.0,7174.0,570638.0
13401.0,4779.0,579705.0
13361.0,11804.0,576911.0
13221.0,6054.0,575647.0
13417.0,7154.0,575225.0
13254.0,12162.0,577124.0
13339.0,7108.0,574619.0
13371.0,12165.0,575958.0
13285.0,7206.0,575697.0
13423.0,12124.0,575008.0
13355.0,7554.0,574415.0
13285.0,12276.0,575378.0
13387.0,7210.0,574293.0
13301.0,12274.0,575397.0
13221.0,12263.0,575225.0
13365.0,7108.0,574936.0
13668.0,7192.0,574681.0
13253.0,12131.0,575102.0
13339.0,7206.0,578183.0
13144.0,12315.0,574210.0
13451.0,7060.0,575717.0
13189.0,12242.0,574397.0
13401.0,12723.0,574839.0
13452.0,7122.0,8008.0
13403.0,7224.0,574626.0
13265.0,12290.0,576893.0
13167.0,7110.0,574532.0
13509.0,12313.0,575705.0
13387.0,6978.0,574661.0
13405.0,12336.0,576873.0
13369.0,7206.0,574161.0
13269.0,12310.0,574145.0
13387.0,12486.0,575371.0
13135.0,7154.0,577311.0
13365.0,12365.0,573999.0
13497.0,7298.0,574770.0
13345.0,12114.0,577374.0
13487.0,7154.0,574871.0
13487.0,7140.0,575412.0
13301.0,12201.0,574749.0
13355.0,12146.0,575365.0
13249.0,7040.0,575774.0
13537.0,7210.0,574361.0
13391.0,12266.0,575029.0
13498.0,7124.0,574970.0
13257.0,12072.0,575669.0
13387.0,12686.0,574790.0
13451.0,7141.0,575263.0
13323.0,7072.0,575029.0
13461.0,12321.0,576138.0
13366.0,12164.0,576286.0
13387.0,7076.0,575657.0
13393.0,12180.0,575392.0
13451.0,7107.0,574908.0
13451.0,7122.0,575573.0
13419.0,12103.0,573628.0
13323.0,204756.0,576211.0
13231.0,7174.0,575795.0
13439.0,7174.0,575419.0
13729.0,12338.0,574952.0
13387.0,7206.0,574732.0
13199.0,12193.0,575807.0
13215.0,7146.0,574940.0
13399.0,12264.0,575471.0
13231.0,7188.0,575086.0
13199.0,12374.0,575597.0
13285.0,12182.0,574836.0
13318.0,7092.0,575908.0
13477.0,12356.0,575651.0
13409.0,7107.0,575243.0
13275.0,12641.0,576157.0
13249.0,7174.0,574124.0
13483.0,7122.0,575816.0
13355.0,12506.0,575673.0
13285.0,7140.0,574442.0
13307.0,12152.0,576365.0
13371.0,12073.0,574435.0
13487.0,7090.0,575102.0
13440.0,7206.0,573511.0
13163.0,12052.0,574366.0
13515.0,7110.0,574021.0
13249.0,12424.0,576531.0
13231.0,7174.0,574748.0
13199.0,12456.0,575076.0
13391.0,13011.0,571356.0
13285.0,7166.0,575988.0
13380.0,7124.0,573851.0
13249.0,12341.0,574939.0
13317.0,7154.0,574879.0
13200.0,12382.0,575665.0
13451.0,12410.0,578026.0
13221.0,7076.0,574303.0
13253.0,7596.0,575184.0
13467.0,12210.0,575113.0
13513.0,7206.0,574996.0
13355.0,12278.0,575075.0
13365.0,7154.0,574406.0
13287.0,12278.0,574987.0
13285.0,12279.0,577012.0
13355.0,7174.0,575465.0
13167.0,7511.0,575360.0
13439.0,459508.0,575017.0
13429.0,7058.0,575587.0
13377.0,12278.0,575274.0
16144.0,7154.0,577608.0
10748.0,12291.0,577281.0
10856.0,221070.0,577120.0
206869.0,7092.0,577389.0
15679.0,7224.0,574057.0
10854.0,12146.0,575421.0
15720.0,7511.0,575200.0
10802.0,12273.0,574392.0
10736.0,7224.0,574520.0
15887.0,212320.0,575941.0
16157.0,12210.0,574445.0
10920.0,7072.0,575820.0
10940.0,12277.0,574566.0
15793.0,7092.0,576105.0
427424.0,12305.0,574794.0
15876.0,7072.0,575784.0
10814.0,12464.0,574429.0
15926.0,7224.0,576514.0
10802.0,7160.0,575102.0
10802.0,12168.0,575086.0
180941.0,12282.0,576714.0
10886.0,6994.0,576582.0
154176.0,12403.0,574437.0
15847.0,7192.0,575510.0
10954.0,12251.0,575124.0
11004.0,7206.0,574347.0
15679.0,7108.0,575186.0
105910.0,12341.0,577396.0
15822.0,7154.0,574708.0
10974.0,12356.0,575139.0
16007.0,12342.0,575343.0
11058.0,7224.0,574186.0
10768.0,7158.0,576027.0
15641.0,12278.0,7789.0
11070.0,7224.0,232829.0
51501.0,12560.0,7709.0
10854.0,12509.0,268713.0
16339.0,7092.0,264250.0
15951.0,7092.0,7741.0
10662.0,12342.0,7739.0
15618.0,12055.0,524695.0
10886.0,7206.0,7743.0
16017.0,12072.0,258087.0
10886.0,7192.0,7756.0
417142.0,12259.0,258163.0
15898.0,7124.0,7773.0
10652.0,7171.0,487871.0
15793.0,12072.0,260514.0
11004.0,12097.0,7757.0
15848.0,7206.0,7705.0
10824.0,12342.0,523187.0
15618.0,7140.0,7709.0
10747.0,7206.0,258206.0
104642.0,11999.0,261071.0
10758.0,7206.0,7805.0
15652.0,12645.0,7741.0
10972.0,7238.0,268893.0
15884.0,12374.0,12690.0
10782.0,7108.0,7821.0
16167.0,12246.0,7643.0
10888.0,12556.0,257642.0
10706.0,7122.0,7510.0
51392.0,7158.0,520291.0
15959.0,12195.0,12716.0
10662.0,12200.0,7739.0
11058.0,7174.0,7838.0
15895.0,12396.0,494200.0
10684.0,7090.0,7739.0
142921.0,12231.0,259976.0
15834.0,7160.0,7841.0
10674.0,7190.0,523472.0
15927.0,12255.0,7643.0
11090.0,12128.0,269514.0
16953.0,7124.0,251925.0
10736.0,7124.0,7641.0
10782.0,12523.0,7705.0
15634.0,12103.0,252759.0
16049.0,7146.0,257564.0
10910.0,7242.0,7756.0
17278.0,12122.0,523684.0
10952.0,12228.0,7641.0
15737.0,7026.0,7741.0
15863.0,12272.0,525465.0
10769.0,7174.0,7611.0
10834.0,7174.0,521433.0
16008.0,12274.0,12661.0
15953.0,12304.0,7645.0
10716.0,7206.0,528368.0
16091.0,12228.0,7609.0
10846.0,7122.0,116271.0
10620.0,7173.0,7741.0
174123.0,12356.0,7775.0
15737.0,7110.0,255557.0
10768.0,12309.0,254451.0
15932.0,7154.0,523557.0
10812.0,12296.0,12748.0
10886.0,12224.0,7757.0
15817.0,7140.0,521255.0
15959.0,7122.0,7742.0
10704.0,12255.0,12917.0
16005.0,12260.0,7514.0
11006.0,7206.0,7642.0
10748.0,7218.0,274290.0
15812.0,12357.0,7741.0
10920.0,7142.0,527033.0
433235.0,12260.0,7675.0
15928.0,7078.0,258424.0
10770.0,12037.0,7705.0
15834.0,12217.0,253130.0
10952.0,7090.0,270205.0
15759.0,7078.0,7739.0
10854.0,12360.0,521038.0
16025.0,7192.0,7741.0
10834.0,12469.0,7677.0
15877.0,7174.0,256230.0
10832.0,12434.0,7641.0
15984.0,12583.0,253032.0
10834.0,7174.0,495299.0
15703.0,7192.0,7773.0
10780.0,12052.0,7675.0
220059.0,7174.0,269957.0
10662.0,12999.0,12786.0
10898.0,7206.0,7642.0
15800.0,12260.0,269712.0
16574.0,7205.0,7774.0
11006.0,7073.0,256754.0
10770.0,7076.0,7789.0
15813.0,12078.0,489213.0
16091.0,589.0,7739.0
10914.0,7035.0,12850.0
10812.0,7140.0,7755.0
104328.0,12445.0,12914.0
16103.0,12146.0,7739.0
10886.0,7140.0,521639.0
177013.0,7135.0,7676.0
10844.0,7160.0,239402.0
10908.0,12196.0,250126.0
15850.0,7187.0,7757.0
15973.0,7153.0,269794.0
10814.0,7201.0,7644.0
15756.0,7087.0,523085.0
10952.0,7087.0,7610.0
11006.0,12502.0,7677.0
169486.0,7116.0,271414.0
17150.0,13694.0,7757.0
10928.0,12346.0,259134.0
218520.0,7124.0,256406.0
10972.0,7035.0,7641.0
92217.0,7187.0,7741.0
15873.0,12308.0,521746.0
10942.0,7160.0,7709.0
10888.0,7007.0,255464.0
15975.0,41529.0,258404.0
15757.0,7137.0,7804.0
10607.0,7174.0,12689.0
10758.0,12282.0,7643.0
84712.0,7053.0,7659.0
15638.0,12246.0,522906.0
136308.0,7010.0,253091.0
15813.0,7149.0,7859.0
10812.0,7155.0,7740.0
10716.0,7085.0,519696.0
17464.0,7021.0,7641.0
10652.0,12445.0,522103.0
15615.0,7192.0,7741.0
10952.0,7224.0,256995.0
15822.0,12332.0,7805.0
10856.0,7039.0,259062.0
15676.0,7117.0,7739.0
10930.0,12325.0,521327.0
15911.0,7124.0,7641.0
10726.0,7009.0,254475.0
52152.0,7053.0,12587.0
10522.0,6980.0,7644.0
15757.0,12038.0,260883.0
16067.0,12428.0,7740.0
10854.0,7092.0,7757.0
15972.0,6994.0,262704.0
10718.0,12577.0,8217.0
435002.0,7268.0,218568.0
16364.0,13017.0,258316.0
11004.0,7206.0,7709.0
53234.0,7099.0,12798.0
15920.0,7103.0,7578.0
11048.0,12357.0,7709.0
10770.0,7110.0,257955.0
15876.0,7105.0,12553.0
10994.0,7206.0,7773.0
108267.0,12375.0,522478.0
158083.0,7087.0,7608.0
10770.0,7103.0,486304.0
15769.0,7035.0,7642.0
10878.0,7137.0,268729.0
10832.0,7124.0,254837.0
16167.0,12211.0,7675.0
16054.0,12215.0,275550.0
10920.0,7026.0,7741.0
10888.0,7117.0,525090.0
15690.0,7129.0,278391.0
10867.0,7040.0,7774.0
15771.0,12050.0,261690.0
15863.0,7412.0,7742.0
11026.0,12243.0,7705.0
10844.0,7058.0,268120.0
15743.0,12429.0,13347.0
15866.0,12395.0,7758.0
10888.0,7078.0,522598.0
15802.0,7124.0,7642.0
10534.0,12197.0,12611.0
15750.0,12257.0,7773.0
10844.0,7288.0,12717.0
17488.0,7103.0,7675.0
15564.0,7235.0,12716.0
10930.0,7085.0,7677.0
4753.0,7142.0,233590.0
15692.0,12182.0,7739.0
10758.0,7140.0,7739.0
15656.0,12407.0,491140.0
16872.0,505551.0,12617.0
11068.0,7169.0,7643.0
10502.0,7009.0,483178.0
10886.0,12152.0,8135.0
184012.0,7142.0,7709.0
15716.0,7169.0,256337.0
10738.0,773.0,12912.0
15909.0,7167.0,7545.0
10758.0,825.0,7739.0
10738.0,7135.0,289152.0
16301.0,7135.0,531010.0
17612.0,7065.0,7645.0
15898.0,7103.0,7641.0
10886.0,7199.0,248804.0
15880.0,12215.0,7709.0
10834.0,7122.0,523327.0
10886.0,7187.0,7789.0
15905.0,7192.0,283824.0
134388.0,12232.0,175783.0
10790.0,12164.0,7921.0
16103.0,7156.0,520887.0
10664.0,7160.0,7868.0
17736.0,12151.0,258503.0
15617.0,7077.0,7741.0
10866.0,7122.0,7659.0
15780.0,12393.0,522327.0
10952.0,7121.0,7577.0
15806.0,7117.0,269208.0
10738.0,263230.0,522102.0
15801.0,6976.0,7739.0
10918.0,12347.0,269596.0
15822.0,7110.0,7709.0
10696.0,12263.0,258242.0
15790.0,7173.0,7675.0
10792.0,7160.0,12929.0
15965.0,12392.0,7678.0
10853.0,7073.0,254253.0
15883.0,12147.0,7577.0
10846.0,7268.0,268176.0
433564.0,7206.0,7658.0
16832.0,12133.0,7789.0
10714.0,7085.0,270246.0
51282.0,12558.0,7676.0
11122.0,7148.0,519590.0
16023.0,7103.0,7739.0
10748.0,7116.0,168559.0
15757.0,12545.0,7580.0
10738.0,7140.0,246038.0
11006.0,7192.0,7676.0
15762.0,12275.0,521633.0
15887.0,7167.0,529507.0
10822.0,6982.0,7579.0
15761.0,12211.0,7773.0
10790.0,7135.0,261539.0
15757.0,7116.0,12951.0
10664.0,7122.0,7597.0
15662.0,12809.0,269465.0
11006.0,12222.0,7740.0
15954.0,6982.0,524349.0
10910.0,7070.0,7707.0
16008.0,7210.0,255743.0
10738.0,12609.0,7611.0
16007.0,7135.0,269252.0
10748.0,7037.0,7739.0
15618.0,7140.0,254663.0
10920.0,12261.0,7644.0
10888.0,7155.0,7641.0
212727.0,12184.0,282147.0
10840.0,7124.0,117948.0
152377.0,7187.0,7739.0
16113.0,7169.0,239130.0
10770.0,7021.0,279384.0
16011.0,825.0,7773.0
10676.0,7155.0,7804.0
15857.0,12151.0,521076.0
10706.0,7092.0,7870.0
15973.0,7301.0,520081.0
10812.0,7169.0,7675.0
414884.0,7169.0,524667.0
10984.0,7140.0,270403.0
10844.0,12293.0,7773.0
15801.0,7169.0,491873.0
10822.0,7174.0,7773.0
16090.0,12310.0,12685.0
10876.0,12342.0,7757.0
16253.0,7090.0,7641.0
15791.0,7274.0,270242.0
10684.0,12597.0,7641.0
202158.0,7178.0,259149.0
10694.0,12250.0,261681.0
432750.0,773.0,7839.0
10812.0,7187.0,7742.0
15761.0,717.0,12898.0
10770.0,7102.0,7707.0
11006.0,7087.0,233350.0
16225.0,7192.0,7676.0
15962.0,12243.0,216480.0
11090.0,12675.0,285264.0
10940.0,7192.0,13121.0
104503.0,7140.0,7758.0
10952.0,12297.0,7677.0
16049.0,7187.0,268985.0
10760.0,7187.0,7741.0
16068.0,7174.0,256077.0
15577.0,12411.0,7805.0
10780.0,12895.0,257413.0
17464.0,7174.0,7757.0
10790.0,7072.0,271373.0
15727.0,12211.0,521219.0
10780.0,7149.0,7675.0
15985.0,773.0,259690.0
10704.0,7103.0,7739.0
15714.0,7090.0,7643.0
15982.0,12832.0,267992.0
10860.0,7169.0,7657.0
10908.0,773.0,258548.0
86739.0,7169.0,7739.0
15867.0,12387.0,523612.0
10718.0,7224.0,7741.0
10866.0,7187.0,260525.0
15797.0,7187.0,7642.0
15825.0,7072.0,281292.0
10620.0,12796.0,6823.0
15807.0,15708.0,523974.0
10726.0,7035.0,763.0
10620.0,7053.0,7267.0
184342.0,7087.0,8423.0
11386.0,7206.0,259068.0
187181.0,12134.0,7773.0
10952.0,7053.0,7741.0
15787.0,7154.0,219921.0
15869.0,12214.0,7836.0
10952.0,7187.0,261214.0
16094.0,7192.0,12519.0
10748.0,12508.0,7644.0
15794.0,7035.0,12750.0
10972.0,7206.0,7773.0
15748.0,12342.0,220677.0
10760.0,7233.0,7739.0
11228.0,7192.0,388984.0
173089.0,12410.0,7642.0
11005.0,12331.0,523077.0
15809.0,7206.0,7837.0
15825.0,12238.0,12822.0
10608.0,7204.0,7742.0
10898.0,7110.0,7643.0
16363.0,12645.0,270923.0
15832.0,7187.0,7772.0
10952.0,7090.0,524028.0
15649.0,12311.0,259633.0
10526.0,7021.0,7641.0
15895.0,12129.0,12916.0
10898.0,7192.0,7641.0
10886.0,12363.0,494375.0
15601.0,7140.0,7739.0
10696.0,7147.0,7578.0
15930.0,7053.0,479937.0
15951.0,7155.0,66889.0
10972.0,511853.0,7740.0
15684.0,7115.0,258613.0
10780.0,7155.0,7543.0
15943.0,12393.0,7758.0
10728.0,7122.0,273387.0
10898.0,7160.0,257128.0
115890.0,12165.0,7675.0
15777.0,7741.0,51017.0
10642.0,7122.0,7742.0
15655.0,12307.0,288785.0
10932.0,7042.0,7757.0
16077.0,12179.0,7643.0
10866.0,7187.0,279402.0
15934.0,7141.0,7641.0
10644.0,7155.0,251675.0
16467.0,7181.0,260153.0
10908.0,7140.0,7578.0
15878.0,12461.0,7755.0
10886.0,7028.0,522246.0
15821.0,12329.0,7509.0
10736.0,7005.0,250874.0
10996.0,7256.0,87413.0
15867.0,12229.0,7803.0
15853.0,7169.0,520269.0
10996.0,13894.0,522482.0
208385.0,6973.0,8028.0
15864.0,7237.0,12590.0
11090.0,526301.0,7776.0
15896.0,7021.0,12588.0
10996.0,12100.0,7677.0
15920.0,7206.0,483841.0
10642.0,12211.0,7643.0
16013.0,7110.0,7675.0
10780.0,12211.0,523911.0
16151.0,7154.0,7607.0
10662.0,7174.0,523607.0
10812.0,12386.0,523186.0
16230.0,7187.0,7757.0
16032.0,769.0,112244.0
10844.0,7053.0,7773.0
15681.0,7167.0,523207.0
10760.0,7117.0,12797.0
15943.0,7135.0,7740.0
11003.0,12581.0,12721.0
10844.0,7206.0,7774.0
15806.0,7155.0,480622.0
427806.0,773.0,7739.0
15724.0,7174.0,521195.0
10834.0,7086.0,7741.0
15834.0,14548.0,14736.0
10800.0,7105.0,7741.0
15733.0,7105.0,257499.0
10962.0,7117.0,7640.0
15663.0,7274.0,255251.0
10684.0,12197.0,7773.0
561918.0,7087.0,288434.0
560088.0,7035.0,524142.0
565519.0,7172.0,7805.0
562934.0,12164.0,254519.0
561400.0,7149.0,7611.0
561924.0,12334.0,7840.0
561512.0,7206.0,483689.0
561009.0,6959.0,269622.0
562576.0,12170.0,7741.0
561830.0,7072.0,7692.0
561144.0,7087.0,518927.0
562928.0,7955.0,12868.0
562009.0,12475.0,7739.0
562263.0,7103.0,12658.0
562010.0,7192.0,7706.0
561544.0,12197.0,12683.0
557710.0,7181.0,7577.0
562880.0,7053.0,285231.0
562943.0,7160.0,7740.0
561735.0,12343.0,12756.0
562633.0,7169.0,7739.0
561485.0,12570.0,285000.0
563199.0,8680.0,7607.0
562190.0,7149.0,7739.0
561691.0,717.0,484641.0
561961.0,7067.0,12882.0
561702.0,7160.0,7741.0
560951.0,12199.0,286897.0
562720.0,773.0,7644.0
561652.0,7117.0,257046.0
562453.0,7092.0,7641.0
562666.0,12357.0,7643.0
565984.0,7249.0,258976.0
563376.0,7187.0,7677.0
562720.0,7128.0,7613.0
562749.0,12429.0,7791.0
562654.0,7470.0,7513.0
563006.0,7108.0,7675.0
561018.0,12304.0,7739.0
564921.0,7205.0,7807.0
562573.0,7040.0,7645.0
562408.0,12375.0,7755.0
562074.0,7103.0,7448.0
563576.0,7135.0,7645.0
562385.0,8667.0,7677.0
561598.0,7181.0,7805.0
561151.0,6895.0,7773.0
559109.0,7174.0,7773.0
561376.0,12386.0,7773.0
563634.0,7174.0,7805.0
563608.0,12223.0,7643.0
562782.0,7110.0,7613.0
561062.0,12212.0,7815.0
561462.0,7105.0,7675.0
561279.0,7311.0,763.0
561537.0,12123.0,7609.0
560272.0,7040.0,7739.0
562849.0,7110.0,7805.0
562370.0,12286.0,7709.0
562095.0,7012.0,66092.0
562572.0,7187.0,7753.0
561988.0,7230.0,7675.0
562802.0,7105.0,7741.0
562736.0,7174.0,7741.0
561786.0,12044.0,7543.0
561525.0,7533.0,7837.0
561977.0,7058.0,7643.0
563244.0,12041.0,7803.0
560621.0,7117.0,557057.0
563476.0,7187.0,7739.0
563408.0,7110.0,7773.0
562570.0,12209.0,7741.0
562370.0,7199.0,7643.0
562844.0,7192.0,7739.0
561973.0,12226.0,300493.0
561509.0,6958.0,7773.0
561843.0,12621.0,7643.0
564442.0,7117.0,7773.0
560527.0,7122.0,7643.0
560546.0,12358.0,7641.0
562870.0,7326.0,7645.0
562166.0,7140.0,262660.0
562888.0,12194.0,7742.0
562584.0,7135.0,7611.0
562356.0,7122.0,550606.0
561948.0,12173.0,7579.0
562717.0,7117.0,7709.0
563723.0,7149.0,7773.0
561375.0,7417.0,7739.0
562040.0,7035.0,7675.0
562135.0,7205.0,7741.0
562353.0,7390.0,7743.0
561722.0,12208.0,7741.0
561585.0,13745.0,7677.0
562499.0,6977.0,7805.0
561663.0,507460.0,7707.0
561524.0,7169.0,7741.0
561027.0,7201.0,7741.0
562660.0,7071.0,553698.0
561830.0,7160.0,7739.0
561846.0,12094.0,7675.0
561948.0,7058.0,553837.0
562509.0,12193.0,7549.0
562164.0,12386.0,7739.0
561627.0,7040.0,7591.0
561922.0,7085.0,7741.0
562322.0,7122.0,7615.0
561277.0,12195.0,7675.0
562602.0,12308.0,319764.0
561789.0,7174.0,7741.0
562663.0,12258.0,7613.0
564511.0,7190.0,259735.0
563097.0,7035.0,7611.0
561489.0,7021.0,7889.0
561754.0,7047.0,7719.0
561299.0,7160.0,7773.0
562702.0,12204.0,7787.0
561772.0,7187.0,7547.0
563389.0,7087.0,7613.0
563284.0,7395.0,7515.0
561472.0,12276.0,7643.0
560323.0,7390.0,7805.0
561621.0,12204.0,7579.0
561802.0,7122.0,7773.0
560930.0,12191.0,7677.0
561487.0,7040.0,7773.0
563681.0,12176.0,7773.0
561169.0,7122.0,7578.0
562209.0,12227.0,7675.0
562017.0,7117.0,7741.0
565371.0,7185.0,7447.0
561353.0,7446.0,7548.0
561566.0,12240.0,7643.0
561053.0,7071.0,7643.0
563269.0,7103.0,7641.0
563663.0,7122.0,562316.0
561799.0,12095.0,7577.0
561344.0,7187.0,7675.0
561469.0,7135.0,7675.0
564306.0,7122.0,7741.0
562216.0,12234.0,7641.0
562649.0,12308.0,42493.0
562319.0,7140.0,7739.0
562141.0,7417.0,7741.0
561928.0,7427.0,7547.0
561633.0,7174.0,7773.0
562186.0,12273.0,7739.0
560450.0,6900.0,7643.0
561871.0,12308.0,7709.0
565188.0,7174.0,7743.0
563414.0,12127.0,7740.0
562324.0,7169.0,7513.0
561172.0,7083.0,7739.0
562571.0,7117.0,7739.0
561360.0,7160.0,7547.0
562043.0,12163.0,7757.0
563736.0,7357.0,7675.0
562501.0,7122.0,7709.0
561633.0,12290.0,7741.0
561190.0,7318.0,763.0
561215.0,7187.0,7579.0
561426.0,7053.0,7645.0
564989.0,7129.0,7837.0
561063.0,7283.0,7643.0
564075.0,7201.0,556965.0
561637.0,7213.0,7803.0
561811.0,7160.0,7675.0
561044.0,12216.0,7757.0
562207.0,7058.0,7755.0
564150.0,12355.0,554644.0
561009.0,7077.0,7739.0
562010.0,12176.0,42731.0
560560.0,7190.0,7545.0
561071.0,12176.0,5699.0
560972.0,7105.0,7643.0
562008.0,7087.0,7641.0
561264.0,7122.0,7447.0
561427.0,12459.0,7807.0
561655.0,7274.0,7719.0
561991.0,12341.0,763.0
562188.0,6977.0,7741.0
561234.0,7135.0,7579.0
562854.0,12230.0,7677.0
561634.0,7160.0,7611.0
560890.0,7135.0,7787.0
563773.0,12116.0,7641.0
560672.0,7078.0,7741.0
562866.0,7169.0,7579.0
560952.0,12222.0,7741.0
562300.0,7108.0,7709.0
563905.0,12272.0,7613.0
562020.0,7174.0,7643.0
563742.0,12123.0,7677.0
561558.0,7224.0,7985.0
564102.0,8527.0,7773.0
562303.0,7446.0,7739.0
562191.0,12205.0,7645.0
562274.0,7071.0,7705.0
561923.0,12276.0,7741.0
561745.0,7122.0,554369.0
15904.0,7122.0,7677.0
11079.0,12127.0,7577.0
12229.0,7263.0,7679.0
113197.0,7098.0,7803.0
16130.0,7172.0,309401.0
10917.0,12211.0,7775.0
17100.0,7155.0,7739.0
10839.0,7135.0,7739.0
10871.0,6995.0,558256.0
105541.0,8753.0,7613.0
16569.0,7122.0,7741.0
10657.0,12258.0,7675.0
10935.0,6977.0,296804.0
15784.0,7192.0,7643.0
15993.0,12191.0,7547.0
10883.0,6977.0,7645.0
16035.0,7435.0,7739.0
10849.0,7219.0,7545.0
17593.0,7311.0,7739.0
10745.0,12305.0,557214.0
16031.0,7140.0,7643.0
11457.0,7123.0,294209.0
107855.0,7117.0,7803.0
10993.0,7199.0,7631.0
15970.0,7459.0,7741.0
16909.0,7035.0,7645.0
10969.0,6895.0,7803.0
16098.0,7155.0,7771.0
10831.0,7135.0,7785.0
10915.0,12277.0,7739.0
179904.0,7159.0,7705.0
17235.0,7169.0,7579.0
10767.0,7117.0,7803.0
10881.0,7174.0,297275.0
182682.0,12194.0,7741.0
10669.0,7173.0,7675.0
433736.0,12191.0,7641.0
111084.0,7058.0,7841.0
10819.0,12190.0,7675.0
17545.0,7108.0,7677.0
15745.0,12113.0,7577.0
10957.0,13890.0,554629.0
15923.0,7078.0,7641.0
10947.0,12176.0,763.0
10605.0,7123.0,7773.0
196598.0,8626.0,7889.0
18926.0,7193.0,7757.0
15722.0,7387.0,7709.0
11763.0,13797.0,7773.0
16085.0,7187.0,7705.0
10969.0,8576.0,7707.0
17599.0,8307.0,763.0
10927.0,7167.0,7739.0
15632.0,7203.0,7739.0
10927.0,12467.0,7739.0
15969.0,7023.0,7641.0
17465.0,7122.0,7645.0
10691.0,12240.0,7641.0
10821.0,6991.0,7597.0
169794.0,7103.0,525381.0
16642.0,12137.0,7611.0
10819.0,7172.0,7645.0
16163.0,7078.0,763.0
11001.0,12309.0,7773.0
10755.0,8661.0,7741.0
213062.0,6995.0,7821.0
10935.0,7108.0,7707.0
16945.0,12051.0,7739.0
17814.0,12140.0,556454.0
16045.0,7122.0,7739.0
11107.0,7169.0,7643.0
10851.0,7122.0,7645.0
16003.0,12239.0,7804.0
15901.0,7108.0,24557.0
10915.0,12171.0,7739.0
446053.0,12587.0,763.0
10947.0,7140.0,7549.0
16121.0,7251.0,7739.0
10925.0,6989.0,763.0
17380.0,7135.0,196429.0
15840.0,7169.0,7789.0
10809.0,7103.0,7611.0
437493.0,7108.0,763.0
16077.0,12140.0,42287.0
10979.0,7058.0,7803.0
10883.0,12290.0,42414.0
181209.0,6945.0,7803.0
10809.0,7122.0,4439.0
15939.0,12389.0,7643.0
15819.0,7116.0,178787.0
10883.0,7174.0,7545.0
10937.0,12122.0,4471.0
16323.0,7103.0,7611.0
15788.0,7154.0,763.0
11055.0,12198.0,7646.0
10935.0,8603.0,763.0
123961.0,8623.0,7613.0
4785.0,535944.0,92384.0
13387.0,7117.0,7479.0
4750.0,12195.0,177972.0
4725.0,7058.0,7739.0
4817.0,7122.0,179124.0
4585.0,12337.0,7805.0
4785.0,7254.0,187155.0
16109.0,12254.0,7773.0
10807.0,7173.0,321563.0
15949.0,7058.0,7805.0
10755.0,12212.0,177290.0
437175.0,7000.0,7451.0
11043.0,12194.0,527051.0
15882.0,7174.0,763.0
10947.0,12418.0,7643.0
10755.0,7158.0,71252.0
216864.0,12357.0,7641.0
16011.0,7087.0,294579.0
10691.0,6958.0,7643.0
14003.0,12140.0,103459.0
186558.0,7169.0,7741.0
15826.0,7026.0,177899.0
10969.0,12254.0,7741.0
15901.0,7174.0,42847.0
10829.0,12205.0,7779.0
448934.0,7169.0,177795.0
10969.0,7119.0,7739.0
10883.0,7087.0,295371.0
15833.0,12140.0,7679.0
10991.0,7122.0,527011.0
109198.0,7174.0,7709.0
17534.0,12141.0,177483.0
11045.0,7169.0,7675.0
10733.0,6941.0,184010.0
437277.0,7293.0,7773.0
16099.0,7117.0,23304.0
11003.0,7205.0,7641.0
10905.0,7073.0,177420.0
15907.0,7169.0,7677.0
16014.0,7140.0,7773.0
10797.0,12276.0,763.0
15764.0,7190.0,100451.0
10873.0,12259.0,7711.0
10905.0,12386.0,104958.0
105437.0,7204.0,7739.0
16700.0,7111.0,175143.0
10733.0,7131.0,7739.0
11001.0,8711.0,7803.0
435271.0,7169.0,763.0
11021.0,12227.0,554267.0
15926.0,7174.0,7705.0
11043.0,7149.0,179482.0
15987.0,7117.0,7773.0
17644.0,12257.0,175485.0
10991.0,7122.0,8810.0
17110.0,12409.0,299274.0
10937.0,7110.0,7645.0
15872.0,12093.0,101113.0
10935.0,7160.0,7645.0
16229.0,12404.0,175571.0
10829.0,7040.0,7677.0
17124.0,7117.0,763.0
10785.0,7254.0,7613.0
15783.0,12212.0,763.0
10711.0,7160.0,7839.0
10787.0,12172.0,100557.0
440893.0,7219.0,7773.0
17185.0,491896.0,731.0
10885.0,6667.0,7641.0
170141.0,6643.0,763.0
10805.0,7185.0,7805.0
10969.0,7110.0,199390.0
107403.0,5565.0,7643.0
16001.0,6579.0,178202.0
10925.0,7174.0,7739.0
10819.0,515293.0,68936.0
15890.0,6962.0,7711.0
15807.0,514799.0,184217.0
10883.0,6579.0,7545.0
15701.0,7117.0,184769.0
10831.0,6623.0,7641.0
10883.0,6982.0,175803.0
16422.0,12120.0,7869.0
15840.0,7073.0,42655.0
10919.0,12099.0,7707.0
10745.0,7124.0,71840.0
16094.0,7076.0,7773.0
10935.0,717.0,104031.0
15901.0,7128.0,7611.0
15528.0,769.0,42980.0
10819.0,6623.0,7769.0
15899.0,11192.0,288696.0
10851.0,6623.0,7805.0
437499.0,7174.0,286461.0
10809.0,12259.0,7581.0
15841.0,7087.0,179275.0
10627.0,536385.0,7773.0
10777.0,7076.0,763.0
445072.0,12098.0,7739.0
16055.0,7119.0,763.0
10883.0,6623.0,7577.0
10883.0,7256.0,763.0
17294.0,510993.0,7709.0
16054.0,6623.0,305131.0
11033.0,6643.0,298445.0
514802.0,6623.0,7645.0
17395.0,7073.0,763.0
10969.0,486892.0,7447.0
15755.0,6611.0,186240.0
11021.0,6611.0,7739.0
11531.0,6591.0,763.0
108212.0,6687.0,7675.0
16303.0,6559.0,70447.0
11077.0,7105.0,7705.0
16044.0,6687.0,42445.0
10797.0,152823.0,7675.0
10915.0,7117.0,175501.0
16084.0,7028.0,7641.0
16303.0,513652.0,177667.0
10723.0,7110.0,7613.0
10713.0,7027.0,173930.0
16442.0,275833.0,7515.0
426451.0,6656.0,303852.0
10883.0,7184.0,7741.0
15732.0,4334.0,763.0
10723.0,6687.0,7773.0
16025.0,83666.0,294882.0
10947.0,7207.0,7741.0
16131.0,773.0,317451.0
10829.0,7028.0,7773.0
16475.0,12340.0,763.0
10723.0,6623.0,178792.0
17017.0,6623.0,7773.0
10841.0,6635.0,24099.0
434231.0,6909.0,7739.0
11043.0,7040.0,4505.0
15798.0,773.0,7741.0
10883.0,11276.0,185879.0
13432.0,6591.0,7643.0
4681.0,6559.0,175727.0
4725.0,7076.0,7675.0
4701.0,513614.0,178346.0
4725.0,6579.0,7739.0
4681.0,7023.0,763.0
17326.0,7140.0,7741.0
10935.0,512311.0,295489.0
16153.0,298257.0,7773.0
10861.0,6611.0,7803.0
16141.0,6623.0,763.0
10691.0,7174.0,174557.0
10903.0,233206.0,7643.0
15815.0,6611.0,763.0
10861.0,7135.0,7773.0
15908.0,7122.0,298164.0
16063.0,7175.0,7739.0
11021.0,7076.0,42483.0
15831.0,12067.0,7739.0
11681.0,6655.0,177921.0
16005.0,6611.0,7543.0
10923.0,6635.0,295719.0
16695.0,6559.0,7643.0
10851.0,6547.0,4103.0
11381.0,6655.0,7857.0
79271.0,7073.0,22238.0
16594.0,7156.0,7739.0
10711.0,276575.0,763.0
418332.0,7201.0,7611.0
10883.0,7040.0,7739.0
16885.0,7291.0,4439.0
10703.0,6599.0,763.0
16175.0,6936.0,7803.0
10711.0,5783.0,42647.0
416627.0,6611.0,7515.0
10711.0,13664.0,42542.0
15677.0,6611.0,7763.0
10895.0,566285.0,308260.0
10999.0,6600.0,7773.0
109616.0,6701.0,184400.0
17237.0,4344.0,7675.0
10795.0,6611.0,763.0
17825.0,6699.0,7513.0
11031.0,7237.0,4439.0
447415.0,6976.0,7805.0
11000.0,513722.0,294085.0
16590.0,100183.0,7543.0
10923.0,6611.0,293954.0
188440.0,7076.0,7641.0
15972.0,769.0,314149.0
10937.0,6642.0,7837.0
15970.0,6912.0,5013.0
10883.0,825.0,7803.0
16096.0,4292.0,173957.0
10787.0,6679.0,7709.0
16325.0,6623.0,20227.0
10895.0,6603.0,7611.0
16261.0,7076.0,4342.0
10873.0,773.0,7773.0
15844.0,7122.0,67498.0
10935.0,6559.0,7578.0
17307.0,6655.0,285381.0
11055.0,34376.0,7739.0
10980.0,7122.0,763.0
15881.0,12295.0,7705.0
10777.0,7067.0,296756.0
16399.0,7201.0,7741.0
15970.0,7053.0,195888.0
11077.0,6579.0,7613.0
15859.0,7122.0,184664.0
10861.0,717.0,7642.0
10969.0,6687.0,42879.0
15797.0,6623.0,7611.0
10861.0,6657.0,176103.0
436297.0,7064.0,7641.0
15876.0,222331.0,184385.0
10819.0,7032.0,7641.0
10979.0,773.0,7675.0
15859.0,6623.0,763.0
16095.0,439800.0,5733.0
10883.0,6623.0,7677.0
10991.0,7192.0,175476.0
15869.0,717.0,7641.0
16193.0,6918.0,177702.0
10679.0,260815.0,7643.0
15745.0,7110.0,91074.0
10571.0,513767.0,7739.0
96753.0,717.0,183770.0
10895.0,4284.0,7643.0
16195.0,230826.0,310521.0
10873.0,6559.0,7705.0
17073.0,6900.0,16123.0
11055.0,112986.0,7739.0
10873.0,7040.0,763.0
16043.0,717.0,7675.0
15990.0,7122.0,763.0
10861.0,773.0,7773.0
16141.0,6611.0,293787.0
10935.0,7108.0,7611.0
15958.0,825.0,42489.0
10969.0,515071.0,7739.0
10743.0,6687.0,69289.0
15816.0,7040.0,7641.0
10915.0,7264.0,297417.0
446554.0,7192.0,7613.0
17538.0,7163.0,178128.0
11033.0,7201.0,7773.0
10745.0,6579.0,763.0
15901.0,7140.0,7513.0
10885.0,233637.0,4439.0
15938.0,6611.0,7579.0
10605.0,6591.0,4830.0
15741.0,6611.0,7739.0
432999.0,7060.0,763.0
11129.0,12097.0,7739.0
10721.0,7000.0,186129.0
15900.0,773.0,7677.0
4725.0,6643.0,530706.0
4745.0,7040.0,7515.0
4721.0,513530.0,178241.0
4681.0,7046.0,7803.0
4721.0,12190.0,301086.0
4725.0,6657.0,7613.0
4725.0,6643.0,184165.0
179994.0,7000.0,7705.0
4597.0,47600.0,42581.0
4661.0,7035.0,7709.0
4597.0,7103.0,763.0
4661.0,7135.0,7789.0
4725.0,7192.0,42687.0
4701.0,825.0,7641.0
4681.0,7174.0,21711.0
4817.0,42551.0,7677.0
4745.0,6579.0,177326.0
4745.0,7174.0,7803.0
4725.0,261971.0,174167.0
434138.0,6623.0,7773.0
10935.0,6655.0,286605.0
15907.0,6643.0,7547.0
10961.0,6623.0,4471.0
16000.0,7076.0,7675.0
10841.0,77703.0,42622.0
10659.0,447755.0,7675.0
15881.0,6599.0,179240.0
15862.0,7192.0,7805.0
10743.0,12115.0,763.0
10829.0,6579.0,7513.0
15838.0,7126.0,178122.0
4745.0,237837.0,7677.0
4669.0,6547.0,4103.0
4745.0,514907.0,7900.0
4725.0,6643.0,4764.0
4721.0,6976.0,7645.0
4745.0,773.0,321681.0
4681.0,7128.0,186853.0
4661.0,717.0,7545.0
4721.0,7076.0,182806.0
4725.0,513501.0,7739.0
4725.0,6753.0,7775.0
4605.0,7142.0,42587.0
4701.0,769.0,298172.0
4745.0,7174.0,7739.0
4725.0,177289.0,42715.0
4745.0,7192.0,7545.0
4661.0,513285.0,180201.0
4745.0,16340.0,7739.0
4745.0,6579.0,177731.0
4725.0,7160.0,7645.0
4725.0,7192.0,763.0
4725.0,7058.0,7741.0
4725.0,7110.0,763.0
4809.0,241861.0,7677.0
4745.0,246463.0,285594.0
4745.0,6580.0,7741.0
4745.0,7191.0,763.0
4817.0,239563.0,7675.0
4745.0,40585.0,313209.0
4669.0,6591.0,7837.0
4785.0,6994.0,763.0
431497.0,773.0,7547.0
4757.0,7057.0,43600.0
4745.0,717.0,7577.0
5463.0,7058.0,763.0
4725.0,825.0,7741.0
4725.0,717.0,178566.0
10927.0,7005.0,7739.0
17436.0,4701.0,298784.0
110221.0,1136342.0,7643.0
11153.0,6611.0,175508.0
10699.0,7091.0,7613.0
16012.0,514883.0,10658.0
16057.0,7053.0,7629.0
11067.0,6711.0,763.0
143318.0,7058.0,7741.0
10701.0,769.0,763.0
15786.0,6611.0,7675.0
10787.0,7082.0,303541.0
436318.0,513548.0,7837.0
10883.0,6579.0,4471.0
16926.0,7187.0,7677.0
10711.0,6904.0,763.0
16420.0,652793.0,7577.0
10755.0,6655.0,90678.0
11055.0,717.0,7613.0
15817.0,6829.0,763.0
10925.0,878262.0,7739.0
105459.0,567860.0,186512.0
15951.0,6611.0,7643.0
10959.0,7140.0,4796.0
16412.0,299062.0,7610.0
10981.0,6731.0,4439.0
18791.0,57381.0,7739.0
11131.0,6655.0,763.0
16626.0,6547.0,7513.0
10883.0,7105.0,187308.0
16026.0,6655.0,7773.0
10969.0,7058.0,763.0
15795.0,5595.0,7803.0
10839.0,6699.0,763.0
15697.0,7103.0,7611.0
10905.0,7058.0,174519.0
16316.0,825.0,7613.0
11043.0,7174.0,286604.0
10851.0,717.0,7613.0
15783.0,7078.0,7863.0
16774.0,242279.0,176785.0
10733.0,566411.0,568620.0
444584.0,6547.0,763.0
10829.0,6611.0,7543.0
17218.0,6623.0,178032.0
10829.0,6643.0,7741.0
16291.0,7092.0,186672.0
10927.0,180356.0,7641.0
17203.0,7169.0,178617.0
10914.0,773.0,7611.0
16626.0,7210.0,763.0
10883.0,233284.0,7773.0
11168.0,7073.0,296213.0
16408.0,7058.0,7709.0
16322.0,7105.0,763.0
11188.0,7076.0,7613.0
16181.0,717.0,44058.0
11104.0,6611.0,7739.0
16396.0,7058.0,763.0
10846.0,6591.0,7775.0
11255.0,7192.0,4373.0
507550.0,7154.0,7645.0
16180.0,6667.0,175466.0
41701.0,6623.0,7743.0
498051.0,7128.0,100283.0
11190.0,514311.0,7641.0
16419.0,7153.0,31161.0
11134.0,536515.0,7515.0
11276.0,6579.0,7805.0
269950.0,6643.0,253003.0
11136.0,7117.0,7741.0
16399.0,7174.0,763.0
11168.0,6547.0,7739.0
538601.0,7201.0,12653.0
537265.0,717.0,7739.0
10888.0,7028.0,7705.0
16219.0,495661.0,12556.0
11222.0,6623.0,7738.0
11212.0,6989.0,7741.0
540852.0,511996.0,7803.0
541061.0,7224.0,7583.0
11232.0,7022.0,7641.0
269868.0,407132.0,12589.0
10878.0,7172.0,7773.0
233762.0,7145.0,7643.0
11136.0,186023.0,12438.0
11276.0,7139.0,14686.0
542564.0,193701.0,7545.0
11245.0,7058.0,7544.0
534482.0,7153.0,763.0
540132.0,513465.0,7740.0
11136.0,7154.0,763.0
16055.0,403997.0,12654.0
11136.0,6962.0,7773.0
16495.0,512532.0,12687.0
11168.0,7174.0,7739.0
304401.0,141207.0,7773.0
11028.0,7040.0,763.0
541525.0,7169.0,7642.0
11308.0,7001.0,763.0
17840.0,773.0,7509.0
17383.0,7169.0,763.0
11360.0,493540.0,7757.0
496121.0,7192.0,7739.0
11136.0,245066.0,525461.0
543799.0,7058.0,7676.0
11190.0,292731.0,7543.0
18285.0,504210.0,763.0
16258.0,7125.0,7742.0
11104.0,514057.0,7805.0
16294.0,6982.0,7739.0
11018.0,7117.0,7806.0
11136.0,6971.0,7676.0
534961.0,3960.0,763.0
11168.0,7187.0,7773.0
16352.0,494260.0,763.0
11093.0,7046.0,7803.0
16315.0,514610.0,763.0
538642.0,7110.0,7837.0
10976.0,261707.0,12502.0
11212.0,7210.0,7643.0
534452.0,155105.0,7739.0
11190.0,7187.0,763.0
542482.0,407091.0,7675.0
227035.0,7078.0,7676.0
11190.0,513515.0,7643.0
539310.0,7000.0,7577.0
11276.0,511743.0,763.0
16594.0,7192.0,7739.0
11136.0,510941.0,7757.0
11147.0,7122.0,12621.0
15966.0,513307.0,7741.0
536220.0,7122.0,7783.0
11050.0,7105.0,7643.0
16226.0,7035.0,7739.0
11265.0,223580.0,112114.0
16368.0,7142.0,7722.0
11168.0,7141.0,763.0
16313.0,7013.0,7577.0
11296.0,717.0,521106.0
11222.0,7169.0,7643.0
275480.0,7169.0,7757.0
538644.0,7169.0,14611.0
11112.0,7117.0,7773.0
542664.0,244690.0,763.0
11318.0,7138.0,7628.0
16356.0,7087.0,7740.0
11146.0,277146.0,763.0
16445.0,7110.0,7740.0
11094.0,154856.0,7641.0
11052.0,7219.0,7644.0
299365.0,349651.0,12493.0
11059.0,7128.0,7709.0
534266.0,7149.0,7685.0
542685.0,7035.0,7641.0
11020.0,410597.0,7739.0
16277.0,7128.0,7543.0
11210.0,717.0,763.0
17252.0,7110.0,7773.0
11136.0,7169.0,12783.0
541879.0,7135.0,7641.0
11008.0,7169.0,7739.0
16249.0,508927.0,12799.0
11050.0,7146.0,7758.0
16274.0,496080.0,7773.0
11168.0,180309.0,7641.0
11178.0,7085.0,763.0
541817.0,411018.0,152131.0
11180.0,7174.0,7774.0
547451.0,513650.0,12618.0
16182.0,7058.0,7739.0
11220.0,7059.0,7709.0
11062.0,152594.0,7641.0
16679.0,7187.0,7707.0
11178.0,195251.0,763.0
541818.0,7187.0,7740.0
16431.0,717.0,7643.0
11094.0,7117.0,160136.0
304719.0,495578.0,7803.0
11062.0,6994.0,7710.0
541964.0,508981.0,763.0
16096.0,7160.0,12993.0
11050.0,513715.0,7644.0
542335.0,7110.0,7707.0
11212.0,717.0,12865.0
11222.0,7061.0,7580.0
500277.0,4785.0,7579.0
157460.0,439166.0,763.0
10996.0,411098.0,7808.0
543463.0,7092.0,763.0
10976.0,7104.0,7642.0
11223.0,7169.0,7739.0
16026.0,7035.0,7643.0
546178.0,165527.0,763.0
537336.0,7122.0,14666.0
11276.0,294962.0,7741.0
536752.0,7122.0,12851.0
10932.0,7053.0,7742.0
10996.0,195365.0,7791.0
539277.0,7090.0,763.0
16334.0,7037.0,7741.0
11198.0,408569.0,7543.0
540186.0,7128.0,7677.0
10996.0,773.0,763.0
16377.0,7073.0,12749.0
11094.0,390586.0,7757.0
11136.0,7026.0,7642.0
541186.0,7135.0,7773.0
536075.0,7123.0,7641.0
11360.0,512292.0,7803.0
540393.0,7026.0,7641.0
11082.0,7201.0,526373.0
16432.0,281489.0,7620.0
11134.0,7009.0,763.0
11274.0,512923.0,12684.0
16164.0,7173.0,7677.0
541440.0,498247.0,7580.0
534519.0,7174.0,7675.0
10996.0,6895.0,763.0
16313.0,7041.0,7739.0
11136.0,512023.0,7773.0
11018.0,7192.0,7755.0
534425.0,152684.0,7739.0
16095.0,7117.0,7570.0
11254.0,7103.0,7742.0
16162.0,185649.0,12623.0
11104.0,7169.0,7773.0
543720.0,7205.0,7675.0
11136.0,294678.0,763.0
16146.0,6982.0,7676.0
11158.0,507199.0,136503.0
532044.0,7110.0,7739.0
11168.0,512240.0,7740.0
542015.0,7206.0,7709.0
11200.0,7333.0,61045.0
16516.0,6995.0,763.0
11136.0,198243.0,7742.0
11008.0,7169.0,7577.0
16454.0,513287.0,7741.0
16389.0,7206.0,763.0
11018.0,7135.0,7611.0
236701.0,513399.0,7578.0
11222.0,494578.0,12715.0
542808.0,7174.0,18588.0
11136.0,7103.0,7739.0
540840.0,7086.0,7643.0
11222.0,7117.0,7868.0
15902.0,188164.0,7705.0
11190.0,7192.0,7641.0
540135.0,7123.0,7615.0
11114.0,7141.0,7775.0
537797.0,7103.0,7827.0
11136.0,157172.0,6341.0
16348.0,7219.0,763.0
10966.0,7274.0,7267.0
16281.0,295421.0,8414.0
11158.0,7193.0,12717.0
495558.0,7103.0,7741.0
11050.0,410713.0,7741.0
109626.0,7110.0,7739.0
11200.0,395256.0,763.0
544709.0,7108.0,7543.0
11049.0,7117.0,7739.0
542164.0,7105.0,520297.0
11222.0,513215.0,7509.0
539838.0,7128.0,7641.0
11178.0,512607.0,7641.0
16402.0,7174.0,763.0
11134.0,183943.0,7641.0
538676.0,7053.0,763.0
11028.0,7167.0,7869.0
506703.0,7169.0,7577.0
10964.0,6977.0,5828.0
543659.0,406782.0,7756.0
11018.0,7124.0,7805.0
11158.0,7117.0,117579.0
16482.0,288031.0,7741.0
11222.0,7224.0,185560.0
16497.0,7105.0,7641.0
16400.0,506468.0,7775.0
11104.0,7014.0,7740.0
16578.0,4253.0,7825.0
11210.0,6930.0,12687.0
16151.0,171943.0,7739.0
11158.0,7167.0,7739.0
11200.0,7135.0,7705.0
540363.0,7153.0,249230.0
16213.0,152787.0,7644.0
11114.0,7173.0,8098.0
11050.0,7117.0,763.0
535516.0,7087.0,54289.0
11126.0,511879.0,7804.0
16409.0,7108.0,12883.0
16594.0,7117.0,7675.0
11072.0,499959.0,7739.0
16864.0,7192.0,7578.0
11158.0,152654.0,159825.0
11158.0,7158.0,7739.0
539384.0,510529.0,7739.0
16314.0,7122.0,7611.0
11114.0,717.0,12625.0
543622.0,7049.0,7580.0
237173.0,594614.0,7739.0
11274.0,3942.0,763.0
540669.0,7087.0,7607.0
11306.0,7450.0,137545.0
11158.0,7135.0,7803.0
543195.0,299812.0,7741.0
291730.0,6981.0,7775.0
11062.0,182191.0,7710.0
11158.0,7137.0,7901.0
296769.0,165832.0,7807.0
17833.0,7117.0,138699.0
536627.0,493538.0,12361.0
11168.0,7174.0,7739.0
541068.0,296102.0,7675.0
11168.0,6982.0,763.0
542899.0,7117.0,12558.0
11178.0,7135.0,7740.0
535861.0,453256.0,7776.0
11169.0,7174.0,12666.0
539450.0,514475.0,7677.0
11190.0,7122.0,7545.0
11158.0,505044.0,7445.0
538879.0,7073.0,7675.0
545607.0,514098.0,12655.0
10996.0,7174.0,7742.0
293348.0,7071.0,7742.0
11072.0,7201.0,12672.0
11158.0,7167.0,7381.0
542903.0,7217.0,7677.0
302203.0,7135.0,763.0
11233.0,287644.0,7742.0
11136.0,7128.0,763.0
16312.0,7103.0,7772.0
11114.0,299633.0,7643.0
16385.0,7092.0,14602.0
10964.0,514032.0,7948.0
16334.0,7160.0,7740.0
11050.0,7297.0,7741.0
540850.0,291804.0,763.0
11146.0,7174.0,7770.0
16118.0,6977.0,12621.0
11244.0,299309.0,7739.0
11264.0,7142.0,7643.0
16148.0,7155.0,763.0
543629.0,7187.0,7741.0
11018.0,7035.0,7803.0
10974.0,171279.0,763.0
503127.0,4715.0,12897.0
11146.0,6889.0,7642.0
16386.0,197508.0,12848.0
16271.0,7138.0,7739.0
11016.0,236108.0,7677.0
539802.0,7169.0,763.0
11136.0,7103.0,12782.0
11114.0,7136.0,7773.0
539003.0,505590.0,7739.0
138673.0,7076.0,12883.0
11136.0,6977.0,7741.0
16139.0,7173.0,7543.0
539876.0,685.0,7741.0
11038.0,40583.0,7773.0
16419.0,264870.0,7775.0
11244.0,7192.0,763.0
539681.0,7071.0,7740.0
11158.0,291685.0,763.0
542160.0,7224.0,7705.0
11136.0,7105.0,7709.0
542374.0,140623.0,12587.0
11308.0,7023.0,7675.0
190692.0,7155.0,12916.0
4637.0,493834.0,7742.0
11190.0,7076.0,7904.0
538268.0,7174.0,521025.0
11146.0,209795.0,7803.0
16318.0,7053.0,7741.0
10910.0,173579.0,7709.0
16303.0,6953.0,14566.0
11165.0,397147.0,7740.0
542749.0,7057.0,7643.0
11340.0,7087.0,763.0
16453.0,7114.0,7721.0
11220.0,717.0,7480.0
16537.0,7192.0,7841.0
11136.0,7169.0,7803.0
540160.0,7149.0,763.0
23940.0,7205.0,12562.0
10974.0,513499.0,7774.0
11104.0,7110.0,12624.0
541539.0,493655.0,7739.0
11262.0,7174.0,7740.0
143879.0,7117.0,7740.0
536422.0,7103.0,763.0
11082.0,7117.0,14602.0
16314.0,513936.0,7675.0
11222.0,7091.0,7805.0
15975.0,7073.0,7578.0
11082.0,6995.0,12425.0
18062.0,7183.0,7609.0
538193.0,511156.0,7611.0
11136.0,7140.0,827.0
18008.0,184798.0,12629.0
16268.0,7117.0,7773.0
11061.0,685.0,242561.0
538997.0,531605.0,8269.0
16569.0,717.0,7641.0
11244.0,42259.0,12467.0
11136.0,6894.0,7773.0
16381.0,493456.0,12618.0
11050.0,7040.0,7773.0
15944.0,504972.0,7641.0
16346.0,7076.0,12795.0
11030.0,408854.0,7641.0
11220.0,7058.0,116313.0
16389.0,7163.0,7641.0
11180.0,385544.0,12616.0
546730.0,6994.0,7740.0
11094.0,7167.0,357746.0
16515.0,193471.0,7643.0
544221.0,7137.0,12694.0
11072.0,7117.0,7543.0
16377.0,7121.0,7739.0
11254.0,7071.0,12729.0
538408.0,155108.0,7741.0
11264.0,7155.0,12784.0
16346.0,7045.0,8071.0
11114.0,7174.0,7675.0
543170.0,12253.0,12632.0
11072.0,7076.0,7641.0
541953.0,12226.0,12553.0
11254.0,6655.0,7675.0
18016.0,6599.0,12559.0
542146.0,6643.0,8071.0
11168.0,466292.0,12522.0
11222.0,7140.0,7643.0
539084.0,7040.0,12559.0
11262.0,12286.0,7774.0
537868.0,7040.0,12455.0
542651.0,12676.0,7641.0
11104.0,7122.0,7577.0
535933.0,464235.0,14630.0
11072.0,464382.0,12554.0
16259.0,7078.0,7773.0
11126.0,7140.0,518549.0
236435.0,193831.0,511314.0
11018.0,7092.0,8203.0
11084.0,12213.0,7675.0
16303.0,7040.0,12554.0
16295.0,12163.0,7741.0
11136.0,6591.0,7741.0
16028.0,6547.0,763.0
10986.0,6821.0,12521.0
543169.0,6667.0,7678.0
11018.0,12240.0,7576.0
16407.0,7092.0,763.0
11191.0,12213.0,12524.0
541929.0,7160.0,7675.0
11222.0,7160.0,12731.0
539942.0,12418.0,7641.0
11072.0,547857.0,12815.0
16273.0,6591.0,7644.0
11041.0,7076.0,7543.0
16303.0,12093.0,7641.0
11136.0,6611.0,7709.0
11308.0,13873.0,7641.0
536503.0,7071.0,12654.0
540717.0,6611.0,8105.0
11190.0,7174.0,12772.0
11136.0,12337.0,7773.0
16401.0,7117.0,7609.0
539929.0,6611.0,12456.0
11126.0,7142.0,7675.0
224998.0,12165.0,8205.0
11136.0,6635.0,12601.0
545761.0,6591.0,7709.0
11287.0,6599.0,14491.0
535376.0,7053.0,14662.0
11188.0,7192.0,12514.0
16378.0,464108.0,8203.0
11168.0,7078.0,7641.0
11136.0,12244.0,189527.0
539870.0,6777.0,12592.0
11038.0,7092.0,8285.0
546492.0,206943.0,14423.0
541281.0,6623.0,12565.0
11190.0,7189.0,7643.0
11146.0,12190.0,12826.0
540423.0,6655.0,8073.0
543370.0,7122.0,7587.0
11190.0,222195.0,7641.0
11112.0,7210.0,7685.0
16215.0,12230.0,12682.0
540421.0,6579.0,7641.0
11146.0,6655.0,123996.0
11198.0,6599.0,12404.0
540621.0,7071.0,7707.0
16582.0,534950.0,7805.0
11158.0,12116.0,12614.0
158835.0,7172.0,7577.0
11200.0,6655.0,12664.0
16419.0,7122.0,7803.0
11158.0,148023.0,12525.0
535986.0,7206.0,8203.0
11232.0,12069.0,12620.0
540370.0,6579.0,7545.0
11276.0,6643.0,8223.0
539988.0,6591.0,367305.0
11008.0,12095.0,7543.0
16397.0,7046.0,49572.0
11112.0,6579.0,7774.0
11168.0,7160.0,122622.0
16379.0,12177.0,12456.0
542075.0,7058.0,7642.0
11104.0,465327.0,7543.0
539625.0,6643.0,12674.0
10942.0,12286.0,8105.0
11158.0,7173.0,352023.0
539358.0,6623.0,7643.0
538140.0,12141.0,12690.0
11222.0,7174.0,7586.0
16393.0,7053.0,12425.0
11016.0,6655.0,8071.0
533473.0,7122.0,12577.0
11050.0,463814.0,7775.0
16224.0,7076.0,234505.0
11136.0,12259.0,12653.0
541283.0,7140.0,7756.0
11318.0,12243.0,14706.0
539001.0,7040.0,7611.0
16237.0,12173.0,12231.0
11232.0,7073.0,7683.0
11308.0,6611.0,7641.0
541583.0,169669.0,7579.0
16241.0,7255.0,12642.0
11136.0,7187.0,7675.0
11168.0,7169.0,7641.0
16323.0,7105.0,7775.0
542266.0,6623.0,12588.0
11136.0,4292.0,7741.0
16558.0,6579.0,12586.0
11190.0,6643.0,7641.0
16367.0,7119.0,12456.0
11136.0,6611.0,7710.0
16473.0,6603.0,12552.0
11050.0,6623.0,7843.0
11136.0,7158.0,12621.0
536395.0,159399.0,7577.0
541941.0,6599.0,12620.0
11254.0,6971.0,7739.0
11232.0,7108.0,7643.0
11168.0,12173.0,375640.0
540414.0,6623.0,12667.0
11006.0,6579.0,7543.0
536771.0,12245.0,7741.0
541302.0,7040.0,7675.0
11158.0,7140.0,12512.0
16313.0,12303.0,8071.0
10964.0,12290.0,12717.0
11180.0,7128.0,7578.0
137043.0,6611.0,7743.0
16354.0,7173.0,7739.0
11005.0,7108.0,763.0
17587.0,464790.0,7543.0
11062.0,12222.0,763.0
16750.0,7040.0,12588.0
11318.0,6611.0,7739.0
11050.0,6611.0,49668.0
16261.0,7028.0,7683.0
11158.0,12309.0,12621.0
142566.0,6654.0,7544.0
16733.0,7110.0,12620.0
11178.0,12266.0,7739.0
16473.0,7169.0,8107.0
11220.0,28188.0,7741.0
16288.0,7108.0,12557.0
11156.0,12145.0,7546.0
16445.0,7199.0,12782.0
11180.0,536868.0,7584.0
18134.0,7000.0,7643.0
17364.0,12255.0,642204.0
11039.0,6611.0,7641.0
17292.0,6655.0,7709.0
11070.0,6655.0,763.0
510499.0,7174.0,7543.0
11136.0,12173.0,7643.0
16377.0,7053.0,7577.0
11051.0,6591.0,7675.0
16369.0,6611.0,12599.0
11082.0,6591.0,7642.0
11082.0,7204.0,14499.0
16444.0,12354.0,7741.0
16186.0,7169.0,12456.0
11050.0,7035.0,7641.0
16757.0,773.0,12453.0
11082.0,6765.0,7577.0
16550.0,12221.0,12684.0
11264.0,7092.0,7710.0
16203.0,7153.0,402564.0
11190.0,6579.0,12675.0
16184.0,7192.0,8205.0
11220.0,12193.0,8071.0
16262.0,6687.0,8071.0
11158.0,12145.0,12618.0
16424.0,7192.0,7807.0
11244.0,6527.0,516654.0
16314.0,7092.0,7739.0
11072.0,12242.0,517388.0
16648.0,7122.0,12552.0
11050.0,12459.0,8106.0
17082.0,7122.0,12611.0
10986.0,172677.0,7739.0
17945.0,6590.0,12687.0
17289.0,7222.0,7739.0
11146.0,12289.0,12620.0
10964.0,6635.0,7578.0
16217.0,6515.0,7585.0
16208.0,7105.0,7788.0
11190.0,464500.0,7543.0
11136.0,7178.0,7739.0
15978.0,7160.0,12623.0
16937.0,167383.0,8106.0
11158.0,7122.0,12596.0
16858.0,464470.0,7543.0
11168.0,7122.0,12716.0
11180.0,464402.0,7741.0
16484.0,6655.0,12741.0
16269.0,6599.0,8237.0
11244.0,7192.0,12656.0
18206.0,12205.0,7764.0
11191.0,7122.0,12524.0
17119.0,12122.0,7677.0
17093.0,6623.0,12719.0
10942.0,7104.0,7445.0
11222.0,7174.0,7641.0
16051.0,12322.0,763.0
11286.0,7121.0,643241.0
16302.0,12191.0,12494.0
17268.0,6643.0,8205.0
11104.0,464549.0,12519.0
17228.0,7122.0,7612.0
10920.0,7121.0,14421.0
18370.0,825.0,12706.0
16323.0,6559.0,7973.0
11220.0,489799.0,7675.0
296009.0,6699.0,12609.0
11254.0,12322.0,7675.0
16266.0,7108.0,12490.0
11113.0,6559.0,7739.0
18131.0,6667.0,12586.0
11190.0,6699.0,7675.0
16255.0,6635.0,12633.0
16872.0,6982.0,8107.0
11008.0,12141.0,12554.0
16599.0,7135.0,7677.0
11318.0,536351.0,12602.0
16506.0,6611.0,7739.0
10994.0,7053.0,12295.0
16376.0,6583.0,7446.0
10964.0,12172.0,12818.0
16454.0,6962.0,7577.0
11146.0,6611.0,7739.0
503744.0,6567.0,12589.0
11168.0,6743.0,8105.0
11200.0,6982.0,12710.0
16256.0,464684.0,7577.0
16217.0,7160.0,7743.0
11126.0,12223.0,372709.0
17138.0,12323.0,7741.0
11136.0,7122.0,12491.0
16495.0,7110.0,8204.0
11050.0,12140.0,12586.0
16971.0,12338.0,7837.0
11082.0,7122.0,7739.0
17432.0,6643.0,7641.0
11189.0,6579.0,12522.0
16387.0,7140.0,8205.0
11146.0,463549.0,7641.0
16432.0,7160.0,12716.0
10986.0,12208.0,7611.0
17967.0,7205.0,12640.0
16367.0,6679.0,7741.0
11082.0,6623.0,12623.0
274687.0,7122.0,8071.0
11244.0,12104.0,7973.0
16100.0,6655.0,12586.0
11125.0,6667.0,7773.0
16389.0,7140.0,14613.0
10997.0,12109.0,7641.0
16623.0,6667.0,12609.0
11255.0,6623.0,7611.0
11082.0,7154.0,12536.0
16150.0,464512.0,7773.0
16992.0,7122.0,12519.0
10890.0,464866.0,7641.0
16321.0,6667.0,12684.0
11082.0,7133.0,7739.0
15896.0,7126.0,12716.0
11168.0,463711.0,7709.0
11244.0,6611.0,12652.0
16300.0,6733.0,7642.0
18341.0,6655.0,7577.0
11072.0,7035.0,763.0
16897.0,6643.0,12586.0
11158.0,7046.0,7445.0
16743.0,147948.0,8071.0
11287.0,6623.0,12620.0
16345.0,161368.0,7577.0
10996.0,7192.0,203557.0
16710.0,12173.0,7642.0
11124.0,7190.0,7773.0
11060.0,6643.0,12630.0
16357.0,466385.0,8169.0
16560.0,7242.0,7543.0
11220.0,6611.0,14918.0
11276.0,6699.0,12491.0
143235.0,7136.0,7611.0
11242.0,7128.0,12805.0
16442.0,12127.0,7773.0
17179.0,6655.0,7445.0
11060.0,7192.0,763.0
501199.0,12094.0,7643.0
11158.0,7160.0,640224.0
16795.0,6958.0,49104.0
11168.0,12239.0,7677.0
16268.0,6611.0,12620.0
11158.0,12193.0,7741.0
16104.0,7174.0,12597.0
11060.0,6611.0,7741.0
11168.0,7122.0,7641.0
136869.0,12177.0,7543.0
10996.0,6643.0,7987.0
16388.0,6611.0,232314.0
16551.0,7126.0,12760.0
11124.0,12309.0,7705.0
16538.0,7058.0,12609.0
11254.0,12263.0,7739.0
16275.0,7090.0,7741.0
11210.0,12234.0,7675.0
11200.0,7135.0,872687.0
16485.0,6611.0,873783.0
16378.0,6547.0,872574.0
11094.0,7128.0,872246.0
16106.0,466309.0,869867.0
11242.0,6611.0,870466.0
11222.0,566581.0,874985.0
15880.0,6611.0,870627.0
11144.0,6611.0,874089.0
16645.0,7160.0,873700.0
16336.0,12341.0,871310.0
11040.0,6611.0,872713.0
16476.0,7122.0,874062.0
11168.0,12372.0,870911.0
16748.0,6643.0,875076.0
11264.0,6655.0,873349.0
17549.0,7119.0,870990.0
11158.0,7110.0,870174.0
16309.0,7121.0,874062.0
11060.0,7174.0,870937.0
16694.0,7053.0,870121.0
11146.0,7103.0,869713.0
11308.0,7169.0,870924.0
138782.0,6953.0,870932.0
16843.0,7117.0,872627.0
11072.0,7117.0,871840.0
16522.0,7087.0,875454.0
11276.0,7142.0,870498.0
11146.0,7110.0,876641.0
184516.0,7142.0,875082.0
17662.0,7117.0,872487.0
11222.0,7055.0,870871.0
16891.0,7067.0,872724.0
10910.0,7072.0,869654.0
134961.0,6989.0,873607.0
11244.0,7081.0,785647.0
17984.0,7187.0,871941.0
11126.0,7169.0,875205.0
15858.0,6895.0,873989.0
16774.0,7204.0,873958.0
11168.0,7105.0,873698.0
16181.0,7090.0,874299.0
11232.0,7169.0,874193.0
11156.0,7058.0,871766.0
17028.0,7187.0,875734.0
11062.0,7140.0,873333.0
53318.0,7078.0,871940.0
17507.0,7076.0,870513.0
11220.0,7119.0,870161.0
16423.0,6871.0,871558.0
11137.0,7105.0,874172.0
11190.0,7273.0,870837.0
16224.0,7073.0,870066.0
11307.0,7117.0,870151.0
52569.0,7123.0,874519.0
16623.0,7178.0,875740.0
11062.0,7078.0,875936.0
11104.0,7091.0,870674.0
17374.0,7105.0,869543.0
16431.0,7201.0,869959.0
11274.0,7186.0,870730.0
17178.0,7210.0,870851.0
11104.0,7092.0,870126.0
18908.0,7169.0,870767.0
11018.0,7035.0,875420.0
16409.0,7121.0,870043.0
16436.0,7092.0,872154.0
11190.0,7008.0,873940.0
16154.0,7149.0,875250.0
11456.0,7167.0,870257.0
17014.0,7135.0,875263.0
10996.0,7085.0,873702.0
16159.0,7135.0,871113.0
11286.0,7060.0,877391.0
16087.0,7071.0,874669.0
11072.0,6958.0,875848.0
17373.0,7169.0,872321.0
11166.0,7142.0,870061.0
11276.0,6895.0,872023.0
16876.0,7105.0,873989.0
108385.0,7067.0,871240.0
16355.0,7169.0,872946.0
11136.0,7087.0,875281.0
16619.0,7058.0,875858.0
11319.0,7117.0,872517.0
17824.0,7117.0,870590.0
17013.0,7116.0,872045.0
11148.0,507561.0,874706.0
18175.0,7023.0,875086.0
16993.0,7174.0,870374.0
11210.0,7090.0,870705.0
16419.0,6989.0,870148.0
11265.0,7122.0,877656.0
17373.0,6971.0,874553.0
10996.0,7187.0,870864.0
17254.0,7072.0,870814.0
10964.0,7187.0,877064.0
227387.0,7121.0,872868.0
11080.0,7191.0,870215.0
17303.0,7169.0,870815.0
11308.0,7072.0,875240.0
18007.0,7187.0,873098.0
11158.0,7169.0,873618.0
16670.0,7053.0,873126.0
11016.0,7035.0,873469.0
11254.0,7155.0,874132.0
538317.0,7174.0,877560.0
16440.0,7124.0,871444.0
11092.0,7092.0,874197.0
17438.0,7117.0,875980.0
11072.0,7187.0,873778.0
16614.0,7053.0,871980.0
11114.0,7105.0,870984.0
16326.0,7119.0,873146.0
11200.0,6953.0,875132.0
247354.0,7155.0,870044.0
11222.0,7135.0,870450.0
16628.0,7023.0,872046.0
11082.0,7008.0,877719.0
11191.0,7201.0,875138.0
16335.0,7169.0,876504.0
16163.0,7137.0,871373.0
11060.0,7117.0,875321.0
17003.0,7251.0,873685.0
10996.0,7192.0,869967.0
16950.0,7051.0,871594.0
11166.0,7117.0,874424.0
11190.0,7071.0,873868.0
16380.0,7137.0,874034.0
16378.0,7187.0,872273.0
11134.0,7163.0,871206.0
17491.0,7135.0,871713.0
11050.0,7078.0,870586.0
11191.0,7037.0,872064.0
16473.0,7169.0,875740.0
16254.0,7169.0,875509.0
11167.0,7092.0,876158.0
11168.0,7137.0,873823.0
16345.0,7067.0,874186.0
18196.0,7147.0,875317.0
11222.0,7283.0,870540.0
16447.0,7117.0,871038.0
11158.0,7087.0,871915.0
11252.0,7224.0,870637.0
16376.0,7169.0,870413.0
16387.0,7149.0,871298.0
11094.0,6953.0,875060.0
16458.0,7117.0,870544.0
11264.0,6913.0,876572.0
16303.0,7087.0,873525.0
11104.0,7103.0,870923.0
18033.0,7053.0,871389.0
18208.0,7160.0,871358.0
17206.0,7153.0,873575.0
11308.0,7251.0,871785.0
11050.0,7192.0,872754.0
16367.0,7169.0,871220.0
16310.0,49811.0,878090.0
11220.0,7085.0,870544.0
11188.0,7153.0,870746.0
16323.0,7103.0,875054.0
11072.0,7174.0,874139.0
17369.0,7058.0,870113.0
11030.0,506959.0,870118.0
16434.0,7134.0,874624.0
11286.0,7103.0,869898.0
16384.0,7087.0,870198.0
16474.0,7142.0,876437.0
11070.0,7035.0,872979.0
11403.0,7122.0,874639.0
143443.0,7021.0,873175.0
11244.0,7149.0,871524.0
60144.0,7169.0,871598.0
16089.0,7090.0,872929.0
11060.0,7174.0,876641.0
11136.0,7116.0,870615.0
17014.0,7105.0,871756.0
17119.0,7040.0,876632.0
11104.0,7010.0,870767.0
16399.0,7053.0,871964.0
11190.0,7117.0,869901.0
16482.0,7058.0,870373.0
11134.0,7230.0,870446.0
11264.0,7169.0,877854.0
16753.0,6931.0,879470.0
11072.0,7110.0,873140.0
16336.0,7173.0,870967.0
11136.0,7149.0,871091.0
116166.0,7192.0,869657.0
103464.0,7124.0,870303.0
11222.0,7117.0,871000.0
16147.0,7122.0,878229.0
10880.0,7000.0,875979.0
16287.0,7110.0,870929.0
11136.0,6989.0,874181.0
11180.0,7117.0,872992.0
16783.0,7153.0,874227.0
544776.0,7087.0,873086.0
11264.0,7117.0,874553.0
16210.0,7059.0,872858.0
10888.0,7085.0,872162.0
11352.0,7105.0,870002.0
16636.0,7000.0,875214.0
16366.0,7067.0,875784.0
11254.0,7124.0,870760.0
16860.0,7169.0,848175.0
11190.0,7021.0,873708.0
11340.0,7091.0,870891.0
116408.0,7117.0,871561.0
17122.0,7116.0,870866.0
11104.0,7087.0,873732.0
16377.0,7151.0,12774.0
11112.0,7155.0,7739.0
11050.0,7040.0,12608.0
17661.0,7135.0,7739.0
18264.0,7277.0,12685.0
53288.0,7087.0,7741.0
11255.0,6957.0,12653.0
16214.0,7035.0,7739.0
11072.0,7179.0,12653.0
16356.0,6971.0,7803.0
11190.0,7137.0,12740.0
11158.0,7169.0,7641.0
16399.0,7155.0,12717.0
18327.0,7035.0,61170.0
11082.0,7090.0,7641.0
16774.0,7135.0,12651.0
15970.0,7122.0,7577.0
10831.0,7201.0,12645.0
444969.0,7122.0,7803.0
11035.0,7129.0,12754.0
437098.0,6909.0,7705.0
10873.0,7123.0,12608.0
436830.0,7169.0,7577.0
10969.0,7140.0,12847.0
118311.0,7169.0,7675.0
10883.0,7169.0,12768.0
16130.0,7210.0,7875.0
10959.0,7000.0,13085.0
10767.0,7187.0,7543.0
438797.0,7047.0,12698.0
463371.0,7092.0,7643.0
434514.0,6989.0,675.0
10797.0,6971.0,7739.0
15690.0,7155.0,46785.0
10935.0,7169.0,2403.0
10849.0,7105.0,699.0
435771.0,7117.0,763.0
15905.0,7117.0,827.0
10839.0,865641.0,8376.0
118465.0,717.0,12457.0
10895.0,7041.0,7773.0
414626.0,560261.0,12588.0
11119.0,874174.0,7641.0
52053.0,871188.0,12712.0
10777.0,875335.0,7677.0
438327.0,865018.0,12655.0
11431.0,870314.0,7641.0
433851.0,865315.0,12970.0
10969.0,876457.0,7773.0
15919.0,867100.0,12783.0
10991.0,871667.0,7837.0
15968.0,871849.0,12747.0
10703.0,873156.0,7741.0
16131.0,871942.0,12717.0
10841.0,869463.0,7837.0
176839.0,878645.0,12719.0
4745.0,877094.0,7659.0
4745.0,886360.0,12675.0
4681.0,871872.0,7749.0
4693.0,622688.0,12555.0
4745.0,868601.0,7709.0
4725.0,873999.0,12683.0
4745.0,873504.0,7773.0
4745.0,876319.0,12721.0
4785.0,870010.0,7675.0
4745.0,868559.0,12733.0
4785.0,870593.0,7675.0
4745.0,870886.0,13320.0
4681.0,872262.0,7741.0
4757.0,871758.0,12651.0
4785.0,869990.0,7741.0
4745.0,870320.0,12819.0
444867.0,872638.0,7773.0
10711.0,865132.0,12608.0
16194.0,871377.0,7741.0
11109.0,872157.0,12664.0
444604.0,871779.0,7751.0
10691.0,868091.0,12553.0
10957.0,875792.0,7789.0
435879.0,871925.0,12845.0
445025.0,864585.0,7741.0
11503.0,869942.0,12793.0
211777.0,873911.0,7743.0
16795.0,870481.0,12652.0
10935.0,873543.0,7901.0
10831.0,871233.0,12719.0
435741.0,864444.0,7707.0
437609.0,875928.0,14557.0
10969.0,874067.0,12674.0
17698.0,866002.0,7741.0
15914.0,872342.0,12585.0
11025.0,1017974.0,7739.0
434022.0,878330.0,12585.0
10905.0,868983.0,7738.0
434619.0,870789.0,12651.0
10753.0,869833.0,7675.0
10777.0,869868.0,12599.0
15948.0,874523.0,7643.0
10723.0,865043.0,190339.0
219887.0,877125.0,7707.0
16075.0,869908.0,12612.0
10981.0,878231.0,7739.0
16236.0,872996.0,12487.0
10627.0,876849.0,7773.0
10841.0,878085.0,12453.0
435617.0,873617.0,7803.0
436707.0,866724.0,12617.0
10797.0,875104.0,7803.0
182493.0,877869.0,12683.0
10915.0,872547.0,7705.0
444863.0,874127.0,12607.0
10927.0,870142.0,7739.0
10883.0,865622.0,14650.0
433952.0,870429.0,12621.0
435265.0,871987.0,7741.0
10883.0,868575.0,12717.0
11012.0,871080.0,7641.0
461723.0,867435.0,12619.0
116770.0,864874.0,7738.0
10711.0,871607.0,12555.0
456372.0,874414.0,7773.0
10991.0,870688.0,12421.0
16110.0,879349.0,7755.0
10809.0,876623.0,12717.0
10883.0,876189.0,7773.0
434706.0,872098.0,12392.0
11417.0,872551.0,7709.0
437619.0,878024.0,12651.0
448525.0,872753.0,7741.0
10789.0,865872.0,12720.0
10841.0,870395.0,7839.0
436494.0,871160.0,12911.0
16022.0,877308.0,7677.0
10947.0,881112.0,12650.0
15849.0,872038.0,7577.0
10605.0,870868.0,12730.0
10690.0,873551.0,7741.0
15662.0,867927.0,12852.0
15830.0,524787.0,7773.0
10915.0,872807.0,14631.0
448963.0,874650.0,13090.0
10883.0,871579.0,7675.0
491352.0,629637.0,12624.0
436904.0,869469.0,7739.0
10991.0,873830.0,12728.0
15895.0,870087.0,7739.0
10979.0,874855.0,12944.0
556344.0,870224.0,7641.0
11099.0,869728.0,12817.0
445520.0,871071.0,7611.0
10797.0,871626.0,12779.0
11055.0,873228.0,7579.0
436963.0,866644.0,12583.0
438233.0,865354.0,7641.0
10819.0,869639.0,12662.0
10883.0,575152.0,7754.0
443127.0,865254.0,12585.0
433614.0,886261.0,7739.0
10935.0,868943.0,14266.0
10934.0,838852.0,12728.0
104799.0,869855.0,7821.0
10969.0,873807.0,12771.0
15722.0,872914.0,7755.0
11117.0,865084.0,7849.0
554827.0,870542.0,12685.0
10927.0,874352.0,12714.0
438000.0,867591.0,7709.0
12397.0,873883.0,12881.0
59568.0,875398.0,7773.0
11079.0,866982.0,12551.0
421165.0,162112.0,7775.0
10883.0,876196.0,12558.0
434657.0,866125.0,7773.0
11055.0,872026.0,12592.0
437821.0,870128.0,7641.0
10733.0,866877.0,12902.0
556814.0,864750.0,7757.0
10873.0,877377.0,12579.0
15853.0,43189.0,7709.0
10865.0,1708948.0,12599.0
15989.0,871547.0,7741.0
11033.0,874186.0,12772.0
15949.0,862577.0,7795.0
10892.0,865032.0,12728.0
219423.0,1533326.0,7739.0
10743.0,864968.0,7857.0
15892.0,872969.0,13518.0
10935.0,865320.0,12423.0
10723.0,871094.0,7741.0
15697.0,871467.0,12522.0
16399.0,873114.0,7741.0
11109.0,887724.0,12823.0
106914.0,872963.0,7641.0
10767.0,402175.0,12650.0
10969.0,865006.0,7643.0
433892.0,870587.0,12685.0
435498.0,881167.0,7675.0
10883.0,864761.0,12786.0
433810.0,870786.0,7545.0
11055.0,871611.0,7577.0
437399.0,872297.0,12587.0
11013.0,864716.0,12717.0
16261.0,876832.0,7704.0
17675.0,878956.0,12576.0
11055.0,981832.0,7741.0
51965.0,865225.0,12689.0
15693.0,877360.0,7739.0
10819.0,872188.0,12521.0
457967.0,870908.0,7739.0
11013.0,869550.0,12689.0
434780.0,875312.0,7739.0
10905.0,870661.0,12387.0
443975.0,869459.0,7741.0
10957.0,864580.0,12485.0
11199.0,876144.0,7773.0
437999.0,876505.0,14818.0
435841.0,871792.0,12672.0
11097.0,872698.0,7773.0
10915.0,874118.0,12945.0
434290.0,870306.0,7577.0
476100.0,871789.0,12787.0
10743.0,871170.0,7739.0
10883.0,874504.0,12664.0
16067.0,865840.0,7577.0
437486.0,796632.0,12421.0
10841.0,875205.0,7755.0
10755.0,868974.0,12685.0
433685.0,864915.0,7803.0
10883.0,872522.0,12651.0
437958.0,878821.0,7641.0
434099.0,880660.0,12718.0
11035.0,869955.0,7755.0
237348.0,870468.0,14388.0
11011.0,874157.0,14617.0
15722.0,871551.0,537063.0
10883.0,872935.0,7755.0
443760.0,862760.0,12594.0
10925.0,865123.0,7807.0
16085.0,865758.0,12670.0
10851.0,872122.0,7741.0
10797.0,870090.0,12387.0
437501.0,863728.0,7677.0
16005.0,865048.0,12683.0
11107.0,870963.0,7837.0
114234.0,866339.0,12536.0
10819.0,863279.0,7677.0
10927.0,870334.0,12753.0
16073.0,870939.0,7543.0
434205.0,864834.0,12623.0
10721.0,871795.0,7741.0
11053.0,869844.0,12517.0
434799.0,871100.0,7706.0
130450.0,878601.0,12453.0
10893.0,865893.0,7839.0
206716.0,866216.0,12553.0
10989.0,878375.0,7739.0
10711.0,874043.0,14650.0
437328.0,880149.0,12653.0
555063.0,878345.0,7755.0
11045.0,870973.0,12814.0
10947.0,874330.0,7643.0
444893.0,6623.0,12847.0
10871.0,6687.0,7708.0
435626.0,7087.0,12519.0
15753.0,6579.0,7643.0
12225.0,6547.0,12619.0
10895.0,40593.0,7741.0
196944.0,6623.0,12553.0
445150.0,7187.0,7773.0
10849.0,525647.0,12860.0
10968.0,6559.0,7739.0
435273.0,6765.0,12828.0
461859.0,6611.0,7677.0
10883.0,6655.0,12719.0
10883.0,6623.0,7741.0
442507.0,6623.0,12772.0
10991.0,6989.0,7775.0
434427.0,6548.0,12845.0
15722.0,7103.0,7755.0
10873.0,6579.0,12551.0
10903.0,6699.0,7741.0
434955.0,6623.0,12687.0
557867.0,7169.0,7739.0
10927.0,6655.0,12651.0
10915.0,7169.0,7739.0
435099.0,6611.0,12717.0
10711.0,6603.0,7741.0
15827.0,6687.0,14618.0
435718.0,7287.0,12587.0
16064.0,6599.0,7773.0
11005.0,6579.0,12681.0
437144.0,6599.0,7741.0
10873.0,6655.0,13119.0
15667.0,6711.0,7641.0
11055.0,6591.0,12626.0
10849.0,6579.0,7755.0
434581.0,6611.0,12690.0
434631.0,7135.0,7641.0
11021.0,7105.0,12619.0
10969.0,7155.0,7805.0
445441.0,552473.0,12629.0
213451.0,6611.0,7741.0
10808.0,6742.0,12913.0
445665.0,6655.0,7741.0
10969.0,6579.0,14559.0
127241.0,6635.0,12654.0
10809.0,6591.0,7577.0
435611.0,6611.0,12653.0
10831.0,7119.0,7659.0
17353.0,6623.0,12556.0
10849.0,6579.0,7641.0
437752.0,6579.0,12487.0
457118.0,6611.0,7743.0
10981.0,237824.0,12747.0
438214.0,7137.0,7657.0
11001.0,7087.0,12617.0
16216.0,7169.0,7643.0
10873.0,6721.0,12720.0
437288.0,6655.0,7739.0
11013.0,6623.0,12651.0
4721.0,7087.0,7643.0
180085.0,6623.0,12621.0
4721.0,7087.0,7805.0
4757.0,6580.0,12519.0
4669.0,6611.0,7739.0
4757.0,7137.0,12783.0
4701.0,7205.0,7755.0
7671.0,6643.0,12654.0
6063.0,7067.0,7739.0
4745.0,6611.0,12642.0
4721.0,6559.0,7641.0
5543.0,6631.0,12653.0
4833.0,6611.0,7741.0
4785.0,7117.0,12653.0
5963.0,6567.0,7803.0
5435.0,7021.0,12804.0
4817.0,6643.0,7741.0
4745.0,6687.0,12945.0
4725.0,6687.0,7741.0
16165.0,6611.0,12860.0
11067.0,6643.0,7773.0
445163.0,6579.0,12908.0
10787.0,6571.0,7641.0
438260.0,7116.0,12522.0
11055.0,773.0,7741.0
78925.0,6667.0,12683.0
4637.0,6611.0,7802.0
10733.0,6643.0,12656.0
456730.0,6655.0,7741.0
10935.0,7041.0,12749.0
435327.0,6743.0,7803.0
10799.0,6515.0,12659.0
10657.0,6623.0,7577.0
16077.0,6622.0,12683.0
438543.0,6547.0,7577.0
10905.0,6547.0,12682.0
15983.0,6743.0,7642.0
10969.0,6623.0,12587.0
17577.0,6635.0,7739.0
11021.0,6610.0,12566.0
437295.0,6643.0,7577.0
16189.0,6571.0,12551.0
10883.0,6603.0,7579.0
442932.0,39206.0,12585.0
10637.0,7155.0,7739.0
433535.0,6559.0,12785.0
10797.0,6567.0,7643.0
557093.0,6699.0,12642.0
10991.0,52874.0,7757.0
13493.0,6611.0,14540.0
438058.0,6679.0,12587.0
435159.0,7035.0,7705.0
10905.0,6695.0,13162.0
434593.0,6643.0,7739.0
11032.0,6567.0,12751.0
436568.0,6591.0,7773.0
10841.0,6623.0,12696.0
16249.0,6743.0,7805.0
11001.0,524967.0,12747.0
438385.0,6655.0,7675.0
10743.0,6632.0,12620.0
238983.0,6579.0,7775.0
10959.0,7187.0,12490.0
11565.0,7053.0,7837.0
437749.0,6547.0,12707.0
10905.0,7192.0,7641.0
435786.0,6753.0,12424.0
194190.0,6611.0,7705.0
11003.0,7053.0,12583.0
10883.0,7169.0,7805.0
437633.0,6515.0,12588.0
16275.0,6529.0,7741.0
10797.0,6611.0,12618.0
10935.0,6689.0,7739.0
15981.0,6610.0,12849.0
10883.0,7169.0,7677.0
434486.0,6623.0,12617.0
16294.0,6451.0,7739.0
11075.0,6603.0,12715.0
435083.0,6579.0,7643.0
10839.0,6611.0,12598.0
178974.0,7160.0,7674.0
10959.0,6571.0,12532.0
10785.0,6611.0,7803.0
435744.0,6623.0,12794.0
434304.0,6579.0,7773.0
10935.0,6655.0,12806.0
10829.0,7117.0,7671.0
121307.0,6579.0,12608.0
10883.0,7002.0,7677.0
16116.0,7169.0,12686.0
10991.0,6731.0,7609.0
226757.0,7073.0,7773.0
10883.0,6547.0,7643.0
432693.0,7000.0,7641.0
445565.0,7023.0,7577.0
10721.0,6667.0,7675.0
10947.0,6631.0,7445.0
457465.0,6547.0,7675.0
10981.0,6611.0,7677.0
16074.0,6611.0,7545.0
11604.0,6611.0,7837.0
442226.0,6728.0,76239.0
10915.0,6579.0,7802.0
112953.0,6611.0,7643.0
437847.0,7119.0,7743.0
11111.0,6579.0,7741.0
16367.0,6567.0,7803.0
179763.0,7065.0,7849.0
10883.0,7155.0,7757.0
507813.0,7119.0,4854.0
11183.0,6643.0,8131.0
10819.0,7067.0,345906.0
434886.0,6623.0,7741.0
434739.0,6579.0,7711.0
10851.0,6753.0,7653.0
15723.0,6611.0,7641.0
10691.0,7210.0,7739.0
556288.0,6611.0,7641.0
10959.0,6547.0,7773.0
434723.0,6611.0,7741.0
11571.0,6547.0,7643.0
10969.0,6527.0,7577.0
435968.0,6579.0,7709.0
436694.0,7067.0,7805.0
10959.0,6463.0,7741.0
4689.0,6535.0,7803.0
10807.0,6875.0,7785.0
16335.0,6611.0,7729.0
11163.0,7085.0,589608.0
16152.0,6623.0,7675.0
11107.0,7023.0,7775.0
15974.0,6559.0,7579.0
10812.0,6743.0,7871.0
16003.0,6963.0,7741.0
10650.0,6611.0,7585.0
15678.0,6591.0,7709.0
10866.0,6611.0,7773.0
15932.0,6483.0,7739.0
10940.0,6680.0,7773.0
15824.0,6623.0,7775.0
11484.0,6675.0,7739.0
15693.0,7035.0,7775.0
10726.0,6623.0,7757.0
15785.0,6611.0,7659.0
10618.0,6611.0,7677.0
16007.0,6623.0,7675.0
10652.0,6547.0,7707.0
10834.0,6643.0,7641.0
72485.0,6923.0,7659.0
15703.0,6611.0,7585.0
10696.0,6611.0,7998.0
55594.0,523844.0,139837.0
10620.0,6667.0,7611.0
11004.0,6687.0,7543.0
16049.0,6623.0,7641.0
11038.0,6667.0,999.0
10834.0,6579.0,7643.0
16039.0,6611.0,7739.0
15651.0,6579.0,7641.0
10652.0,7160.0,7547.0
16039.0,422795.0,7677.0
10738.0,6579.0,7807.0
10940.0,7087.0,7445.0
16021.0,6579.0,7804.0
91926.0,6611.0,7773.0
10834.0,12218.0,7641.0
10898.0,7174.0,7675.0
181889.0,12229.0,7837.0
51405.0,7206.0,7675.0
10780.0,6701.0,7773.0
11278.0,6579.0,7643.0
16414.0,6579.0,7643.0
15809.0,6656.0,7653.0
10942.0,7140.0,7641.0
16081.0,12228.0,7849.0
10930.0,6579.0,204058.0
10770.0,6976.0,7739.0
15813.0,79652.0,7773.0
10908.0,7169.0,7709.0
15801.0,6611.0,7756.0
10704.0,7090.0,7773.0
115941.0,12474.0,7675.0
11060.0,6623.0,7739.0
15986.0,423859.0,7849.0
10834.0,7142.0,7773.0
10918.0,12229.0,7645.0
15787.0,7140.0,7543.0
10780.0,7154.0,7807.0
15797.0,88207.0,7643.0
17243.0,717.0,7773.0
16019.0,12097.0,7675.0
10694.0,15591.0,7641.0
15972.0,7206.0,7743.0
10736.0,6579.0,7693.0
15824.0,7330.0,7641.0
10748.0,7192.0,7659.0
434221.0,12100.0,7643.0
10812.0,6666.0,7739.0
15860.0,6516.0,7773.0
10950.0,6655.0,7643.0
15733.0,12141.0,7739.0
10834.0,7092.0,55809.0
16103.0,422840.0,7739.0
10886.0,7154.0,7643.0
10748.0,12118.0,7741.0
15982.0,7108.0,7657.0
10864.0,81140.0,7739.0
15994.0,7040.0,165885.0
16043.0,6591.0,7991.0
10898.0,6658.0,7561.0
10918.0,6655.0,7641.0
15848.0,7103.0,7717.0
15739.0,7108.0,7577.0
10834.0,12115.0,7675.0
16260.0,6667.0,7739.0
10694.0,6495.0,7675.0
17611.0,6643.0,7773.0
11371.0,425547.0,7675.0
16160.0,7110.0,7739.0
10918.0,6567.0,7741.0
15804.0,7060.0,7907.0
10746.0,12425.0,579398.0
15847.0,7105.0,7641.0
11004.0,6579.0,7677.0
10834.0,7169.0,7707.0
15888.0,12150.0,7739.0
15762.0,41060.0,7741.0
10780.0,7178.0,7577.0
16013.0,6579.0,7871.0
10910.0,6655.0,7709.0
10821.0,6591.0,7773.0
178907.0,12164.0,7705.0
15984.0,7206.0,7577.0
10608.0,7174.0,7741.0
16102.0,88184.0,7739.0
10970.0,717.0,763.0
15955.0,7174.0,7743.0
10802.0,12407.0,8014.0
15911.0,7169.0,603.0
11058.0,7254.0,7641.0
15664.0,12242.0,7922.0
10886.0,7110.0,7892.0
10856.0,184021.0,763.0
16885.0,88087.0,7741.0
10918.0,7076.0,7829.0
141164.0,7187.0,7643.0
15618.0,6611.0,7806.0
10738.0,7192.0,7709.0
10952.0,114922.0,7595.0
15756.0,7242.0,7675.0
15897.0,190420.0,7739.0
10694.0,6611.0,7773.0
10897.0,423918.0,7641.0
16972.0,7188.0,7709.0
15981.0,7142.0,763.0
10972.0,12196.0,7412.0
176293.0,6623.0,8423.0
16157.0,12210.0,7739.0
10760.0,7108.0,7667.0
15608.0,171506.0,7545.0
10886.0,7108.0,7675.0
16126.0,7007.0,7643.0
10781.0,6610.0,7739.0
16608.0,423906.0,7803.0
12536.0,7178.0,5494.0
15724.0,168527.0,7883.0
10790.0,7110.0,7677.0
15883.0,6655.0,7543.0
10952.0,7206.0,7739.0
10834.0,424271.0,7741.0
16949.0,6655.0,7807.0
15797.0,7154.0,7741.0
10780.0,12270.0,7683.0
15667.0,6635.0,7641.0
10610.0,6611.0,7445.0
434266.0,6623.0,7543.0
10770.0,7018.0,7943.0
16275.0,12327.0,7677.0
11058.0,6611.0,7543.0
15647.0,6655.0,7775.0
10854.0,6611.0,7707.0
10674.0,13994.0,7773.0
15797.0,12279.0,7643.0
432714.0,7206.0,7773.0
10694.0,7154.0,7641.0
10684.0,12297.0,7739.0
10952.0,7124.0,7707.0
15966.0,12379.0,7675.0
434685.0,7021.0,7643.0
180508.0,424291.0,7741.0
10984.0,7222.0,8101.0
10834.0,6611.0,7783.0
16262.0,6599.0,7675.0
435621.0,6611.0,7575.0
11026.0,6611.0,7739.0
15927.0,425196.0,7709.0
10942.0,7206.0,7577.0
15755.0,423621.0,330998.0
10886.0,7050.0,7741.0
15576.0,7206.0,7741.0
10802.0,169975.0,7755.0
97899.0,6579.0,7643.0
15886.0,6687.0,7645.0
11050.0,7108.0,181177.0
15861.0,415269.0,7643.0
10654.0,7117.0,7741.0
15798.0,6655.0,7641.0
10942.0,6527.0,7545.0
10782.0,7008.0,763.0
16020.0,12381.0,7609.0
15768.0,6611.0,7675.0
10672.0,7053.0,7741.0
90450.0,6733.0,7677.0
10834.0,7032.0,7739.0
15842.0,12199.0,7709.0
10750.0,7192.0,7741.0
10898.0,423315.0,7741.0
15781.0,7142.0,7641.0
10812.0,422241.0,331167.0
84837.0,7192.0,7741.0
10814.0,12425.0,312020.0
15669.0,6547.0,7802.0
10718.0,6655.0,14969.0
15741.0,6567.0,7803.0
433311.0,6623.0,7577.0
10770.0,7058.0,235029.0
15957.0,424109.0,7779.0
10886.0,6642.0,192702.0
15822.0,422146.0,7741.0
10844.0,7110.0,236994.0
15943.0,6611.0,7675.0
10780.0,6516.0,246695.0
10866.0,6591.0,289245.0
15685.0,7256.0,7641.0
15912.0,12243.0,7739.0
10760.0,7110.0,181058.0
15778.0,422671.0,7675.0
10674.0,7103.0,164474.0
15825.0,7110.0,7707.0
10782.0,141753.0,233057.0
16099.0,6623.0,7677.0
10790.0,7092.0,308999.0
10930.0,12325.0,353383.0
99615.0,15755.0,7543.0
15843.0,6611.0,7643.0
11006.0,7035.0,327908.0
17581.0,12151.0,579463.0
16156.0,7172.0,7577.0
136232.0,6643.0,238652.0
10792.0,6687.0,7611.0
10920.0,6655.0,322443.0
10664.0,6655.0,7707.0
15803.0,6623.0,578861.0
15991.0,7078.0,7739.0
10780.0,12429.0,322321.0
15895.0,12585.0,7741.0
10866.0,7192.0,234364.0
16146.0,6579.0,7739.0
10858.0,6611.0,311570.0
10822.0,7044.0,7677.0
413105.0,88284.0,244858.0
16318.0,7270.0,7739.0
10694.0,12115.0,316638.0
16942.0,6611.0,7579.0
10747.0,7142.0,203748.0
433016.0,12335.0,7641.0
10908.0,7155.0,552935.0
15898.0,12329.0,7613.0
10810.0,7174.0,213228.0
17344.0,6547.0,7739.0
10920.0,6547.0,311088.0
15854.0,12249.0,763.0
10930.0,7174.0,7348.0
15889.0,6623.0,315884.0
11006.0,6631.0,8366.0
15647.0,7092.0,7773.0
11004.0,12277.0,235915.0
432335.0,422740.0,7685.0
10856.0,7206.0,80702.0
10598.0,7205.0,7803.0
15749.0,7192.0,314510.0
16051.0,12117.0,7641.0
10942.0,7174.0,234627.0
11532.0,423836.0,338879.0
16507.0,12379.0,8814.0
15920.0,7108.0,7773.0
10996.0,6655.0,247435.0
15695.0,423487.0,7707.0
10758.0,7206.0,270380.0
10824.0,421772.0,7739.0
15908.0,7206.0,192878.0
15790.0,7117.0,578303.0
10824.0,7058.0,7641.0
10856.0,88455.0,246312.0
16086.0,6599.0,7675.0
15733.0,6635.0,315082.0
10672.0,7201.0,7741.0
10908.0,113351.0,323539.0
16102.0,7142.0,7739.0
17494.0,6579.0,110606.0
16316.0,12397.0,7889.0
10780.0,7122.0,190905.0
84445.0,6559.0,578969.0
11006.0,101049.0,7643.0
15796.0,7110.0,7741.0
11058.0,6945.0,579298.0
10888.0,7060.0,7545.0
16035.0,12618.0,322631.0
10748.0,7023.0,7775.0
15673.0,6655.0,243476.0
409768.0,7206.0,7707.0
10994.0,424037.0,311076.0
11004.0,7110.0,7643.0
177236.0,149024.0,237102.0
15867.0,6643.0,7837.0
10886.0,7160.0,198316.0
15896.0,12179.0,7739.0
10694.0,12260.0,200775.0
433281.0,7140.0,7641.0
10782.0,7140.0,243634.0
10726.0,12151.0,7773.0
15889.0,6630.0,236888.0
15809.0,7160.0,7836.0
10684.0,12412.0,280299.0
10790.0,6655.0,7611.0
15682.0,6643.0,313120.0
16023.0,6765.0,7739.0
10792.0,12709.0,308399.0
15825.0,7192.0,578428.0
10661.0,6611.0,7643.0
15841.0,7085.0,313292.0
10856.0,6603.0,7773.0
10782.0,6578.0,236156.0
181284.0,7103.0,7773.0
15765.0,423834.0,309030.0
10802.0,7224.0,7577.0
15962.0,6631.0,235487.0
10748.0,423440.0,7641.0
16079.0,7140.0,321329.0
10920.0,7087.0,7691.0
10792.0,6643.0,269989.0
16153.0,12215.0,7709.0
15695.0,7124.0,242228.0
10834.0,6655.0,7675.0
90606.0,6611.0,233548.0
10886.0,7192.0,7739.0
10726.0,548617.0,576748.0
16090.0,12147.0,7755.0
15717.0,7206.0,323549.0
10780.0,6611.0,7643.0
10790.0,7169.0,237487.0
116732.0,6643.0,7642.0
15589.0,6567.0,269450.0
10866.0,7122.0,7643.0
11091.0,12229.0,315027.0
140996.0,7053.0,580505.0
15831.0,80977.0,7675.0
10780.0,7072.0,201967.0
10984.0,175961.0,7823.0
16179.0,7090.0,279014.0
15780.0,6635.0,7577.0
10832.0,6701.0,552102.0
16101.0,88533.0,8033.0
10790.0,7192.0,330116.0
10866.0,423378.0,7643.0
16017.0,6958.0,232341.0
10704.0,6579.0,7741.0
15508.0,12211.0,243481.0
81298.0,7192.0,7643.0
15679.0,6579.0,316992.0
10846.0,7053.0,7677.0
10792.0,6701.0,115486.0
16045.0,7014.0,7577.0
16023.0,12562.0,581918.0
10694.0,7064.0,7587.0
15799.0,423758.0,546400.0
11768.0,7192.0,7545.0
10942.0,423530.0,211113.0
15688.0,7173.0,7723.0
16349.0,6471.0,201265.0
11103.0,7155.0,7543.0
85984.0,6728.0,271514.0
10630.0,7288.0,251270.0
15735.0,112566.0,7611.0
11026.0,552523.0,7611.0
15895.0,7055.0,335646.0
10662.0,6635.0,7707.0
16036.0,7223.0,244914.0
10683.0,773.0,7773.0
15755.0,7023.0,250056.0
10942.0,3663.0,7721.0
10824.0,6623.0,309427.0
15800.0,328698.0,7741.0
15864.0,6516.0,244986.0
11090.0,6623.0,7641.0
10856.0,110919.0,199561.0
15931.0,6635.0,7739.0
11016.0,7035.0,192934.0
100055.0,6667.0,7757.0
15758.0,6547.0,548354.0
10844.0,7187.0,7803.0
15944.0,6667.0,290702.0
148900.0,7122.0,7675.0
11016.0,566738.0,248812.0
15509.0,6603.0,7675.0
11004.0,7105.0,577383.0
16308.0,589989.0,7773.0
10770.0,7169.0,317698.0
16519.0,156132.0,7739.0
10770.0,6699.0,355144.0
10832.0,6989.0,7707.0
15973.0,6419.0,235912.0
11006.0,249916.0,7806.0
15993.0,7169.0,215215.0
433848.0,6579.0,7739.0
10856.0,7499.0,327555.0
15962.0,437540.0,47358.0
10652.0,6611.0,7741.0
15855.0,6611.0,190225.0
11011.0,119941.0,7773.0
10684.0,6579.0,328517.0
16005.0,507281.0,7705.0
10748.0,7071.0,220647.0
15711.0,218985.0,311640.0
15901.0,6483.0,7543.0
10822.0,489892.0,7675.0
15877.0,6579.0,238231.0
10888.0,97521.0,7543.0
10886.0,6643.0,234388.0
16094.0,6527.0,7674.0
15931.0,100600.0,201825.0
10726.0,308720.0,7709.0
15812.0,6655.0,79462.0
10942.0,211970.0,7709.0
15965.0,7105.0,327916.0
10800.0,7160.0,7587.0
10834.0,40419.0,317419.0
15714.0,6515.0,7479.0
10833.0,6579.0,343753.0
16322.0,40438.0,7741.0
10834.0,6579.0,273196.0
15699.0,264422.0,7675.0
10856.0,6591.0,575965.0
15991.0,40439.0,7579.0
426574.0,6539.0,579732.0
10972.0,6567.0,7805.0
16027.0,6610.0,212583.0
10802.0,268883.0,7743.0
15781.0,249145.0,544818.0
10982.0,251703.0,7707.0
16113.0,6599.0,242053.0
10554.0,6579.0,7609.0
10888.0,242975.0,578803.0
16283.0,187600.0,7739.0
16004.0,6567.0,247422.0
10834.0,182710.0,7837.0
887606.0,6643.0,325201.0
876285.0,6611.0,7707.0
882529.0,186923.0,345176.0
881323.0,79578.0,7773.0
881178.0,6643.0,190914.0
885286.0,7181.0,540091.0
880492.0,6655.0,7643.0
886355.0,105602.0,7609.0
880562.0,6547.0,578049.0
880986.0,283075.0,7577.0
877256.0,6667.0,212357.0
882495.0,7205.0,7774.0
878224.0,773.0,192955.0
881849.0,6611.0,7545.0
881506.0,6687.0,316664.0
880664.0,249264.0,7739.0
880292.0,230673.0,242137.0
882841.0,6675.0,7543.0
877864.0,6591.0,246195.0
885257.0,156121.0,7577.0
878388.0,6642.0,270388.0
887736.0,250622.0,7709.0
881511.0,6623.0,198824.0
885529.0,195274.0,326846.0
881928.0,7022.0,7773.0
882461.0,6631.0,7753.0
882963.0,6559.0,355261.0
884550.0,581925.0,7595.0
881319.0,6590.0,215451.0
883232.0,34420.0,7741.0
881448.0,248883.0,335794.0
881047.0,6579.0,7579.0
879469.0,6591.0,311313.0
881561.0,350409.0,7773.0
876773.0,6611.0,273184.0
881563.0,7186.0,7577.0
879700.0,6579.0,318221.0
883597.0,6719.0,7775.0
884002.0,6667.0,108073.0
881449.0,102735.0,7643.0
880554.0,7021.0,188054.0
882629.0,534968.0,7755.0
877461.0,7087.0,325506.0
877670.0,531891.0,7577.0
883403.0,6611.0,211133.0
879652.0,172382.0,7773.0
880984.0,46815.0,211277.0
880117.0,6579.0,7445.0
884682.0,6655.0,330357.0
876498.0,322298.0,7675.0
882720.0,503467.0,202316.0
881290.0,7089.0,7739.0
878686.0,6723.0,331696.0
878051.0,204240.0,7773.0
882114.0,6599.0,246260.0
880896.0,4376.0,7739.0
880494.0,6667.0,108425.0
883001.0,6579.0,7641.0
881574.0,100034.0,328571.0
881078.0,6591.0,7741.0
881748.0,6635.0,323920.0
883288.0,6989.0,7789.0
879758.0,6611.0,333036.0
880992.0,90383.0,7803.0
878498.0,6463.0,578921.0
880171.0,569889.0,7707.0
882361.0,6655.0,288468.0
880881.0,246376.0,7741.0
877163.0,6579.0,308619.0
880049.0,447657.0,7675.0
879908.0,6603.0,550851.0
884109.0,6667.0,7611.0
883249.0,6559.0,193574.0
880785.0,7110.0,7772.0
879607.0,7123.0,211686.0
881583.0,213466.0,7805.0
882237.0,6579.0,324817.0
882970.0,105781.0,7641.0
880857.0,6623.0,328759.0
880605.0,6579.0,7799.0
882829.0,246246.0,274922.0
884634.0,6623.0,7739.0
880911.0,6451.0,237780.0
881901.0,40483.0,7607.0
881228.0,6643.0,331603.0
878651.0,142759.0,7741.0
880949.0,6643.0,323220.0
881240.0,7085.0,7773.0
877236.0,69313.0,577413.0
882347.0,6496.0,7823.0
877602.0,307078.0,317788.0
880080.0,6591.0,7675.0
877399.0,7105.0,342311.0
884535.0,526002.0,7741.0
881082.0,7155.0,329485.0
882569.0,137663.0,7675.0
880837.0,6579.0,212148.0
883202.0,6579.0,7641.0
889182.0,6643.0,333031.0
879340.0,40729.0,7905.0
878882.0,105198.0,575818.0
883036.0,6643.0,7739.0
881110.0,102736.0,243956.0
882831.0,6599.0,7803.0
883820.0,6655.0,193447.0
881098.0,6623.0,7675.0
877215.0,482.0,192837.0
879505.0,6611.0,313141.0
878818.0,127520.0,7675.0
877801.0,6611.0,7739.0
885883.0,6611.0,245362.0
880572.0,6611.0,7641.0
878700.0,301316.0,232627.0
879784.0,6655.0,7739.0
882631.0,6547.0,189792.0
880830.0,6643.0,7739.0
878893.0,127506.0,234121.0
884069.0,6623.0,7691.0
885132.0,6547.0,192287.0
881982.0,90709.0,280350.0
880153.0,6527.0,7707.0
878902.0,6647.0,576523.0
880904.0,212092.0,7641.0
879326.0,6623.0,7739.0
880462.0,322208.0,306321.0
878243.0,6603.0,7741.0
883295.0,6560.0,214990.0
881791.0,560862.0,7675.0
886952.0,113308.0,270686.0
875746.0,6611.0,581966.0
883525.0,552277.0,7721.0
884677.0,7485.0,326774.0
874309.0,7201.0,7769.0
881923.0,90456.0,330069.0
880159.0,6579.0,7803.0
883771.0,7169.0,214273.0
881951.0,773.0,7677.0
880070.0,230993.0,310473.0
882123.0,6548.0,7739.0
880772.0,7236.0,326487.0
881255.0,6623.0,7739.0
882258.0,6623.0,235732.0
881489.0,235128.0,7773.0
881167.0,6687.0,332082.0
880131.0,200098.0,7676.0
882568.0,6548.0,241706.0
880528.0,186507.0,7741.0
879785.0,6547.0,233231.0
878695.0,7201.0,7741.0
875864.0,536150.0,242060.0
884211.0,200926.0,7643.0
881977.0,6579.0,243161.0
879966.0,6611.0,7819.0
881536.0,7169.0,243724.0
885367.0,515051.0,7677.0
880149.0,6728.0,238792.0
880400.0,266432.0,7741.0
882824.0,6687.0,315924.0
882487.0,6547.0,577658.0
881298.0,97702.0,7789.0
888217.0,7173.0,202548.0
885216.0,158661.0,7577.0
880610.0,6559.0,236761.0
880344.0,6579.0,581837.0
879701.0,6547.0,7741.0
881706.0,505382.0,325282.0
882253.0,7135.0,7757.0
880310.0,253576.0,214015.0
881695.0,6535.0,7739.0
877862.0,187423.0,241462.0
885004.0,6527.0,7641.0
881948.0,6503.0,237531.0
877776.0,11212.0,923445.0
883985.0,240036.0,923560.0
880038.0,6527.0,917482.0
882895.0,7174.0,920501.0
877925.0,825.0,918851.0
881840.0,7277.0,884098.0
879406.0,210831.0,880867.0
883073.0,238871.0,919383.0
881050.0,6611.0,915289.0
878397.0,97957.0,918548.0
880573.0,6515.0,881263.0
880478.0,7169.0,886916.0
877386.0,163011.0,883492.0
885247.0,6567.0,915416.0
888396.0,6611.0,882008.0
881802.0,524454.0,882529.0
878892.0,6755.0,916492.0
879351.0,6699.0,919587.0
880843.0,6579.0,914850.0
881183.0,492047.0,881431.0
877370.0,6623.0,916345.0
878811.0,6527.0,919971.0
880484.0,773.0,891160.0
879080.0,7105.0,917074.0
881877.0,7155.0,885809.0
883326.0,7124.0,915033.0
882501.0,490037.0,918475.0
879930.0,6623.0,917261.0
881635.0,6654.0,888288.0
881220.0,194245.0,915623.0
883900.0,6591.0,926785.0
881470.0,6611.0,918534.0
888109.0,128955.0,886378.0
878503.0,7173.0,881864.0
881827.0,566694.0,917326.0
881562.0,6611.0,919780.0
885287.0,6623.0,914507.0
882061.0,446199.0,915940.0
15978.0,6509.0,881832.0
10915.0,6611.0,920563.0
10967.0,559491.0,882136.0
15860.0,7103.0,880672.0
15848.0,247815.0,917198.0
10829.0,6622.0,881829.0
10797.0,7035.0,920408.0
89350.0,7087.0,918319.0
4757.0,243094.0,885575.0
471357.0,6631.0,921679.0
4738.0,439566.0,882467.0
5052.0,6611.0,915042.0
4725.0,6463.0,913523.0
4725.0,6655.0,923600.0
5137.0,6643.0,882576.0
4713.0,6623.0,915677.0
4757.0,6631.0,919243.0
4725.0,6579.0,915165.0
4785.0,489814.0,884377.0
4745.0,6471.0,882440.0
4725.0,6611.0,883198.0
4785.0,7053.0,885641.0
4725.0,7169.0,882215.0
4725.0,7149.0,917390.0
4681.0,115586.0,919914.0
4765.0,6571.0,884734.0
4725.0,251714.0,882132.0
4785.0,6743.0,927163.0
4821.0,7117.0,918475.0
4789.0,918611.0,917910.0
4725.0,912948.0,881392.0
4725.0,917976.0,918248.0
4817.0,913567.0,881838.0
4725.0,919735.0,886158.0
4725.0,920675.0,919022.0
4785.0,918183.0,882187.0
4725.0,917982.0,893722.0
4785.0,912251.0,883214.0
4725.0,917623.0,882336.0
4797.0,920016.0,883836.0
4749.0,922099.0,883382.0
4725.0,917930.0,918030.0
4785.0,918311.0,916592.0
4785.0,917490.0,914953.0
4681.0,913109.0,918390.0
4785.0,916902.0,881432.0
15888.0,917950.0,881984.0
11021.0,917983.0,882367.0
15790.0,917367.0,888291.0
10883.0,921662.0,920508.0
439021.0,922520.0,881477.0
16023.0,917834.0,880949.0
10946.0,912015.0,882927.0
11011.0,913254.0,918897.0
15917.0,919492.0,920234.0
10861.0,911985.0,924949.0
16002.0,918483.0,914302.0
15947.0,919951.0,881403.0
10691.0,917849.0,921623.0
10819.0,918374.0,924443.0
16294.0,919027.0,890097.0
15881.0,919423.0,882295.0
10733.0,918760.0,883719.0
10967.0,920914.0,915658.0
15955.0,913315.0,915824.0
15713.0,916817.0,884651.0
10829.0,917152.0,881740.0
10915.0,919753.0,917836.0
15828.0,922059.0,918077.0
437968.0,921586.0,883250.0
10905.0,912096.0,883202.0
472960.0,919192.0,880672.0
10883.0,911565.0,1254450.0
15999.0,919078.0,881820.0
10765.0,912792.0,881853.0
10959.0,913346.0,914824.0
177514.0,918273.0,913740.0
11021.0,921570.0,883766.0
473441.0,916231.0,915152.0
10947.0,911470.0,915499.0
475359.0,925151.0,914668.0
16064.0,918210.0,921848.0
10829.0,916866.0,917672.0
11435.0,926228.0,914185.0
437608.0,916257.0,916495.0
10927.0,917546.0,915458.0
15891.0,912753.0,883367.0
16032.0,921553.0,884571.0
11043.0,921581.0,915148.0
490065.0,918085.0,880698.0
11055.0,912221.0,917435.0
488521.0,918219.0,922896.0
10903.0,911784.0,916612.0
10905.0,916966.0,882505.0
16000.0,918063.0,883324.0
10863.0,913294.0,918482.0
439308.0,923917.0,881519.0
16149.0,912969.0,883037.0
11055.0,917342.0,881655.0
489268.0,917052.0,918964.0
10775.0,916004.0,882487.0
15847.0,921408.0,921543.0
11021.0,918670.0,919530.0
10969.0,920127.0,883764.0
15829.0,917194.0,920599.0
11248.0,917625.0,880951.0
208577.0,917634.0,917046.0
11487.0,930026.0,884688.0
15742.0,917043.0,882843.0
15649.0,912680.0,882259.0
10657.0,918070.0,916960.0
10895.0,918308.0,881664.0
15847.0,922946.0,915728.0
10968.0,917114.0,886081.0
15783.0,918996.0,884506.0
15948.0,918566.0,916866.0
11043.0,918658.0,915971.0
16112.0,918188.0,923345.0
11185.0,919996.0,918636.0
10807.0,921234.0,913809.0
15818.0,917547.0,881152.0
16105.0,918779.0,917495.0
10745.0,919665.0,917353.0
11127.0,920390.0,922467.0
495894.0,913856.0,881322.0
16041.0,919397.0,921749.0
10927.0,916548.0,916389.0
10831.0,920632.0,884915.0
473577.0,911370.0,882696.0
10829.0,918279.0,917038.0
15569.0,917193.0,913955.0
11501.0,922154.0,916602.0
16615.0,472767.0,886410.0
10819.0,917068.0,920450.0
15878.0,920422.0,881999.0
10969.0,919382.0,916778.0
465565.0,913588.0,919585.0
15744.0,917774.0,883856.0
10969.0,919756.0,881919.0
15799.0,917161.0,919204.0
10915.0,919346.0,883360.0
11001.0,911703.0,880761.0
474216.0,918083.0,914726.0
473637.0,917567.0,883414.0
10777.0,912578.0,922342.0
10883.0,911990.0,882329.0
254356.0,918510.0,923106.0
10711.0,918208.0,882090.0
437886.0,918423.0,881278.0
15978.0,913245.0,883533.0
10799.0,911329.0,915835.0
16239.0,919888.0,924467.0
10971.0,917870.0,916552.0
10969.0,911308.0,886701.0
16229.0,919620.0,880799.0
11001.0,913306.0,921920.0
15847.0,922089.0,883099.0
16073.0,919083.0,921187.0
11067.0,919403.0,881558.0
11077.0,918896.0,920664.0
16345.0,911457.0,884184.0
11055.0,922075.0,884439.0
477021.0,917977.0,914654.0
10919.0,912769.0,926607.0
439628.0,921228.0,881763.0
15978.0,912487.0,883999.0
10919.0,920694.0,881171.0
10905.0,916689.0,919264.0
15806.0,922907.0,880957.0
15795.0,917343.0,882835.0
10841.0,912220.0,916702.0
16108.0,918607.0,881949.0
11001.0,918357.0,913925.0
136164.0,918695.0,7743.0
10851.0,918862.0,4103.0
436952.0,918742.0,7675.0
16076.0,921419.0,763.0
10925.0,913525.0,7709.0
16021.0,918550.0,558338.0
11123.0,913374.0,7677.0
16117.0,915953.0,555145.0
11001.0,912231.0,7739.0
15978.0,912003.0,557219.0
10991.0,918502.0,7547.0
10917.0,917469.0,100329.0
16162.0,918524.0,7609.0
10883.0,919772.0,68988.0
15774.0,919735.0,7481.0
15607.0,917323.0,763.0
10809.0,918936.0,7643.0
10871.0,913101.0,66250.0
165482.0,918727.0,763.0
15849.0,917307.0,7739.0
11097.0,918407.0,7641.0
15818.0,917426.0,763.0
11053.0,919348.0,763.0
15809.0,921433.0,7643.0
10849.0,918446.0,7707.0
146696.0,917842.0,263817.0
10829.0,912417.0,177334.0
15895.0,918495.0,7739.0
10883.0,916651.0,763.0
16086.0,913531.0,7738.0
11109.0,919350.0,7791.0
11119.0,914182.0,558457.0
15688.0,920819.0,7739.0
473854.0,918104.0,42683.0
10981.0,916922.0,7709.0
481061.0,922317.0,5831.0
10809.0,917915.0,7773.0
13872.0,912390.0,184651.0
4725.0,919193.0,7545.0
4765.0,919188.0,42587.0
4765.0,922222.0,7611.0
4785.0,917436.0,4882.0
4733.0,916502.0,7803.0
439579.0,919846.0,4375.0
15905.0,918693.0,264752.0
10969.0,920366.0,7805.0
16052.0,918020.0,7569.0
10935.0,918244.0,7613.0
17621.0,921249.0,763.0
10935.0,919302.0,7707.0
471887.0,922214.0,198454.0
11055.0,919724.0,7803.0
16086.0,921065.0,42521.0
10989.0,918489.0,7611.0
15917.0,919310.0,90390.0
15677.0,918196.0,7547.0
10959.0,917366.0,42685.0
10797.0,919461.0,7675.0
16224.0,917538.0,763.0
15922.0,911746.0,178373.0
10967.0,299880.0,7741.0
10935.0,7174.0,67261.0
16111.0,246313.0,7641.0
480397.0,6559.0,103234.0
11001.0,7046.0,7641.0
15818.0,281185.0,66016.0
11021.0,6547.0,7643.0
437438.0,133258.0,7515.0
11107.0,6982.0,42587.0
148355.0,514311.0,554921.0
10935.0,514722.0,7709.0
479459.0,137697.0,42479.0
10935.0,6643.0,7447.0
10829.0,119874.0,7643.0
475112.0,7206.0,763.0
17654.0,7128.0,67514.0
11009.0,410293.0,7709.0
474433.0,6579.0,7741.0
10883.0,40483.0,7639.0
223658.0,6667.0,301161.0
15846.0,489836.0,7577.0
11333.0,6559.0,100556.0
15914.0,294536.0,7704.0
10799.0,7174.0,196814.0
10947.0,513703.0,7739.0
474623.0,7169.0,763.0
10883.0,7128.0,199051.0
473518.0,514063.0,7613.0
15862.0,500052.0,7543.0
10785.0,7158.0,293384.0
10711.0,156283.0,795.0
213332.0,6611.0,7739.0
10797.0,191898.0,5639.0
148264.0,6623.0,7640.0
10935.0,6611.0,7643.0
108134.0,6994.0,554401.0
15947.0,513444.0,7547.0
11033.0,7016.0,763.0
15936.0,514291.0,7579.0
10713.0,232090.0,554709.0
15718.0,6687.0,7771.0
11055.0,7035.0,222443.0
474691.0,308991.0,195657.0
10937.0,513384.0,7545.0
16107.0,7160.0,7577.0
11091.0,182710.0,90762.0
54077.0,6631.0,227289.0
16107.0,6945.0,7739.0
10979.0,6994.0,179280.0
16041.0,513809.0,7675.0
10841.0,6611.0,7641.0
10841.0,282847.0,186373.0
15968.0,6611.0,7739.0
10883.0,6655.0,4830.0
16194.0,183423.0,7613.0
129290.0,7090.0,763.0
10893.0,258848.0,7447.0
11055.0,6623.0,176474.0
182666.0,491847.0,7651.0
11141.0,412226.0,763.0
150449.0,7012.0,7579.0
10711.0,6611.0,100082.0
225606.0,268418.0,7739.0
16076.0,513508.0,557484.0
10925.0,7123.0,7577.0
490790.0,40463.0,42749.0
10969.0,6631.0,763.0
15786.0,6599.0,7643.0
15810.0,303819.0,763.0
11021.0,6611.0,7547.0
11536.0,88512.0,42811.0
15956.0,105217.0,7705.0
15971.0,6635.0,7545.0
10935.0,6994.0,42447.0
10937.0,295472.0,226686.0
15796.0,7174.0,7709.0
11055.0,513074.0,7547.0
15904.0,83093.0,22723.0
10881.0,6623.0,7643.0
146948.0,6611.0,763.0
82562.0,6976.0,7611.0
4721.0,514151.0,763.0
11129.0,7169.0,7547.0
15773.0,6611.0,763.0
11118.0,161014.0,7611.0
503556.0,6982.0,763.0
10913.0,511863.0,7577.0
16194.0,437504.0,554465.0
10873.0,6611.0,7789.0
16075.0,6679.0,763.0
11003.0,213425.0,554604.0
11582.0,307189.0,7741.0
498235.0,6579.0,7611.0
10787.0,237194.0,42647.0
15841.0,6611.0,7741.0
10935.0,6631.0,90392.0
16018.0,6971.0,7675.0
438295.0,174903.0,763.0
10915.0,151841.0,100627.0
15991.0,7135.0,7675.0
10625.0,7117.0,7607.0
16787.0,154770.0,763.0
11023.0,7156.0,7739.0
10819.0,509024.0,284966.0
482280.0,717.0,7547.0
11045.0,7030.0,28097.0
16259.0,7092.0,7685.0
15820.0,119232.0,763.0
10883.0,6655.0,556407.0
15732.0,7174.0,7643.0
10915.0,513527.0,763.0
16108.0,524110.0,7609.0
10883.0,6559.0,184396.0
16193.0,7092.0,316597.0
10883.0,197092.0,553603.0
10723.0,226987.0,7711.0
474087.0,6547.0,102227.0
11401.0,486542.0,7677.0
495171.0,6316.0,7545.0
10915.0,5068.0,763.0
496825.0,717.0,7643.0
15776.0,172709.0,763.0
10883.0,4221.0,300665.0
10883.0,781.0,7641.0
225518.0,7076.0,522497.0
10937.0,407559.0,7483.0
16035.0,7046.0,7611.0
474537.0,516494.0,70315.0
10807.0,6591.0,7679.0
15751.0,566409.0,67354.0
10745.0,7142.0,42617.0
10935.0,261594.0,7677.0
114350.0,515073.0,293347.0
16245.0,6612.0,7659.0
11043.0,7167.0,7773.0
10935.0,41047.0,4155.0
474512.0,6611.0,326900.0
15862.0,194379.0,7811.0
10691.0,73776.0,557569.0
10883.0,6603.0,7545.0
15936.0,6579.0,7674.0
10981.0,246558.0,763.0
15924.0,7206.0,42559.0
10957.0,294673.0,7707.0
438897.0,6976.0,7479.0
200691.0,112880.0,555811.0
11021.0,157609.0,90551.0
473436.0,6591.0,7609.0
10883.0,192051.0,103314.0
17704.0,6611.0,7611.0
10915.0,6643.0,7739.0
17288.0,269864.0,763.0
16127.0,6699.0,7677.0
11074.0,252888.0,763.0
16009.0,247300.0,7739.0
10935.0,6699.0,320714.0
471920.0,268331.0,44427.0
10883.0,7156.0,7609.0
474096.0,192947.0,7677.0
11139.0,6990.0,4882.0
15990.0,514693.0,7643.0
11099.0,7128.0,178559.0
10819.0,514053.0,42577.0
437771.0,6643.0,7739.0
474221.0,7191.0,42743.0
10819.0,514487.0,7773.0
10915.0,6980.0,763.0
16945.0,360198.0,7739.0
11033.0,7280.0,175623.0
16096.0,537248.0,7806.0
112033.0,6643.0,7577.0
10979.0,46814.0,4764.0
16140.0,6623.0,42413.0
11107.0,194391.0,7709.0
473239.0,115607.0,7773.0
10883.0,6675.0,67337.0
10668.0,7122.0,763.0
438505.0,275789.0,7739.0
16195.0,46532.0,7643.0
10797.0,6643.0,178066.0
15957.0,295089.0,7677.0
11075.0,7205.0,5733.0
10915.0,188511.0,7577.0
474775.0,7192.0,53511.0
16214.0,511782.0,7641.0
11107.0,6623.0,763.0
10927.0,115305.0,7611.0
473840.0,6579.0,195987.0
16127.0,246600.0,7513.0
10765.0,136279.0,763.0
16181.0,7140.0,7677.0
10809.0,717.0,554384.0
10935.0,40604.0,328471.0
473966.0,4741.0,67298.0
16101.0,7035.0,7696.0
10991.0,773.0,7547.0
474379.0,6994.0,42585.0
11001.0,493918.0,763.0
15793.0,7040.0,7579.0
11021.0,158331.0,7545.0
10937.0,141843.0,175691.0
16042.0,6900.0,7645.0
15754.0,717.0,42717.0
10907.0,40571.0,176231.0
221711.0,7124.0,7609.0
10723.0,514939.0,280640.0
12594.0,122958.0,7675.0
116987.0,6599.0,7581.0
15949.0,6953.0,4471.0
10669.0,194946.0,7641.0
11021.0,7142.0,763.0
15939.0,513339.0,763.0
11139.0,514817.0,7739.0
16088.0,6982.0,7675.0
489373.0,6623.0,5733.0
10831.0,85684.0,7577.0
15559.0,6611.0,263031.0
10883.0,83732.0,7611.0
16047.0,7128.0,42551.0
10753.0,512855.0,102887.0
688575.0,6548.0,7837.0
13134.0,246388.0,7547.0
673755.0,7219.0,42997.0
13198.0,305794.0,529947.0
698436.0,7104.0,42889.0
13262.0,514712.0,7707.0
705651.0,6611.0,7613.0
13240.0,4292.0,184171.0
447214.0,6655.0,7673.0
13268.0,95342.0,763.0
470667.0,6950.0,4103.0
13262.0,112668.0,7641.0
463330.0,88501.0,7643.0
13322.0,6611.0,265446.0
697266.0,491843.0,25435.0
13364.0,6623.0,7743.0
680033.0,6611.0,554291.0
13248.0,194402.0,7577.0
13412.0,7111.0,7643.0
669210.0,243634.0,199384.0
669042.0,513809.0,7547.0
13364.0,7078.0,42771.0
13284.0,210619.0,7739.0
106121.0,6611.0,42609.0
668279.0,7174.0,558201.0
13316.0,514093.0,8090.0
470655.0,237432.0,53022.0
442785.0,6623.0,7579.0
694181.0,189846.0,763.0
13144.0,6611.0,7643.0
698584.0,7058.0,292667.0
13314.0,514584.0,7577.0
429532.0,6623.0,176001.0
477075.0,45570.0,7743.0
13348.0,717.0,553928.0
471404.0,6862.0,7641.0
13300.0,529380.0,7675.0
665486.0,511223.0,42617.0
13208.0,7046.0,7677.0
696405.0,7160.0,184774.0
13386.0,493899.0,7607.0
470358.0,84733.0,184350.0
13198.0,179830.0,7547.0
456532.0,6611.0,53192.0
13332.0,7135.0,7773.0
409262.0,152839.0,184692.0
13338.0,7192.0,100342.0
48506.0,411289.0,7711.0
693177.0,761.0,7645.0
13112.0,7087.0,282170.0
696401.0,6643.0,7824.0
13154.0,514335.0,265626.0
461593.0,6611.0,7543.0
13300.0,200099.0,763.0
470694.0,6932.0,177795.0
13300.0,185667.0,7609.0
697733.0,7174.0,7611.0
13176.0,314467.0,5831.0
692272.0,216658.0,7607.0
13364.0,6559.0,67620.0
13206.0,7285.0,7757.0
65524.0,513452.0,763.0
478637.0,7046.0,99974.0
13220.0,635776.0,7545.0
13322.0,7079.0,7545.0
253513.0,242070.0,7773.0
483149.0,7187.0,763.0
13294.0,773.0,102587.0
668437.0,283159.0,7739.0
13230.0,6667.0,7741.0
13230.0,6611.0,175504.0
48431.0,46501.0,107965.0
469716.0,7192.0,7543.0
13338.0,281539.0,42675.0
13230.0,194218.0,7675.0
10187.0,6567.0,7515.0
446940.0,7269.0,175463.0
13058.0,825.0,222810.0
13230.0,137437.0,7741.0
48592.0,6667.0,7543.0
693703.0,6579.0,67705.0
13220.0,93227.0,763.0
695909.0,7174.0,7579.0
13364.0,289506.0,763.0
13048.0,7110.0,7545.0
73199.0,513938.0,7709.0
465883.0,244794.0,177827.0
13300.0,6894.0,65900.0
464585.0,7087.0,7675.0
13252.0,534546.0,7675.0
472698.0,515301.0,559462.0
13198.0,7224.0,7613.0
679082.0,513543.0,763.0
13182.0,20161.0,7741.0
698382.0,6611.0,554418.0
13380.0,7035.0,7641.0
470192.0,506952.0,815.0
13262.0,267044.0,7585.0
460731.0,6687.0,42415.0
13176.0,7074.0,7577.0
695810.0,119038.0,4471.0
13294.0,513309.0,7641.0
453347.0,6977.0,763.0
13230.0,7128.0,7643.0
448289.0,513580.0,260228.0
13316.0,6642.0,7773.0
13090.0,158457.0,42387.0
670934.0,6699.0,7705.0
705011.0,79887.0,763.0
13252.0,7160.0,100127.0
461522.0,513898.0,7449.0
13230.0,7110.0,763.0
668217.0,119198.0,7543.0
13144.0,7109.0,7447.0
665738.0,191415.0,4850.0
6744.0,7005.0,7773.0
13144.0,40979.0,763.0
696287.0,7199.0,7741.0
13230.0,717.0,558121.0
700015.0,7251.0,69548.0
13352.0,165580.0,7709.0
665393.0,7187.0,7641.0
13352.0,505772.0,79321.0
698634.0,7110.0,7707.0
699197.0,515888.0,67999.0
13154.0,7092.0,156942.0
702165.0,172400.0,7741.0
13460.0,46934.0,763.0
693917.0,6591.0,7544.0
13332.0,40452.0,763.0
13198.0,6635.0,7479.0
48536.0,7078.0,7705.0
453949.0,170896.0,298565.0
675279.0,6643.0,7659.0
13262.0,284308.0,7642.0
670189.0,6624.0,7847.0
13316.0,40156.0,7706.0
13230.0,513297.0,7852.0
73112.0,6936.0,7643.0
664300.0,513476.0,7705.0
13176.0,7061.0,763.0
434739.0,6687.0,7643.0
6712.0,46512.0,153082.0
6712.0,7035.0,7723.0
6712.0,6918.0,7936.0
6776.0,516118.0,7659.0
6712.0,7092.0,7741.0
6776.0,215130.0,7773.0
6776.0,95477.0,7643.0
6712.0,6579.0,7773.0
6712.0,6579.0,763.0
6776.0,235105.0,7445.0
6776.0,7092.0,7642.0
6712.0,505573.0,7659.0
6776.0,717.0,763.0
6776.0,42446.0,7742.0
8338.0,717.0,7643.0
672324.0,785792.0,42744.0
13316.0,7174.0,7546.0
465129.0,262110.0,42893.0
13133.0,7122.0,7705.0
706582.0,513484.0,7739.0
13294.0,6611.0,83559.0
706341.0,252221.0,7642.0
463169.0,46858.0,326717.0
13274.0,6623.0,7643.0
13380.0,489855.0,7691.0
73136.0,6611.0,182511.0
474015.0,6656.0,7578.0
13348.0,200659.0,7644.0
695810.0,509221.0,763.0
13306.0,7210.0,7545.0
697548.0,7160.0,207502.0
13342.0,781.0,7834.0
462533.0,6327.0,7706.0
13502.0,508536.0,7642.0
698753.0,179432.0,807.0
13300.0,6643.0,7612.0
704332.0,6579.0,7741.0
13306.0,117473.0,76245.0
677104.0,7040.0,7643.0
13198.0,498281.0,7740.0
452886.0,203347.0,7675.0
13386.0,6623.0,242228.0
466625.0,512067.0,7641.0
13284.0,7142.0,7849.0
704391.0,435554.0,44074.0
13242.0,6591.0,7660.0
679758.0,7174.0,763.0
13252.0,513730.0,7741.0
459193.0,7135.0,7479.0
13418.0,773.0,7643.0
696096.0,7140.0,763.0
13299.0,295653.0,8414.0
432588.0,6515.0,42873.0
13166.0,7181.0,7445.0
668738.0,161273.0,7545.0
13230.0,12223.0,7658.0
662489.0,7160.0,7607.0
13146.0,7045.0,7817.0
454395.0,12433.0,7643.0
703818.0,7090.0,42713.0
13134.0,7174.0,7644.0
13284.0,12213.0,7657.0
665877.0,12222.0,7641.0
468923.0,7090.0,7643.0
13198.0,7187.0,7901.0
470364.0,57834.0,7641.0
13348.0,6994.0,7573.0
693658.0,7041.0,7721.0
13058.0,7117.0,7545.0
13380.0,169938.0,7479.0
48392.0,165430.0,763.0
13176.0,6900.0,7705.0
113377.0,7053.0,7587.0
666352.0,184651.0,7741.0
13306.0,7105.0,7769.0
663624.0,7066.0,7640.0
13079.0,7219.0,7545.0
694640.0,12181.0,763.0
13386.0,7028.0,7741.0
704085.0,12195.0,7707.0
13268.0,7160.0,7641.0
703343.0,6995.0,7543.0
13316.0,7169.0,763.0
13325.0,518166.0,7739.0
407119.0,7134.0,7643.0
697694.0,12249.0,7641.0
13214.0,7110.0,7579.0
460536.0,174820.0,7739.0
13300.0,7067.0,7755.0
478362.0,12405.0,7578.0
13364.0,6918.0,7658.0
703364.0,7169.0,7545.0
13166.0,7135.0,7773.0
13380.0,7117.0,83502.0
48346.0,12173.0,7710.0
13166.0,7032.0,317011.0
333604.0,7092.0,7833.0
13300.0,12122.0,763.0
436842.0,7117.0,7641.0
663961.0,7192.0,7577.0
13240.0,12067.0,7641.0
461910.0,7169.0,7752.0
13262.0,7187.0,7723.0
13312.0,7169.0,7643.0
213184.0,513245.0,7675.0
13208.0,7201.0,763.0
407298.0,520429.0,7739.0
698327.0,7155.0,7687.0
13402.0,7168.0,807.0
700669.0,272176.0,7607.0
449448.0,7135.0,567174.0
13294.0,41001.0,8110.0
13380.0,7140.0,7755.0
378160.0,12228.0,7992.0
466625.0,183437.0,7741.0
13248.0,7117.0,763.0
482619.0,7032.0,7544.0
13214.0,12359.0,7643.0
697136.0,7105.0,7641.0
13090.0,481462.0,763.0
695822.0,7103.0,7674.0
13230.0,7242.0,7643.0
347617.0,431379.0,7579.0
13112.0,47723.0,7791.0
698294.0,7160.0,7659.0
13198.0,12178.0,7644.0
699184.0,7090.0,763.0
13416.0,7117.0,7543.0
13188.0,501829.0,763.0
48526.0,7153.0,7641.0
465385.0,515887.0,7741.0
13262.0,7052.0,7707.0
667816.0,139998.0,7756.0
13252.0,7174.0,7577.0
469116.0,7053.0,7741.0
13220.0,7169.0,44325.0
693243.0,7140.0,7837.0
13144.0,75622.0,7543.0
465627.0,7237.0,7705.0
13284.0,6982.0,763.0
433518.0,12402.0,7677.0
13262.0,7172.0,7657.0
13418.0,12097.0,763.0
48797.0,12196.0,7675.0
669984.0,7154.0,7643.0
13284.0,414063.0,564928.0
461788.0,7128.0,7706.0
13220.0,7091.0,73568.0
677546.0,7123.0,7783.0
13316.0,7053.0,763.0
462459.0,7169.0,7675.0
13370.0,7169.0,7757.0
478417.0,12114.0,7741.0
13402.0,7206.0,763.0
13166.0,7122.0,7822.0
255963.0,12333.0,7643.0
454269.0,284698.0,7674.0
13380.0,7021.0,7587.0
698594.0,6894.0,7643.0
13284.0,133609.0,763.0
669293.0,414450.0,7837.0
13112.0,7174.0,7675.0
13144.0,7128.0,7705.0
346177.0,12128.0,7675.0
454474.0,252560.0,7609.0
13386.0,7117.0,565899.0
699027.0,7179.0,7739.0
13144.0,161258.0,7641.0
13230.0,7028.0,763.0
689810.0,12159.0,7509.0
471288.0,12119.0,7643.0
13230.0,7124.0,211162.0
669142.0,12373.0,763.0
13412.0,7142.0,7643.0
465536.0,7169.0,73304.0
13316.0,75586.0,7642.0
672040.0,7060.0,7837.0
13316.0,7169.0,319249.0
670550.0,7087.0,7705.0
13380.0,7206.0,7675.0
681899.0,12355.0,7743.0
13370.0,12318.0,7643.0
459286.0,7210.0,7789.0
13240.0,7169.0,7641.0
447961.0,140697.0,763.0
13284.0,12291.0,7741.0
13090.0,7124.0,763.0
366657.0,7135.0,7675.0
13240.0,7154.0,7479.0
48184.0,12227.0,763.0
13176.0,7155.0,7643.0
441251.0,7058.0,7642.0
467103.0,537308.0,763.0
13418.0,7041.0,7579.0
703236.0,302624.0,7479.0
13450.0,7219.0,763.0
695047.0,7169.0,7641.0
13230.0,7105.0,7774.0
13226.0,12360.0,763.0
370000.0,7140.0,7742.0
666497.0,7269.0,305400.0
13220.0,6957.0,7757.0
691799.0,7117.0,338605.0
13165.0,40969.0,7675.0
470928.0,7149.0,7660.0
13293.0,7128.0,7741.0
696578.0,85882.0,7643.0
13230.0,7172.0,763.0
430102.0,12191.0,7791.0
475404.0,7053.0,7643.0
13352.0,7187.0,763.0
699161.0,7117.0,7710.0
13144.0,477843.0,763.0
469659.0,717.0,7706.0
15192.0,7090.0,33150.0
478736.0,12167.0,7706.0
13348.0,12177.0,7642.0
699228.0,7092.0,74802.0
13220.0,134279.0,7578.0
697397.0,7169.0,763.0
13322.0,7174.0,7543.0
694931.0,164594.0,7546.0
13242.0,7087.0,7739.0
13112.0,219132.0,7789.0
670875.0,7071.0,763.0
679599.0,141015.0,7643.0
13334.0,7169.0,7641.0
468513.0,7192.0,7839.0
15124.0,7201.0,7691.0
13198.0,7224.0,7774.0
233958.0,12263.0,313437.0
465077.0,12146.0,7545.0
13402.0,7153.0,7445.0
696188.0,7172.0,183163.0
13230.0,12291.0,7820.0
474671.0,7187.0,7481.0
13360.0,7105.0,7706.0
458519.0,242184.0,82641.0
13166.0,7108.0,7740.0
466979.0,414668.0,162181.0
13134.0,7124.0,7741.0
454052.0,12141.0,7821.0
13352.0,285300.0,763.0
13166.0,7135.0,7660.0
73057.0,7169.0,246647.0
695733.0,12460.0,7708.0
13208.0,7124.0,315311.0
454465.0,7578.0,61262.0
698700.0,115471.0,7772.0
13316.0,12154.0,7741.0
13176.0,7092.0,75168.0
671425.0,7169.0,7641.0
691830.0,7206.0,4471.0
13284.0,12186.0,7642.0
694514.0,7103.0,7643.0
13300.0,12044.0,7675.0
464864.0,7206.0,7641.0
13112.0,7058.0,329343.0
468363.0,75634.0,7739.0
6680.0,12079.0,763.0
13262.0,42184.0,7543.0
704063.0,7160.0,157861.0
13294.0,506917.0,7721.0
705148.0,7135.0,324493.0
13230.0,12164.0,7642.0
704635.0,7044.0,7789.0
13198.0,7174.0,12542.0
13186.0,12091.0,7643.0
6616.0,85708.0,7838.0
698119.0,7012.0,231703.0
13144.0,7117.0,7675.0
469490.0,40999.0,163631.0
13294.0,7137.0,7791.0
13300.0,7172.0,165151.0
697595.0,12260.0,8365.0
470368.0,12067.0,139308.0
13450.0,7206.0,7578.0
674877.0,7187.0,108265.0
13284.0,520957.0,7775.0
693072.0,7169.0,111328.0
13058.0,154925.0,7676.0
456233.0,7103.0,167920.0
13284.0,7206.0,12819.0
695432.0,12620.0,7644.0
13198.0,47569.0,7744.0
13326.0,7014.0,110345.0
163057.0,7169.0,162196.0
697626.0,12269.0,7739.0
13294.0,6940.0,7775.0
13240.0,7135.0,139059.0
685903.0,12310.0,7675.0
704212.0,7160.0,218675.0
13194.0,7174.0,12721.0
432242.0,88688.0,7755.0
13144.0,6982.0,7641.0
667007.0,67115.0,138519.0
671406.0,7117.0,12817.0
13374.0,216744.0,7739.0
690009.0,7206.0,7645.0
698305.0,7169.0,114169.0
13332.0,7087.0,7771.0
457921.0,12264.0,111844.0
13352.0,7154.0,54025.0
13144.0,12093.0,7805.0
265355.0,7110.0,7739.0
702543.0,7206.0,763.0
13338.0,12052.0,7641.0
695731.0,7123.0,216955.0
13378.0,7108.0,7643.0
676504.0,7169.0,138771.0
13348.0,7137.0,258806.0
704186.0,239585.0,7676.0
13450.0,143437.0,7739.0
698093.0,7108.0,60332.0
13300.0,7206.0,12782.0
445832.0,12276.0,7709.0
13300.0,7153.0,7741.0
468296.0,288689.0,138817.0
13198.0,7174.0,12685.0
483574.0,176696.0,7774.0
13144.0,7173.0,8483.0
697461.0,12442.0,249342.0
13240.0,6989.0,7739.0
466517.0,40979.0,166816.0
13230.0,186761.0,12522.0
437561.0,7105.0,7577.0
13502.0,12151.0,12751.0
698308.0,7192.0,7743.0
13230.0,7173.0,7545.0
454223.0,7225.0,138492.0
13262.0,7119.0,168363.0
446982.0,75478.0,7739.0
13386.0,7154.0,7838.0
664031.0,7224.0,108673.0
13354.0,12196.0,7577.0
13326.0,7169.0,168019.0
353471.0,7169.0,7573.0
664414.0,13774.0,167575.0
13262.0,12549.0,7577.0
697546.0,7108.0,160890.0
13176.0,7117.0,137235.0
455098.0,505311.0,7676.0
13316.0,7205.0,12738.0
466487.0,511625.0,7854.0
13144.0,7149.0,7613.0
693263.0,12273.0,160856.0
13300.0,7184.0,135533.0
472736.0,7117.0,7766.0
13162.0,492308.0,7757.0
440016.0,139931.0,162629.0
13300.0,7078.0,136441.0
459305.0,7117.0,7543.0
13188.0,231641.0,136015.0
695329.0,12080.0,7706.0
13326.0,7096.0,7544.0
685408.0,12719.0,50277.0
467608.0,7108.0,12751.0
13274.0,7117.0,7675.0
704261.0,12150.0,7739.0
13220.0,7110.0,111592.0
700168.0,7154.0,12824.0
13364.0,12194.0,7741.0
473561.0,7117.0,7641.0
13316.0,7174.0,168419.0
692737.0,12223.0,7803.0
13174.0,7121.0,217986.0
696447.0,12223.0,7740.0
13176.0,7142.0,136131.0
667423.0,7053.0,7773.0
13364.0,517058.0,161107.0
452636.0,7147.0,7577.0
13338.0,7167.0,167536.0
692499.0,12245.0,8163.0
13438.0,7110.0,168767.0
458381.0,7219.0,12754.0
13112.0,12149.0,7709.0
698060.0,7174.0,62722.0
13198.0,7135.0,7741.0
694798.0,158263.0,139090.0
13418.0,12337.0,8081.0
457579.0,7028.0,138042.0
13134.0,7206.0,7595.0
684309.0,12272.0,136363.0
13380.0,7283.0,12686.0
704149.0,7169.0,7577.0
13090.0,7121.0,7739.0
696249.0,7169.0,161921.0
13278.0,516760.0,7543.0
691706.0,7192.0,60757.0
13230.0,133779.0,7675.0
380199.0,7053.0,137866.0
13242.0,7169.0,7739.0
461623.0,7169.0,167527.0
13315.0,163205.0,7739.0
675745.0,7187.0,169065.0
13154.0,7160.0,138453.0
696129.0,12180.0,7577.0
13284.0,12237.0,7577.0
13390.0,7026.0,111797.0
350550.0,7127.0,7739.0
704261.0,7181.0,280217.0
13416.0,267034.0,7773.0
459803.0,717.0,160703.0
13300.0,7014.0,7803.0
694956.0,47404.0,215356.0
13208.0,7103.0,7740.0
665400.0,288713.0,108360.0
13416.0,12111.0,7643.0
474231.0,7026.0,136109.0
13112.0,7105.0,12652.0
423719.0,514545.0,7675.0
13240.0,7169.0,12621.0
671579.0,162090.0,7774.0
13364.0,26990.0,7741.0
13422.0,7110.0,138872.0
671424.0,12096.0,7773.0
666537.0,7117.0,111821.0
13144.0,7072.0,12797.0
666184.0,414451.0,7544.0
13198.0,182691.0,7739.0
461092.0,7117.0,160263.0
13188.0,7117.0,7773.0
347256.0,153469.0,144028.0
13240.0,7087.0,7742.0
13460.0,7110.0,217300.0
348138.0,12236.0,7707.0
13176.0,6989.0,141905.0
237196.0,7155.0,7641.0
13298.0,7117.0,168472.0
704352.0,7058.0,12785.0
692134.0,12191.0,7675.0
13188.0,6927.0,7774.0
690325.0,7167.0,166027.0
13312.0,7123.0,166531.0
13112.0,7155.0,7705.0
351890.0,7160.0,7739.0
13306.0,7155.0,137370.0
351138.0,7155.0,168755.0
458601.0,7105.0,7641.0
13176.0,7105.0,12718.0
666069.0,7117.0,7740.0
13268.0,7167.0,7642.0
468862.0,7135.0,168011.0
13364.0,7105.0,7641.0
677901.0,7053.0,139228.0
13438.0,7058.0,7611.0
703558.0,7092.0,162711.0
13300.0,6925.0,7773.0
669846.0,7187.0,138931.0
13166.0,7140.0,7705.0
13284.0,7155.0,136173.0
113437.0,7026.0,12946.0
699297.0,7203.0,7757.0
13112.0,7167.0,7659.0
665311.0,7117.0,169266.0
13230.0,7065.0,137533.0
13176.0,7283.0,7641.0
237391.0,7118.0,7641.0
701023.0,7053.0,136915.0
13364.0,7028.0,161522.0
698783.0,7117.0,7642.0
13220.0,7154.0,7643.0
688682.0,7160.0,167382.0
13418.0,7053.0,7641.0
13166.0,7155.0,162139.0
351451.0,7160.0,7543.0
450006.0,6959.0,138959.0
13386.0,7087.0,12688.0
700744.0,7117.0,7739.0
13166.0,7110.0,7739.0
695649.0,7205.0,217857.0
13080.0,7137.0,166708.0
699711.0,7168.0,7647.0
700230.0,7057.0,7837.0
13284.0,7121.0,145406.0
449597.0,7092.0,7577.0
13220.0,7148.0,168958.0
696493.0,7223.0,7641.0
13112.0,7105.0,138260.0
13246.0,7122.0,7774.0
281895.0,6953.0,108210.0
640274.0,7003.0,7741.0
13262.0,7078.0,161864.0
13498.0,6994.0,7742.0
412860.0,6975.0,159125.0
439471.0,7105.0,7642.0
13338.0,7187.0,178125.0
696440.0,7169.0,160911.0
13470.0,7122.0,7774.0
469780.0,7200.0,12620.0
13450.0,7073.0,7677.0
440556.0,7135.0,7741.0
13444.0,7070.0,113915.0
696341.0,7063.0,12829.0
13144.0,7119.0,7642.0
13476.0,7206.0,63450.0
265141.0,7204.0,7641.0
691036.0,7071.0,168962.0
13220.0,7123.0,220567.0
667019.0,7160.0,7510.0
13252.0,7067.0,214771.0
671157.0,7169.0,7709.0
13090.0,7160.0,138526.0
664069.0,7078.0,164528.0
13352.0,7135.0,7415.0
695838.0,7169.0,7643.0
13198.0,7201.0,165608.0
693003.0,7090.0,7805.0
13284.0,7201.0,162278.0
704145.0,7224.0,7644.0
13240.0,6982.0,137558.0
393934.0,7053.0,7614.0
13268.0,6975.0,141325.0
667341.0,7187.0,7807.0
13348.0,7169.0,160300.0
706310.0,7169.0,160375.0
13413.0,7205.0,7607.0
697291.0,7102.0,7739.0
13418.0,7282.0,177963.0
466893.0,7085.0,12851.0
13166.0,7026.0,7758.0
691122.0,7053.0,7741.0
13294.0,7123.0,113949.0
673067.0,7058.0,7641.0
13268.0,7155.0,111339.0
13380.0,7060.0,12312.0
106113.0,7167.0,7739.0
445778.0,7192.0,136145.0
13230.0,7117.0,7742.0
694462.0,7204.0,7543.0
13284.0,7039.0,179752.0
455795.0,7117.0,165386.0
13370.0,7251.0,7757.0
673846.0,7169.0,169261.0
446994.0,7201.0,7837.0
13278.0,7126.0,168174.0
13166.0,7124.0,7543.0
73115.0,7219.0,168523.0
694007.0,7169.0,7675.0
13134.0,7135.0,138764.0
13252.0,7206.0,12590.0
440454.0,7035.0,7775.0
13466.0,6971.0,7543.0
369322.0,7065.0,138920.0
692832.0,7046.0,7773.0
13370.0,6995.0,114215.0
402733.0,7167.0,7641.0
13450.0,7187.0,138371.0
693128.0,7087.0,136902.0
13386.0,7117.0,7806.0
663828.0,7117.0,12358.0
13230.0,7110.0,7546.0
442434.0,7126.0,7611.0
668863.0,7124.0,216997.0
13300.0,6969.0,7577.0
703859.0,6977.0,138692.0
13288.0,7071.0,12687.0
473959.0,7153.0,7642.0
13102.0,7103.0,7803.0
694798.0,7117.0,114601.0
13416.0,7117.0,12393.0
696978.0,7117.0,7675.0
13188.0,7220.0,7641.0
700609.0,7117.0,163150.0
698818.0,7087.0,12800.0
13242.0,7087.0,7644.0
451308.0,7169.0,7739.0
13240.0,7135.0,162173.0
703343.0,7087.0,7742.0
13300.0,7283.0,177811.0
446919.0,7141.0,7741.0
13208.0,7137.0,113980.0
439886.0,7123.0,7641.0
13526.0,7117.0,137649.0
698508.0,7053.0,7611.0
13198.0,7158.0,139061.0
661690.0,7087.0,7577.0
13220.0,7110.0,111595.0
360819.0,7155.0,7607.0
13198.0,7135.0,235291.0
693364.0,7076.0,12653.0
13198.0,7117.0,7741.0
686613.0,7137.0,114439.0
13334.0,7121.0,7643.0
13166.0,7149.0,7710.0
663203.0,6995.0,109231.0
695394.0,7071.0,58898.0
13198.0,7180.0,7643.0
695269.0,7042.0,7643.0
13268.0,7058.0,167848.0
697123.0,7199.0,235845.0
13293.0,7110.0,12421.0
454009.0,7251.0,7643.0
13404.0,6989.0,59057.0
470640.0,7085.0,7785.0
13188.0,7103.0,174707.0
479867.0,6900.0,7803.0
13316.0,7122.0,12731.0
470733.0,6958.0,7774.0
13370.0,7117.0,7641.0
461446.0,7053.0,180656.0
13284.0,7187.0,12587.0
694181.0,7155.0,7741.0
13312.0,7058.0,7854.0
13304.0,7117.0,167357.0
419416.0,7042.0,7641.0
692564.0,7201.0,135847.0
13332.0,7103.0,12852.0
386850.0,7169.0,7739.0
13326.0,7122.0,7642.0
448019.0,7087.0,167084.0
13112.0,7223.0,7773.0
700603.0,7123.0,111692.0
13252.0,7140.0,7641.0
461050.0,7092.0,169805.0
13058.0,7172.0,7675.0
696633.0,7167.0,137209.0
13252.0,7037.0,247059.0
466695.0,7169.0,7543.0
13450.0,7187.0,7808.0
13316.0,6957.0,521239.0
436931.0,7071.0,7739.0
696779.0,7133.0,141516.0
13262.0,7087.0,7773.0
707504.0,7174.0,141246.0
13143.0,7173.0,136478.0
470128.0,7058.0,7710.0
13450.0,7055.0,216327.0
449859.0,6881.0,7804.0
13300.0,7040.0,7740.0
694751.0,7186.0,214967.0
13352.0,7117.0,7739.0
13278.0,7173.0,217720.0
334340.0,7187.0,7577.0
478406.0,7135.0,162095.0
13334.0,7103.0,7641.0
691320.0,7137.0,235134.0
13348.0,7251.0,7643.0
92715.0,7087.0,138605.0
692172.0,7117.0,7675.0
13220.0,7169.0,218550.0
695296.0,7117.0,12688.0
13300.0,7092.0,7643.0
371220.0,6993.0,12429.0
13175.0,7174.0,7776.0
453411.0,7087.0,167676.0
13262.0,7110.0,7739.0
451344.0,7117.0,7692.0
13364.0,7169.0,168168.0
699592.0,7060.0,137828.0
13284.0,7117.0,7642.0
478706.0,7169.0,7641.0
13352.0,7110.0,141646.0
704489.0,7155.0,7705.0
13280.0,7169.0,159629.0
688905.0,7095.0,110208.0
13326.0,7192.0,7774.0
13293.0,7169.0,7578.0
72982.0,7135.0,160981.0
469494.0,6994.0,7646.0
13166.0,7158.0,161542.0
697720.0,7105.0,7706.0
13220.0,7153.0,167584.0
265612.0,7090.0,7740.0
13240.0,7137.0,215281.0
470364.0,7140.0,7641.0
13176.0,7206.0,137378.0
698914.0,193211.0,7677.0
12994.0,7053.0,169028.0
696027.0,7149.0,12878.0
13198.0,7199.0,7739.0
440595.0,7059.0,7543.0
13364.0,7090.0,168854.0
696059.0,7204.0,7791.0
13240.0,376323.0,137591.0
696321.0,6918.0,12863.0
13300.0,7187.0,7790.0
461689.0,6913.0,7757.0
13374.0,7103.0,169326.0
704980.0,7169.0,7608.0
13242.0,518557.0,158974.0
703065.0,7053.0,7785.0
13252.0,491015.0,247634.0
694177.0,7122.0,7739.0
13176.0,594745.0,169353.0
13476.0,6985.0,60012.0
670683.0,7059.0,142347.0
13326.0,7169.0,7479.0
369197.0,7009.0,12685.0
691908.0,248341.0,7545.0
13176.0,7108.0,7743.0
13448.0,7110.0,137499.0
413116.0,7117.0,180160.0
13144.0,7053.0,7545.0
695196.0,131115.0,7641.0
13364.0,7169.0,180700.0
360224.0,517176.0,7705.0
13425.0,6982.0,111367.0
668586.0,7380.0,13007.0
13230.0,7356.0,7773.0
442852.0,6953.0,167654.0
6712.0,506969.0,7577.0
6776.0,7248.0,58189.0
6712.0,7087.0,7758.0
6712.0,7105.0,520337.0
6712.0,7110.0,7789.0
6776.0,7003.0,531591.0
6712.0,7155.0,7675.0
6712.0,237540.0,12708.0
6776.0,7187.0,7641.0
6776.0,7193.0,14698.0
6776.0,516064.0,7837.0
6712.0,7187.0,12799.0
6776.0,3942.0,7577.0
6712.0,7035.0,763.0
6712.0,6931.0,7641.0
8320.0,506694.0,12601.0
440007.0,6971.0,12720.0
13134.0,7008.0,7675.0
450292.0,7117.0,7740.0
13230.0,200102.0,137264.0
707407.0,7087.0,12634.0
13220.0,182056.0,7739.0
694423.0,6945.0,7641.0
13280.0,7040.0,524693.0
13352.0,7169.0,14597.0
334335.0,7035.0,12635.0
703797.0,7169.0,7789.0
13230.0,7008.0,12536.0
695823.0,7035.0,7612.0
13112.0,7169.0,12623.0
932295.0,7122.0,7643.0
931336.0,7117.0,12517.0
931144.0,773.0,7642.0
936012.0,7169.0,12438.0
936005.0,7167.0,7773.0
932952.0,7135.0,7677.0
933458.0,7356.0,12470.0
927323.0,773.0,7676.0
578406.0,7110.0,12600.0
930886.0,7434.0,12567.0
928421.0,7087.0,7561.0
933906.0,7105.0,12489.0
927677.0,8468.0,7545.0
930249.0,7105.0,12863.0
923619.0,7135.0,7739.0
929844.0,7035.0,12751.0
936160.0,7117.0,7774.0
485443.0,7119.0,7593.0
927769.0,7065.0,12442.0
920685.0,290394.0,12720.0
930277.0,7174.0,7739.0
485795.0,186309.0,7739.0
927543.0,8648.0,12341.0
928381.0,7078.0,7678.0
931367.0,536410.0,12638.0
929957.0,7206.0,12436.0
934893.0,7040.0,7675.0
928644.0,7210.0,7643.0
919763.0,7108.0,139532.0
942914.0,239972.0,7773.0
937516.0,7059.0,60851.0
934388.0,7117.0,7739.0
925362.0,7053.0,12535.0
930138.0,7091.0,12734.0
928291.0,499834.0,7739.0
583050.0,7087.0,7485.0
942452.0,7021.0,7577.0
484861.0,7090.0,59448.0
928478.0,7192.0,7705.0
930369.0,7103.0,167922.0
922028.0,7034.0,7806.0
918651.0,7040.0,12490.0
483006.0,280862.0,7755.0
926755.0,7149.0,7741.0
933320.0,7292.0,12476.0
933191.0,6995.0,12618.0
923764.0,7167.0,7739.0
931838.0,7078.0,12895.0
933018.0,7117.0,7755.0
933554.0,182158.0,7641.0
928546.0,6895.0,12636.0
929401.0,7124.0,12601.0
921532.0,7224.0,7774.0
935301.0,7078.0,7767.0
940163.0,769.0,7867.0
926074.0,7090.0,7480.0
929047.0,7191.0,12559.0
934017.0,507043.0,12675.0
921231.0,7035.0,7706.0
932106.0,245688.0,7837.0
921786.0,7169.0,50555.0
941521.0,7142.0,12404.0
928175.0,7008.0,7677.0
929509.0,7318.0,7543.0
937387.0,773.0,12500.0
936661.0,7087.0,14733.0
936415.0,7155.0,51433.0
939848.0,7122.0,7709.0
923050.0,7067.0,12796.0
938322.0,7169.0,152317.0
927878.0,511220.0,7740.0
930760.0,7174.0,7607.0
936481.0,7117.0,44543.0
928498.0,7199.0,12536.0
923949.0,7141.0,7741.0
935416.0,7162.0,7643.0
930793.0,7117.0,12601.0
928949.0,7181.0,12665.0
919984.0,7219.0,7740.0
928762.0,7155.0,7739.0
929274.0,7103.0,49815.0
930010.0,161409.0,7543.0
930062.0,7021.0,12797.0
925804.0,7117.0,7479.0
931087.0,7169.0,12466.0
920214.0,7105.0,12535.0
942704.0,507487.0,7644.0
932223.0,7169.0,7756.0
921420.0,7174.0,128295.0
918890.0,7023.0,7642.0
927060.0,7053.0,12566.0
936956.0,7217.0,12621.0
680933.0,172174.0,7741.0
931427.0,7219.0,7708.0
481983.0,7154.0,245728.0
927850.0,7206.0,7510.0
598607.0,506892.0,43957.0
587965.0,7169.0,12569.0
930511.0,514260.0,7543.0
926263.0,7153.0,7739.0
933173.0,7091.0,12623.0
939394.0,7152.0,7611.0
934993.0,506802.0,12588.0
926591.0,7379.0,7741.0
919867.0,7192.0,7645.0
933669.0,7169.0,12567.0
588207.0,7078.0,12636.0
932277.0,7224.0,7691.0
923241.0,7117.0,12538.0
927961.0,7026.0,7773.0
890017.0,7103.0,7741.0
925678.0,6977.0,12637.0
938572.0,172147.0,7577.0
931546.0,7091.0,12664.0
929213.0,7169.0,7741.0
927670.0,7142.0,7739.0
927672.0,7105.0,12502.0
931786.0,6976.0,7739.0
929956.0,495714.0,215515.0
935107.0,507205.0,7770.0
931354.0,7108.0,43035.0
929271.0,7169.0,7578.0
935677.0,514434.0,763.0
927930.0,7123.0,7641.0
934250.0,513936.0,520776.0
941352.0,7105.0,12736.0
920389.0,7035.0,7739.0
486803.0,7073.0,12440.0
934455.0,7117.0,7641.0
927554.0,7073.0,7741.0
921564.0,6900.0,12472.0
934952.0,7119.0,7545.0
929201.0,7103.0,12831.0
926682.0,7169.0,14651.0
927526.0,529702.0,12572.0
930644.0,7169.0,7709.0
920270.0,7076.0,7643.0
480027.0,7117.0,481263.0
935479.0,7219.0,12700.0
924799.0,7251.0,7641.0
929650.0,6927.0,7642.0
926651.0,7193.0,12799.0
925624.0,7071.0,12599.0
919618.0,7169.0,7756.0
927305.0,7149.0,7773.0
922806.0,7717.0,216707.0
942704.0,162072.0,14702.0
935694.0,6990.0,7596.0
936479.0,7103.0,166833.0
926468.0,7117.0,7741.0
950202.0,7117.0,60794.0
936640.0,268487.0,7709.0
931248.0,7169.0,12601.0
942231.0,7040.0,7472.0
933353.0,245855.0,7641.0
930552.0,7117.0,7561.0
926825.0,7124.0,180272.0
929648.0,7192.0,12699.0
932294.0,7123.0,7641.0
928189.0,524442.0,7821.0
931486.0,7119.0,12400.0
933814.0,7071.0,108197.0
939899.0,7073.0,7792.0
929242.0,7187.0,529908.0
923057.0,7178.0,7643.0
583988.0,7117.0,7675.0
928619.0,7005.0,61018.0
485626.0,269287.0,7546.0
928090.0,7103.0,12468.0
929405.0,7110.0,12440.0
920490.0,374117.0,7819.0
932169.0,7105.0,12602.0
928117.0,505917.0,7643.0
922204.0,7223.0,111221.0
921988.0,153462.0,7545.0
930959.0,7026.0,7773.0
938774.0,7107.0,12571.0
937041.0,137623.0,7739.0
920102.0,7169.0,169610.0
926272.0,7058.0,526353.0
922139.0,7089.0,7805.0
928699.0,40967.0,59449.0
926826.0,7148.0,12788.0
922208.0,7117.0,7803.0
924622.0,7205.0,137082.0
931024.0,513962.0,7628.0
936642.0,151726.0,12619.0
936649.0,8516.0,7641.0
926525.0,7117.0,7699.0
926445.0,535687.0,763.0
480844.0,7140.0,7642.0
928371.0,7201.0,521757.0
934861.0,7169.0,7677.0
927420.0,7119.0,12597.0
934665.0,7085.0,7739.0
928745.0,7169.0,493987.0
937306.0,7169.0,7740.0
584832.0,7117.0,12632.0
935617.0,135955.0,12535.0
928751.0,7199.0,7543.0
924546.0,7087.0,152427.0
935868.0,508116.0,7577.0
932548.0,7117.0,12633.0
922935.0,7158.0,7739.0
935109.0,506732.0,12525.0
929278.0,7071.0,7659.0
925632.0,6964.0,12276.0
931763.0,506571.0,7544.0
266444.0,7408.0,12636.0
11232.0,505392.0,7675.0
541934.0,7251.0,7643.0
11190.0,134002.0,12405.0
11168.0,7078.0,12804.0
539938.0,7201.0,7803.0
496020.0,7087.0,12559.0
10911.0,7149.0,7741.0
11244.0,7293.0,12672.0
536856.0,7108.0,7740.0
10996.0,12143.0,7789.0
542351.0,7169.0,12697.0
540398.0,7140.0,7543.0
11284.0,12601.0,12659.0
11168.0,7192.0,7757.0
541868.0,12298.0,12538.0
11190.0,825.0,7611.0
537331.0,7135.0,12665.0
11222.0,6927.0,7640.0
544919.0,773.0,12698.0
540226.0,7108.0,7898.0
11018.0,12264.0,138505.0
548853.0,7071.0,530184.0
11158.0,7149.0,7675.0
11082.0,7187.0,49613.0
16454.0,7187.0,7803.0
240169.0,7117.0,7774.0
11188.0,12235.0,12609.0
541804.0,7210.0,7739.0
11070.0,7151.0,162258.0
226875.0,13341.0,12817.0
11284.0,7192.0,7740.0
238257.0,7187.0,48894.0
11102.0,7122.0,7644.0
538375.0,12193.0,12637.0
11072.0,7053.0,7739.0
11232.0,15142.0,49376.0
539886.0,7187.0,7773.0
11146.0,7122.0,7741.0
541823.0,12207.0,61451.0
16228.0,7035.0,7837.0
11274.0,7059.0,12599.0
303161.0,7187.0,263655.0
11158.0,12281.0,7770.0
180403.0,7058.0,7709.0
11072.0,6953.0,12667.0
540127.0,7117.0,12763.0
11210.0,7160.0,7678.0
11190.0,12063.0,12622.0
536906.0,7201.0,7741.0
309244.0,717.0,7642.0
11038.0,7199.0,58433.0
536447.0,7087.0,7739.0
10899.0,7007.0,60096.0
540029.0,7169.0,7773.0
11168.0,7108.0,12667.0
11136.0,12114.0,7611.0
543828.0,7044.0,12464.0
303430.0,12245.0,7576.0
11242.0,7110.0,12539.0
541644.0,12327.0,12847.0
10996.0,7122.0,7641.0
11168.0,12334.0,63667.0
542376.0,6995.0,7641.0
11168.0,717.0,7741.0
537639.0,7117.0,12655.0
539757.0,7126.0,67279.0
11210.0,12401.0,7869.0
536681.0,7192.0,263617.0
11114.0,12176.0,7641.0
542501.0,7117.0,12670.0
11168.0,7000.0,7774.0
536388.0,12062.0,108162.0
11232.0,7174.0,7740.0
534993.0,12222.0,7739.0
11136.0,7297.0,12435.0
11190.0,7121.0,12567.0
537992.0,7173.0,7755.0
535814.0,7092.0,12665.0
11072.0,12945.0,7739.0
538912.0,12253.0,59536.0
11030.0,7110.0,7675.0
543258.0,7187.0,7641.0
11082.0,7155.0,12731.0
241727.0,12263.0,7741.0
11232.0,7173.0,12831.0
11167.0,7009.0,12523.0
536841.0,7173.0,7641.0
536919.0,7117.0,7740.0
10996.0,7139.0,59934.0
18110.0,12815.0,7678.0
541514.0,7117.0,240674.0
11212.0,12275.0,7709.0
11165.0,7124.0,491875.0
537027.0,13193.0,7740.0
538976.0,6958.0,7706.0
11018.0,6988.0,110460.0
534807.0,7135.0,12618.0
11158.0,12298.0,7641.0
542615.0,7192.0,7677.0
11018.0,7155.0,763.0
540476.0,36623.0,7693.0
11050.0,825.0,12309.0
541988.0,7053.0,7739.0
11028.0,7105.0,524830.0
539370.0,6989.0,7771.0
11116.0,7117.0,58243.0
16311.0,534937.0,109496.0
11040.0,7053.0,7838.0
536962.0,773.0,7643.0
11113.0,7181.0,12633.0
544385.0,6893.0,7677.0
11050.0,7108.0,12206.0
536114.0,12143.0,12507.0
11168.0,717.0,7480.0
540802.0,7092.0,12733.0
11136.0,7122.0,7740.0
11222.0,12338.0,12633.0
498461.0,7041.0,7739.0
540292.0,7103.0,7675.0
11200.0,7096.0,12798.0
542472.0,12313.0,7604.0
11180.0,7110.0,7787.0
536591.0,12418.0,7675.0
11112.0,7121.0,12798.0
11222.0,7153.0,12625.0
535604.0,7129.0,7644.0
167688.0,7155.0,763.0
11190.0,7155.0,7645.0
537047.0,7035.0,12671.0
11060.0,7105.0,7741.0
537701.0,7169.0,7692.0
11222.0,12379.0,803.0
537070.0,7072.0,12460.0
11188.0,7092.0,7722.0
541655.0,12847.0,12951.0
10996.0,761.0,7708.0
550272.0,7053.0,7643.0
11028.0,7117.0,12475.0
543730.0,7117.0,12603.0
11158.0,12368.0,7577.0
542028.0,7174.0,7641.0
16170.0,12002.0,7705.0
11168.0,7192.0,12563.0
11308.0,7103.0,112446.0
546009.0,7237.0,7577.0
11318.0,7087.0,12667.0
545606.0,12357.0,7610.0
544610.0,7140.0,12851.0
11018.0,7041.0,7706.0
237109.0,12282.0,109471.0
11092.0,7108.0,7642.0
540807.0,7155.0,7644.0
10868.0,7108.0,12971.0
11136.0,12281.0,7739.0
236160.0,7128.0,12528.0
540759.0,12863.0,12645.0
11104.0,7123.0,7546.0
541534.0,7021.0,7741.0
11082.0,819607.0,7551.0
11028.0,7080.0,7708.0
539902.0,717.0,12767.0
547498.0,7087.0,12522.0
11082.0,6994.0,7543.0
541975.0,7169.0,14829.0
11232.0,12692.0,7573.0
541774.0,7026.0,215770.0
11254.0,7169.0,14666.0
298771.0,7142.0,12702.0
11146.0,12356.0,7707.0
237579.0,12263.0,49771.0
11008.0,7000.0,7806.0
537641.0,7121.0,7741.0
11082.0,7174.0,763.0
278092.0,12153.0,7773.0
11158.0,7108.0,12658.0
537095.0,12309.0,12620.0
11244.0,7192.0,7677.0
536948.0,12427.0,12671.0
10932.0,7205.0,7803.0
543224.0,7178.0,12710.0
11072.0,12121.0,7741.0
509131.0,7058.0,12505.0
11222.0,12336.0,7773.0
537397.0,7117.0,12554.0
11222.0,6995.0,7645.0
538075.0,7187.0,8040.0
11232.0,7155.0,13187.0
535436.0,12274.0,7675.0
10976.0,7174.0,14033.0
539498.0,14546.0,12764.0
11244.0,7121.0,7611.0
548691.0,7155.0,12730.0
11028.0,12253.0,7543.0
11134.0,7040.0,12519.0
298787.0,7117.0,7773.0
542814.0,7169.0,12692.0
11254.0,7110.0,7741.0
11200.0,12346.0,7805.0
537682.0,12259.0,12815.0
536894.0,7140.0,12772.0
11220.0,7087.0,7739.0
535121.0,7160.0,12706.0
11084.0,12368.0,7717.0
226240.0,12234.0,12446.0
11082.0,7174.0,7803.0
11124.0,12240.0,7865.0
540671.0,7128.0,12796.0
291365.0,12454.0,12772.0
11242.0,7140.0,7707.0
11104.0,7187.0,14513.0
540472.0,7087.0,7803.0
532363.0,7201.0,12859.0
11242.0,12226.0,12584.0
11159.0,7108.0,7675.0
292850.0,7087.0,12404.0
536451.0,7140.0,7756.0
11157.0,12299.0,12708.0
11180.0,12222.0,7741.0
536475.0,7140.0,12715.0
536960.0,12262.0,7643.0
11232.0,7192.0,12410.0
226397.0,7055.0,7705.0
11230.0,7122.0,12772.0
164381.0,12762.0,7741.0
11169.0,7122.0,12719.0
534603.0,12308.0,7741.0
11274.0,7110.0,12740.0
537370.0,12331.0,7739.0
11104.0,7174.0,12674.0
540187.0,12163.0,7641.0
11168.0,7117.0,12899.0
541598.0,717.0,7641.0
11052.0,7169.0,12854.0
296433.0,12258.0,7704.0
11274.0,7160.0,7839.0
535346.0,7023.0,12914.0
11040.0,12358.0,12576.0
539197.0,7174.0,7741.0
11114.0,7040.0,12473.0
540058.0,12172.0,7709.0
11254.0,7126.0,12655.0
547506.0,12208.0,7579.0
10986.0,7135.0,12686.0
538724.0,7117.0,7675.0
11028.0,12559.0,12783.0
284949.0,7040.0,7739.0
11156.0,7122.0,12667.0
540980.0,12253.0,7691.0
11254.0,7105.0,12740.0
11082.0,7117.0,7641.0
546930.0,7028.0,7739.0
11223.0,12149.0,12768.0
536706.0,12263.0,7741.0
11050.0,7206.0,12885.0
539037.0,7174.0,12610.0
536009.0,717.0,7773.0
11092.0,7169.0,7659.0
152941.0,7005.0,12736.0
11082.0,12450.0,12576.0
270525.0,7242.0,7739.0
11146.0,7085.0,12684.0
540970.0,7053.0,7790.0
11180.0,7169.0,12760.0
538923.0,7122.0,7743.0
11212.0,178671.0,12828.0
539626.0,7117.0,7732.0
227103.0,7087.0,12655.0
11296.0,7071.0,7741.0
11082.0,7117.0,12580.0
16625.0,12193.0,7763.0
246175.0,7122.0,12748.0
11124.0,12271.0,7739.0
11104.0,7040.0,12471.0
537157.0,7174.0,7643.0
544066.0,12172.0,13083.0
11168.0,7169.0,7739.0
239643.0,7035.0,12551.0
11018.0,13171.0,7741.0
542166.0,7174.0,12656.0
11050.0,7122.0,7644.0
535676.0,12795.0,12788.0
11082.0,7153.0,7643.0
11168.0,717.0,12621.0
498137.0,12271.0,7805.0
11146.0,7122.0,291349.0
52835.0,12908.0,7952.0
542070.0,7122.0,12585.0
11264.0,7135.0,7741.0
279810.0,769.0,12761.0
11082.0,7169.0,7739.0
11222.0,7187.0,12553.0
541965.0,7173.0,7739.0
529415.0,7192.0,7642.0
11082.0,13646.0,12808.0
535366.0,12240.0,12599.0
11168.0,7108.0,7675.0
537064.0,7205.0,8712.0
11092.0,773.0,12687.0
11158.0,7169.0,7579.0
534551.0,7083.0,12619.0
11210.0,7192.0,7837.0
536296.0,12354.0,13197.0
540444.0,7199.0,14703.0
11136.0,7126.0,12696.0
535718.0,12275.0,7709.0
11072.0,7169.0,12698.0
542176.0,7105.0,7677.0
11264.0,7178.0,12781.0
11147.0,12408.0,7739.0
546052.0,7219.0,12520.0
542265.0,12202.0,7543.0
11052.0,7078.0,8027.0
538142.0,7174.0,12879.0
547508.0,12496.0,12793.0
11274.0,12336.0,7544.0
539052.0,7154.0,12687.0
11126.0,7067.0,7789.0
540475.0,7140.0,12805.0
535041.0,12272.0,7741.0
11144.0,7122.0,12635.0
11200.0,12272.0,7545.0
542476.0,6985.0,12649.0
10867.0,12248.0,7677.0
16315.0,7092.0,12749.0
238093.0,7160.0,7807.0
11220.0,12354.0,12815.0
11190.0,7140.0,7739.0
536432.0,12309.0,7707.0
11341.0,472844.0,12817.0
504832.0,7128.0,12719.0
11220.0,7103.0,7840.0
538571.0,7041.0,12683.0
11168.0,7044.0,7773.0
542647.0,12411.0,12583.0
549062.0,7035.0,7675.0
11136.0,7117.0,12881.0
537749.0,6913.0,7837.0
11180.0,12625.0,12435.0
535562.0,7122.0,7576.0
11050.0,7169.0,12724.0
513709.0,12890.0,7676.0
11222.0,7140.0,15167.0
542867.0,7103.0,12750.0
11050.0,7173.0,7739.0
269666.0,7023.0,12664.0
11178.0,7128.0,7773.0
11028.0,12309.0,12786.0
548257.0,7155.0,7741.0
11104.0,12210.0,12633.0
540771.0,7206.0,7509.0
11082.0,7172.0,12586.0
538262.0,11914.0,7709.0
544212.0,12421.0,12795.0
11158.0,7122.0,7641.0
536487.0,12122.0,7741.0
11102.0,7122.0,12730.0
536149.0,12310.0,7675.0
10996.0,7110.0,12617.0
11168.0,7142.0,12728.0
542049.0,12292.0,7671.0
547053.0,13737.0,12708.0
10996.0,12260.0,7773.0
540630.0,7032.0,12600.0
10974.0,12150.0,7741.0
537364.0,7154.0,7743.0
11198.0,7224.0,12600.0
538360.0,12260.0,12487.0
11212.0,12208.0,7675.0
109717.0,7192.0,12806.0
10996.0,13715.0,7739.0
11158.0,12276.0,12731.0
541815.0,7206.0,7755.0
146591.0,12284.0,7641.0
11104.0,7206.0,12815.0
534857.0,7140.0,12731.0
10900.0,12269.0,7641.0
540376.0,12602.0,12948.0
11124.0,7190.0,7677.0
11146.0,7108.0,12717.0
545611.0,12295.0,7755.0
11168.0,12281.0,13833.0
539525.0,7124.0,715.0
533328.0,12174.0,767.0
11136.0,7154.0,663.0
157427.0,7124.0,715.0
10996.0,12185.0,763.0
11168.0,7110.0,763.0
539123.0,12199.0,8373.0
11264.0,12651.0,7607.0
543573.0,7072.0,12598.0
11190.0,455877.0,12730.0
510571.0,7078.0,7641.0
302032.0,7122.0,7579.0
11264.0,12201.0,12840.0
540570.0,7124.0,12679.0
544512.0,12223.0,7675.0
535611.0,12228.0,12814.0
11018.0,7210.0,7643.0
545850.0,7078.0,12622.0
11158.0,12259.0,7641.0
237526.0,7356.0,12719.0
11190.0,12474.0,7804.0
294040.0,7174.0,12523.0
11134.0,12305.0,7757.0
541017.0,7090.0,12585.0
11178.0,12265.0,7741.0
538707.0,12265.0,12788.0
538993.0,7192.0,7740.0
11102.0,12273.0,12535.0
152361.0,7108.0,7513.0
11102.0,7192.0,12719.0
16411.0,12323.0,7739.0
11104.0,7072.0,12739.0
536526.0,12583.0,7805.0
11082.0,12436.0,12554.0
11158.0,7090.0,7677.0
550971.0,7072.0,12525.0
11070.0,12178.0,7643.0
538332.0,12176.0,12794.0
511303.0,7192.0,7641.0
11144.0,7142.0,12828.0
498536.0,12680.0,7741.0
11220.0,12192.0,12831.0
15982.0,7091.0,7641.0
10954.0,12246.0,12685.0
548942.0,6982.0,7741.0
11168.0,7140.0,12698.0
540643.0,12149.0,7739.0
11156.0,12279.0,7633.0
235422.0,7014.0,13334.0
11104.0,12785.0,12610.0
11060.0,7204.0,7709.0
534699.0,7122.0,12467.0
11660.0,12342.0,7773.0
538870.0,7174.0,12499.0
537859.0,12065.0,7819.0
10910.0,12350.0,12468.0
539647.0,7040.0,7773.0
11244.0,7060.0,12727.0
541287.0,12430.0,7543.0
11222.0,12474.0,7773.0
190800.0,8400.0,13071.0
248043.0,7154.0,7805.0
10996.0,12346.0,50566.0
540572.0,13875.0,12670.0
11222.0,12322.0,7741.0
534990.0,7122.0,12751.0
11190.0,7192.0,7641.0
542676.0,12174.0,12645.0
11168.0,7206.0,7739.0
539811.0,12245.0,7579.0
11136.0,7206.0,12778.0
11095.0,12446.0,12762.0
536963.0,12368.0,7755.0
191671.0,7206.0,12818.0
11276.0,6982.0,7803.0
170358.0,12228.0,12950.0
11135.0,7122.0,7739.0
169914.0,11960.0,12836.0
11136.0,12324.0,7773.0
11146.0,7274.0,14489.0
542060.0,7288.0,12588.0
537729.0,12131.0,7675.0
11116.0,7012.0,12784.0
11072.0,12442.0,7641.0
537344.0,7172.0,7823.0
534965.0,12278.0,12838.0
11104.0,12263.0,7645.0
692697.0,7040.0,12669.0
13230.0,7154.0,12653.0
13300.0,456756.0,7643.0
699619.0,12246.0,7807.0
447092.0,7206.0,12815.0
13326.0,7026.0,12608.0
699911.0,12135.0,7741.0
13416.0,12210.0,12730.0
440505.0,7108.0,7545.0
13262.0,12578.0,12677.0
445180.0,7174.0,7699.0
13068.0,7192.0,12708.0
13176.0,12246.0,7773.0
696855.0,12228.0,12333.0
672655.0,7092.0,7577.0
13242.0,7174.0,7641.0
13316.0,12438.0,12632.0
709002.0,7110.0,12781.0
670641.0,12214.0,7677.0
13112.0,12135.0,12651.0
639634.0,7192.0,7643.0
13348.0,7160.0,12728.0
13220.0,12067.0,7677.0
692946.0,12164.0,12749.0
696508.0,7140.0,7611.0
13230.0,7160.0,12830.0
665138.0,12278.0,7577.0
13448.0,7174.0,12675.0
692173.0,12263.0,7839.0
13198.0,12209.0,12683.0
13284.0,7142.0,7738.0
699396.0,12324.0,12647.0
13332.0,7014.0,7641.0
690519.0,7242.0,12653.0
13470.0,12278.0,7643.0
708200.0,7204.0,12815.0
699636.0,12382.0,7739.0
13364.0,12506.0,12652.0
670179.0,7206.0,7544.0
13240.0,7206.0,12823.0
692916.0,12163.0,7611.0
13176.0,7008.0,12827.0
13358.0,455901.0,7643.0
701085.0,7174.0,12799.0
13278.0,12160.0,7773.0
691111.0,13868.0,12460.0
694662.0,7122.0,7743.0
13322.0,12360.0,7741.0
695446.0,7242.0,12698.0
13300.0,12365.0,12464.0
692464.0,7242.0,7710.0
13144.0,12251.0,12708.0
462611.0,7206.0,7757.0
13398.0,12376.0,12524.0
13220.0,7142.0,7739.0
693194.0,12373.0,12806.0
691971.0,7108.0,7741.0
13090.0,12169.0,12555.0
639700.0,7128.0,7643.0
13326.0,12264.0,7739.0
686696.0,7014.0,12836.0
13412.0,12310.0,12632.0
694377.0,7206.0,7593.0
13262.0,12367.0,12651.0
688484.0,7174.0,7755.0
13284.0,12242.0,7769.0
6776.0,12085.0,12907.0
6776.0,7526.0,12738.0
6712.0,7110.0,8041.0
6776.0,12306.0,12700.0
6712.0,7160.0,7774.0
6776.0,12078.0,12493.0
6712.0,7192.0,7643.0
6776.0,12214.0,7807.0
6776.0,12137.0,12537.0
6776.0,7122.0,12576.0
6776.0,7206.0,7711.0
6776.0,12488.0,7707.0
6776.0,7174.0,12722.0
6712.0,12054.0,7971.0
6712.0,7154.0,12870.0
6712.0,12127.0,12794.0
6764.0,12128.0,7741.0
3730.0,7206.0,12894.0
666150.0,7174.0,7707.0
6712.0,12233.0,12750.0
6712.0,7206.0,7709.0
6712.0,12160.0,7607.0
6788.0,7206.0,12862.0
6776.0,12296.0,12630.0
6776.0,7108.0,7805.0
6712.0,12374.0,12677.0
6712.0,12063.0,7805.0
6776.0,7060.0,14629.0
6776.0,7110.0,14498.0
8331.0,12824.0,12681.0
693079.0,7178.0,7677.0
13284.0,12219.0,12848.0
13332.0,12277.0,7577.0
674571.0,7160.0,12425.0
687715.0,12246.0,7675.0
13230.0,7076.0,14554.0
13188.0,7140.0,12651.0
697018.0,12245.0,8240.0
692639.0,7090.0,12805.0
13316.0,12391.0,7773.0
13112.0,7108.0,12649.0
696876.0,12278.0,7577.0
446273.0,7300.0,12751.0
13402.0,7090.0,7739.0
670141.0,12352.0,7741.0
13326.0,12310.0,12958.0
13252.0,6976.0,12831.0
692402.0,7174.0,7773.0
694310.0,12196.0,12664.0
13416.0,7140.0,7807.0
13280.0,139716.0,12733.0
695665.0,7108.0,7805.0
696111.0,71028.0,12532.0
13332.0,7174.0,7789.0
670971.0,1066849.0,12619.0
13294.0,12452.0,7863.0
696510.0,7122.0,12815.0
13208.0,7072.0,7805.0
700999.0,12316.0,12622.0
13090.0,7224.0,7644.0
681446.0,12358.0,12748.0
13418.0,7192.0,7675.0
670129.0,12230.0,12772.0
13402.0,7174.0,7677.0
13314.0,12228.0,12720.0
693138.0,7142.0,7659.0
13176.0,12151.0,12764.0
692352.0,7072.0,7690.0
697992.0,12310.0,12850.0
13152.0,6994.0,7805.0
697863.0,12231.0,12687.0
13252.0,7224.0,7756.0
697379.0,12359.0,12853.0
696823.0,12310.0,7803.0
13090.0,7192.0,12669.0
695721.0,12386.0,7643.0
13112.0,7040.0,7659.0
698257.0,12210.0,12688.0
13111.0,7174.0,12764.0
13364.0,7154.0,7577.0
669208.0,12387.0,7615.0
690582.0,12195.0,7415.0
13262.0,7206.0,7641.0
695602.0,7110.0,7707.0
696301.0,12046.0,7741.0
13306.0,7058.0,7741.0
13208.0,12259.0,7805.0
664353.0,12423.0,7611.0
13364.0,7140.0,7839.0
457346.0,7206.0,7611.0
699057.0,12310.0,7741.0
13370.0,7028.0,7803.0
681720.0,12369.0,7547.0
13348.0,12346.0,7707.0
667443.0,7140.0,7581.0
13462.0,7174.0,7738.0
13352.0,459767.0,9931.0
693180.0,7174.0,7739.0
13204.0,12144.0,7613.0
693269.0,7014.0,7643.0
13176.0,12233.0,7757.0
671755.0,12360.0,7741.0
10240.0,7092.0,7645.0
695114.0,8776.0,7773.0
13322.0,12128.0,7547.0
669066.0,12292.0,7611.0
13144.0,7174.0,7803.0
696709.0,7040.0,7741.0
13134.0,12354.0,7611.0
687813.0,12252.0,7646.0
13476.0,7122.0,7739.0
13144.0,7192.0,7643.0
708793.0,12201.0,7611.0
433629.0,12215.0,7775.0
13262.0,7046.0,7773.0
13300.0,7092.0,7613.0
682863.0,12199.0,7513.0
670783.0,7158.0,7613.0
13230.0,12291.0,7739.0
693215.0,12542.0,7914.0
13299.0,7154.0,7641.0
663470.0,7192.0,7645.0
13300.0,12228.0,7645.0
703616.0,12373.0,7739.0
691980.0,7174.0,7611.0
13154.0,7026.0,7613.0
693258.0,12282.0,7515.0
13334.0,7110.0,7807.0
700173.0,12146.0,7739.0
13252.0,12500.0,7547.0
698868.0,7091.0,7611.0
13176.0,7108.0,7837.0
697319.0,12305.0,7687.0
13112.0,7148.0,7739.0
689518.0,12406.0,7741.0
13198.0,7122.0,7739.0
696608.0,12178.0,7805.0
669805.0,7122.0,7956.0
13332.0,12296.0,4894.0
13334.0,12187.0,7645.0
696692.0,7026.0,7675.0
13176.0,7154.0,7739.0
689839.0,12191.0,7677.0
431561.0,7124.0,7741.0
13476.0,12441.0,7449.0
13268.0,12315.0,7675.0
694558.0,7122.0,7709.0
691983.0,457539.0,7743.0
13166.0,7206.0,7775.0
13294.0,7443.0,7642.0
696654.0,12213.0,7707.0
10044.0,7370.0,7807.0
670206.0,12342.0,7773.0
13252.0,12412.0,7578.0
13120.0,6900.0,7709.0
698733.0,7206.0,7803.0
440801.0,12358.0,7641.0
13412.0,7026.0,7743.0
698745.0,12324.0,7611.0
13220.0,7063.0,7773.0
692113.0,12122.0,7611.0
13208.0,12566.0,7613.0
695204.0,7206.0,7615.0
13280.0,12208.0,7547.0
670815.0,7172.0,7607.0
13466.0,12117.0,7581.0
669277.0,7174.0,7645.0
13220.0,7058.0,7773.0
13386.0,12182.0,7611.0
695220.0,12128.0,7709.0
13364.0,7160.0,7549.0
701795.0,7160.0,7805.0
671453.0,452482.0,7741.0
13476.0,12424.0,7773.0
13252.0,7192.0,7862.0
460943.0,7110.0,7837.0
696186.0,7072.0,7807.0
13300.0,12308.0,7739.0
692173.0,7274.0,7741.0
13198.0,12210.0,7803.0
13268.0,12067.0,7615.0
693654.0,7154.0,7707.0
694286.0,12291.0,7611.0
13284.0,7010.0,7739.0
464549.0,12260.0,7853.0
13232.0,7072.0,7613.0
696114.0,12362.0,7581.0
13144.0,7136.0,7641.0
695689.0,12283.0,7709.0
13230.0,7206.0,7643.0
700581.0,11989.0,7739.0
13182.0,7206.0,7641.0
693321.0,12314.0,7849.0
699483.0,7192.0,7643.0
13176.0,463794.0,7739.0
706082.0,7206.0,7513.0
13252.0,7110.0,7641.0
13338.0,12440.0,7707.0
696999.0,7072.0,603.0
697212.0,12658.0,7773.0
13112.0,12392.0,7883.0
661452.0,7481.0,7739.0
13220.0,12269.0,559919.0
690334.0,7174.0,7675.0
13316.0,7026.0,7773.0
696230.0,458713.0,7678.0
13220.0,12424.0,7719.0
13418.0,7140.0,7641.0
666205.0,7154.0,7839.0
687841.0,12199.0,7789.0
13198.0,12248.0,7613.0
674813.0,7206.0,7739.0
6744.0,12286.0,7741.0
13176.0,7206.0,7615.0
679882.0,14084.0,7709.0
13270.0,7058.0,8207.0
643139.0,12187.0,7611.0
13220.0,7110.0,7547.0
13284.0,12219.0,7773.0
694941.0,12317.0,7547.0
671230.0,7367.0,7849.0
13198.0,12331.0,7611.0
13225.0,7174.0,7741.0
694803.0,7122.0,7803.0
13316.0,12342.0,7677.0
698762.0,7110.0,7673.0
13144.0,12473.0,7772.0
698781.0,7122.0,7643.0
696334.0,12392.0,7581.0
13306.0,12091.0,7789.0
690741.0,7160.0,7739.0
13112.0,7158.0,7741.0
13316.0,12310.0,7675.0
703820.0,7122.0,7677.0
698441.0,12201.0,7807.0
13294.0,7092.0,7677.0
461029.0,12171.0,7753.0
13476.0,6950.0,7836.0
664836.0,12326.0,7741.0
13264.0,7192.0,7739.0
693029.0,12432.0,7675.0
13176.0,7174.0,7675.0
692296.0,12504.0,7611.0
13300.0,717.0,7709.0
13468.0,12460.0,7645.0
697564.0,7174.0,7677.0
696645.0,7140.0,7709.0
13316.0,12324.0,7772.0
13208.0,12268.0,7645.0
692531.0,7206.0,7611.0
685634.0,7206.0,7613.0
13306.0,12178.0,7773.0
13268.0,12364.0,7773.0
667536.0,7122.0,7773.0
13416.0,7092.0,7644.0
696593.0,12119.0,7675.0
692623.0,7122.0,7709.0
13216.0,12451.0,7739.0
678383.0,7154.0,7807.0
697832.0,457798.0,7613.0
13354.0,12424.0,7643.0
13122.0,7124.0,7739.0
696133.0,13892.0,7739.0
671718.0,7122.0,7755.0
13466.0,12407.0,7755.0
13246.0,7124.0,7611.0
690467.0,12333.0,7707.0
666377.0,12260.0,7705.0
13280.0,7108.0,7641.0
689995.0,12342.0,7773.0
13280.0,7174.0,7611.0
671377.0,7122.0,7741.0
13284.0,12260.0,7773.0
696044.0,7160.0,7803.0
13262.0,12351.0,7741.0
670928.0,12519.0,7597.0
13120.0,7198.0,7869.0
13090.0,7224.0,7709.0
695872.0,12561.0,7739.0
698586.0,12214.0,7739.0
13248.0,7160.0,7739.0
13214.0,12420.0,7641.0
693644.0,7206.0,7645.0
13316.0,7154.0,663.0
451632.0,12240.0,7267.0
13248.0,7040.0,763.0
692720.0,12342.0,8411.0
669145.0,12195.0,7739.0
13188.0,7154.0,7741.0
13230.0,12220.0,7739.0
695105.0,7224.0,7741.0
665205.0,7206.0,7739.0
13300.0,12492.0,7803.0
13166.0,12242.0,7675.0
670236.0,7288.0,7641.0
692333.0,12082.0,12586.0
13134.0,7206.0,7577.0
696700.0,7174.0,12545.0
695340.0,12096.0,7675.0
13386.0,7190.0,14665.0
460806.0,12238.0,12641.0
13198.0,7206.0,7709.0
688327.0,7108.0,12589.0
13262.0,12317.0,7677.0
13278.0,7224.0,12525.0
697784.0,12096.0,7644.0
640167.0,7122.0,12454.0
13412.0,12228.0,8071.0
698249.0,7090.0,7883.0
668389.0,12584.0,12709.0
13134.0,12324.0,7739.0
420469.0,7224.0,7739.0
13166.0,7160.0,12330.0
695050.0,12164.0,7740.0
13188.0,7042.0,601873.0
694416.0,12136.0,7739.0
13262.0,7206.0,640586.0
441839.0,8324.0,12620.0
13112.0,12522.0,7710.0
640104.0,12460.0,12876.0
13390.0,7128.0,7773.0
670725.0,12230.0,12709.0
13326.0,7142.0,8205.0
694900.0,11967.0,7675.0
13348.0,7192.0,12858.0
696763.0,7174.0,12324.0
13112.0,12172.0,7741.0
670715.0,12331.0,12535.0
13416.0,7270.0,7773.0
13370.0,12245.0,516358.0
694462.0,7174.0,7773.0
639182.0,12264.0,12522.0
13380.0,7174.0,7675.0
698030.0,7058.0,7641.0
13134.0,12114.0,12795.0
692744.0,7092.0,7741.0
13198.0,12617.0,12589.0
688302.0,7236.0,7707.0
13134.0,12812.0,12587.0
13144.0,12219.0,7739.0
695667.0,7206.0,50590.0
447436.0,6982.0,7685.0
13450.0,12401.0,7643.0
13348.0,12410.0,7819.0
696407.0,7032.0,7739.0
693927.0,7160.0,7975.0
13154.0,12400.0,12554.0
13214.0,12124.0,8205.0
697528.0,7040.0,12543.0
13428.0,12399.0,8073.0
702152.0,7142.0,14662.0
695576.0,12375.0,12589.0
13252.0,7121.0,7610.0
13326.0,7122.0,12750.0
463754.0,12637.0,8238.0
665686.0,7192.0,7577.0
13166.0,12527.0,14258.0
13304.0,7154.0,8095.0
664860.0,12363.0,7739.0
687332.0,12299.0,7641.0
13294.0,7173.0,12664.0
686668.0,12196.0,7545.0
13300.0,7210.0,14564.0
703607.0,7292.0,7707.0
13386.0,12238.0,12715.0
219174.0,7108.0,7579.0
10807.0,12339.0,12588.0
15914.0,7172.0,8071.0
10851.0,12239.0,14661.0
10969.0,12486.0,7690.0
15927.0,7174.0,12912.0
15991.0,12445.0,7741.0
11019.0,7154.0,8107.0
16127.0,12183.0,7964.0
10935.0,7174.0,203533.0
17286.0,7192.0,477001.0
16077.0,12624.0,12577.0
10829.0,12408.0,7675.0
10969.0,7122.0,14460.0
16075.0,7154.0,7675.0
12261.0,12273.0,12322.0
16223.0,12273.0,7658.0
15829.0,7224.0,7849.0
10829.0,7122.0,7641.0
182740.0,12286.0,7740.0
10883.0,14002.0,7611.0
15894.0,12345.0,7545.0
10863.0,7122.0,12586.0
15913.0,7092.0,7642.0
10897.0,12209.0,12428.0
16079.0,7370.0,7739.0
10691.0,12085.0,12425.0
15916.0,7078.0,7739.0
11035.0,12488.0,12720.0
10691.0,12202.0,7710.0
16054.0,7154.0,8105.0
15753.0,12333.0,7545.0
10969.0,7110.0,12684.0
11055.0,12233.0,7675.0
16075.0,7032.0,7641.0
16121.0,7511.0,12502.0
10797.0,12472.0,7641.0
80520.0,7174.0,7739.0
10851.0,12392.0,7739.0
16041.0,7122.0,867179.0
10873.0,12228.0,7543.0
10669.0,12171.0,12750.0
9466.0,7174.0,8203.0
17234.0,7040.0,12651.0
85080.0,12301.0,8071.0
15981.0,7256.0,14674.0
10915.0,12210.0,12631.0
15847.0,12657.0,7641.0
10883.0,7124.0,8071.0
16055.0,12460.0,12435.0
11106.0,7563.0,7611.0
16171.0,12246.0,7641.0
10957.0,7128.0,12667.0
10895.0,7224.0,8173.0
15830.0,12260.0,7883.0
16117.0,7142.0,187344.0
10797.0,12080.0,7641.0
15936.0,7108.0,12765.0
10743.0,12396.0,8105.0
16150.0,7108.0,7577.0
10969.0,12114.0,12525.0
10927.0,7124.0,7543.0
15987.0,12573.0,601979.0
15852.0,7174.0,8071.0
10777.0,12327.0,12470.0
12522.0,7192.0,7739.0
16539.0,12227.0,8205.0
15957.0,7090.0,7973.0
10883.0,12117.0,12585.0
10679.0,7140.0,7740.0
15943.0,12094.0,7773.0
15827.0,12359.0,7741.0
10881.0,7078.0,480767.0
16067.0,12228.0,7641.0
10743.0,7090.0,12491.0
10861.0,12244.0,7642.0
15981.0,7058.0,640927.0
16336.0,12478.0,8153.0
10763.0,7032.0,7641.0
15802.0,7160.0,12623.0
11411.0,12049.0,7641.0
16055.0,7160.0,12367.0
11055.0,12366.0,8203.0
16143.0,7192.0,12392.0
10883.0,12550.0,7641.0
10691.0,7172.0,12680.0
15766.0,12155.0,7641.0
10906.0,12652.0,7643.0
16436.0,7192.0,7577.0
16118.0,7174.0,7643.0
11107.0,12853.0,12709.0
16121.0,12228.0,8071.0
10927.0,6900.0,7773.0
10809.0,12128.0,12586.0
15863.0,7172.0,7803.0
15904.0,7108.0,7610.0
10733.0,12533.0,7641.0
10915.0,7110.0,12611.0
15924.0,12156.0,7709.0
11001.0,12272.0,7641.0
15879.0,7178.0,7709.0
15934.0,7092.0,12740.0
10743.0,12360.0,7643.0
15831.0,7110.0,7641.0
10851.0,12163.0,12340.0
15959.0,12130.0,7973.0
10989.0,7184.0,7683.0
15893.0,7122.0,7839.0
11055.0,12442.0,12552.0
16313.0,7224.0,7739.0
10905.0,12260.0,186944.0
16076.0,7092.0,7740.0
10797.0,12292.0,12586.0
15917.0,7078.0,7739.0
10883.0,12278.0,12425.0
4770.0,12260.0,7479.0
13652.0,7206.0,7641.0
4725.0,12446.0,7739.0
5008.0,7040.0,12618.0
4713.0,13888.0,8205.0
4765.0,7242.0,62395.0
4785.0,12232.0,12587.0
15894.0,7206.0,7643.0
10733.0,12145.0,7641.0
15751.0,12763.0,12588.0
10669.0,7142.0,7675.0
15797.0,7206.0,14907.0
10883.0,12146.0,12642.0
16028.0,7092.0,7675.0
10679.0,12432.0,823324.0
18781.0,7224.0,241666.0
16106.0,12264.0,7641.0
14020.0,7160.0,7622.0
10797.0,12210.0,12620.0
15925.0,7122.0,7773.0
15862.0,11987.0,7675.0
10991.0,12282.0,12646.0
15862.0,6958.0,7445.0
10831.0,12149.0,12466.0
16283.0,7160.0,7641.0
11644.0,12205.0,12361.0
10797.0,7122.0,8203.0
15946.0,12562.0,12809.0
10895.0,6918.0,7756.0
15785.0,7122.0,7641.0
15786.0,12336.0,12537.0
10595.0,7174.0,7643.0
16273.0,12751.0,12491.0
10829.0,12206.0,8073.0
15872.0,7174.0,7675.0
10883.0,7154.0,12588.0
145481.0,12242.0,7676.0
10935.0,7140.0,12688.0
15763.0,12240.0,7707.0
15958.0,7092.0,12634.0
10829.0,12392.0,7740.0
15818.0,12359.0,7543.0
11045.0,7072.0,12575.0
15828.0,12525.0,8237.0
10711.0,7140.0,12618.0
10927.0,7192.0,7480.0
15946.0,12112.0,12490.0
16013.0,7178.0,8071.0
10849.0,29811.0,12554.0
15926.0,12217.0,7675.0
10657.0,12292.0,7641.0
15668.0,7242.0,12586.0
10659.0,7040.0,7674.0
15978.0,12151.0,12388.0
10915.0,7122.0,7642.0
10969.0,12648.0,390122.0
15854.0,7058.0,14423.0
15923.0,12601.0,7641.0
10895.0,7072.0,602581.0
15882.0,12377.0,12520.0
10809.0,7140.0,7751.0
11043.0,12944.0,7445.0
16204.0,12306.0,7641.0
15729.0,7174.0,12533.0
11153.0,7126.0,7641.0
15855.0,12217.0,7739.0
10713.0,12350.0,477913.0
15923.0,7154.0,8071.0
10819.0,7124.0,12620.0
16164.0,12281.0,7775.0
11055.0,7288.0,8071.0
16584.0,12269.0,12535.0
10881.0,7192.0,12551.0
15875.0,11987.0,8071.0
11153.0,7122.0,12677.0
15991.0,13185.0,7641.0
10935.0,7078.0,12426.0
15696.0,12426.0,8071.0
10883.0,12137.0,7709.0
10745.0,7110.0,12674.0
434246.0,12181.0,12885.0
17609.0,7206.0,7773.0
16140.0,12128.0,7773.0
10809.0,7032.0,12731.0
15987.0,12150.0,7773.0
10925.0,7174.0,12730.0
15850.0,12896.0,8205.0
10775.0,7110.0,12720.0
15851.0,7174.0,7742.0
10969.0,12278.0,12641.0
16187.0,7108.0,7543.0
11067.0,12314.0,12553.0
15885.0,7092.0,7742.0
11131.0,12282.0,7643.0
16079.0,7160.0,602579.0
10969.0,12419.0,12696.0
10904.0,7174.0,7739.0
16072.0,12731.0,12685.0
15935.0,12215.0,7578.0
10767.0,7058.0,12461.0
16527.0,7192.0,7773.0
10883.0,12292.0,12654.0
10969.0,12123.0,7545.0
15672.0,6932.0,12520.0
15612.0,12214.0,7709.0
10797.0,7154.0,12663.0
10895.0,12326.0,7643.0
15668.0,7058.0,12653.0
10851.0,12176.0,7642.0
16009.0,7090.0,642804.0
10797.0,7160.0,7685.0
15971.0,12310.0,7675.0
16087.0,7008.0,7641.0
11055.0,12317.0,7741.0
15994.0,7154.0,7577.0
10893.0,12731.0,7739.0
10927.0,7158.0,12494.0
15846.0,12261.0,7641.0
15863.0,7110.0,12357.0
10915.0,7124.0,8203.0
10627.0,12208.0,12698.0
15871.0,12241.0,8237.0
16364.0,7174.0,7641.0
14047.0,12748.0,12554.0
15799.0,7092.0,7739.0
10797.0,12214.0,12481.0
10883.0,7270.0,7675.0
16023.0,7224.0,7641.0
15830.0,12217.0,7641.0
10935.0,12379.0,7740.0
10797.0,7206.0,12716.0
15783.0,7108.0,8071.0
15807.0,12103.0,12391.0
11087.0,7153.0,7643.0
16182.0,12230.0,12548.0
11097.0,7236.0,8071.0
16067.0,12400.0,7641.0
11097.0,12374.0,12585.0
10809.0,7335.0,7741.0
15636.0,7174.0,7577.0
15765.0,12250.0,12601.0
10925.0,12593.0,7804.0
16110.0,7090.0,136294.0
11055.0,7008.0,7871.0
15747.0,7090.0,763.0
11055.0,12488.0,7612.0
10797.0,7044.0,12703.0
16085.0,12208.0,12995.0
111780.0,7040.0,7838.0
17646.0,12827.0,7641.0
16085.0,7122.0,522937.0
10883.0,12083.0,7739.0
15863.0,12178.0,12670.0
10893.0,7174.0,7710.0
11021.0,7274.0,7409.0
15681.0,12493.0,7740.0
16127.0,12427.0,12442.0
10905.0,7174.0,7739.0
10895.0,7154.0,7515.0
15864.0,12337.0,7756.0
10935.0,7139.0,231935.0
15871.0,12342.0,12795.0
16219.0,7160.0,7740.0
10711.0,12535.0,7705.0
592234.0,7192.0,763.0
10969.0,12214.0,7773.0
430186.0,7104.0,7485.0
16162.0,12287.0,7645.0
10691.0,7040.0,7549.0
15602.0,7154.0,7642.0
10689.0,12347.0,763.0
11087.0,12323.0,7839.0
15827.0,7160.0,12640.0
16331.0,7210.0,7709.0
10797.0,12214.0,12508.0
15882.0,7206.0,7742.0
10809.0,12128.0,166996.0
15710.0,7206.0,7804.0
11025.0,12292.0,7542.0
15729.0,7122.0,12578.0
10809.0,12228.0,7741.0
15900.0,12249.0,7739.0
10829.0,7124.0,218766.0
16067.0,12888.0,7676.0
10764.0,7160.0,523059.0
10799.0,12196.0,7805.0
16121.0,7186.0,520793.0
16026.0,7206.0,7675.0
10969.0,12314.0,763.0
15813.0,13779.0,7776.0
10831.0,12196.0,12512.0
15798.0,7192.0,7773.0
11131.0,12579.0,12567.0
16108.0,7154.0,7741.0
10983.0,7057.0,7572.0
11241.0,7224.0,7741.0
16764.0,12346.0,7472.0
10969.0,12403.0,7709.0
16053.0,7110.0,12672.0
122475.0,7060.0,7710.0
11653.0,12639.0,12603.0
10915.0,7192.0,7739.0
15765.0,12736.0,12857.0
10723.0,7160.0,7643.0
15667.0,13080.0,763.0
10849.0,12301.0,7643.0
15810.0,7206.0,763.0
10797.0,12296.0,7643.0
15633.0,7040.0,7575.0
15733.0,7040.0,12722.0
10691.0,12339.0,7791.0
16065.0,12178.0,7544.0
11011.0,7072.0,763.0
10915.0,12487.0,7707.0
15787.0,7154.0,763.0
10883.0,12218.0,14505.0
16053.0,6976.0,7644.0
16711.0,7192.0,216662.0
10851.0,12910.0,7641.0
10807.0,7110.0,7451.0
10892.0,12496.0,12720.0
15980.0,12328.0,7741.0
10797.0,7206.0,7807.0
16247.0,7014.0,12832.0
10991.0,12515.0,7677.0
10937.0,12300.0,12663.0
15697.0,7072.0,523451.0
16087.0,7154.0,7543.0
11033.0,12374.0,7773.0
10883.0,12173.0,12635.0
437548.0,7078.0,7741.0
15858.0,7174.0,12603.0
10957.0,12295.0,7772.0
10775.0,7058.0,12699.0
94544.0,12449.0,7707.0
15961.0,7008.0,12690.0
10711.0,12309.0,7773.0
15972.0,7206.0,246499.0
11045.0,12261.0,12691.0
4721.0,12224.0,7642.0
13366.0,7110.0,7742.0
4721.0,7174.0,12612.0
4721.0,12260.0,7543.0
4785.0,459473.0,12563.0
4669.0,7128.0,12525.0
16213.0,7174.0,7643.0
10745.0,12242.0,12831.0
15742.0,12360.0,7676.0
10711.0,7192.0,7675.0
16122.0,7122.0,217351.0
10991.0,12016.0,7773.0
4669.0,7122.0,7390.0
13423.0,460337.0,7739.0
4745.0,12250.0,12602.0
4725.0,7142.0,7773.0
4745.0,7154.0,7584.0
4681.0,12798.0,12463.0
15948.0,458227.0,7642.0
10851.0,7078.0,7642.0
10925.0,7174.0,232082.0
15847.0,12469.0,7782.0
10753.0,12293.0,5826.0
15847.0,7154.0,7660.0
15871.0,12364.0,176961.0
11011.0,7108.0,7807.0
15783.0,7172.0,763.0
10881.0,12478.0,7755.0
15927.0,7142.0,160005.0
10917.0,459739.0,7742.0
10755.0,7160.0,7596.0
15841.0,12260.0,7739.0
15752.0,7122.0,12543.0
10883.0,12196.0,7739.0
10809.0,456210.0,7572.0
15967.0,7142.0,7709.0
16066.0,462079.0,7506.0
10753.0,7160.0,12656.0
15742.0,7154.0,7757.0
10935.0,12632.0,7741.0
10917.0,12245.0,763.0
15853.0,7040.0,7577.0
11043.0,7125.0,7517.0
16086.0,12373.0,7607.0
15744.0,7142.0,7538.0
10809.0,12436.0,7641.0
11415.0,12196.0,12607.0
16140.0,7124.0,7773.0
10935.0,7206.0,12588.0
15933.0,12133.0,7804.0
17774.0,7174.0,108500.0
10895.0,12246.0,7775.0
15939.0,7174.0,215033.0
16076.0,12178.0,7545.0
10691.0,7122.0,12733.0
12806.0,12548.0,7791.0
15947.0,12395.0,7615.0
15670.0,7140.0,7804.0
10935.0,7122.0,179847.0
10797.0,12215.0,7932.0
15601.0,7140.0,763.0
10883.0,12192.0,7740.0
15815.0,7192.0,7639.0
10873.0,456969.0,12786.0
15905.0,7090.0,7577.0
16024.0,12231.0,7709.0
11045.0,7172.0,12668.0
16118.0,12069.0,7803.0
11033.0,250930.0,12497.0
16403.0,7154.0,7642.0
10743.0,7160.0,522302.0
10797.0,460898.0,7739.0
15994.0,12246.0,7508.0
10829.0,7154.0,12782.0
15830.0,12178.0,7741.0
10939.0,7078.0,7773.0
15797.0,7192.0,12502.0
10711.0,12246.0,7774.0
16117.0,7224.0,7496.0
10883.0,12113.0,7928.0
15945.0,7191.0,44191.0
16058.0,12333.0,7709.0
10969.0,12213.0,7353.0
10659.0,6950.0,523634.0
186040.0,7140.0,7660.0
16485.0,12306.0,7757.0
11077.0,459851.0,12639.0
16079.0,7124.0,7709.0
10797.0,7174.0,7392.0
17365.0,12159.0,7901.0
10981.0,12332.0,7440.0
10605.0,7206.0,7854.0
15765.0,7154.0,136426.0
11126.0,12256.0,7741.0
444689.0,7128.0,7549.0
17718.0,12169.0,7739.0
10895.0,7529.0,763.0
16915.0,12193.0,7611.0
10829.0,456638.0,7452.0
4785.0,7206.0,12620.0
13432.0,7108.0,7641.0
4785.0,12222.0,7644.0
4745.0,7192.0,44739.0
4725.0,458978.0,7543.0
4725.0,459973.0,12796.0
423127.0,7256.0,7741.0
16131.0,7206.0,12590.0
10627.0,12438.0,7543.0
15897.0,7122.0,12604.0
10745.0,12249.0,7641.0
10839.0,7122.0,12475.0
15852.0,12324.0,7807.0
11033.0,7174.0,167018.0
16515.0,12337.0,487836.0
15991.0,12228.0,7642.0
10851.0,7160.0,14499.0
11045.0,11971.0,7838.0
439133.0,7060.0,4882.0
18013.0,7126.0,12686.0
16590.0,455741.0,7657.0
10797.0,457334.0,7675.0
180860.0,7122.0,7354.0
10657.0,465375.0,7740.0
125793.0,7174.0,108638.0
10915.0,458859.0,7675.0
16079.0,7046.0,5796.0
10807.0,12123.0,530499.0
4725.0,7206.0,7720.0
13432.0,7192.0,7578.0
4745.0,12122.0,523546.0
4721.0,12289.0,7577.0
4725.0,7206.0,763.0
4757.0,458676.0,12884.0
16079.0,7072.0,7642.0
10873.0,7210.0,7675.0
188809.0,456757.0,7584.0
10743.0,7122.0,12589.0
10969.0,12160.0,7643.0
436691.0,7352.0,7611.0
10935.0,12391.0,12699.0
85685.0,7122.0,7739.0
15792.0,12151.0,12536.0
10723.0,12199.0,12882.0
208164.0,7090.0,7741.0
10915.0,7078.0,12650.0
15981.0,459580.0,7741.0
10809.0,7206.0,12494.0
16163.0,456930.0,7644.0
10969.0,12154.0,7641.0
118297.0,7174.0,7390.0
11049.0,6976.0,7643.0
16042.0,12296.0,12503.0
10819.0,7160.0,7739.0
16425.0,12212.0,7610.0
10993.0,12292.0,14701.0
418928.0,7154.0,7641.0
10819.0,12160.0,12600.0
16419.0,7173.0,7838.0
11065.0,460991.0,12700.0
15993.0,12185.0,7803.0
11143.0,7174.0,7319.0
15764.0,13906.0,12654.0
10745.0,717.0,7675.0
15933.0,717.0,7607.0
10883.0,6785.0,7440.0
10797.0,11523.0,7795.0
16542.0,6425.0,7308.0
16055.0,12311.0,7709.0
10691.0,7122.0,7443.0
16207.0,12327.0,7675.0
10969.0,7154.0,7583.0
11152.0,7174.0,12618.0
15970.0,12287.0,7643.0
15926.0,12524.0,7675.0
10871.0,7160.0,252389.0
15843.0,458055.0,7837.0
10829.0,7124.0,61483.0
4649.0,7210.0,12756.0
4725.0,12442.0,7644.0
4817.0,12162.0,7674.0
83380.0,7076.0,7506.0
4745.0,7122.0,12731.0
4701.0,12110.0,7774.0
4725.0,7292.0,12590.0
4681.0,12442.0,7807.0
4681.0,12501.0,7805.0
4797.0,7192.0,526042.0
17508.0,7242.0,7838.0
15569.0,457153.0,12495.0
10861.0,7110.0,7740.0
11023.0,12133.0,763.0
15804.0,7206.0,7545.0
10669.0,12223.0,7515.0
434254.0,7154.0,7709.0
10873.0,12273.0,4471.0
432492.0,7090.0,12654.0
10819.0,457392.0,7755.0
15665.0,12217.0,12622.0
10797.0,7092.0,7543.0
16162.0,7174.0,12979.0
439280.0,12319.0,7740.0
172587.0,6982.0,7783.0
10913.0,464072.0,763.0
10809.0,12114.0,12766.0
15989.0,7110.0,7804.0
223591.0,12430.0,7675.0
10849.0,7160.0,7532.0
10691.0,14010.0,7641.0
438916.0,7142.0,7583.0
193279.0,12378.0,7807.0
10753.0,7206.0,7636.0
434375.0,12241.0,14647.0
10883.0,7178.0,12593.0
18766.0,458677.0,7741.0
59517.0,7224.0,7705.0
10830.0,12306.0,7485.0
15955.0,7206.0,14469.0
10993.0,129990.0,7641.0
15776.0,7206.0,12535.0
10925.0,12260.0,7641.0
435836.0,12178.0,7538.0
10819.0,7154.0,7710.0
15933.0,7107.0,7573.0
10871.0,12164.0,12781.0
10841.0,455747.0,7855.0
435436.0,7128.0,7644.0
10797.0,7012.0,7211.0
426468.0,12391.0,12492.0
15884.0,12424.0,7641.0
11055.0,7210.0,7795.0
16033.0,464280.0,12698.0
10969.0,7010.0,7741.0
85864.0,7224.0,7570.0
10883.0,456581.0,7773.0
181158.0,12163.0,12763.0
10797.0,7154.0,7644.0
10829.0,7154.0,7451.0
16000.0,12351.0,7643.0
133239.0,12251.0,168993.0
10969.0,7204.0,7742.0
10745.0,12246.0,136034.0
15933.0,7274.0,7675.0
15972.0,7154.0,12500.0
10807.0,12167.0,12723.0
10797.0,7174.0,7739.0
15969.0,459665.0,7708.0
11045.0,12278.0,12589.0
15992.0,7154.0,7739.0
16502.0,7224.0,12372.0
11107.0,455858.0,7805.0
439070.0,7206.0,139236.0
10989.0,12096.0,7611.0
11941.0,13819.0,239036.0
46786.0,7124.0,59386.0
15938.0,12301.0,7773.0
10829.0,7174.0,12700.0
88623.0,12310.0,7771.0
10969.0,7206.0,12406.0
17313.0,12379.0,7743.0
10967.0,458753.0,237474.0
215433.0,7174.0,7773.0
10807.0,12345.0,7408.0
16759.0,7808.0,7839.0
10797.0,7122.0,12584.0
15945.0,12295.0,7705.0
11001.0,7190.0,12756.0
15925.0,12034.0,7641.0
11023.0,12230.0,4796.0
61728.0,7076.0,7739.0
11055.0,7206.0,284287.0
10979.0,456074.0,7870.0
15945.0,7160.0,215209.0
15980.0,12336.0,7705.0
11043.0,7140.0,4406.0
10883.0,12199.0,12523.0
15797.0,13865.0,7773.0
16451.0,12192.0,7543.0
11021.0,7060.0,7551.0
15991.0,7210.0,7709.0
10733.0,12281.0,7554.0
10819.0,7140.0,7739.0
18551.0,12260.0,12435.0
15753.0,7206.0,7641.0
10829.0,12213.0,12635.0
16239.0,12238.0,7741.0
10885.0,7140.0,12488.0
10883.0,7160.0,14732.0
15749.0,456944.0,7738.0
105268.0,7154.0,7551.0
10883.0,12146.0,7677.0
16256.0,12384.0,12667.0
10723.0,7174.0,7725.0
17227.0,12438.0,12472.0
10679.0,7090.0,7803.0
16310.0,7122.0,7372.0
11001.0,12110.0,7609.0
11283.0,7010.0,7508.0
108533.0,11931.0,7773.0
10935.0,193443.0,523784.0
112279.0,12132.0,7614.0
439967.0,7058.0,7713.0
16428.0,7338.0,7641.0
10753.0,12205.0,12567.0
15803.0,7192.0,12850.0
433493.0,452492.0,7755.0
16434.0,7014.0,7578.0
10745.0,12347.0,108770.0
105105.0,7072.0,7641.0
11023.0,127156.0,763.0
10926.0,7072.0,7830.0
15831.0,12310.0,7517.0
15967.0,12437.0,7739.0
10935.0,7124.0,7345.0
11001.0,7108.0,7641.0
145690.0,12442.0,7634.0
4837.0,12218.0,14566.0
199696.0,7154.0,7739.0
4686.0,457935.0,12502.0
6014.0,7090.0,7837.0
5903.0,7122.0,7485.0
4889.0,12238.0,7739.0
5624.0,7206.0,12702.0
5831.0,12343.0,7543.0
4801.0,7140.0,523723.0
7819.0,12341.0,7580.0
5133.0,12230.0,12659.0
5580.0,7174.0,7578.0
4757.0,7140.0,12540.0
4757.0,12231.0,7630.0
4721.0,7122.0,12541.0
4721.0,456395.0,529228.0
4721.0,456713.0,7739.0
4725.0,7108.0,7641.0
4785.0,12478.0,4342.0
4745.0,7140.0,8142.0
4725.0,7256.0,515290.0
4765.0,12296.0,14655.0
4785.0,456959.0,640994.0
4725.0,7028.0,7775.0
4777.0,7140.0,609590.0
433832.0,12053.0,7577.0
10927.0,12346.0,598981.0
5443.0,7174.0,7577.0
10829.0,7206.0,638231.0
10925.0,12262.0,7643.0
15908.0,7108.0,641591.0
105112.0,12146.0,643168.0
10882.0,7206.0,7645.0
439352.0,172027.0,603628.0
10849.0,4639.0,7676.0
10841.0,4324.0,375483.0
15796.0,7060.0,7543.0
15894.0,12236.0,640165.0
10947.0,7064.0,519116.0
16139.0,455738.0,7580.0
10915.0,7124.0,366810.0
16086.0,457971.0,7677.0
10969.0,7122.0,640655.0
437871.0,717.0,7641.0
10797.0,7270.0,637870.0
15665.0,457861.0,7641.0
10883.0,7178.0,516620.0
10905.0,12210.0,7642.0
15847.0,12289.0,7739.0
15816.0,7206.0,605130.0
10871.0,7174.0,7741.0
16507.0,773.0,278440.0
10959.0,6982.0,638733.0
10883.0,12302.0,7643.0
16064.0,7154.0,518610.0
11021.0,12128.0,7580.0
446448.0,7090.0,12848.0
16003.0,12300.0,7641.0
11077.0,177499.0,7739.0
85834.0,7174.0,640629.0
10797.0,7154.0,517145.0
10915.0,12233.0,400005.0
177225.0,12295.0,7643.0
445946.0,7124.0,12709.0
10797.0,12360.0,8203.0
16333.0,7154.0,640089.0
10883.0,7171.0,7577.0
15722.0,457499.0,639348.0
10969.0,7108.0,7479.0
10935.0,12169.0,514979.0
16134.0,12355.0,7901.0
15961.0,7110.0,12676.0
10713.0,7206.0,8073.0
11065.0,12546.0,7677.0
15929.0,12568.0,638579.0
10883.0,7128.0,645435.0
16017.0,12225.0,7773.0
16149.0,7040.0,49899.0
10872.0,7206.0,7611.0
110243.0,12146.0,12554.0
11998.0,7192.0,7641.0
10925.0,458495.0,517310.0
16384.0,12192.0,7641.0
206027.0,7160.0,8237.0
10711.0,7256.0,646758.0
10883.0,12274.0,1406110.0
16159.0,12160.0,644788.0
15814.0,7174.0,7577.0
10851.0,12381.0,12558.0
16441.0,7018.0,7780.0
10991.0,7140.0,511142.0
10659.0,12167.0,7773.0
109368.0,7160.0,516600.0
439965.0,184508.0,7608.0
10797.0,12155.0,644823.0
10743.0,7174.0,7889.0
434882.0,7178.0,515429.0
10851.0,12163.0,7675.0
16419.0,12408.0,642372.0
15734.0,7158.0,7741.0
10851.0,7367.0,516427.0
61651.0,12267.0,7807.0
10969.0,7192.0,352381.0
16023.0,11989.0,7641.0
10820.0,7206.0,12739.0
435173.0,12176.0,8153.0
10785.0,7224.0,639863.0
15888.0,12078.0,8071.0
10947.0,7122.0,639150.0
15986.0,12252.0,7543.0
10711.0,12328.0,637894.0
435537.0,7124.0,8071.0
10993.0,7124.0,644081.0
98520.0,12438.0,513181.0
11021.0,12410.0,7642.0
11267.0,7192.0,642181.0
437152.0,12099.0,7739.0
10829.0,7160.0,12816.0
206230.0,7026.0,7611.0
15892.0,773.0,12664.0
10969.0,7178.0,7805.0
18227.0,12133.0,599424.0
10990.0,457806.0,8121.0
10869.0,7072.0,642354.0
87622.0,12305.0,7577.0
10991.0,7122.0,515229.0
10797.0,7092.0,7676.0
15860.0,825.0,641683.0
10860.0,458846.0,12614.0
15775.0,7090.0,7675.0
16386.0,456429.0,12750.0
10981.0,7092.0,7675.0
10915.0,12290.0,517452.0
105216.0,7154.0,7641.0
14297.0,7122.0,638727.0
434753.0,11874.0,8073.0
15907.0,7072.0,514853.0
10777.0,459054.0,7739.0
10861.0,7154.0,328761.0
109205.0,12260.0,7774.0
16261.0,12246.0,42983.0
10701.0,7242.0,827.0
11129.0,7154.0,4726.0
86130.0,453225.0,22662.0
16137.0,13791.0,955.0
10959.0,12349.0,7545.0
443359.0,7192.0,8423.0
10969.0,7128.0,521437.0
16230.0,12295.0,610976.0
10691.0,112327.0,7479.0
16663.0,7142.0,7678.0
11089.0,7014.0,12491.0
86843.0,455637.0,638975.0
10905.0,12242.0,7739.0
10787.0,7306.0,12588.0
85693.0,459336.0,8105.0
10915.0,7122.0,7678.0
109550.0,48170.0,520763.0
444789.0,7174.0,12457.0
11043.0,11982.0,8071.0
11130.0,7206.0,643906.0
15763.0,12196.0,7643.0
105083.0,7012.0,267991.0
10883.0,465954.0,7543.0
15993.0,7109.0,642526.0
10969.0,453280.0,12548.0
10969.0,12406.0,7641.0
445280.0,7140.0,515613.0
17554.0,69483.0,7577.0
10915.0,7124.0,7740.0
10971.0,7206.0,518168.0
16836.0,461544.0,519408.0
439552.0,7122.0,12643.0
16491.0,12359.0,8071.0
10829.0,12255.0,641029.0
434766.0,7124.0,7641.0
11107.0,231339.0,8071.0
15914.0,7192.0,643446.0
11001.0,12438.0,515196.0
11097.0,7288.0,7642.0
417920.0,456116.0,516515.0
10851.0,7160.0,7739.0
16099.0,7160.0,12741.0
435861.0,48045.0,7773.0
10905.0,457106.0,7642.0
10851.0,7008.0,518835.0
111759.0,7206.0,12873.0
15949.0,115739.0,7641.0
10743.0,12255.0,368442.0
10745.0,7160.0,7677.0
15754.0,7205.0,639985.0
436192.0,12350.0,8203.0
10969.0,7123.0,517171.0
15903.0,12801.0,642875.0
11055.0,7292.0,515982.0
125318.0,12836.0,7756.0
445524.0,7140.0,14630.0
10831.0,12232.0,639556.0
15797.0,7160.0,7739.0
10969.0,464824.0,12688.0
11249.0,7090.0,8073.0
15981.0,12207.0,639746.0
16374.0,12241.0,7577.0
10981.0,7192.0,639414.0
10937.0,7122.0,7641.0
16299.0,452385.0,7739.0
16454.0,7224.0,638808.0
11099.0,12412.0,7675.0
11161.0,7110.0,644745.0
16494.0,12150.0,12641.0
180559.0,459338.0,7675.0
11011.0,7124.0,7543.0
16434.0,12506.0,1239888.0
11089.0,7108.0,379446.0
11227.0,7110.0,8106.0
67899.0,12163.0,516559.0
16238.0,7142.0,8203.0
11193.0,12432.0,7710.0
16342.0,12191.0,519021.0
11153.0,7058.0,12752.0
17868.0,238314.0,7739.0
11175.0,7206.0,514651.0
16464.0,29844.0,7577.0
15959.0,7142.0,641832.0
11055.0,12228.0,8071.0
16291.0,7128.0,7677.0
10681.0,12295.0,646465.0
11109.0,7174.0,517204.0
16138.0,12313.0,8204.0
16396.0,7160.0,515494.0
11720.0,12210.0,7643.0
11099.0,456060.0,639188.0
16310.0,7274.0,7577.0
17883.0,12347.0,7709.0
11045.0,7174.0,383256.0
16407.0,7000.0,637286.0
11045.0,12623.0,7577.0
16406.0,7178.0,12762.0
16332.0,458918.0,7741.0
10991.0,7124.0,639608.0
16209.0,12212.0,8205.0
10991.0,7172.0,7619.0
16342.0,455471.0,408631.0
10959.0,7174.0,12804.0
16353.0,12388.0,7807.0
11047.0,7122.0,763.0
10905.0,12629.0,642948.0
16040.0,1103410.0,7643.0
16346.0,7042.0,640691.0
11077.0,12233.0,8071.0
16224.0,7154.0,639639.0
11099.0,7172.0,7577.0
11131.0,12597.0,641075.0
16314.0,12568.0,7543.0
17740.0,7158.0,515403.0
16215.0,7140.0,7644.0
10821.0,12246.0,1212675.0
11163.0,7122.0,280492.0
16185.0,12324.0,7755.0
11173.0,6982.0,637675.0
16410.0,69647.0,7707.0
10993.0,64360.0,516087.0
16472.0,12375.0,7545.0
16559.0,7242.0,638835.0
10959.0,7210.0,7709.0
16268.0,12690.0,642445.0
11077.0,187977.0,7674.0
16227.0,7288.0,187597.0
10905.0,7108.0,7742.0
11013.0,116173.0,640877.0
16310.0,12196.0,7739.0
16396.0,6900.0,640138.0
11013.0,210363.0,8071.0
16626.0,7072.0,643484.0
11045.0,7122.0,8203.0
11173.0,456260.0,641801.0
16546.0,7224.0,7707.0
16390.0,12212.0,519627.0
11099.0,12374.0,7642.0
16333.0,7122.0,12586.0
11055.0,12164.0,7577.0
16179.0,7090.0,638354.0
10819.0,12318.0,7643.0
16282.0,7116.0,12739.0
10981.0,7140.0,7641.0
16612.0,12292.0,7709.0
11129.0,7158.0,649214.0
16192.0,182448.0,368869.0
10993.0,7092.0,7807.0
11077.0,12420.0,642714.0
16066.0,7166.0,12719.0
10961.0,12208.0,8203.0
16352.0,464178.0,517098.0
10957.0,7174.0,231402.0
16361.0,7090.0,8204.0
16198.0,11969.0,641213.0
11131.0,12313.0,8139.0
17989.0,7224.0,12588.0
16386.0,13133.0,8203.0
11163.0,7110.0,518278.0
11569.0,12114.0,517384.0
16310.0,7072.0,8681.0
16141.0,7110.0,643176.0
11121.0,12363.0,408879.0
11067.0,455296.0,7803.0
16464.0,7059.0,7710.0
16292.0,7092.0,519778.0
10959.0,12406.0,515971.0
16420.0,459102.0,7739.0
11055.0,7122.0,230943.0
11013.0,12231.0,8205.0
16245.0,7192.0,49648.0
16260.0,7108.0,7739.0
11012.0,12202.0,1088368.0
16150.0,7158.0,515619.0
11097.0,12078.0,7644.0
16074.0,12400.0,7675.0
10787.0,7174.0,643647.0
16518.0,7205.0,12622.0
11065.0,12178.0,7741.0
11089.0,7124.0,644685.0
16152.0,115753.0,7773.0
16279.0,6912.0,646667.0
10927.0,13226.0,7641.0
16160.0,7072.0,639619.0
11087.0,12382.0,7740.0
11111.0,12266.0,12609.0
16281.0,7178.0,7683.0
16246.0,7274.0,638974.0
10989.0,12178.0,7739.0
16515.0,12324.0,42536.0
11183.0,7154.0,475193.0
10895.0,115361.0,14050.0
16292.0,7206.0,7642.0
11217.0,12241.0,8373.0
140319.0,7174.0,640685.0
11195.0,7192.0,8073.0
16540.0,459931.0,641039.0
16173.0,12204.0,8071.0
11077.0,7154.0,647454.0
11045.0,7581.0,7739.0
16442.0,458989.0,8072.0
16180.0,67962.0,520757.0
11077.0,7140.0,637894.0
16238.0,12181.0,7675.0
10959.0,7040.0,8105.0
16175.0,12456.0,639925.0
11067.0,7238.0,7644.0
16203.0,61386.0,12664.0
10927.0,7174.0,638726.0
16161.0,12010.0,7677.0
10981.0,7090.0,516468.0
10991.0,12260.0,7800.0
16386.0,12346.0,641041.0
16182.0,7192.0,7644.0
10927.0,12159.0,515653.0
16366.0,7192.0,7739.0
11153.0,141222.0,12511.0
10905.0,7092.0,8203.0
53131.0,7224.0,639006.0
11131.0,453110.0,7675.0
16106.0,7174.0,639757.0
11087.0,12201.0,7675.0
1492699.0,7040.0,514842.0
16253.0,12292.0,8205.0
11153.0,12415.0,7973.0
11075.0,7122.0,12782.0
16282.0,453103.0,1220043.0
16172.0,7140.0,640093.0
11131.0,12383.0,7641.0
16210.0,6976.0,515393.0
11225.0,12196.0,7577.0
11076.0,7174.0,641711.0
16214.0,12084.0,7641.0
17919.0,7090.0,253904.0
16216.0,7160.0,646049.0
11045.0,12214.0,7543.0
11045.0,7158.0,634865.0
16216.0,12270.0,7577.0
16466.0,7174.0,8072.0
10927.0,12342.0,519049.0
11077.0,12259.0,397464.0
251828.0,7488.0,7479.0
16421.0,7092.0,641859.0
11001.0,119240.0,7577.0
16549.0,464633.0,642921.0
11131.0,7160.0,7675.0
16042.0,455340.0,1397654.0
10959.0,7108.0,639036.0
18053.0,464861.0,7773.0
16256.0,7122.0,7707.0
11067.0,7192.0,643771.0
16285.0,12342.0,517057.0
10789.0,7190.0,7543.0
16552.0,459950.0,8205.0
11025.0,12096.0,642929.0
11013.0,7122.0,519857.0
216162.0,69389.0,643616.0
11055.0,7174.0,7579.0
16324.0,47808.0,12718.0
16506.0,7206.0,7643.0
11183.0,7210.0,7641.0
11193.0,460319.0,643744.0
16303.0,7142.0,7739.0
16390.0,68018.0,640225.0
10905.0,12405.0,642465.0
16266.0,7174.0,7641.0
10905.0,12261.0,521583.0
11101.0,7108.0,359394.0
16708.0,458155.0,7675.0
16261.0,7808.0,12716.0
11398.0,7154.0,7773.0
16169.0,12297.0,7641.0
11003.0,12336.0,648921.0
11023.0,7108.0,522914.0
16167.0,12287.0,640861.0
16356.0,7206.0,7709.0
10959.0,464289.0,7543.0
16592.0,7178.0,12717.0
11065.0,12421.0,12913.0
16432.0,7154.0,7773.0
10905.0,12383.0,7773.0
16260.0,7206.0,12564.0
10981.0,7172.0,7741.0
16244.0,139647.0,12615.0
11183.0,7160.0,7709.0
16304.0,217975.0,12665.0
11099.0,458710.0,12786.0
16279.0,7174.0,7739.0
10949.0,12221.0,7677.0
17750.0,7122.0,12651.0
16312.0,12245.0,7677.0
11077.0,6990.0,12683.0
16333.0,176334.0,7773.0
10949.0,7174.0,12722.0
11013.0,48115.0,12635.0
169957.0,7172.0,7819.0
16367.0,12392.0,12709.0
11269.0,7172.0,7867.0
16278.0,12158.0,7709.0
10981.0,7210.0,12993.0
16482.0,12391.0,12503.0
10819.0,7160.0,7641.0
16214.0,7040.0,7739.0
10937.0,459197.0,12589.0
10895.0,12296.0,12684.0
16598.0,7142.0,7742.0
15947.0,12510.0,7739.0
11087.0,7154.0,12719.0
16064.0,7108.0,7643.0
11077.0,128132.0,12665.0
16427.0,7040.0,12676.0
10885.0,458260.0,7543.0
16287.0,464982.0,7776.0
11163.0,7026.0,12490.0
16376.0,12128.0,7641.0
10915.0,7140.0,12915.0
16400.0,12477.0,14723.0
10947.0,7174.0,7675.0
11130.0,12318.0,12838.0
16246.0,7160.0,7705.0
11099.0,12353.0,12838.0
16302.0,7224.0,12619.0
16528.0,95015.0,7741.0
11237.0,7206.0,7641.0
17839.0,12165.0,12656.0
11195.0,7108.0,7577.0
16188.0,7154.0,12945.0
16281.0,12378.0,529815.0
10991.0,7160.0,7755.0
16250.0,131273.0,7707.0
11217.0,119402.0,12838.0
16288.0,7349.0,12616.0
11183.0,7142.0,7578.0
16186.0,13451.0,7839.0
10787.0,7224.0,12683.0
16077.0,12242.0,7675.0
11023.0,12418.0,12521.0
16249.0,7122.0,7839.0
11067.0,12305.0,12666.0
16229.0,7090.0,12588.0
11077.0,459849.0,7709.0
16439.0,7072.0,7755.0
11183.0,7110.0,12540.0
16367.0,12293.0,7739.0
10905.0,457286.0,12596.0
11055.0,7122.0,12929.0
16332.0,455818.0,7739.0
11099.0,7511.0,12786.0
16318.0,7110.0,7741.0
11249.0,128484.0,12730.0
16492.0,7160.0,7645.0
16246.0,453187.0,12762.0
11161.0,7206.0,7741.0
16205.0,12192.0,7773.0
10927.0,12442.0,12564.0
16886.0,7076.0,12522.0
10993.0,12397.0,7675.0
16314.0,7044.0,14763.0
11013.0,7092.0,7741.0
17976.0,459556.0,12651.0
16432.0,7076.0,7773.0
11013.0,452208.0,12656.0
16444.0,12104.0,7665.0
11013.0,7110.0,146028.0
16216.0,7236.0,12500.0
10937.0,12259.0,7743.0
16514.0,452937.0,14964.0
10991.0,7192.0,7823.0
16240.0,7192.0,13338.0
11045.0,448313.0,7577.0
11217.0,9420.0,12636.0
17198.0,8411.0,7773.0
16310.0,7408.0,12505.0
11089.0,12242.0,7773.0
10981.0,7174.0,12727.0
16432.0,243977.0,12702.0
11249.0,246934.0,7740.0
16272.0,7000.0,7859.0
524952.0,128558.0,13091.0
18020.0,7224.0,7577.0
16256.0,12388.0,12619.0
11057.0,7174.0,7643.0
16367.0,7192.0,12708.0
10991.0,12208.0,7645.0
11119.0,12242.0,12676.0
16313.0,7224.0,12749.0
16537.0,7174.0,7743.0
11237.0,142569.0,7675.0
10991.0,7160.0,12749.0
119464.0,465144.0,144830.0
16195.0,6990.0,7739.0
11107.0,12206.0,12654.0
16441.0,7058.0,7675.0
11153.0,206273.0,7837.0
11153.0,12131.0,12729.0
16245.0,7010.0,7643.0
10937.0,7160.0,12571.0
16065.0,458970.0,7705.0
17846.0,7128.0,12854.0
16332.0,12301.0,7894.0
11119.0,7008.0,12668.0
16528.0,12265.0,12554.0
10959.0,7140.0,7789.0
16219.0,117157.0,7642.0
11077.0,7224.0,12710.0
116893.0,12265.0,12590.0
11163.0,7092.0,7643.0
16441.0,12242.0,7743.0
11077.0,12187.0,12396.0
11099.0,7154.0,12665.0
16204.0,7206.0,7641.0
16300.0,12096.0,7709.0
11013.0,7078.0,12651.0
124925.0,47714.0,7805.0
10787.0,460615.0,12775.0
16290.0,7026.0,7543.0
11055.0,7110.0,12555.0
10991.0,175101.0,12742.0
16320.0,7204.0,7579.0
16410.0,114215.0,12872.0
10991.0,12510.0,7741.0
17795.0,7040.0,7577.0
16322.0,7124.0,13325.0
11025.0,453074.0,7643.0
16285.0,7092.0,12850.0
10905.0,12274.0,7805.0
16494.0,12266.0,12640.0
11067.0,7154.0,7739.0
17908.0,458579.0,12685.0
16141.0,7092.0,7739.0
11045.0,12699.0,12602.0
10927.0,7206.0,12749.0
16292.0,12442.0,7705.0
16174.0,7108.0,12789.0
11129.0,7142.0,7675.0
11077.0,12101.0,7596.0
16364.0,7192.0,49739.0
17985.0,13149.0,7741.0
16473.0,7695.0,12708.0
11011.0,455642.0,7675.0
16379.0,7274.0,12696.0
11035.0,12732.0,7709.0
11185.0,7172.0,12828.0
16288.0,12183.0,12565.0
16486.0,12350.0,7675.0
10895.0,7092.0,12641.0
16292.0,7172.0,7755.0
10959.0,12242.0,7645.0
16410.0,12260.0,12468.0
11195.0,7072.0,7739.0
16324.0,7124.0,12585.0
11045.0,12246.0,12793.0
16261.0,7090.0,7611.0
10937.0,459512.0,7577.0
52981.0,7522.0,12720.0
11067.0,458540.0,7773.0
314601.0,12198.0,12674.0
10959.0,7108.0,7577.0
16464.0,7140.0,12701.0
10939.0,12295.0,12736.0
16451.0,12488.0,7739.0
10905.0,7174.0,7741.0
16020.0,7007.0,12708.0
10991.0,7160.0,7509.0
11083.0,12492.0,12761.0
16156.0,7122.0,7643.0
16195.0,12250.0,12708.0
11050.0,7140.0,7838.0
16064.0,12250.0,12816.0
10964.0,6925.0,7739.0
16128.0,506067.0,12717.0
11264.0,7059.0,12656.0
16428.0,7053.0,7871.0
11082.0,12042.0,7725.0
16364.0,7110.0,12719.0
11158.0,717.0,12708.0
16272.0,7072.0,7643.0
11188.0,282023.0,7643.0
18233.0,7067.0,12728.0
11308.0,7071.0,12653.0
16345.0,7103.0,7741.0
11168.0,7021.0,12482.0
16408.0,41151.0,7741.0
16411.0,7058.0,7709.0
11104.0,12150.0,12437.0
16430.0,7053.0,7741.0
11092.0,7169.0,12666.0
11179.0,202165.0,7739.0
16355.0,7117.0,12621.0
16397.0,6925.0,7707.0
11306.0,7192.0,12697.0
11146.0,12072.0,12569.0
16246.0,6977.0,7641.0
16300.0,161888.0,7641.0
11008.0,7071.0,12662.0
16333.0,511346.0,7609.0
11050.0,62430.0,12764.0
11222.0,6976.0,7739.0
16473.0,12193.0,12738.0
11222.0,7053.0,7739.0
286595.0,7035.0,12753.0
16412.0,7117.0,7657.0
11104.0,7117.0,12720.0
11136.0,717.0,7741.0
16269.0,7169.0,12664.0
16594.0,12302.0,7757.0
11188.0,7160.0,12977.0
16389.0,12286.0,12784.0
10888.0,6986.0,7739.0
16336.0,7174.0,7739.0
11168.0,12329.0,12705.0
16144.0,193729.0,7480.0
10996.0,7105.0,12782.0
16343.0,7040.0,7773.0
11136.0,12190.0,12727.0
16559.0,505361.0,7641.0
11060.0,7169.0,12698.0
16111.0,12381.0,13008.0
11148.0,7078.0,7741.0
16314.0,7135.0,12718.0
10964.0,6989.0,7641.0
16207.0,7028.0,12589.0
10930.0,12377.0,7739.0
16453.0,7041.0,12707.0
10996.0,7456.0,7739.0
11222.0,12187.0,7641.0
109235.0,473810.0,12749.0
11146.0,7192.0,7867.0
16281.0,12357.0,12721.0
11082.0,7160.0,7775.0
16421.0,7155.0,12731.0
11360.0,717.0,7642.0
16290.0,6895.0,12586.0
16299.0,41305.0,12793.0
11230.0,507307.0,7773.0
16291.0,7178.0,7773.0
10944.0,12216.0,12707.0
11351.0,7058.0,12510.0
16291.0,6913.0,7675.0
16139.0,506100.0,12751.0
11308.0,7078.0,7741.0
11223.0,41113.0,12922.0
16280.0,7191.0,7740.0
16224.0,7187.0,12538.0
11038.0,93864.0,7581.0
11222.0,7135.0,7773.0
16316.0,7174.0,12819.0
11158.0,12263.0,12587.0
16163.0,7122.0,7773.0
11190.0,12211.0,12760.0
16344.0,7135.0,7741.0
16563.0,6977.0,7677.0
11050.0,7003.0,12816.0
16208.0,7117.0,12728.0
11220.0,82920.0,7743.0
16333.0,12253.0,8460.0
11082.0,7091.0,12469.0
16454.0,12254.0,12631.0
11082.0,7122.0,7513.0
16237.0,7122.0,12715.0
10900.0,12122.0,7705.0
16484.0,7117.0,12553.0
11124.0,7122.0,7659.0
18194.0,12438.0,12566.0
16443.0,12322.0,7773.0
11232.0,7192.0,12730.0
16119.0,7103.0,7741.0
11222.0,7117.0,7741.0
16336.0,7117.0,12688.0
11232.0,717.0,7773.0
16486.0,6995.0,12696.0
11264.0,7169.0,7775.0
11169.0,7169.0,13062.0
16342.0,12195.0,7739.0
16375.0,7140.0,12726.0
11188.0,7110.0,7643.0
16152.0,12338.0,12799.0
11168.0,7225.0,12644.0
11072.0,7187.0,7839.0
52909.0,7122.0,7837.0
16322.0,12314.0,12740.0
11254.0,7140.0,7547.0
16547.0,7160.0,12507.0
11114.0,12148.0,12386.0
11168.0,7149.0,7543.0
16386.0,7117.0,12847.0
16363.0,7123.0,7773.0
11190.0,143112.0,12760.0
11176.0,7108.0,7741.0
16313.0,12368.0,7671.0
16230.0,7033.0,12826.0
11222.0,7071.0,7739.0
16279.0,7135.0,12476.0
10964.0,7105.0,12708.0
11136.0,7000.0,7739.0
16475.0,143080.0,12826.0
10964.0,7135.0,7645.0
16270.0,7124.0,12685.0
11232.0,12172.0,7773.0
16034.0,7219.0,12847.0
11264.0,7122.0,7741.0
16121.0,12122.0,12732.0
136713.0,7140.0,7611.0
11124.0,12327.0,7757.0
17850.0,6977.0,12640.0
16377.0,7122.0,7773.0
10942.0,12444.0,12667.0
11190.0,7135.0,7643.0
16286.0,11895.0,12857.0
16507.0,7110.0,8423.0
11254.0,7187.0,12537.0
16291.0,7169.0,7773.0
11060.0,7053.0,12687.0
11223.0,7140.0,7675.0
16144.0,12225.0,12468.0
11114.0,7192.0,14497.0
16495.0,12049.0,7805.0
16485.0,7087.0,12617.0
10964.0,717.0,7739.0
10972.0,7117.0,12685.0
16463.0,7169.0,7741.0
17935.0,7035.0,12884.0
16453.0,7117.0,7641.0
11254.0,7169.0,12685.0
16122.0,140997.0,12569.0
11136.0,12064.0,7773.0
16399.0,7026.0,7643.0
11104.0,7105.0,12827.0
18037.0,7078.0,12848.0
16431.0,12140.0,7741.0
11190.0,12317.0,7803.0
16509.0,7140.0,12608.0
11114.0,7122.0,7741.0
16344.0,12304.0,12620.0
11328.0,7105.0,7643.0
11157.0,7117.0,12527.0
16269.0,7192.0,7787.0
16197.0,12193.0,155854.0
11029.0,12380.0,12732.0
16435.0,7040.0,7755.0
11190.0,7169.0,12540.0
16202.0,165328.0,7755.0
11082.0,7058.0,12466.0
16655.0,12190.0,7853.0
11136.0,7108.0,7789.0
10997.0,12280.0,12663.0
16237.0,12258.0,7641.0
16388.0,7122.0,12671.0
11253.0,12072.0,7872.0
11082.0,7192.0,12723.0
16475.0,6957.0,12559.0
16550.0,7169.0,7543.0
11030.0,6989.0,12664.0
11242.0,7108.0,7741.0
16486.0,12239.0,7775.0
11276.0,7009.0,12841.0
15976.0,12171.0,12585.0
11190.0,7110.0,7675.0
16153.0,7053.0,7837.0
11178.0,7160.0,12683.0
16421.0,12298.0,12664.0
11222.0,7026.0,7741.0
136973.0,12190.0,7641.0
11146.0,7169.0,12547.0
16170.0,7169.0,12571.0
16455.0,7058.0,7611.0
11104.0,12336.0,7577.0
11168.0,12093.0,12654.0
16269.0,7040.0,7677.0
16399.0,7105.0,12490.0
11168.0,7035.0,7675.0
11158.0,7160.0,12978.0
16463.0,12272.0,12781.0
11082.0,7117.0,7677.0
40493.0,7092.0,7705.0
16303.0,12294.0,12835.0
11146.0,470171.0,7803.0
16107.0,7122.0,12583.0
11092.0,7055.0,7773.0
16510.0,473649.0,12964.0
11092.0,7174.0,7837.0
11222.0,7117.0,12696.0
16410.0,7169.0,7755.0
16324.0,7140.0,12765.0
11094.0,12268.0,12627.0
16537.0,12459.0,7677.0
11090.0,6976.0,12783.0
11200.0,7160.0,7739.0
16321.0,12118.0,12672.0
16251.0,7169.0,7579.0
11277.0,7078.0,7708.0
16333.0,12234.0,12883.0
11168.0,7117.0,7965.0
16620.0,6977.0,13600.0
11190.0,12145.0,7739.0
11104.0,7140.0,12451.0
16182.0,7124.0,12740.0
16097.0,12129.0,7807.0
11200.0,12158.0,12664.0
11168.0,7078.0,7643.0
16338.0,7140.0,7643.0
16271.0,12116.0,13482.0
11137.0,7187.0,12692.0
16431.0,41057.0,7741.0
10984.0,7245.0,12659.0
11062.0,7110.0,7643.0
16198.0,12336.0,7707.0
16409.0,7174.0,12851.0
11254.0,12245.0,12587.0
16307.0,7067.0,7641.0
11210.0,161924.0,12608.0
16214.0,7083.0,7837.0
11072.0,6977.0,12640.0
16213.0,7047.0,7543.0
11245.0,7053.0,12408.0
16430.0,12227.0,7547.0
11136.0,7122.0,12749.0
11168.0,12236.0,7642.0
16030.0,7174.0,12717.0
16279.0,163458.0,7757.0
11072.0,7167.0,12838.0
11168.0,12272.0,7807.0
135729.0,7128.0,12749.0
11264.0,7122.0,7643.0
16279.0,12509.0,7643.0
11156.0,7174.0,12940.0
16237.0,12165.0,12598.0
16272.0,12222.0,7709.0
11136.0,7122.0,7785.0
16485.0,7140.0,12668.0
11222.0,12084.0,12719.0
16465.0,7035.0,7675.0
11158.0,93771.0,12630.0
16342.0,505573.0,7479.0
11082.0,7040.0,12532.0
11158.0,7122.0,7819.0
142771.0,12050.0,12762.0
4689.0,13268.0,7757.0
16519.0,7110.0,12656.0
11328.0,7087.0,7643.0
16053.0,7140.0,12491.0
11050.0,12093.0,7739.0
16395.0,7160.0,12781.0
11050.0,12263.0,7789.0
16378.0,7169.0,12632.0
11146.0,7119.0,7870.0
16207.0,122352.0,7677.0
10932.0,7135.0,12605.0
11254.0,7092.0,12653.0
16424.0,12263.0,7853.0
16205.0,12381.0,12424.0
11136.0,6962.0,7581.0
16181.0,7135.0,7749.0
11360.0,7163.0,12945.0
11018.0,7105.0,7719.0
16377.0,7117.0,12840.0
16247.0,7169.0,12651.0
11136.0,7155.0,7611.0
16451.0,165542.0,12738.0
11134.0,7169.0,7675.0
16117.0,6958.0,12818.0
11212.0,12157.0,7709.0
11188.0,7148.0,12816.0
16144.0,7083.0,7804.0
16303.0,7117.0,12730.0
11018.0,7155.0,7755.0
11050.0,519111.0,12653.0
16355.0,7251.0,7741.0
16019.0,7174.0,7741.0
11136.0,12245.0,12724.0
16112.0,12341.0,7741.0
11190.0,6958.0,12507.0
16323.0,7122.0,12617.0
11222.0,12190.0,7709.0
16366.0,7067.0,12753.0
11018.0,6977.0,7445.0
16400.0,7040.0,12762.0
11340.0,12100.0,7677.0
16172.0,12493.0,12793.0
11254.0,7096.0,7577.0
16326.0,7122.0,7641.0
11198.0,12231.0,12715.0
16486.0,7117.0,12665.0
11198.0,7035.0,7677.0
16406.0,7117.0,12740.0
11136.0,201029.0,7643.0
16369.0,7105.0,12711.0
11242.0,117764.0,7743.0
16371.0,7122.0,12761.0
11190.0,12313.0,7677.0
16258.0,7123.0,12651.0
11072.0,7040.0,7675.0
16323.0,12172.0,12584.0
11112.0,6871.0,7740.0
17921.0,7169.0,12832.0
16237.0,7035.0,7607.0
11082.0,7174.0,12666.0
11244.0,12459.0,7837.0
158173.0,7009.0,12631.0
11028.0,7035.0,7741.0
160951.0,7119.0,7773.0
11254.0,7199.0,12906.0
16387.0,165418.0,12662.0
16163.0,7187.0,7741.0
11168.0,7160.0,12697.0
11060.0,12172.0,7757.0
16409.0,6953.0,12653.0
16406.0,12372.0,7773.0
11180.0,7092.0,12616.0
11060.0,41147.0,7607.0
16138.0,7117.0,12664.0
16380.0,7169.0,7775.0
11060.0,7135.0,12783.0
16324.0,143234.0,7741.0
10879.0,7071.0,12738.0
16345.0,12225.0,7739.0
11146.0,7172.0,12570.0
16686.0,7073.0,7705.0
11244.0,7135.0,12818.0
16486.0,7058.0,7789.0
11104.0,12181.0,14714.0
11082.0,7193.0,12783.0
16399.0,30921.0,7707.0
16196.0,6989.0,12378.0
11072.0,7242.0,7837.0
16309.0,12189.0,12786.0
11028.0,7035.0,7658.0
11244.0,7160.0,12437.0
16476.0,12173.0,7677.0
16550.0,7110.0,12763.0
11036.0,12300.0,7659.0
16230.0,6995.0,12555.0
11168.0,7092.0,7705.0
16259.0,12124.0,12749.0
11072.0,7128.0,7577.0
16429.0,12222.0,12553.0
11072.0,7009.0,7577.0
11200.0,12143.0,12789.0
16283.0,7192.0,7741.0
16142.0,12195.0,12728.0
11190.0,7110.0,7675.0
11178.0,7117.0,12683.0
16097.0,8661.0,7757.0
16239.0,12345.0,12623.0
10986.0,6982.0,7641.0
11050.0,12391.0,7922.0
16204.0,7192.0,13864.0
16443.0,7160.0,12621.0
11094.0,12242.0,7741.0
17267.0,7110.0,12761.0
11254.0,12290.0,7819.0
11133.0,7174.0,7773.0
16004.0,12227.0,12683.0
16269.0,6927.0,12468.0
11222.0,7465.0,7675.0
16154.0,7187.0,7707.0
11052.0,7251.0,12588.0
16140.0,7040.0,7731.0
11114.0,12263.0,12685.0
11168.0,7160.0,7741.0
16122.0,12334.0,12344.0
18243.0,7087.0,12826.0
16163.0,7319.0,7677.0
11102.0,12391.0,12566.0
16539.0,7078.0,7659.0
10954.0,7105.0,12610.0
16414.0,7315.0,7543.0
10986.0,7155.0,12651.0
17375.0,12116.0,7773.0
11421.0,7040.0,12589.0
16203.0,7027.0,7739.0
11168.0,7085.0,12730.0
16194.0,7105.0,7543.0
11060.0,7105.0,12668.0
16481.0,7122.0,7705.0
11286.0,12254.0,7675.0
10750.0,7117.0,12551.0
15801.0,7287.0,7771.0
10630.0,7053.0,12600.0
15558.0,7026.0,12664.0
10920.0,12346.0,7677.0
16008.0,7123.0,12893.0
10738.0,7053.0,7641.0
16045.0,7407.0,12706.0
15725.0,12195.0,7803.0
11058.0,7110.0,12683.0
15832.0,6895.0,7642.0
10696.0,7052.0,7677.0
15738.0,7123.0,12668.0
10780.0,12490.0,12684.0
15834.0,7160.0,7657.0
10728.0,8553.0,12924.0
15829.0,7087.0,7643.0
10886.0,7105.0,12588.0
16097.0,7026.0,7819.0
10832.0,12358.0,7907.0
15825.0,7242.0,12897.0
10930.0,12761.0,12894.0
15671.0,7187.0,7709.0
10672.0,7111.0,12568.0
15942.0,7293.0,7709.0
10834.0,7110.0,12639.0
17380.0,12190.0,7775.0
16230.0,7041.0,12847.0
10972.0,7155.0,7741.0
10866.0,7394.0,12651.0
15833.0,12216.0,7741.0
16044.0,7160.0,12564.0
10886.0,12327.0,7585.0
11006.0,7122.0,12598.0
15984.0,12322.0,7675.0
16791.0,7192.0,12852.0
10780.0,6995.0,7641.0
15812.0,7103.0,12744.0
10704.0,7041.0,7755.0
10972.0,7192.0,12669.0
15711.0,12188.0,7675.0
15868.0,7041.0,12798.0
10748.0,6875.0,7740.0
15991.0,7306.0,12742.0
10780.0,12272.0,7641.0
10704.0,7117.0,12696.0
16243.0,7087.0,7675.0
15791.0,7014.0,7741.0
10834.0,12213.0,12896.0
148866.0,7210.0,12754.0
10760.0,12175.0,7775.0
15749.0,7117.0,12553.0
10758.0,7251.0,7773.0
16623.0,7105.0,7797.0
10780.0,7073.0,12645.0
10918.0,12290.0,12716.0
15770.0,7174.0,7773.0
10856.0,12277.0,12804.0
15708.0,7122.0,7739.0
15773.0,7274.0,12792.0
10780.0,12327.0,7789.0
15835.0,7129.0,14742.0
10780.0,7117.0,7543.0
15610.0,7137.0,12617.0
10696.0,7160.0,12879.0
15801.0,12162.0,7739.0
10810.0,12140.0,8185.0
15953.0,7058.0,12559.0
10652.0,7108.0,12752.0
15618.0,12265.0,7644.0
10952.0,7137.0,12601.0
15746.0,12208.0,7741.0
10866.0,7008.0,12870.0
10866.0,7040.0,7773.0
15812.0,12327.0,7543.0
10866.0,7407.0,12698.0
15539.0,6971.0,7653.0
10822.0,7108.0,12672.0
15953.0,12532.0,12782.0
15703.0,6977.0,7773.0
10748.0,7192.0,7739.0
15985.0,12204.0,12685.0
10802.0,7122.0,12913.0
15790.0,12356.0,7675.0
10650.0,7117.0,12728.0
16190.0,7122.0,7675.0
10747.0,12335.0,12720.0
17356.0,7169.0,7577.0
10791.0,7174.0,7741.0
16135.0,12204.0,12848.0
16090.0,12409.0,12748.0
10834.0,7174.0,7757.0
10782.0,6977.0,12553.0
15792.0,6989.0,7773.0
51794.0,7192.0,12576.0
10856.0,12336.0,7837.0
10898.0,7153.0,12654.0
16145.0,7193.0,7741.0
16189.0,6977.0,12521.0
10802.0,7129.0,7774.0
17314.0,7092.0,763.0
10588.0,12094.0,11884.0
15554.0,7071.0,6187.0
15994.0,7204.0,7757.0
10792.0,7107.0,8412.0
15727.0,12363.0,12578.0
10748.0,8672.0,7741.0
16141.0,12172.0,12672.0
10816.0,7105.0,7611.0
15974.0,7041.0,12394.0
10792.0,41229.0,7658.0
15684.0,7092.0,12773.0
10834.0,7192.0,7675.0
10866.0,12245.0,12753.0
16819.0,6994.0,7709.0
15813.0,12161.0,12664.0
10834.0,7313.0,7741.0
15809.0,12158.0,12630.0
10866.0,7160.0,7547.0
10866.0,7187.0,12632.0
15847.0,7108.0,7773.0
10986.0,12352.0,12468.0
16271.0,6989.0,7611.0
16036.0,7187.0,12804.0
10618.0,7140.0,7709.0
16187.0,12192.0,12847.0
11038.0,7058.0,8092.0
15790.0,12143.0,12700.0
10814.0,7108.0,7641.0
10824.0,12129.0,12631.0
16055.0,7085.0,7577.0
16148.0,7153.0,12655.0
10898.0,7237.0,7643.0
10856.0,7023.0,12642.0
10908.0,7328.0,7739.0
15507.0,12286.0,12674.0
15882.0,7192.0,7741.0
80763.0,6975.0,12685.0
15869.0,7105.0,7677.0
10952.0,7192.0,12618.0
15787.0,12261.0,7739.0
10823.0,13942.0,12486.0
15822.0,7167.0,7644.0
10608.0,7169.0,7837.0
10608.0,7071.0,12619.0
15966.0,12622.0,12787.0
16009.0,7076.0,7643.0
10866.0,12186.0,12893.0
10866.0,7040.0,7607.0
15931.0,7140.0,12410.0
10994.0,12406.0,7641.0
15937.0,7045.0,12741.0
10972.0,7174.0,7643.0
15816.0,12074.0,12597.0
15998.0,7085.0,7672.0
10704.0,7174.0,13777.0
16357.0,12189.0,7756.0
11172.0,12181.0,12751.0
10920.0,7174.0,7643.0
15951.0,7122.0,12796.0
15772.0,12258.0,7741.0
10972.0,7206.0,12917.0
15963.0,12071.0,7382.0
10736.0,12231.0,12719.0
10886.0,7121.0,7707.0
15294.0,7190.0,12607.0
15963.0,12273.0,7775.0
10812.0,6995.0,12598.0
10790.0,7201.0,7739.0
15593.0,12204.0,12654.0
15966.0,7192.0,7741.0
10834.0,7110.0,12826.0
11092.0,12272.0,7773.0
15919.0,12185.0,12632.0
10886.0,7026.0,7641.0
15844.0,7201.0,12784.0
15647.0,7135.0,7838.0
11058.0,7087.0,12407.0
16202.0,7041.0,7641.0
10918.0,12277.0,12799.0
15867.0,7140.0,7773.0
10822.0,7287.0,12416.0
15920.0,7122.0,7739.0
10620.0,12136.0,12533.0
10684.0,7135.0,7543.0
17078.0,12195.0,12621.0
15897.0,7140.0,7641.0
10782.0,7058.0,12834.0
16154.0,12245.0,7739.0
10898.0,6977.0,12608.0
10706.0,7169.0,7823.0
16106.0,7133.0,7643.0
10974.0,7117.0,12851.0
15993.0,12264.0,7675.0
10748.0,7174.0,12753.0
16094.0,7117.0,12839.0
15886.0,12011.0,7739.0
10856.0,7122.0,12670.0
15605.0,12189.0,7807.0
10834.0,7040.0,12772.0
10760.0,7237.0,7739.0
15833.0,12037.0,7739.0
10888.0,7108.0,12719.0
15847.0,12172.0,12783.0
15675.0,7128.0,7855.0
10942.0,7007.0,12815.0
15909.0,7140.0,7805.0
10920.0,12140.0,12764.0
10802.0,7103.0,7757.0
16102.0,7035.0,12387.0
15973.0,7187.0,7709.0
10898.0,7193.0,13020.0
10920.0,7122.0,7773.0
15727.0,12304.0,7641.0
16007.0,7633.0,12852.0
10908.0,12172.0,7741.0
17526.0,12202.0,12522.0
16156.0,7140.0,7837.0
10834.0,12227.0,12926.0
10800.0,7160.0,12738.0
15860.0,7009.0,7773.0
10952.0,6977.0,12673.0
15889.0,7187.0,7739.0
10782.0,7155.0,12774.0
15979.0,7193.0,7803.0
10672.0,12282.0,12588.0
15703.0,7122.0,7641.0
17467.0,7187.0,12459.0
17424.0,7085.0,7821.0
15852.0,7224.0,12608.0
10824.0,6964.0,7741.0
15911.0,12090.0,12762.0
10642.0,12153.0,7757.0
10854.0,6946.0,12696.0
15695.0,7140.0,7677.0
152683.0,12111.0,12715.0
10748.0,7169.0,7545.0
16177.0,7267.0,12683.0
10866.0,7087.0,7677.0
15829.0,6944.0,12653.0
10780.0,7028.0,7773.0
10974.0,12143.0,12591.0
16972.0,7122.0,7611.0
15962.0,12299.0,12754.0
10738.0,7035.0,7709.0
15582.0,7140.0,12503.0
10748.0,12509.0,7757.0
15821.0,7110.0,12408.0
11006.0,12267.0,7577.0
16163.0,7187.0,12838.0
10782.0,7110.0,7674.0
10662.0,7087.0,12765.0
15615.0,7409.0,7741.0
16009.0,7137.0,12393.0
10920.0,7190.0,7757.0
10716.0,12190.0,12918.0
15931.0,7293.0,7803.0
15927.0,7122.0,12686.0
10920.0,12299.0,7773.0
15663.0,7141.0,7709.0
10770.0,7273.0,12767.0
15822.0,7108.0,12662.0
10758.0,12257.0,7641.0
16749.0,7515.0,12698.0
10642.0,7134.0,7641.0
15825.0,7091.0,12785.0
10812.0,12295.0,7739.0
15566.0,7140.0,7683.0
10930.0,7117.0,12683.0
16199.0,6923.0,12654.0
10908.0,7205.0,7741.0
10930.0,12125.0,13092.0
15848.0,7108.0,7740.0
15713.0,7117.0,357095.0
10780.0,7071.0,7642.0
10782.0,7122.0,517691.0
15819.0,12205.0,7757.0
17502.0,6965.0,482258.0
16295.0,7169.0,7740.0
10824.0,7108.0,485939.0
11038.0,12299.0,7819.0
16152.0,717.0,517960.0
15526.0,7023.0,7641.0
10704.0,7027.0,285078.0
11004.0,7140.0,7642.0
15800.0,12059.0,280843.0
15902.0,7110.0,7741.0
10868.0,12193.0,516039.0
15855.0,7140.0,7739.0
11006.0,12241.0,520483.0
16106.0,7000.0,7741.0
10940.0,12371.0,270821.0
15714.0,152824.0,7773.0
10760.0,7155.0,517311.0
10972.0,7134.0,7479.0
15672.0,6971.0,269714.0
10630.0,7274.0,7641.0
15745.0,12369.0,522259.0
15856.0,7122.0,7739.0
10782.0,12280.0,521126.0
10942.0,7053.0,7675.0
15819.0,7155.0,7544.0
15943.0,185905.0,12927.0
10772.0,7169.0,521957.0
15774.0,12241.0,7741.0
10972.0,7174.0,498944.0
15564.0,7153.0,7641.0
10704.0,7129.0,517132.0
10866.0,7108.0,7803.0
15711.0,12148.0,251991.0
15874.0,7105.0,8316.0
10920.0,7117.0,7676.0
10928.0,7077.0,12735.0
15926.0,7135.0,521648.0
15951.0,12354.0,7709.0
10822.0,7110.0,522035.0
10854.0,7117.0,7899.0
15669.0,7174.0,520287.0
15831.0,7210.0,7924.0
10812.0,12241.0,521059.0
16128.0,7178.0,7741.0
10942.0,12330.0,516756.0
266420.0,7035.0,7889.0
10886.0,12165.0,487065.0
15943.0,7108.0,7774.0
16165.0,7174.0,523180.0
10800.0,12209.0,7709.0
758942.0,6977.0,524314.0
17259.0,7137.0,7775.0
10696.0,7174.0,283653.0
15879.0,12322.0,12880.0
10834.0,7010.0,7741.0
15583.0,12176.0,14894.0
10856.0,41123.0,391645.0
15899.0,7169.0,7707.0
10886.0,7140.0,524262.0
10812.0,12254.0,7643.0
16315.0,7251.0,12579.0
15941.0,7140.0,7741.0
10908.0,12227.0,6823.0
16222.0,7174.0,523934.0
10802.0,12504.0,763.0
10984.0,163808.0,7267.0
15667.0,7119.0,8386.0
16240.0,7058.0,12524.0
10832.0,12296.0,7577.0
16466.0,7174.0,288461.0
10674.0,12254.0,7741.0
15833.0,7105.0,521260.0
11006.0,152025.0,7741.0
10888.0,7155.0,12591.0
16475.0,12459.0,7678.0
10910.0,7140.0,522966.0
15949.0,7117.0,7741.0
15758.0,7135.0,520238.0
10758.0,7117.0,517045.0
11090.0,7053.0,7543.0
15913.0,40963.0,517578.0
10728.0,7035.0,7741.0
16020.0,12205.0,522170.0
16049.0,7140.0,7773.0
10942.0,7174.0,483333.0
10800.0,12387.0,7707.0
15976.0,40981.0,12717.0
11050.0,7053.0,7579.0
10856.0,7153.0,495364.0
15587.0,7117.0,7740.0
162493.0,7073.0,499103.0
15833.0,12287.0,7643.0
15988.0,7158.0,518973.0
10762.0,7117.0,7773.0
10890.0,7058.0,501387.0
17241.0,12341.0,7773.0
15724.0,7110.0,497360.0
10846.0,12323.0,7709.0
15788.0,7087.0,7480.0
10898.0,7174.0,12687.0
15954.0,12359.0,278348.0
10694.0,12337.0,7644.0
15714.0,7160.0,520091.0
11048.0,7160.0,521723.0
15853.0,12240.0,7803.0
10672.0,7135.0,519227.0
17597.0,12312.0,7643.0
16090.0,7288.0,7740.0
10876.0,7003.0,12733.0
15921.0,7078.0,278427.0
10758.0,12353.0,7739.0
10832.0,7071.0,515864.0
16606.0,7140.0,7740.0
10824.0,12337.0,254789.0
16027.0,12254.0,7643.0
15760.0,7174.0,521438.0
10770.0,3942.0,7611.0
15822.0,7149.0,520642.0
10770.0,7071.0,7789.0
15800.0,161754.0,7675.0
11006.0,7087.0,12586.0
10918.0,7108.0,519961.0
15772.0,12159.0,7577.0
15873.0,12098.0,238819.0
10952.0,6982.0,7705.0
18868.0,7192.0,7805.0
15905.0,12423.0,12674.0
10812.0,7040.0,247301.0
15734.0,12245.0,7740.0
10856.0,174977.0,483625.0
15631.0,7027.0,7755.0
11238.0,7053.0,526532.0
15844.0,7040.0,7741.0
10694.0,12161.0,521402.0
10920.0,141810.0,7641.0
15726.0,7087.0,521495.0
17391.0,7205.0,7741.0
15930.0,7072.0,519318.0
10942.0,12205.0,7675.0
15954.0,6977.0,519859.0
10834.0,7134.0,7740.0
10748.0,7075.0,483509.0
433921.0,12339.0,7543.0
10800.0,7117.0,498424.0
16055.0,7108.0,7739.0
17453.0,12175.0,493687.0
10844.0,7135.0,7773.0
15853.0,7205.0,523783.0
16081.0,41029.0,7739.0
10662.0,7091.0,12587.0
15564.0,7087.0,7611.0
10640.0,7126.0,519926.0
16068.0,12393.0,7445.0
10834.0,773.0,330513.0
10728.0,7035.0,7741.0
15803.0,7210.0,485048.0
15737.0,12236.0,7609.0
10738.0,41097.0,516539.0
15598.0,7121.0,7773.0
10802.0,7058.0,7740.0
15534.0,12336.0,12981.0
10642.0,12358.0,522876.0
10770.0,7121.0,7641.0
15854.0,7117.0,486439.0
433776.0,12254.0,7710.0
412417.0,7160.0,237883.0
10878.0,12423.0,7710.0
16005.0,7140.0,12554.0
11048.0,7122.0,7677.0
16017.0,12225.0,482370.0
10674.0,7137.0,7708.0
426409.0,7117.0,519168.0
10694.0,7169.0,7739.0
433681.0,773.0,498544.0
10686.0,7135.0,7642.0
10718.0,7110.0,7742.0
432839.0,12369.0,12795.0
10694.0,7087.0,486484.0
16094.0,7251.0,7739.0
427610.0,7169.0,523353.0
10632.0,12255.0,256787.0
425454.0,7076.0,7741.0
10728.0,7045.0,496685.0
10802.0,7121.0,7644.0
424409.0,12340.0,517657.0
11342.0,7072.0,7773.0
154827.0,12325.0,180106.0
10898.0,7169.0,7641.0
434487.0,12163.0,522533.0
10684.0,7174.0,7739.0
10920.0,717.0,519892.0
434170.0,7087.0,7739.0
418555.0,7078.0,254828.0
10834.0,12229.0,7741.0
15436.0,154980.0,520696.0
10918.0,7117.0,7741.0
434326.0,7090.0,524316.0
16079.0,12139.0,7677.0
11058.0,7117.0,247053.0
427872.0,7021.0,7870.0
10920.0,7111.0,268171.0
15593.0,761.0,7610.0
166476.0,7135.0,522908.0
136200.0,7105.0,7773.0
10962.0,7135.0,279344.0
435117.0,7117.0,7839.0
11034.0,7169.0,522111.0
424950.0,7058.0,7740.0
10972.0,12470.0,517664.0
16003.0,7117.0,7740.0
10942.0,7171.0,520667.0
15880.0,7123.0,7837.0
10972.0,7122.0,283023.0
10856.0,12255.0,258431.0
425903.0,12259.0,7641.0
15963.0,7026.0,522178.0
11038.0,7269.0,7577.0
15811.0,7076.0,258770.0
11006.0,12111.0,7676.0
10856.0,7087.0,518195.0
426359.0,7192.0,7641.0
91916.0,12359.0,520902.0
10782.0,7105.0,7577.0
10758.0,7187.0,518464.0
15681.0,7174.0,7741.0
10908.0,12272.0,497264.0
193498.0,7192.0,7678.0
425558.0,12259.0,519595.0
10940.0,7247.0,7643.0
413732.0,7137.0,7544.0
10758.0,717.0,12833.0
15911.0,7140.0,12817.0
10898.0,7108.0,7775.0
424089.0,12195.0,486957.0
10920.0,12373.0,7643.0
15718.0,7178.0,522926.0
10886.0,7254.0,7741.0
153722.0,12194.0,521411.0
11090.0,7103.0,7577.0
10908.0,717.0,488421.0
209112.0,7103.0,7893.0
15784.0,12261.0,12848.0
10866.0,7122.0,7805.0
15486.0,41075.0,520570.0
15636.0,7035.0,7741.0
10844.0,6867.0,521575.0
10844.0,152034.0,521455.0
133956.0,7169.0,7805.0
434792.0,117892.0,518352.0
10918.0,7027.0,7739.0
11026.0,7160.0,481624.0
72464.0,12455.0,7675.0
15866.0,12130.0,288188.0
10566.0,7126.0,7705.0
15656.0,7173.0,12425.0
10940.0,7110.0,7755.0
16122.0,12077.0,519102.0
10748.0,7122.0,7543.0
10716.0,12265.0,217812.0
433151.0,7058.0,7675.0
176447.0,12093.0,522486.0
10846.0,192301.0,7577.0
16468.0,7105.0,520779.0
10728.0,12290.0,7742.0
15718.0,7110.0,280129.0
10844.0,7178.0,7742.0
424855.0,12275.0,522421.0
10952.0,7137.0,7775.0
426224.0,41479.0,498112.0
10800.0,7251.0,7739.0
433351.0,7103.0,514332.0
10886.0,7040.0,7710.0
10844.0,12209.0,487050.0
426360.0,7159.0,7803.0
10834.0,717.0,519858.0
116114.0,7067.0,7673.0
10802.0,7105.0,7677.0
175168.0,7192.0,12750.0
426773.0,12294.0,522530.0
10866.0,12223.0,7739.0
433002.0,7173.0,7707.0
10748.0,7219.0,12684.0
16572.0,6953.0,7804.0
10770.0,13882.0,12697.0
11080.0,7108.0,516183.0
429782.0,12129.0,7739.0
10556.0,151442.0,12691.0
15911.0,7108.0,7789.0
19287.0,7172.0,517924.0
15823.0,12211.0,7676.0
10736.0,7139.0,518818.0
196724.0,7053.0,7707.0
10866.0,7117.0,520229.0
10886.0,7149.0,7643.0
16093.0,12140.0,521174.0
434328.0,7122.0,7578.0
10856.0,7204.0,522577.0
10866.0,12223.0,7755.0
434106.0,7135.0,519058.0
434926.0,12237.0,7803.0
10909.0,7058.0,12827.0
15853.0,7117.0,7644.0
10824.0,7117.0,518850.0
206845.0,7117.0,7479.0
10748.0,7169.0,271274.0
17118.0,41003.0,7708.0
92164.0,7117.0,292131.0
10972.0,7160.0,7803.0
15866.0,12255.0,522310.0
10598.0,7192.0,7741.0
16048.0,12336.0,12651.0
10834.0,7116.0,7577.0
10866.0,7163.0,13009.0
434464.0,7099.0,7755.0
16101.0,7010.0,519825.0
10918.0,12426.0,7641.0
15865.0,12248.0,522892.0
10834.0,7122.0,7578.0
434160.0,7186.0,521229.0
10812.0,12277.0,7709.0
425739.0,7122.0,520300.0
10834.0,7173.0,7798.0
10792.0,7053.0,497383.0
15934.0,7092.0,7739.0
10738.0,12176.0,526357.0
15934.0,41045.0,7741.0
434718.0,7067.0,496224.0
10866.0,7160.0,7643.0
426488.0,12125.0,525556.0
10726.0,7122.0,7773.0
427817.0,12189.0,283804.0
10954.0,7140.0,7739.0
425413.0,12222.0,523986.0
10920.0,7117.0,7677.0
10994.0,12286.0,497064.0
16017.0,7174.0,7742.0
10908.0,7087.0,520681.0
135540.0,7117.0,7740.0
10910.0,7169.0,523840.0
426434.0,7087.0,7807.0
10920.0,12427.0,12620.0
434359.0,7192.0,7801.0
425301.0,7121.0,517957.0
10640.0,7222.0,7773.0
434129.0,12227.0,7643.0
15868.0,7092.0,12751.0
10834.0,12173.0,280565.0
10952.0,7059.0,7742.0
435640.0,467107.0,517104.0
10898.0,7122.0,7739.0
15878.0,7174.0,290396.0
10868.0,12336.0,7838.0
155388.0,7140.0,518489.0
15726.0,463924.0,7677.0
10738.0,469111.0,7740.0
15612.0,15578.0,12521.0
10782.0,7126.0,7641.0
11019.0,179212.0,12915.0
15760.0,7160.0,521497.0
10930.0,7026.0,7739.0
425844.0,148039.0,522961.0
10918.0,12130.0,7803.0
426897.0,7090.0,12586.0
16518.0,215165.0,7741.0
10888.0,7122.0,501953.0
425168.0,7140.0,7741.0
10846.0,240649.0,480631.0
16020.0,7076.0,7676.0
10834.0,163249.0,275685.0
431775.0,7192.0,522784.0
10716.0,240100.0,7922.0
16066.0,7040.0,520696.0
15714.0,213240.0,7742.0
10782.0,464684.0,523979.0
115895.0,7174.0,7739.0
10972.0,7028.0,523779.0
10886.0,455734.0,7741.0
165728.0,7028.0,267590.0
426017.0,7108.0,7773.0
10770.0,468310.0,522138.0
10738.0,7028.0,7740.0
16313.0,467921.0,12787.0
16086.0,466230.0,7739.0
10748.0,7192.0,498437.0
426665.0,7096.0,7741.0
10866.0,468540.0,7675.0
10920.0,12295.0,12815.0
434473.0,7028.0,492808.0
15797.0,7108.0,7741.0
10782.0,12257.0,522403.0
15819.0,7160.0,7643.0
10804.0,12248.0,497626.0
10674.0,7135.0,7803.0
425967.0,7122.0,12495.0
15802.0,12336.0,7739.0
10694.0,7140.0,523364.0
15716.0,12204.0,7578.0
10952.0,7110.0,498163.0
425749.0,466785.0,7577.0
10748.0,12191.0,523686.0
15873.0,7126.0,7773.0
10886.0,6982.0,268420.0
15833.0,174766.0,7641.0
10726.0,7160.0,518593.0
434881.0,160840.0,7677.0
10834.0,7092.0,522016.0
10952.0,471294.0,7641.0
157189.0,12241.0,7644.0
423959.0,7192.0,12817.0
11006.0,448955.0,488121.0
143013.0,7046.0,7779.0
10856.0,7172.0,12717.0
434525.0,152264.0,7739.0
153773.0,7035.0,7675.0
11176.0,536712.0,12460.0
426088.0,7173.0,522449.0
10908.0,466259.0,8166.0
11004.0,152362.0,520378.0
425639.0,7178.0,7773.0
15729.0,7122.0,12721.0
11692.0,12373.0,7742.0
10898.0,7058.0,281679.0
140569.0,171557.0,7803.0
10566.0,7110.0,7738.0
15912.0,464894.0,12880.0
10908.0,169694.0,162598.0
168661.0,7122.0,7641.0
426983.0,7192.0,249449.0
10856.0,464636.0,7776.0
426186.0,7158.0,522086.0
10972.0,468371.0,7675.0
10908.0,468747.0,522924.0
428449.0,7122.0,7611.0
436534.0,212448.0,521307.0
189592.0,7140.0,7775.0
10846.0,7192.0,7443.0
16001.0,468731.0,7773.0
10856.0,7122.0,12623.0
434217.0,463930.0,7739.0
10834.0,7272.0,529560.0
432965.0,7192.0,7577.0
11006.0,464134.0,7741.0
15736.0,174660.0,524197.0
10844.0,7122.0,7739.0
15649.0,7169.0,12667.0
10728.0,261148.0,161003.0
10954.0,174786.0,7705.0
427348.0,7174.0,59226.0
16259.0,12209.0,7717.0
10790.0,7140.0,14533.0
118340.0,7110.0,7739.0
10790.0,12012.0,12595.0
15985.0,7122.0,7773.0
10748.0,463756.0,7517.0
425655.0,7192.0,12683.0
11004.0,450577.0,7741.0
15966.0,7064.0,214706.0
10972.0,211397.0,7774.0
15853.0,7192.0,12658.0
10909.0,467969.0,7803.0
16470.0,7192.0,7773.0
10726.0,12291.0,12533.0
10930.0,7046.0,12542.0
181078.0,468478.0,7739.0
426438.0,172514.0,253197.0
11030.0,7204.0,7741.0
423929.0,7110.0,12599.0
10878.0,469096.0,7611.0
15885.0,469562.0,12567.0
10642.0,7222.0,7739.0
16242.0,163157.0,160865.0
10760.0,7192.0,7774.0
17284.0,7122.0,249855.0
11070.0,208204.0,7643.0
15748.0,7140.0,7773.0
11049.0,47530.0,12521.0
15424.0,171679.0,8086.0
10972.0,6976.0,274089.0
17424.0,7174.0,7583.0
17627.0,172960.0,7709.0
10844.0,47670.0,763.0
173625.0,7140.0,7740.0
426121.0,471101.0,482298.0
10866.0,7122.0,7445.0
15737.0,7058.0,519771.0
10714.0,211166.0,7705.0
17464.0,7169.0,12635.0
10726.0,7122.0,7740.0
15682.0,12159.0,7755.0
10800.0,7140.0,7615.0
15790.0,158514.0,7677.0
10834.0,7110.0,12699.0
154090.0,467363.0,12702.0
10834.0,446708.0,7641.0
10888.0,7160.0,7643.0
426669.0,7122.0,12505.0
10662.0,12277.0,273845.0
432906.0,7076.0,7608.0
400034.0,47658.0,5390.0
45284.0,7160.0,7740.0
10898.0,12418.0,162623.0
177603.0,7092.0,7772.0
11026.0,468434.0,7738.0
15931.0,7122.0,12695.0
10972.0,12112.0,7805.0
413964.0,159049.0,526958.0
15756.0,7174.0,240876.0
10844.0,7108.0,7739.0
424826.0,464347.0,12729.0
10856.0,15392.0,7739.0
16088.0,170018.0,138825.0
10846.0,6982.0,7607.0
432527.0,7110.0,7543.0
10726.0,468760.0,12627.0
436339.0,468834.0,61215.0
10718.0,7122.0,7611.0
233697.0,7160.0,7578.0
10888.0,12536.0,108301.0
16045.0,7174.0,255579.0
10920.0,463893.0,7577.0
128758.0,7160.0,12763.0
434204.0,144499.0,7740.0
10834.0,12230.0,7739.0
10738.0,7154.0,12668.0
15508.0,7140.0,12428.0
17533.0,208638.0,7775.0
15889.0,7135.0,160108.0
11122.0,717.0,7709.0
153599.0,7140.0,7675.0
10800.0,144267.0,12625.0
433789.0,171760.0,270502.0
10834.0,7122.0,7826.0
15933.0,12266.0,7805.0
10772.0,7122.0,763.0
426757.0,163071.0,520315.0
10714.0,7174.0,7675.0
10812.0,7108.0,12698.0
91930.0,148149.0,7773.0
11098.0,6977.0,7807.0
434257.0,825.0,763.0
434634.0,7122.0,63902.0
10844.0,12140.0,7643.0
10770.0,7122.0,7803.0
154856.0,147908.0,12535.0
16041.0,254786.0,12523.0
10770.0,7140.0,7707.0
416564.0,466228.0,7643.0
10694.0,7122.0,12603.0
405311.0,468567.0,7643.0
10706.0,7122.0,483601.0
433398.0,7256.0,12797.0
10866.0,12241.0,7740.0
10886.0,463594.0,12652.0
433131.0,7090.0,7675.0
15697.0,7174.0,7739.0
10844.0,464634.0,61182.0
15937.0,153057.0,8303.0
11004.0,7110.0,522876.0
196580.0,12180.0,7741.0
11028.0,7107.0,523431.0
108141.0,7160.0,7705.0
10969.0,455616.0,12502.0
10662.0,12422.0,7739.0
426069.0,7140.0,523541.0
11016.0,7204.0,7642.0
434182.0,464363.0,177055.0
15927.0,7174.0,7868.0
10716.0,254510.0,524021.0
433699.0,7058.0,12799.0
10694.0,12049.0,7742.0
10932.0,454190.0,7643.0
15877.0,7140.0,12408.0
16347.0,464262.0,12756.0
10996.0,465587.0,7676.0
426668.0,7040.0,178219.0
10846.0,7110.0,7642.0
10898.0,469377.0,7643.0
15924.0,7174.0,180694.0
10834.0,464401.0,116163.0
434143.0,7122.0,7543.0
10972.0,12158.0,525370.0
90131.0,7155.0,7742.0
136730.0,261070.0,7741.0
16199.0,7140.0,531428.0
10908.0,236070.0,7707.0
10910.0,7160.0,12792.0
15358.0,226883.0,7773.0
16036.0,7089.0,523458.0
10844.0,505537.0,111648.0
10748.0,7122.0,7577.0
15587.0,468896.0,240123.0
177155.0,7437.0,7774.0
10834.0,464176.0,12623.0
426199.0,7155.0,7741.0
10974.0,505377.0,7709.0
426366.0,7023.0,12733.0
11004.0,7135.0,7504.0
155079.0,7140.0,7739.0
10920.0,12226.0,166338.0
424516.0,7155.0,7774.0
10920.0,12227.0,12900.0
432351.0,7090.0,7739.0
11356.0,7078.0,227950.0
177449.0,12226.0,8990.0
10866.0,447194.0,234404.0
144499.0,7174.0,7643.0
10973.0,468942.0,240880.0
176433.0,7110.0,7742.0
10835.0,469187.0,12750.0
432986.0,7122.0,7643.0
10910.0,7201.0,185714.0
11007.0,12001.0,7641.0
178423.0,6982.0,12670.0
425729.0,226202.0,7643.0
10770.0,7122.0,240278.0
434285.0,7108.0,7775.0
10833.0,144509.0,7310.0
425425.0,468647.0,7641.0
11092.0,7140.0,7741.0
85904.0,470221.0,49188.0
10694.0,7160.0,178746.0
434356.0,7158.0,7739.0
10642.0,464854.0,49564.0
10994.0,7108.0,7677.0
435336.0,242541.0,248460.0
434536.0,7210.0,7446.0
10920.0,158999.0,7740.0
426746.0,7040.0,12526.0
10672.0,467011.0,12297.0
429651.0,448650.0,7741.0
10920.0,7040.0,7675.0
202233.0,7192.0,178762.0
10748.0,211302.0,7695.0
415591.0,7160.0,233663.0
10834.0,144672.0,527200.0
426305.0,466411.0,8587.0
434041.0,7140.0,7739.0
10952.0,7103.0,249426.0
10866.0,516600.0,7739.0
434929.0,7169.0,12701.0
10972.0,527279.0,12896.0
434394.0,7092.0,7742.0
425612.0,12259.0,250279.0
10780.0,7000.0,7740.0
434754.0,468284.0,12528.0
426545.0,7087.0,7675.0
10662.0,536630.0,12638.0
10908.0,466377.0,7675.0
425978.0,7122.0,12526.0
156724.0,161182.0,7739.0
10866.0,7160.0,763.0
434929.0,7192.0,7741.0
10866.0,464469.0,12690.0
10910.0,7192.0,7739.0
425620.0,12427.0,12823.0
10868.0,7087.0,7577.0
433628.0,7105.0,7657.0
180462.0,825.0,249081.0
10632.0,7201.0,7739.0
414106.0,534895.0,12623.0
10696.0,7108.0,12621.0
426404.0,464921.0,7707.0
10770.0,7160.0,7804.0
168904.0,469005.0,254371.0
10866.0,169845.0,8129.0
432910.0,7160.0,61461.0
10716.0,158755.0,12736.0
168989.0,7121.0,7742.0
10643.0,7140.0,7641.0
10952.0,468775.0,12503.0
424810.0,7140.0,7643.0
168891.0,468293.0,111876.0
10908.0,536653.0,438644.0
10845.0,7122.0,7578.0
108880.0,12130.0,14537.0
426072.0,7159.0,49122.0
10952.0,12309.0,7611.0
437460.0,7160.0,7709.0
10908.0,7174.0,525995.0
10654.0,12159.0,12932.0
426508.0,7174.0,7578.0
10918.0,465125.0,261154.0
202257.0,7110.0,7577.0
10952.0,469557.0,7773.0
15479.0,7040.0,255485.0
177857.0,463837.0,7577.0
11006.0,467972.0,12697.0
203207.0,6982.0,12588.0
427406.0,464328.0,7739.0
11006.0,7122.0,522221.0
424827.0,7035.0,7642.0
10972.0,7121.0,7739.0
97165.0,12081.0,521624.0
10866.0,516225.0,108955.0
425606.0,7155.0,7642.0
10684.0,7122.0,7838.0
434371.0,12337.0,57951.0
434729.0,7174.0,12507.0
10886.0,12244.0,7773.0
425833.0,7122.0,7757.0
10714.0,466221.0,180136.0
433566.0,7058.0,179519.0
10942.0,12026.0,12665.0
432810.0,6994.0,7711.0
11149.0,152385.0,763.0
10791.0,7108.0,7739.0
142987.0,468694.0,7641.0
10748.0,7110.0,216823.0
434602.0,469109.0,7904.0
10908.0,468545.0,108900.0
428282.0,7174.0,7678.0
177027.0,212480.0,246953.0
10750.0,7160.0,7642.0
434304.0,6971.0,280033.0
10972.0,769.0,7723.0
182474.0,12337.0,521429.0
10695.0,7140.0,7643.0
10812.0,7192.0,12639.0
165713.0,12240.0,7579.0
10876.0,7160.0,12602.0
433049.0,464660.0,12959.0
434570.0,7174.0,7608.0
10696.0,469070.0,7739.0
178772.0,468600.0,525272.0
10695.0,7108.0,12721.0
10822.0,468845.0,7677.0
432490.0,7192.0,281228.0
430393.0,469189.0,7642.0
10671.0,7108.0,518999.0
433126.0,7122.0,7741.0
10672.0,452566.0,763.0
434028.0,7174.0,7611.0
10844.0,469020.0,7739.0
11197.0,7206.0,12437.0
428526.0,469780.0,7739.0
10974.0,468466.0,60855.0
427604.0,7108.0,7803.0
434122.0,468336.0,12702.0
10930.0,7154.0,7708.0
179745.0,6918.0,136279.0
11093.0,468613.0,7610.0
10908.0,7174.0,109827.0
179283.0,463815.0,7774.0
10890.0,465748.0,12784.0
432254.0,468945.0,7675.0
432826.0,7140.0,12601.0
10996.0,466943.0,7419.0
432863.0,7192.0,7709.0
10718.0,7192.0,12622.0
10886.0,12391.0,7643.0
433721.0,160792.0,7819.0
11090.0,7192.0,522915.0
433234.0,7119.0,162559.0
10758.0,7140.0,7837.0
432800.0,466491.0,7805.0
141679.0,7206.0,111877.0
10824.0,232071.0,7741.0
10920.0,7026.0,60594.0
435628.0,469267.0,7822.0
177815.0,7301.0,285699.0
10771.0,6900.0,252674.0
10972.0,11807.0,12562.0
412568.0,461765.0,7740.0
208967.0,7160.0,7739.0
10932.0,466337.0,162134.0
432774.0,7008.0,7643.0
10878.0,171012.0,179105.0
424789.0,303224.0,7607.0
10696.0,13856.0,12662.0
432835.0,466189.0,7821.0
11006.0,6975.0,12599.0
11004.0,7174.0,12636.0
434622.0,191800.0,7607.0
95437.0,7236.0,12599.0
434190.0,215263.0,7445.0
10706.0,7192.0,109115.0
433164.0,7040.0,7644.0
11046.0,177416.0,12731.0
428391.0,7204.0,7769.0
10718.0,173119.0,7807.0
435286.0,7076.0,12533.0
10908.0,12223.0,162926.0
10630.0,7140.0,7741.0
427191.0,144450.0,7741.0
432583.0,7192.0,524571.0
10972.0,465266.0,12689.0
435781.0,12113.0,7709.0
10856.0,7092.0,7538.0
426046.0,7108.0,7675.0
10876.0,210473.0,7803.0
10824.0,7072.0,12438.0
425239.0,12260.0,12373.0
433511.0,7470.0,7676.0
10972.0,12285.0,12504.0
183876.0,12729.0,7742.0
10834.0,7206.0,7742.0
427418.0,7108.0,109352.0
10856.0,12438.0,7705.0
10832.0,7122.0,522252.0
15466.0,12337.0,7739.0
135984.0,7140.0,524673.0
10598.0,12128.0,8180.0
185317.0,13960.0,12686.0
433639.0,12242.0,12569.0
11026.0,7206.0,7739.0
11118.0,7140.0,7676.0
221109.0,12228.0,12834.0
10908.0,7092.0,7741.0
433629.0,12182.0,7453.0
34277.0,7124.0,7740.0
4721.0,12155.0,12691.0
10748.0,7288.0,7742.0
196394.0,13071.0,763.0
179130.0,12354.0,523609.0
432903.0,7122.0,7641.0
10824.0,7154.0,7804.0
433433.0,12437.0,223648.0
10876.0,7206.0,236897.0
10866.0,12423.0,12622.0
423977.0,7122.0,7742.0
433163.0,12232.0,12555.0
10770.0,7206.0,7840.0
434667.0,12342.0,12590.0
10716.0,12474.0,7773.0
11038.0,7122.0,7740.0
436814.0,7142.0,166579.0
10920.0,12268.0,7740.0
426918.0,12479.0,12764.0
177059.0,7092.0,283270.0
10716.0,7192.0,7755.0
10748.0,12228.0,7739.0
196394.0,12369.0,7775.0
433552.0,7140.0,7791.0
10834.0,7274.0,7609.0
15496.0,12081.0,7741.0
10716.0,12278.0,7741.0
417689.0,7154.0,7675.0
10834.0,12392.0,7743.0
134189.0,7154.0,7739.0
11058.0,7191.0,7705.0
424987.0,12316.0,7598.0
10834.0,12259.0,7641.0
174314.0,6990.0,7611.0
10814.0,12461.0,7511.0
11006.0,7192.0,7773.0
436962.0,7110.0,7741.0
434477.0,7078.0,763.0
10748.0,12304.0,7693.0
134783.0,7076.0,7887.0
10694.0,12213.0,7709.0
10886.0,7190.0,7741.0
433925.0,12500.0,7757.0
11122.0,457301.0,7641.0
426069.0,7058.0,7659.0
427573.0,7210.0,7711.0
11090.0,12098.0,7643.0
10836.0,7154.0,7643.0
433150.0,12052.0,7643.0
10748.0,14006.0,7788.0
221865.0,7124.0,7733.0
15491.0,12205.0,7910.0
11006.0,7173.0,7773.0
434552.0,11999.0,7675.0
133402.0,7160.0,7705.0
10898.0,12324.0,7611.0
431433.0,12296.0,7677.0
10824.0,7174.0,7803.0
425976.0,7206.0,7739.0
11006.0,12613.0,7643.0
426740.0,12328.0,575752.0
10888.0,7160.0,7709.0
426388.0,7206.0,7675.0
10794.0,12167.0,7773.0
428629.0,7256.0,7803.0
10856.0,12562.0,7675.0
210491.0,12151.0,577219.0
434761.0,7174.0,7643.0
10748.0,12260.0,7576.0
196557.0,7108.0,7677.0
10972.0,7204.0,7773.0
424979.0,12128.0,7849.0
10834.0,7174.0,575414.0
11004.0,12310.0,7741.0
186292.0,12337.0,7577.0
426521.0,7040.0,7659.0
10770.0,7178.0,7789.0
424294.0,12195.0,7741.0
10792.0,12400.0,7757.0
433626.0,7110.0,7739.0
10674.0,7110.0,7741.0
208649.0,12122.0,7773.0
10857.0,7058.0,7719.0
10726.0,114450.0,7849.0
434447.0,7256.0,7740.0
181872.0,12177.0,7675.0
11037.0,7160.0,7643.0
205887.0,12548.0,7739.0
10844.0,7154.0,7741.0
431623.0,12254.0,7739.0
10994.0,7110.0,7837.0
434277.0,12337.0,7643.0
10833.0,7122.0,575672.0
425495.0,12265.0,7741.0
10898.0,7206.0,7739.0
433464.0,12260.0,7755.0
10780.0,12113.0,7871.0
426037.0,7140.0,7741.0
10834.0,7174.0,7643.0
435181.0,12278.0,7851.0
10919.0,7224.0,7607.0
10694.0,7144.0,7577.0
424186.0,12147.0,7709.0
142701.0,7511.0,7921.0
10715.0,12813.0,589381.0
413769.0,12368.0,7739.0
11004.0,7122.0,8741.0
11058.0,7270.0,7675.0
433024.0,12292.0,7657.0
10662.0,7122.0,7609.0
432880.0,12067.0,7675.0
434291.0,12210.0,7577.0
10878.0,7192.0,7579.0
188544.0,12386.0,7445.0
10898.0,7092.0,7513.0
434710.0,7092.0,7643.0
10834.0,12041.0,7839.0
425682.0,7140.0,7997.0
11058.0,12177.0,7803.0
426168.0,12336.0,10690.0
10920.0,7174.0,7643.0
433896.0,7160.0,7641.0
11058.0,12182.0,7705.0
436325.0,7122.0,7803.0
433754.0,12228.0,7641.0
10758.0,7142.0,7705.0
10960.0,12434.0,7641.0
425329.0,7154.0,7643.0
10802.0,12213.0,7577.0
432500.0,7224.0,7705.0
10920.0,12446.0,7709.0
433137.0,7154.0,7643.0
10834.0,7154.0,7709.0
10952.0,12163.0,7747.0
15575.0,12146.0,7807.0
434279.0,7206.0,7755.0
10952.0,12214.0,7675.0
432711.0,7224.0,7677.0
10782.0,7092.0,7755.0
437356.0,12294.0,7805.0
11080.0,7139.0,7755.0
10834.0,12281.0,7851.0
432497.0,7140.0,7677.0
10760.0,12409.0,7709.0
426548.0,7154.0,7739.0
434378.0,12369.0,7675.0
10758.0,7174.0,7819.0
181302.0,12315.0,7773.0
10984.0,12164.0,7739.0
169027.0,8853.0,7643.0
10822.0,7108.0,7741.0
433599.0,12242.0,7675.0
10856.0,7124.0,763.0
434795.0,12251.0,7639.0
11026.0,7238.0,7709.0
433192.0,12145.0,7641.0
10718.0,12511.0,7675.0
11006.0,7058.0,581209.0
426392.0,7110.0,7609.0
10972.0,12163.0,7773.0
438183.0,7124.0,7743.0
427246.0,12241.0,7543.0
10846.0,7206.0,7739.0
10717.0,12296.0,7739.0
199326.0,7210.0,7641.0
10920.0,12364.0,7803.0
426499.0,7186.0,7819.0
10960.0,12414.0,7643.0
436325.0,12228.0,7643.0
434123.0,7174.0,7611.0
10920.0,12436.0,7741.0
15562.0,7128.0,576392.0
10758.0,12318.0,576782.0
11105.0,7122.0,7643.0
425905.0,7140.0,7739.0
434538.0,12276.0,7611.0
10524.0,12232.0,7741.0
434247.0,7174.0,763.0
11046.0,12178.0,7741.0
10780.0,7122.0,7756.0
188690.0,12178.0,7675.0
432420.0,7174.0,7543.0
10814.0,7174.0,7619.0
10694.0,12306.0,7609.0
425596.0,12751.0,7675.0
11018.0,7206.0,7757.0
10920.0,7062.0,7579.0
434370.0,12288.0,7545.0
11806.0,7224.0,7739.0
4657.0,12342.0,7773.0
10832.0,7174.0,7743.0
15562.0,12274.0,7643.0
124105.0,12178.0,7611.0
15801.0,7241.0,7885.0
10716.0,7288.0,7709.0
15400.0,12246.0,7853.0
10834.0,12368.0,7707.0
434957.0,7142.0,7641.0
10920.0,12401.0,7773.0
10930.0,7154.0,7675.0
428126.0,7140.0,7643.0
155692.0,12312.0,7643.0
10908.0,7124.0,7855.0
141429.0,12083.0,7641.0
10800.0,12164.0,7611.0
10802.0,7040.0,7741.0
429030.0,7206.0,7709.0
433866.0,12201.0,7609.0
10654.0,12218.0,7675.0
433801.0,7192.0,7641.0
10652.0,7224.0,8011.0
434174.0,12437.0,7967.0
10748.0,7206.0,7683.0
11004.0,12099.0,7739.0
425252.0,12133.0,7753.0
425606.0,7174.0,7609.0
10694.0,7058.0,7641.0
10922.0,12134.0,7645.0
215241.0,11906.0,8053.0
436734.0,7236.0,7803.0
10846.0,12310.0,7577.0
16257.0,7154.0,7675.0
11161.0,6932.0,7773.0
11045.0,12338.0,7641.0
16280.0,12178.0,7741.0
10959.0,7174.0,7643.0
16250.0,7140.0,7739.0
10945.0,12312.0,7641.0
16191.0,12260.0,7641.0
16441.0,7206.0,578072.0
11077.0,12242.0,7739.0
52933.0,7140.0,7749.0
11013.0,7174.0,7641.0
16550.0,12374.0,7705.0
11099.0,7110.0,7739.0
11077.0,12292.0,7739.0
16582.0,7028.0,7741.0
16454.0,12197.0,7499.0
11011.0,12178.0,7677.0
16464.0,7174.0,7739.0
11131.0,12210.0,7739.0
11045.0,7192.0,560057.0
16097.0,7160.0,7513.0
16420.0,7186.0,554956.0
11043.0,12274.0,7741.0
16107.0,7206.0,308011.0
10905.0,12376.0,7738.0
11088.0,7174.0,555335.0
16234.0,12178.0,7791.0
16260.0,12136.0,564162.0
10981.0,7122.0,7739.0
11097.0,7122.0,552170.0
16192.0,12436.0,7773.0
16266.0,7090.0,555984.0
11183.0,12305.0,7773.0
10937.0,12295.0,553189.0
16320.0,7206.0,7741.0
11141.0,7206.0,7479.0
16406.0,12138.0,564099.0
16291.0,7160.0,552808.0
10958.0,12278.0,7705.0
10863.0,7122.0,7709.0
16396.0,12235.0,565674.0
10927.0,7072.0,553441.0
16364.0,12098.0,7739.0
16442.0,12265.0,553648.0
10937.0,7154.0,7721.0
11183.0,7192.0,563890.0
16342.0,11984.0,7805.0
16475.0,7174.0,555471.0
10959.0,12224.0,7641.0
11055.0,12200.0,7743.0
16342.0,7206.0,564522.0
11099.0,7222.0,558724.0
16342.0,12132.0,7657.0
11045.0,12359.0,555802.0
16170.0,7058.0,7709.0
118962.0,7174.0,551462.0
11121.0,12292.0,7775.0
16499.0,7108.0,551742.0
10959.0,12347.0,7774.0
873903.0,7122.0,555501.0
10905.0,12546.0,7677.0
11043.0,7174.0,7709.0
16473.0,12051.0,564944.0
18257.0,7138.0,556064.0
11065.0,12283.0,7739.0
16374.0,12179.0,552964.0
11131.0,7154.0,7769.0
16266.0,12491.0,7821.0
16416.0,7192.0,567042.0
11033.0,7108.0,556947.0
11087.0,12409.0,7773.0
16400.0,12337.0,7819.0
16482.0,7174.0,564591.0
11099.0,7160.0,554813.0
16260.0,12110.0,7739.0
10949.0,7188.0,561810.0
11045.0,12160.0,7741.0
16003.0,7172.0,554321.0
16193.0,12227.0,7641.0
10959.0,7058.0,553216.0
16386.0,12373.0,7804.0
11044.0,7174.0,560331.0
11227.0,12246.0,7577.0
16256.0,12210.0,552686.0
16246.0,7174.0,7803.0
11045.0,7206.0,557051.0
16291.0,12128.0,7773.0
11099.0,7172.0,556700.0
532259.0,12332.0,7804.0
10767.0,7270.0,555034.0
16226.0,12260.0,7773.0
11067.0,7592.0,553815.0
11077.0,12403.0,7789.0
16131.0,12724.0,552739.0
11003.0,7224.0,7709.0
16386.0,7110.0,561234.0
16378.0,12149.0,7775.0
10917.0,7206.0,552341.0
11119.0,12228.0,7675.0
16386.0,7174.0,555020.0
16454.0,13006.0,7579.0
10959.0,7122.0,7643.0
11247.0,12310.0,565930.0
16256.0,12260.0,554421.0
16409.0,7124.0,7775.0
11045.0,12378.0,551738.0
16345.0,7206.0,7577.0
10883.0,7124.0,555288.0
259035.0,12442.0,7755.0
11099.0,7174.0,554044.0
11033.0,12314.0,7789.0
16486.0,12309.0,561904.0
16745.0,7026.0,7513.0
11097.0,7288.0,554769.0
16374.0,12297.0,7805.0
10937.0,12246.0,7643.0
16106.0,7110.0,532716.0
11099.0,7107.0,555150.0
16410.0,12152.0,7739.0
10819.0,7102.0,555732.0
16285.0,12249.0,7741.0
11055.0,12250.0,555013.0
16374.0,7072.0,7773.0
11023.0,12210.0,562072.0
16320.0,7172.0,7907.0
10991.0,12278.0,7739.0
16145.0,7096.0,564241.0
11045.0,12250.0,558645.0
11045.0,7224.0,557237.0
16182.0,7192.0,7691.0
16278.0,12017.0,521116.0
10959.0,7172.0,32864.0
16238.0,12310.0,14881.0
11131.0,7190.0,8753.0
17944.0,12346.0,549352.0
10841.0,7174.0,7707.0
16224.0,12164.0,552760.0
16374.0,7154.0,7659.0
11215.0,12258.0,555661.0
17976.0,7108.0,7775.0
11249.0,12374.0,7709.0
16151.0,7140.0,561978.0
17711.0,12318.0,554793.0
16149.0,12180.0,7709.0
11045.0,7122.0,523895.0
16463.0,7174.0,7611.0
10959.0,12342.0,7659.0
16331.0,7122.0,298472.0
11099.0,12087.0,552741.0
10981.0,7072.0,7737.0
16342.0,12200.0,557021.0
16361.0,6950.0,7741.0
11077.0,12287.0,557073.0
16206.0,12406.0,7675.0
11121.0,7139.0,548349.0
16224.0,7122.0,7741.0
11129.0,12249.0,555867.0
16270.0,6982.0,7643.0
10797.0,7274.0,559638.0
16377.0,12176.0,7789.0
10925.0,7256.0,555457.0
16327.0,12433.0,7643.0
11163.0,12727.0,7675.0
16292.0,7078.0,565114.0
10927.0,7206.0,559764.0
16212.0,12405.0,7774.0
11067.0,7108.0,556057.0
16374.0,12156.0,7757.0
11109.0,7210.0,316950.0
16355.0,12324.0,7773.0
10927.0,12186.0,555571.0
11045.0,7072.0,7773.0
16356.0,12356.0,8092.0
16116.0,7206.0,315644.0
10959.0,12128.0,560688.0
11109.0,7122.0,7675.0
16109.0,7124.0,559947.0
10961.0,12378.0,7547.0
16324.0,7172.0,554598.0
16150.0,12359.0,7772.0
11045.0,7142.0,7739.0
11077.0,12342.0,568393.0
16248.0,12114.0,556489.0
16342.0,7154.0,7741.0
11131.0,12221.0,7508.0
16268.0,7140.0,564199.0
11087.0,7206.0,561859.0
11097.0,12328.0,7690.0
16410.0,12110.0,554599.0
16364.0,7160.0,7545.0
11131.0,7160.0,552218.0
16396.0,12260.0,7543.0
11075.0,7158.0,560393.0
16321.0,12201.0,7741.0
11065.0,7254.0,556457.0
16373.0,12128.0,7731.0
10949.0,7110.0,554953.0
11121.0,12296.0,7641.0
16173.0,459274.0,553578.0
16428.0,7124.0,7905.0
11119.0,7090.0,555405.0
16388.0,12268.0,7837.0
11077.0,7367.0,553196.0
16429.0,12112.0,7807.0
11099.0,7092.0,554227.0
16389.0,12364.0,7773.0
11121.0,12242.0,7641.0
16632.0,7172.0,314944.0
11055.0,7206.0,552765.0
11109.0,12135.0,7643.0
16138.0,12325.0,551906.0
16377.0,7174.0,7709.0
11035.0,6635.0,7773.0
16130.0,249429.0,554816.0
10991.0,6659.0,7832.0
16224.0,153333.0,566507.0
10957.0,7122.0,561096.0
16618.0,6643.0,7775.0
11544.0,104868.0,553278.0
16305.0,6579.0,7675.0
11011.0,6611.0,552039.0
16355.0,105091.0,7675.0
11067.0,6699.0,556142.0
16187.0,6611.0,7837.0
10981.0,11264.0,556644.0
11217.0,6643.0,7773.0
16428.0,6611.0,553809.0
16432.0,6623.0,7676.0
11045.0,55048.0,554141.0
11023.0,505305.0,7773.0
250299.0,7116.0,7642.0
16378.0,439070.0,565086.0
11042.0,57238.0,550947.0
16183.0,6567.0,7741.0
10959.0,106144.0,553142.0
11057.0,6655.0,7644.0
16375.0,6644.0,560222.0
16320.0,4324.0,7643.0
11023.0,717.0,566565.0
11217.0,7169.0,7705.0
16204.0,7192.0,554507.0
16335.0,12270.0,7641.0
11045.0,68605.0,556296.0
16342.0,6679.0,7855.0
10959.0,6655.0,552808.0
16224.0,6624.0,7643.0
11055.0,136174.0,553203.0
16344.0,6611.0,7577.0
11109.0,7122.0,555949.0
16313.0,12248.0,7773.0
10905.0,7137.0,7739.0
11045.0,12168.0,555109.0
227782.0,7122.0,556724.0
16606.0,59121.0,553458.0
11217.0,6599.0,7675.0
16248.0,773.0,555837.0
11109.0,7037.0,7677.0
11109.0,12300.0,553334.0
16182.0,6894.0,7546.0
16249.0,7173.0,7739.0
10925.0,6623.0,562734.0
11217.0,7174.0,556794.0
16314.0,12223.0,7543.0
16410.0,7174.0,556145.0
11087.0,471461.0,7643.0
16324.0,282700.0,552430.0
11121.0,6740.0,7837.0
16215.0,12303.0,550620.0
10927.0,7173.0,7741.0
17539.0,6647.0,556645.0
11077.0,7122.0,555960.0
16496.0,12313.0,7741.0
16332.0,7076.0,7741.0
11119.0,470723.0,569675.0
16108.0,7122.0,557117.0
11045.0,12222.0,8007.0
11249.0,6579.0,7824.0
16356.0,6611.0,570614.0
258166.0,12263.0,7809.0
10991.0,7174.0,555061.0
16364.0,437592.0,7739.0
10873.0,6591.0,557630.0
16291.0,7174.0,559984.0
11045.0,12140.0,7709.0
16235.0,143084.0,554391.0
11021.0,7169.0,7773.0
16476.0,151153.0,556717.0
10991.0,7174.0,7741.0
16410.0,40593.0,561034.0
11067.0,6611.0,7819.0
16310.0,12427.0,7907.0
11077.0,7158.0,564150.0
16432.0,12263.0,556972.0
11045.0,7058.0,7739.0
18082.0,6599.0,7675.0
16464.0,7108.0,566475.0
10799.0,12640.0,8223.0
10927.0,497982.0,568896.0
228621.0,7122.0,555096.0
17782.0,7108.0,7671.0
11077.0,12074.0,555075.0
16336.0,12061.0,7741.0
11215.0,7076.0,554524.0
16293.0,7092.0,7739.0
16268.0,12231.0,554834.0
10959.0,7089.0,7741.0
16346.0,7058.0,555730.0
11013.0,12193.0,555856.0
11055.0,6591.0,7803.0
16485.0,439066.0,563588.0
16518.0,6599.0,558127.0
10882.0,6699.0,7773.0
148875.0,183094.0,555975.0
10767.0,6599.0,7641.0
10937.0,6611.0,554639.0
16422.0,7122.0,7755.0
16042.0,12172.0,551592.0
11065.0,12132.0,7739.0
17095.0,7122.0,553314.0
10991.0,7192.0,7706.0
16332.0,470959.0,556291.0
10863.0,7105.0,7775.0
16505.0,61783.0,550712.0
10851.0,6611.0,7739.0
16274.0,7192.0,559567.0
10981.0,12150.0,7739.0
11055.0,7144.0,7739.0
16311.0,47573.0,555663.0
11087.0,6611.0,554738.0
16271.0,515966.0,7773.0
486387.0,209888.0,553228.0
16130.0,12231.0,7741.0
11099.0,7122.0,555802.0
16290.0,7105.0,7739.0
11141.0,6579.0,552398.0
16460.0,7110.0,7741.0
11121.0,176393.0,550504.0
11045.0,566231.0,7739.0
16249.0,6667.0,552384.0
11153.0,7076.0,552720.0
16324.0,465812.0,7773.0
17787.0,769.0,555293.0
10905.0,7027.0,7741.0
16364.0,7108.0,554456.0
16408.0,12266.0,7709.0
10895.0,12195.0,554954.0
16199.0,7058.0,7659.0
11001.0,7090.0,554980.0
16385.0,12137.0,7773.0
11010.0,7105.0,556410.0
16460.0,167955.0,7707.0
10831.0,7192.0,555772.0
16408.0,171514.0,7763.0
11153.0,7105.0,552710.0
16423.0,12277.0,7740.0
11247.0,7026.0,554567.0
16288.0,6579.0,7889.0
11055.0,6611.0,561098.0
16313.0,142972.0,7675.0
10959.0,6579.0,555822.0
16524.0,6611.0,7775.0
10917.0,12606.0,562170.0
16217.0,7140.0,7736.0
11195.0,6579.0,555250.0
16300.0,7140.0,7739.0
11119.0,220503.0,7741.0
16302.0,6546.0,554996.0
11067.0,57206.0,554660.0
16253.0,7174.0,7641.0
11163.0,151295.0,7708.0
16011.0,6655.0,568859.0
11077.0,6721.0,7703.0
16387.0,6579.0,292067.0
11045.0,7122.0,556414.0
17890.0,47683.0,7739.0
16378.0,105998.0,555477.0
11055.0,6591.0,7743.0
16939.0,6623.0,552123.0
11013.0,12013.0,7741.0
11185.0,7040.0,560611.0
16412.0,464401.0,7577.0
205004.0,6689.0,561952.0
10905.0,12544.0,7789.0
11109.0,7108.0,556188.0
16575.0,6623.0,7741.0
16236.0,40104.0,7659.0
11281.0,6559.0,323015.0
16159.0,7058.0,556345.0
11099.0,173838.0,7755.0
16472.0,177016.0,556671.0
11109.0,7076.0,556363.0
18007.0,6655.0,7623.0
149110.0,6611.0,552589.0
11141.0,6995.0,7641.0
16355.0,6611.0,550404.0
11131.0,6611.0,7641.0
11249.0,6655.0,561145.0
16246.0,12244.0,7644.0
10969.0,7122.0,556954.0
16340.0,6611.0,7823.0
11141.0,6654.0,516818.0
16130.0,7140.0,7739.0
16333.0,12163.0,560196.0
11023.0,12171.0,7645.0
16653.0,7072.0,554156.0
10959.0,28540.0,7739.0
16212.0,6699.0,549357.0
11087.0,6623.0,7741.0
16367.0,6611.0,562248.0
10991.0,6655.0,7577.0
11553.0,12306.0,555232.0
16398.0,7174.0,7739.0
16366.0,7092.0,561326.0
10991.0,12326.0,7837.0
16224.0,4344.0,556424.0
10991.0,6655.0,7773.0
16203.0,7122.0,561118.0
10949.0,472042.0,7773.0
16441.0,6623.0,7773.0
11131.0,7122.0,564711.0
16549.0,12134.0,556507.0
10819.0,6591.0,7741.0
10905.0,717.0,553616.0
16472.0,7135.0,7742.0
10971.0,7140.0,552459.0
16386.0,154361.0,7741.0
17276.0,12402.0,554690.0
10927.0,7122.0,7643.0
16271.0,6631.0,552523.0
11077.0,12602.0,7675.0
16256.0,7108.0,7543.0
10959.0,173845.0,559497.0
16148.0,7108.0,564113.0
11043.0,7023.0,7613.0
16141.0,7256.0,556129.0
10851.0,470942.0,7741.0
16508.0,41179.0,551524.0
11045.0,7023.0,7580.0
16246.0,175021.0,553455.0
11045.0,7124.0,7774.0
11249.0,6655.0,555446.0
16406.0,773.0,7675.0
393669.0,7149.0,552641.0
16294.0,209982.0,7781.0
11237.0,7092.0,550886.0
16173.0,12281.0,7641.0
10895.0,12214.0,7739.0
16410.0,7040.0,557081.0
10989.0,7035.0,518631.0
16366.0,166023.0,554715.0
11096.0,7087.0,7739.0
16517.0,825.0,7710.0
11033.0,7187.0,7741.0
11077.0,7256.0,7741.0
16442.0,12336.0,7545.0
11131.0,7190.0,7675.0
16138.0,174073.0,7641.0
16278.0,717.0,7642.0
10937.0,97587.0,7740.0
16237.0,6711.0,207064.0
11011.0,12263.0,7870.0
15966.0,7090.0,7739.0
11099.0,12213.0,7705.0
16342.0,7058.0,7806.0
11011.0,12418.0,7643.0
11185.0,7122.0,7757.0
16388.0,7192.0,7723.0
11035.0,470907.0,7641.0
15954.0,12195.0,242532.0
16389.0,7158.0,7790.0
10841.0,6667.0,7709.0
16466.0,568782.0,7643.0
11131.0,6567.0,7775.0
16420.0,12213.0,7675.0
11045.0,7039.0,7643.0
11161.0,12147.0,7544.0
16356.0,7076.0,7710.0
11131.0,12277.0,7643.0
16223.0,7072.0,7609.0
11173.0,12453.0,7855.0
15992.0,7058.0,7642.0
16326.0,6610.0,7444.0
10949.0,6677.0,295815.0
16304.0,515132.0,7721.0
11043.0,6643.0,7804.0
11013.0,6579.0,7612.0
16304.0,68680.0,7544.0
16258.0,6655.0,7741.0
11045.0,6623.0,7675.0
16064.0,6599.0,7708.0
11055.0,6547.0,7739.0
11141.0,566275.0,29545.0
16250.0,6547.0,7820.0
16214.0,7058.0,7739.0
10829.0,12357.0,7739.0
16211.0,7122.0,7803.0
11065.0,252218.0,7805.0
16044.0,12304.0,7757.0
11077.0,7090.0,7789.0
16441.0,12491.0,7641.0
10959.0,7096.0,7739.0
16314.0,12232.0,7853.0
11109.0,7126.0,7641.0
16343.0,6643.0,7803.0
10883.0,6567.0,7693.0
11195.0,6655.0,7739.0
109702.0,68637.0,7643.0
11153.0,6599.0,7739.0
16172.0,7108.0,7708.0
16355.0,12212.0,7641.0
10959.0,717.0,7884.0
16236.0,7192.0,7755.0
11089.0,12254.0,7803.0
10917.0,7092.0,7643.0
16236.0,7122.0,7742.0
11099.0,12427.0,7849.0
16418.0,41147.0,7741.0
16282.0,7085.0,7643.0
10959.0,7174.0,7677.0
10981.0,12257.0,7741.0
16389.0,6995.0,7741.0
10851.0,7167.0,42768.0
16191.0,717.0,7578.0
16492.0,12193.0,7643.0
11249.0,7110.0,7773.0
16454.0,12208.0,7755.0
11045.0,7122.0,7741.0
11119.0,7140.0,7757.0
16022.0,12227.0,7739.0
16396.0,12490.0,7644.0
11109.0,7058.0,7676.0
16179.0,7174.0,7707.0
10875.0,12526.0,7739.0
11001.0,305625.0,7643.0
16110.0,7085.0,7545.0
10959.0,6611.0,7741.0
16062.0,253773.0,7740.0
16300.0,61387.0,7481.0
11109.0,6743.0,7545.0
16216.0,99980.0,7739.0
10895.0,6591.0,7577.0
10895.0,514085.0,7839.0
16288.0,6644.0,7773.0
16304.0,7174.0,7742.0
10991.0,470333.0,567140.0
16008.0,4336.0,7660.0
11055.0,6547.0,7741.0
16582.0,7110.0,7775.0
11205.0,12791.0,7740.0
16450.0,238810.0,7883.0
11023.0,6643.0,7741.0
16388.0,7092.0,7803.0
11045.0,12053.0,7577.0
16344.0,6579.0,7705.0
11075.0,499910.0,7803.0
10991.0,218888.0,7742.0
16408.0,7174.0,7740.0
16259.0,229045.0,7675.0
10937.0,12254.0,7755.0
17848.0,7160.0,7643.0
16202.0,7053.0,7641.0
11013.0,7160.0,7851.0
16331.0,12222.0,7580.0
10915.0,195360.0,7675.0
16444.0,6611.0,7739.0
11130.0,6643.0,7687.0
11067.0,472857.0,7676.0
16312.0,439751.0,7707.0
16386.0,6547.0,7643.0
11163.0,41216.0,7742.0
10991.0,7141.0,7773.0
16288.0,6643.0,7643.0
16313.0,6567.0,7757.0
11119.0,6699.0,7543.0
16256.0,6611.0,7710.0
10991.0,12527.0,7641.0
16205.0,7108.0,67185.0
11023.0,7122.0,8052.0
16495.0,12254.0,7577.0
11077.0,41175.0,7741.0
16442.0,7028.0,7677.0
11013.0,773.0,7773.0
16378.0,7108.0,8413.0
10895.0,12372.0,7644.0
11151.0,7058.0,7641.0
16464.0,6655.0,7741.0
11013.0,12446.0,7642.0
16307.0,7209.0,7707.0
16505.0,7142.0,7641.0
11095.0,12259.0,7739.0
11249.0,7128.0,7643.0
16170.0,12473.0,7685.0
10893.0,6900.0,7644.0
16015.0,12169.0,8019.0
16217.0,7122.0,7739.0
11259.0,12204.0,75248.0
16224.0,12562.0,7676.0
11013.0,7032.0,7743.0
11249.0,7026.0,7739.0
16358.0,12419.0,7643.0
17727.0,7122.0,7675.0
16292.0,12870.0,7675.0
10959.0,7142.0,7803.0
16283.0,12561.0,7803.0
10851.0,7140.0,315902.0
11097.0,12324.0,7837.0
16400.0,7142.0,7742.0
16539.0,460933.0,7740.0
11043.0,7040.0,763.0
16128.0,717.0,7751.0
10959.0,7206.0,7705.0
16336.0,12319.0,7579.0
11109.0,12391.0,7741.0
16246.0,7153.0,7803.0
10905.0,7154.0,7741.0
16151.0,12538.0,7754.0
10937.0,12287.0,174375.0
16460.0,7288.0,7741.0
11086.0,12374.0,7705.0
16039.0,7174.0,7513.0
10905.0,7110.0,111813.0
10927.0,13114.0,7805.0
16329.0,7072.0,7707.0
11109.0,12260.0,7837.0
16330.0,7206.0,7773.0
11013.0,12751.0,7708.0
15978.0,7058.0,8133.0
16185.0,205155.0,7741.0
11183.0,7058.0,7805.0
16334.0,12405.0,7775.0
11109.0,7124.0,7643.0
10937.0,12600.0,296756.0
16109.0,12356.0,7838.0
16334.0,7174.0,803.0
11023.0,7072.0,7773.0
16442.0,12810.0,7823.0
11033.0,12568.0,7773.0
16214.0,7206.0,7803.0
10991.0,12073.0,7643.0
11077.0,7124.0,7741.0
16044.0,12163.0,7646.0
17823.0,7046.0,568070.0
16412.0,12501.0,7630.0
10991.0,7206.0,7709.0
11067.0,7090.0,7773.0
16099.0,12177.0,7608.0
16191.0,7078.0,7611.0
11131.0,1096546.0,7712.0
16346.0,7140.0,7739.0
11001.0,12341.0,7579.0
16365.0,7192.0,7741.0
10959.0,12762.0,7821.0
16389.0,7124.0,7642.0
10991.0,12831.0,7544.0
16378.0,12254.0,763.0
11045.0,7236.0,7644.0
16422.0,769.0,7755.0
11045.0,7174.0,7644.0
11109.0,7110.0,7741.0
16393.0,12110.0,7644.0
11067.0,7206.0,7741.0
16396.0,7122.0,7739.0
11077.0,460883.0,7741.0
16374.0,7206.0,7743.0
16387.0,13815.0,7883.0
10905.0,7174.0,8413.0
10907.0,12214.0,7641.0
16418.0,460893.0,7641.0
10765.0,7160.0,7643.0
11053.0,456053.0,567350.0
16435.0,7206.0,7688.0
16246.0,7192.0,7545.0
11163.0,454943.0,7414.0
16386.0,7192.0,7707.0
10937.0,13224.0,7803.0
11173.0,13326.0,7721.0
16108.0,7192.0,7658.0
16311.0,12082.0,7806.0
11193.0,7174.0,7512.0
10905.0,7122.0,7645.0
16314.0,12338.0,294513.0
11215.0,7154.0,7705.0
16282.0,12475.0,7581.0
16247.0,7124.0,7755.0
11055.0,12242.0,7642.0
11943.0,12199.0,7613.0
16407.0,7040.0,560109.0
10991.0,7140.0,7579.0
16185.0,12265.0,7579.0
11067.0,7160.0,7643.0
16412.0,12739.0,7849.0
16303.0,13957.0,7577.0
11043.0,7190.0,556809.0
16278.0,12305.0,7645.0
11013.0,7040.0,7741.0
16236.0,12392.0,568084.0
10993.0,7178.0,7773.0
16033.0,13914.0,7773.0
10819.0,12128.0,556575.0
16364.0,7192.0,7757.0
11055.0,12474.0,7659.0
10980.0,7092.0,554476.0
16055.0,12246.0,7738.0
11077.0,7008.0,7612.0
16390.0,7206.0,7947.0
16298.0,13411.0,7641.0
10925.0,12328.0,39995.0
11067.0,7092.0,7545.0
16273.0,6980.0,7641.0
11013.0,11955.0,7741.0
16406.0,7206.0,7643.0
16195.0,12455.0,7675.0
11456.0,12510.0,7741.0
16256.0,7224.0,7709.0
11011.0,13849.0,7743.0
16272.0,12168.0,7739.0
10927.0,7206.0,7742.0
17899.0,12301.0,7611.0
16170.0,7535.0,7611.0
11022.0,7154.0,7775.0
16528.0,12337.0,7739.0
10873.0,184014.0,7545.0
11163.0,7174.0,8963.0
16375.0,7122.0,7645.0
11163.0,12404.0,7643.0
16374.0,7224.0,7645.0
16518.0,12146.0,554066.0
11045.0,12094.0,7547.0
16129.0,7122.0,7739.0
10872.0,12585.0,7611.0
17783.0,7192.0,7789.0
16080.0,7206.0,7741.0
11121.0,12320.0,7545.0
16260.0,12270.0,7609.0
11043.0,7110.0,7579.0
16342.0,7058.0,7675.0
11109.0,12259.0,8213.0
11099.0,187511.0,556761.0
16408.0,7124.0,7741.0
16246.0,7174.0,7549.0
10959.0,12278.0,7873.0
16310.0,4162.0,7643.0
10895.0,6753.0,7675.0
11044.0,460192.0,7543.0
16267.0,12434.0,7773.0
16463.0,7072.0,7643.0
11045.0,7140.0,7643.0
16218.0,12246.0,7675.0
11205.0,7158.0,7739.0
16302.0,12103.0,7611.0
11055.0,12075.0,7613.0
11077.0,7122.0,7641.0
16282.0,7210.0,7785.0
16142.0,12210.0,7705.0
10980.0,12328.0,7641.0
16441.0,7040.0,559711.0
10927.0,12483.0,7675.0
16163.0,7122.0,7809.0
11045.0,14554.0,7775.0
16132.0,7058.0,7643.0
10883.0,12213.0,7677.0
11121.0,7124.0,7643.0
16263.0,12246.0,7547.0
16292.0,7140.0,554078.0
11129.0,459209.0,7547.0
16406.0,7008.0,7741.0
11195.0,13354.0,557035.0
16283.0,12314.0,7675.0
10895.0,7008.0,7707.0
16313.0,7092.0,7825.0
11153.0,12370.0,7549.0
10949.0,7108.0,7675.0
16332.0,12328.0,7675.0
16515.0,12092.0,557961.0
10797.0,7140.0,7675.0
10927.0,7154.0,7803.0
16450.0,12136.0,7645.0
11153.0,12099.0,7705.0
16352.0,7092.0,7641.0
16302.0,7092.0,7641.0
11023.0,12982.0,554336.0
16052.0,7206.0,7641.0
10873.0,12460.0,7705.0
11185.0,12037.0,553663.0
16355.0,7154.0,7643.0
16192.0,7040.0,7579.0
11055.0,12440.0,7739.0
11023.0,7218.0,7707.0
16138.0,12550.0,7611.0
10841.0,7438.0,7481.0
16262.0,12210.0,7515.0
16234.0,12204.0,7577.0
10991.0,7122.0,7579.0
16429.0,7142.0,7741.0
10873.0,13064.0,7645.0
11163.0,12260.0,7803.0
16047.0,7124.0,7547.0
11099.0,12406.0,7763.0
16281.0,7140.0,7511.0
16495.0,7140.0,7741.0
11183.0,12706.0,7773.0
16288.0,12410.0,7677.0
10917.0,7274.0,7849.0
11023.0,12423.0,7773.0
16408.0,7014.0,7741.0
11035.0,7206.0,7479.0
16287.0,12680.0,7611.0
11045.0,7122.0,7675.0
16410.0,13062.0,7709.0
11129.0,12300.0,7675.0
16163.0,7160.0,4471.0
16368.0,7206.0,7741.0
10927.0,12685.0,7741.0
10927.0,459218.0,7803.0
16374.0,7108.0,7755.0
17999.0,12454.0,7611.0
11131.0,7490.0,7803.0
15849.0,7154.0,7643.0
16022.0,12114.0,557263.0
10583.0,13198.0,7643.0
10893.0,7128.0,7545.0
437285.0,7292.0,7741.0
10745.0,458705.0,7545.0
15754.0,7122.0,7773.0
11139.0,7192.0,7739.0
15899.0,12669.0,7881.0
15732.0,7140.0,7738.0
10967.0,12310.0,7641.0
17113.0,12695.0,7839.0
10851.0,7072.0,7611.0
10831.0,7174.0,7611.0
15668.0,12807.0,7679.0
88451.0,12324.0,7837.0
10883.0,7046.0,7675.0
10905.0,7224.0,7549.0
15815.0,12790.0,7677.0
16181.0,12772.0,557029.0
10883.0,7224.0,7675.0
16065.0,12275.0,7739.0
11055.0,7126.0,7607.0
434330.0,458506.0,763.0
10991.0,7174.0,7611.0
10799.0,7476.0,7543.0
15830.0,12254.0,7803.0
10981.0,12233.0,7531.0
437043.0,7026.0,7643.0
15713.0,12567.0,763.0
10841.0,7172.0,7741.0
10720.0,13480.0,555235.0
434986.0,7206.0,7675.0
10883.0,7092.0,7741.0
172900.0,12178.0,554099.0
16055.0,7154.0,763.0
10882.0,12231.0,7739.0
112894.0,717.0,7687.0
11107.0,7178.0,7837.0
442816.0,12498.0,7803.0
10883.0,7254.0,7641.0
16184.0,781.0,7675.0
10713.0,40635.0,7741.0
10969.0,422279.0,7449.0
146485.0,7154.0,7809.0
15841.0,12234.0,7447.0
10969.0,6917.0,7613.0
15826.0,7122.0,7807.0
10873.0,12783.0,7613.0
15917.0,7122.0,553498.0
11079.0,457827.0,7611.0
10935.0,7206.0,7687.0
16216.0,12618.0,7775.0
15764.0,7206.0,7834.0
10935.0,7140.0,554196.0
17697.0,12419.0,7545.0
16032.0,7126.0,7643.0
10895.0,12699.0,7845.0
10924.0,7192.0,7581.0
16073.0,12426.0,7449.0
4725.0,7090.0,7739.0
13542.0,457274.0,7545.0
4725.0,12455.0,557605.0
4745.0,7202.0,7613.0
4745.0,12405.0,7773.0
5423.0,7040.0,7785.0
10745.0,7210.0,7547.0
179370.0,12160.0,7709.0
15786.0,7108.0,7613.0
10691.0,12278.0,553166.0
16185.0,7174.0,7773.0
10841.0,12113.0,7739.0
17728.0,7018.0,7677.0
16108.0,12333.0,7577.0
10969.0,12279.0,7773.0
15831.0,7306.0,7647.0
10809.0,12633.0,7675.0
11054.0,7206.0,7809.0
16771.0,13614.0,7641.0
16001.0,7174.0,7807.0
10551.0,12215.0,553058.0
15967.0,7072.0,7645.0
10745.0,12446.0,7513.0
15981.0,7154.0,7645.0
10777.0,12728.0,7803.0
15559.0,12518.0,559369.0
10829.0,7140.0,7675.0
16054.0,12278.0,7611.0
10895.0,7124.0,30356.0
197207.0,12368.0,7641.0
10861.0,7154.0,554661.0
15809.0,7108.0,7641.0
10873.0,11826.0,763.0
16001.0,458891.0,7607.0
10711.0,7222.0,7641.0
15908.0,12514.0,7709.0
10935.0,7174.0,7449.0
15710.0,7206.0,7773.0
10828.0,12392.0,555937.0
10947.0,7256.0,7775.0
4689.0,12619.0,25200.0
10711.0,7160.0,7742.0
202289.0,12151.0,7775.0
209304.0,7122.0,554499.0
10957.0,12590.0,7479.0
15871.0,458144.0,554171.0
15677.0,7320.0,7573.0
10787.0,12231.0,556681.0
17351.0,7206.0,7741.0
10893.0,7122.0,556229.0
16518.0,455387.0,7641.0
10796.0,7174.0,315470.0
15904.0,12082.0,7922.0
437339.0,12201.0,555934.0
10883.0,7140.0,559428.0
10981.0,7172.0,556120.0
109369.0,12077.0,7837.0
10809.0,7064.0,557381.0
15789.0,12214.0,7741.0
10925.0,7075.0,7547.0
16053.0,12097.0,556125.0
15948.0,12291.0,558457.0
10851.0,7242.0,7739.0
207441.0,7140.0,554628.0
10829.0,12178.0,7597.0
15980.0,7204.0,313880.0
10839.0,12783.0,7547.0
10969.0,7124.0,7677.0
448530.0,12197.0,554488.0
10711.0,7122.0,556698.0
15815.0,12273.0,7577.0
16304.0,7174.0,556387.0
10947.0,458967.0,7739.0
10863.0,12576.0,558614.0
15829.0,7142.0,558934.0
437112.0,460095.0,7741.0
10861.0,7076.0,7741.0
116165.0,7204.0,530559.0
10829.0,12215.0,554883.0
15687.0,12687.0,7773.0
10777.0,7192.0,556765.0
435587.0,7174.0,7641.0
11415.0,12286.0,554571.0
10839.0,7174.0,7641.0
436882.0,12473.0,530704.0
4581.0,458787.0,7669.0
13476.0,7727.0,566143.0
4745.0,7160.0,7707.0
4765.0,12681.0,410993.0
4701.0,14134.0,7677.0
4725.0,12264.0,553625.0
4785.0,7160.0,7548.0
10841.0,13368.0,557211.0
442366.0,7154.0,7545.0
10935.0,12336.0,553577.0
436647.0,7174.0,7641.0
437144.0,14146.0,554177.0
10743.0,7206.0,7739.0
15830.0,12333.0,554706.0
10637.0,7008.0,7577.0
16098.0,12296.0,328229.0
10767.0,7154.0,7819.0
10969.0,12278.0,555264.0
15948.0,7072.0,7757.0
15894.0,12474.0,554087.0
10969.0,7154.0,7675.0
193758.0,7140.0,558123.0
10789.0,13090.0,7513.0
16031.0,7206.0,559234.0
10829.0,12260.0,7805.0
10883.0,7154.0,554291.0
16315.0,12242.0,7677.0
202066.0,12608.0,313144.0
10956.0,7174.0,7611.0
173445.0,7206.0,557189.0
10969.0,12160.0,7739.0
107659.0,7092.0,557286.0
10957.0,12196.0,7789.0
15785.0,7142.0,557525.0
10839.0,457437.0,7547.0
10829.0,12494.0,556312.0
432609.0,7174.0,7643.0
10883.0,7092.0,555312.0
61361.0,12410.0,7349.0
418645.0,12738.0,554242.0
10753.0,7110.0,7641.0
15863.0,7154.0,554242.0
10883.0,12210.0,7479.0
15846.0,12263.0,554162.0
10851.0,7172.0,7449.0
15847.0,12173.0,325752.0
10893.0,7058.0,7705.0
15937.0,12175.0,7643.0
10893.0,7206.0,555042.0
16171.0,7108.0,294904.0
10809.0,12188.0,7645.0
10893.0,12578.0,530798.0
15893.0,7060.0,7677.0
15815.0,7158.0,554786.0
10895.0,12422.0,7675.0
15969.0,717.0,557137.0
10821.0,7192.0,7773.0
15829.0,7256.0,554874.0
10947.0,12167.0,7645.0
10883.0,7206.0,557660.0
434898.0,12434.0,7577.0
16131.0,7206.0,558829.0
10885.0,12255.0,7545.0
17399.0,7186.0,320833.0
435421.0,12146.0,7741.0
10807.0,7140.0,330730.0
15970.0,12662.0,7707.0
11119.0,7174.0,556691.0
10905.0,12524.0,556512.0
418109.0,7206.0,7739.0
10969.0,12280.0,557800.0
435362.0,12612.0,7547.0
183640.0,7206.0,554765.0
11091.0,12178.0,7643.0
15831.0,7192.0,7513.0
11065.0,7108.0,554823.0
15906.0,276462.0,567798.0
16162.0,411134.0,7707.0
10983.0,7140.0,557701.0
16195.0,7110.0,7709.0
10981.0,513817.0,564125.0
4689.0,130462.0,7739.0
221716.0,7174.0,554037.0
11021.0,7174.0,7613.0
16141.0,112521.0,7659.0
11107.0,7042.0,553707.0
16089.0,397340.0,566887.0
10981.0,7187.0,7819.0
16095.0,825.0,557195.0
11109.0,7168.0,7892.0
11019.0,140965.0,558676.0
196813.0,7053.0,7645.0
173168.0,717.0,554312.0
10905.0,7092.0,7675.0
10947.0,12078.0,556439.0
15903.0,7078.0,529040.0
10883.0,493380.0,7837.0
433954.0,180395.0,553012.0
436902.0,6982.0,7677.0
10691.0,7174.0,557950.0
10905.0,392890.0,7677.0
16064.0,7090.0,557743.0
10945.0,514134.0,7641.0
443999.0,12131.0,561204.0
16109.0,7158.0,554733.0
10969.0,410954.0,7591.0
16153.0,7256.0,556389.0
10743.0,7108.0,7773.0
10765.0,411145.0,557122.0
436235.0,7224.0,7741.0
10785.0,413308.0,556293.0
434614.0,12265.0,7675.0
436327.0,7206.0,555878.0
11001.0,7154.0,7543.0
431885.0,410879.0,555670.0
10787.0,7058.0,8871.0
16087.0,189256.0,7675.0
10895.0,513850.0,555204.0
10819.0,7122.0,557582.0
16500.0,7124.0,7547.0
15992.0,12128.0,763.0
10969.0,7076.0,7705.0
10882.0,12090.0,557787.0
15818.0,11922.0,7805.0
181577.0,41174.0,557089.0
11181.0,7206.0,7611.0
10905.0,181072.0,557087.0
16055.0,7174.0,7773.0
15853.0,7085.0,558784.0
10851.0,7172.0,7741.0
15797.0,119421.0,556696.0
10699.0,12196.0,7773.0
15637.0,7142.0,331063.0
10883.0,7167.0,7579.0
15862.0,195700.0,556465.0
10605.0,7140.0,7613.0
447963.0,275743.0,553892.0
15933.0,264786.0,7675.0
11055.0,6951.0,529889.0
10895.0,7126.0,7643.0
16452.0,219847.0,552965.0
15939.0,79887.0,7765.0
10853.0,6950.0,555685.0
17509.0,7174.0,7739.0
11087.0,411638.0,556324.0
10969.0,7174.0,7659.0
444321.0,512557.0,554740.0
10721.0,769.0,7907.0
15777.0,7005.0,554229.0
10849.0,7110.0,7739.0
16003.0,159333.0,556854.0
15821.0,7122.0,7613.0
11067.0,411099.0,554610.0
15990.0,7206.0,7613.0
10925.0,411455.0,554328.0
16066.0,411618.0,7744.0
11079.0,7110.0,558024.0
15958.0,513595.0,7739.0
10713.0,7174.0,554659.0
10969.0,7174.0,7641.0
112228.0,512367.0,556819.0
15737.0,513638.0,7581.0
10849.0,6900.0,566801.0
10797.0,7092.0,7675.0
16601.0,413353.0,564032.0
15989.0,12228.0,7613.0
11077.0,7032.0,557475.0
416760.0,12246.0,7543.0
10937.0,7032.0,553971.0
16039.0,7174.0,7951.0
442766.0,515606.0,557299.0
10797.0,7153.0,7613.0
15841.0,41233.0,554072.0
10851.0,7013.0,7739.0
15690.0,102709.0,555335.0
10777.0,7201.0,7545.0
443033.0,505554.0,560494.0
11195.0,7172.0,7739.0
10969.0,11987.0,557866.0
15945.0,404948.0,7773.0
108762.0,130440.0,557380.0
10925.0,7174.0,7547.0
10895.0,7058.0,554649.0
110923.0,159800.0,7773.0
15721.0,7187.0,557471.0
11133.0,7144.0,7739.0
15872.0,159524.0,556191.0
11131.0,215693.0,7445.0
15763.0,7124.0,554830.0
11097.0,7138.0,7641.0
15731.0,365923.0,534915.0
11021.0,394941.0,7683.0
4725.0,7110.0,555709.0
4745.0,7149.0,555000.0
4701.0,507726.0,7645.0
4693.0,7058.0,556898.0
4725.0,233622.0,7757.0
13476.0,7124.0,556145.0
10947.0,12246.0,7611.0
16296.0,6982.0,553693.0
16127.0,514077.0,7576.0
10809.0,7140.0,559937.0
10991.0,47590.0,558353.0
436745.0,7058.0,7611.0
10895.0,138703.0,555113.0
16175.0,7087.0,7739.0
11055.0,507884.0,556583.0
17186.0,12164.0,7611.0
11139.0,7140.0,315386.0
194327.0,508939.0,7643.0
15957.0,7175.0,558084.0
11067.0,7028.0,7707.0
15853.0,513693.0,557864.0
11087.0,7090.0,7889.0
15905.0,132540.0,553514.0
10831.0,7206.0,7675.0
10711.0,410981.0,557168.0
15986.0,7128.0,7803.0
10637.0,266096.0,556801.0
15711.0,7174.0,555031.0
11055.0,264629.0,7757.0
16012.0,12132.0,7549.0
10927.0,7160.0,553685.0
16022.0,7143.0,555999.0
16026.0,513254.0,7741.0
10947.0,7064.0,552917.0
10775.0,12140.0,7773.0
15786.0,7096.0,557668.0
15819.0,130856.0,7611.0
10893.0,7174.0,553054.0
10775.0,12326.0,7641.0
15732.0,7190.0,556879.0
435120.0,239976.0,7707.0
10797.0,7206.0,554314.0
10883.0,12080.0,7739.0
16020.0,7206.0,555813.0
10991.0,138552.0,7773.0
105470.0,7110.0,557063.0
10883.0,510621.0,7743.0
61367.0,536718.0,554507.0
10981.0,7067.0,7773.0
15744.0,7108.0,553655.0
15767.0,12264.0,7645.0
10851.0,28273.0,7837.0
15840.0,7288.0,555158.0
11297.0,413258.0,554440.0
15971.0,7160.0,7671.0
10883.0,199105.0,554115.0
16162.0,7140.0,7679.0
10883.0,12250.0,565942.0
10831.0,7160.0,7613.0
449207.0,410754.0,557698.0
10935.0,769.0,7671.0
16166.0,7092.0,554964.0
15807.0,12228.0,7515.0
10883.0,7142.0,300521.0
15937.0,7210.0,7705.0
10915.0,158081.0,558608.0
10969.0,526012.0,7577.0
223335.0,7169.0,554240.0
16044.0,11910.0,7577.0
11055.0,151322.0,556409.0
15939.0,7186.0,7643.0
10723.0,142207.0,559473.0
10915.0,7174.0,7549.0
15934.0,7206.0,557772.0
15825.0,233411.0,7613.0
10991.0,13656.0,555791.0
16009.0,512997.0,7803.0
10841.0,7192.0,555753.0
222545.0,7274.0,557686.0
10701.0,513946.0,7789.0
445388.0,7169.0,526965.0
10883.0,505339.0,7513.0
10691.0,513647.0,560422.0
16095.0,7192.0,7739.0
15926.0,140862.0,312706.0
10691.0,7154.0,7709.0
15843.0,7122.0,553728.0
10894.0,513786.0,7709.0
10905.0,7000.0,7579.0
214708.0,130585.0,556969.0
144569.0,7174.0,561738.0
10821.0,121236.0,7775.0
10883.0,173357.0,556876.0
220822.0,717.0,7579.0
11033.0,7142.0,552700.0
430247.0,7192.0,7543.0
10903.0,260729.0,558147.0
433807.0,7192.0,7543.0
127312.0,513430.0,553740.0
10775.0,12095.0,7643.0
435436.0,6894.0,556236.0
11021.0,7108.0,7705.0
11105.0,12118.0,353280.0
434548.0,233316.0,7675.0
445997.0,7040.0,553740.0
10883.0,7085.0,7577.0
436884.0,174993.0,558727.0
10883.0,177762.0,7741.0
15914.0,7110.0,566530.0
10917.0,299711.0,7577.0
10989.0,7090.0,556812.0
443794.0,7156.0,7755.0
435831.0,222243.0,557791.0
448135.0,7206.0,7677.0
11037.0,12226.0,557711.0
438343.0,7154.0,7483.0
11107.0,163348.0,7675.0
438207.0,7028.0,553247.0
10883.0,178851.0,557707.0
4745.0,411032.0,7805.0
4725.0,7014.0,530553.0
4725.0,7110.0,7775.0
4725.0,12360.0,554653.0
4725.0,717.0,7543.0
4745.0,6817.0,557369.0
4745.0,4689.0,7741.0
4725.0,171211.0,554275.0
4745.0,7076.0,7707.0
4725.0,493625.0,7675.0
4701.0,12146.0,557238.0
4725.0,7140.0,555201.0
4745.0,7155.0,7707.0
4725.0,173543.0,567177.0
4725.0,7032.0,7805.0
4649.0,411470.0,555079.0
4745.0,7204.0,7675.0
4725.0,7497.0,554274.0
4725.0,4386.0,7709.0
4745.0,7140.0,554544.0
4745.0,261146.0,7739.0
4725.0,7192.0,559829.0
4681.0,512020.0,7707.0
4745.0,12192.0,7611.0
434322.0,7192.0,554350.0
4745.0,7563.0,556471.0
4745.0,12195.0,7643.0
4745.0,6958.0,563365.0
4725.0,119360.0,7773.0
4745.0,7224.0,553549.0
4649.0,411169.0,7545.0
4693.0,7192.0,326861.0
4721.0,132679.0,7881.0
4745.0,7140.0,557475.0
4721.0,7108.0,7613.0
4745.0,233394.0,553726.0
4725.0,717.0,7611.0
15829.0,7071.0,317992.0
10733.0,7110.0,7675.0
10915.0,260987.0,557180.0
437100.0,411462.0,7643.0
10926.0,7192.0,554042.0
435702.0,7306.0,7739.0
10821.0,414213.0,557340.0
461708.0,223204.0,7739.0
4637.0,7128.0,557564.0
10743.0,7140.0,7543.0
16229.0,222727.0,556694.0
11091.0,239485.0,7612.0
446249.0,7110.0,556549.0
11085.0,7323.0,7675.0
10797.0,411293.0,554650.0
434123.0,507085.0,7774.0
72888.0,7251.0,556293.0
10883.0,6962.0,7643.0
199560.0,499674.0,557243.0
10831.0,7140.0,7802.0
107587.0,12293.0,557619.0
10927.0,7154.0,7741.0
10905.0,413839.0,42452.0
444297.0,7172.0,7979.0
436506.0,12189.0,42937.0
10753.0,7174.0,7871.0
436384.0,75080.0,74310.0
10848.0,411923.0,7641.0
10699.0,7140.0,7804.0
439636.0,7064.0,216672.0
444601.0,498232.0,42515.0
10745.0,7224.0,7759.0
434676.0,413116.0,42481.0
10883.0,7174.0,8013.0
224961.0,130480.0,565824.0
10969.0,511164.0,7753.0
11423.0,7108.0,159403.0
61396.0,7128.0,7709.0
10915.0,118885.0,74842.0
436851.0,7000.0,7739.0
11151.0,188837.0,42847.0
512355.0,7074.0,7679.0
144931.0,242092.0,75976.0
10883.0,7028.0,7857.0
554305.0,514018.0,42807.0
11013.0,7078.0,7675.0
446866.0,12146.0,4882.0
10883.0,7122.0,7577.0
457335.0,264749.0,82608.0
10969.0,514350.0,7807.0
556591.0,7058.0,42740.0
11173.0,12292.0,7675.0
443163.0,7192.0,5797.0
10969.0,136797.0,7842.0
437036.0,7172.0,42626.0
10947.0,192723.0,7757.0
181235.0,7160.0,42569.0
10873.0,7110.0,7677.0
17691.0,411595.0,171252.0
438465.0,7210.0,7513.0
510840.0,717.0,323146.0
11163.0,7192.0,7807.0
11043.0,408626.0,42745.0
434861.0,511861.0,7611.0
10959.0,7192.0,42583.0
557506.0,221983.0,7933.0
11217.0,7192.0,76601.0
510109.0,74689.0,7675.0
10905.0,7000.0,75938.0
445556.0,12196.0,7609.0
15714.0,7140.0,247021.0
10841.0,717.0,7803.0
437873.0,7049.0,4471.0
10883.0,173981.0,7833.0
10883.0,7093.0,214855.0
434154.0,7206.0,7867.0
445579.0,7108.0,242908.0
10969.0,119217.0,7676.0
508927.0,7192.0,72846.0
10809.0,410518.0,7739.0
10969.0,7174.0,565424.0
437762.0,12304.0,7644.0
15960.0,7124.0,42715.0
11055.0,7199.0,7981.0
10797.0,413258.0,563860.0
437566.0,7210.0,7739.0
433513.0,7122.0,42515.0
10991.0,121275.0,8077.0
10797.0,7058.0,244666.0
421754.0,515103.0,7644.0
4785.0,7122.0,42448.0
4757.0,412889.0,7989.0
4785.0,7211.0,214130.0
4681.0,12114.0,8102.0
4689.0,7192.0,7740.0
4637.0,121418.0,206243.0
4725.0,7124.0,159473.0
4725.0,478682.0,7805.0
4701.0,7110.0,82507.0
4661.0,749.0,7794.0
4657.0,40603.0,42587.0
4657.0,82856.0,7803.0
4649.0,7023.0,4882.0
4725.0,536497.0,7577.0
4777.0,7053.0,42581.0
431749.0,7192.0,7677.0
4718.0,139062.0,4860.0
5072.0,131480.0,7931.0
4765.0,7058.0,82716.0
4725.0,7154.0,8102.0
4785.0,157992.0,75999.0
5135.0,7174.0,8006.0
5563.0,239640.0,316254.0
4681.0,130451.0,7834.0
4669.0,7058.0,42615.0
4681.0,7169.0,7671.0
4681.0,769.0,244347.0
4661.0,7055.0,7740.0
4725.0,410660.0,207412.0
4701.0,6962.0,7580.0
4701.0,223706.0,42511.0
4725.0,6894.0,7739.0
4865.0,773.0,42609.0
4785.0,7219.0,7816.0
5097.0,7087.0,214549.0
4745.0,41234.0,7833.0
4661.0,47652.0,42617.0
4681.0,7192.0,7773.0
434730.0,413765.0,283956.0
10809.0,7192.0,9675.0
508534.0,7187.0,217188.0
11013.0,537290.0,7543.0
11119.0,47546.0,341930.0
437942.0,7160.0,42447.0
210701.0,7152.0,7711.0
10713.0,515283.0,570581.0
10935.0,7060.0,7741.0
122663.0,221591.0,82672.0
461441.0,7128.0,7895.0
11055.0,222125.0,569202.0
10863.0,118589.0,7642.0
437117.0,7078.0,5797.0
485889.0,13918.0,7641.0
11077.0,12160.0,46359.0
202202.0,7140.0,7703.0
10743.0,12067.0,340596.0
557895.0,7058.0,282101.0
11045.0,12290.0,8015.0
557584.0,7108.0,171395.0
11257.0,410976.0,7642.0
446534.0,7026.0,42945.0
10905.0,7192.0,9033.0
434727.0,513765.0,163692.0
10935.0,259729.0,7675.0
434427.0,7092.0,42615.0
10809.0,12223.0,7609.0
434845.0,7124.0,173080.0
10711.0,513765.0,7790.0
10907.0,7110.0,214252.0
437008.0,7192.0,8166.0
16231.0,79674.0,333947.0
10873.0,7169.0,78840.0
10883.0,7169.0,7739.0
441352.0,513484.0,4103.0
11099.0,6958.0,7641.0
512149.0,410913.0,42717.0
15843.0,7000.0,7898.0
10807.0,526356.0,187498.0
10797.0,7067.0,7743.0
437584.0,7105.0,172434.0
434816.0,7105.0,7741.0
10883.0,516099.0,42611.0
11077.0,7092.0,7677.0
508733.0,7053.0,44524.0
10949.0,6982.0,7888.0
511424.0,514119.0,209494.0
11069.0,7010.0,7741.0
109552.0,243860.0,42581.0
446278.0,7085.0,7951.0
10981.0,507227.0,317310.0
558599.0,7123.0,7740.0
11023.0,7071.0,79142.0
436044.0,7076.0,7823.0
10701.0,514573.0,5733.0
433605.0,7028.0,7825.0
11003.0,513622.0,20777.0
434807.0,7035.0,7787.0
10745.0,7073.0,82612.0
10883.0,7155.0,7677.0
430911.0,7035.0,42817.0
200166.0,411207.0,8122.0
11107.0,7040.0,42589.0
556826.0,513759.0,7858.0
10851.0,7000.0,42447.0
436920.0,7155.0,7577.0
11055.0,7021.0,171238.0
169718.0,536658.0,7641.0
10745.0,513832.0,4471.0
7054.0,7122.0,7981.0
433858.0,515881.0,78414.0
10270.0,7155.0,7675.0
4725.0,7117.0,82492.0
12225.0,7069.0,7709.0
442250.0,7051.0,42585.0
11191.0,411612.0,7833.0
442721.0,6982.0,42516.0
434599.0,7155.0,7612.0
11055.0,7103.0,75922.0
16003.0,516401.0,7709.0
10819.0,7174.0,22823.0
436929.0,7105.0,7755.0
10957.0,7135.0,42350.0
87607.0,512145.0,7735.0
10831.0,7122.0,216620.0
16261.0,514607.0,7706.0
11045.0,7192.0,42677.0
434397.0,7117.0,8111.0
10993.0,515096.0,46607.0
557423.0,7040.0,8043.0
10799.0,7167.0,42683.0
175184.0,410353.0,7675.0
11056.0,7076.0,763.0
170227.0,515383.0,7741.0
10895.0,7110.0,567781.0
10831.0,7150.0,7774.0
442965.0,177286.0,82496.0
10883.0,89122.0,7675.0
438515.0,6926.0,82727.0
433710.0,7117.0,7675.0
10947.0,7103.0,82604.0
437522.0,7135.0,7809.0
10789.0,7067.0,215481.0
510376.0,7119.0,7803.0
11163.0,535012.0,43077.0
11001.0,7169.0,7543.0
512530.0,7237.0,75851.0
16003.0,536406.0,7739.0
10831.0,7283.0,310711.0
179890.0,7167.0,7677.0
10893.0,514102.0,334433.0
11033.0,7058.0,7831.0
209202.0,6995.0,75911.0
445501.0,512384.0,7922.0
10935.0,7028.0,43141.0
87890.0,525716.0,7739.0
10713.0,7153.0,43161.0
434737.0,7087.0,7805.0
10981.0,507924.0,20630.0
15899.0,507196.0,7888.0
10927.0,7103.0,75906.0
434539.0,7135.0,7981.0
10797.0,515323.0,42515.0
437107.0,7082.0,8169.0
10831.0,411576.0,43248.0
446354.0,7032.0,8015.0
10819.0,7135.0,19027.0
16155.0,7103.0,7677.0
10807.0,7110.0,4946.0
11021.0,514305.0,7977.0
85892.0,513464.0,42413.0
10819.0,7092.0,7758.0
438249.0,7135.0,7769.0
10691.0,7169.0,281091.0
446767.0,173921.0,74570.0
444125.0,7040.0,8166.0
10797.0,412519.0,82275.0
442657.0,7110.0,7757.0
10605.0,410787.0,571725.0
10883.0,7196.0,7806.0
442888.0,532685.0,42585.0
435887.0,7201.0,7857.0
10937.0,515961.0,42711.0
437851.0,7056.0,7611.0
10625.0,7185.0,84694.0
11033.0,7155.0,7543.0
432652.0,536405.0,78157.0
11185.0,7187.0,7739.0
438313.0,7153.0,566360.0
434942.0,7108.0,7741.0
10873.0,513659.0,42609.0
10935.0,7147.0,7897.0
437437.0,7117.0,5733.0
445827.0,534537.0,7720.0
10883.0,411242.0,5831.0
510746.0,7224.0,7899.0
11067.0,6989.0,42799.0
10947.0,7092.0,7760.0
197012.0,513602.0,82483.0
182231.0,6976.0,7742.0
10819.0,514243.0,42715.0
265984.0,7108.0,8027.0
11055.0,513732.0,4535.0
106692.0,7117.0,7739.0
10883.0,7187.0,296528.0
10915.0,7185.0,7596.0
15760.0,7076.0,241479.0
15894.0,6150.0,7543.0
10679.0,7103.0,8951.0
11317.0,513965.0,7933.0
437585.0,6994.0,5831.0
16140.0,513929.0,7579.0
11099.0,7092.0,42447.0
10947.0,410633.0,7709.0
437490.0,7032.0,83086.0
436645.0,513628.0,7741.0
10991.0,7010.0,42577.0
12282.0,7021.0,7971.0
438464.0,513996.0,5635.0
444742.0,7204.0,7543.0
10981.0,7005.0,181145.0
10753.0,505856.0,7543.0
445421.0,513919.0,42617.0
10991.0,7210.0,7880.0
509558.0,7181.0,76042.0
173395.0,505254.0,7739.0
10753.0,7169.0,209237.0
510288.0,6971.0,7675.0
11045.0,7012.0,5733.0
434712.0,515321.0,7833.0
10979.0,7403.0,82919.0
437191.0,504966.0,7707.0
10775.0,7153.0,42517.0
436694.0,513349.0,7863.0
10723.0,7142.0,42707.0
10721.0,7173.0,7928.0
437731.0,7116.0,82762.0
10821.0,513748.0,7544.0
437604.0,7192.0,541685.0
13860.0,7168.0,43035.0
439558.0,513439.0,7742.0
15753.0,7076.0,303499.0
10927.0,7090.0,7642.0
556874.0,242094.0,82547.0
11013.0,513791.0,7806.0
557302.0,6982.0,42907.0
10959.0,7087.0,7741.0
183883.0,513966.0,42647.0
10799.0,7009.0,7739.0
434286.0,410833.0,72846.0
10915.0,6900.0,7609.0
145717.0,7169.0,42452.0
10917.0,7205.0,7979.0
86828.0,7135.0,7703.0
10957.0,506955.0,215873.0
437929.0,7142.0,563199.0
10797.0,513681.0,4471.0
458709.0,411233.0,7841.0
10721.0,7110.0,43075.0
15903.0,512322.0,7831.0
10883.0,7174.0,42715.0
16021.0,7199.0,7705.0
11087.0,7018.0,42510.0
11097.0,517567.0,7842.0
447730.0,7027.0,42643.0
187909.0,7117.0,7759.0
10829.0,516013.0,42719.0
16150.0,7153.0,7762.0
10873.0,7071.0,74640.0
4725.0,7168.0,7887.0
4725.0,515991.0,319718.0
4745.0,7108.0,7741.0
4745.0,413559.0,246448.0
4725.0,513490.0,7898.0
4725.0,7026.0,4882.0
4785.0,7135.0,7833.0
4785.0,517090.0,280693.0
4745.0,7251.0,7579.0
4745.0,7169.0,4796.0
431388.0,513948.0,8098.0
4725.0,7136.0,207659.0
4637.0,537757.0,7610.0
4745.0,7087.0,42579.0
4657.0,514783.0,7579.0
4661.0,7174.0,4471.0
4617.0,411811.0,7959.0
4745.0,7008.0,74638.0
4785.0,514146.0,8110.0
4721.0,7122.0,42683.0
4681.0,7121.0,8057.0
4725.0,7135.0,160375.0
4681.0,7169.0,7677.0
4661.0,7087.0,564682.0
4681.0,505292.0,4471.0
4745.0,411342.0,7869.0
4681.0,7064.0,159817.0
4757.0,7169.0,7641.0
4721.0,515728.0,4882.0
5045.0,7060.0,7579.0
4777.0,7155.0,78689.0
4693.0,511706.0,7709.0
4765.0,7058.0,42835.0
4725.0,7135.0,7708.0
4745.0,7169.0,5767.0
4725.0,534714.0,7479.0
4745.0,7115.0,241113.0
436131.0,514368.0,7740.0
10928.0,7135.0,151777.0
16023.0,7128.0,7709.0
11053.0,514243.0,334717.0
512229.0,7035.0,73029.0
11077.0,7117.0,7642.0
458110.0,7173.0,763.0
10927.0,7149.0,7951.0
15886.0,7117.0,42547.0
11033.0,7077.0,7803.0
119289.0,514055.0,241623.0
11000.0,7231.0,7831.0
15788.0,7103.0,181649.0
10981.0,536731.0,7741.0
437010.0,7135.0,42549.0
10895.0,511664.0,8027.0
445531.0,7174.0,338470.0
10969.0,504926.0,8349.0
10809.0,7021.0,570811.0
437829.0,512307.0,7740.0
456332.0,7140.0,42579.0
10883.0,411801.0,8107.0
208243.0,7058.0,213973.0
10627.0,6951.0,7643.0
437750.0,513804.0,569690.0
10711.0,514077.0,7642.0
447496.0,7032.0,159963.0
11033.0,7169.0,7723.0
509994.0,7167.0,314629.0
10915.0,512487.0,7739.0
556530.0,7108.0,43069.0
10861.0,7122.0,7740.0
117638.0,513255.0,566862.0
10831.0,7122.0,7774.0
11099.0,505284.0,82232.0
511702.0,7205.0,7741.0
434684.0,6977.0,82824.0
10605.0,513771.0,7641.0
10745.0,7224.0,206141.0
435673.0,7053.0,7676.0
436074.0,7021.0,886771.0
10861.0,536676.0,885475.0
435813.0,7087.0,885633.0
11085.0,514135.0,885140.0
16055.0,7140.0,886640.0
10917.0,507625.0,885698.0
437372.0,7178.0,885213.0
10829.0,7249.0,886623.0
438034.0,7192.0,886722.0
10797.0,511825.0,885037.0
115286.0,717.0,857335.0
10969.0,6817.0,887198.0
556222.0,833220.0,887718.0
11237.0,513428.0,886193.0
230852.0,7072.0,852278.0
10849.0,7058.0,855007.0
15945.0,512005.0,854560.0
10691.0,513669.0,884969.0
180510.0,7092.0,886450.0
10967.0,6971.0,886387.0
555504.0,536586.0,885569.0
11119.0,7110.0,857896.0
513326.0,7149.0,885627.0
10905.0,513725.0,885456.0
435526.0,7110.0,853473.0
436279.0,7155.0,887359.0
10895.0,7087.0,886088.0
459135.0,6977.0,886362.0
13352.0,40572.0,885629.0
13230.0,226521.0,886752.0
6616.0,7108.0,885634.0
13292.0,717.0,853233.0
46899.0,7213.0,887035.0
452639.0,7167.0,858756.0
13248.0,7117.0,885014.0
239645.0,7059.0,886838.0
13248.0,7155.0,885547.0
467901.0,514506.0,884875.0
13112.0,7076.0,887427.0
440269.0,7117.0,886871.0
13252.0,411415.0,886809.0
13294.0,7028.0,885585.0
11464.0,411327.0,886426.0
446086.0,6962.0,858905.0
13220.0,411189.0,884157.0
464047.0,7110.0,886712.0
13364.0,537588.0,885572.0
13102.0,7023.0,884693.0
48334.0,7091.0,888702.0
384237.0,7169.0,884434.0
13386.0,7201.0,857959.0
448535.0,7071.0,887056.0
13240.0,8627.0,857563.0
400536.0,513432.0,886580.0
13322.0,7122.0,854022.0
462260.0,515397.0,886101.0
13418.0,7012.0,852675.0
449097.0,513293.0,885517.0
13284.0,7174.0,887296.0
447731.0,514369.0,886616.0
13300.0,7110.0,7791.0
447225.0,514096.0,537770.0
13198.0,6880.0,885706.0
451719.0,7187.0,883834.0
13380.0,513410.0,859172.0
13156.0,6977.0,885804.0
6744.0,171581.0,886738.0
470927.0,6900.0,886132.0
13418.0,513495.0,887195.0
13262.0,7111.0,885949.0
449371.0,7135.0,853248.0
13380.0,12169.0,886208.0
6744.0,7026.0,886091.0
13316.0,12196.0,885114.0
17849.0,7008.0,884948.0
466097.0,7053.0,859278.0
13240.0,7137.0,887070.0
438079.0,12604.0,886824.0
13326.0,12616.0,886660.0
697690.0,7142.0,887006.0
13198.0,7169.0,857635.0
440829.0,7169.0,853123.0
13268.0,12931.0,885748.0
13236.0,7160.0,885582.0
188802.0,12213.0,886507.0
13262.0,7090.0,852528.0
442735.0,7010.0,887690.0
445043.0,12654.0,885728.0
13278.0,7142.0,886468.0
447770.0,12210.0,886154.0
13252.0,7111.0,886808.0
392846.0,12997.0,885369.0
13284.0,7075.0,886618.0
13154.0,6989.0,887303.0
48162.0,7119.0,887093.0
13080.0,7167.0,886145.0
113377.0,7200.0,886014.0
450741.0,13153.0,763.0
13134.0,7128.0,8502.0
214203.0,7169.0,846967.0
434112.0,13514.0,857202.0
13294.0,7224.0,886742.0
48259.0,7122.0,886293.0
13133.0,12178.0,888751.0
442709.0,7117.0,857090.0
13262.0,7140.0,885548.0
373757.0,12146.0,859246.0
13262.0,7201.0,888082.0
381061.0,12164.0,886651.0
13268.0,7110.0,886462.0
447331.0,12530.0,886076.0
13364.0,7206.0,886728.0
395233.0,7090.0,884368.0
13316.0,12626.0,885702.0
693293.0,5174.0,886580.0
13166.0,7036.0,852724.0
13294.0,7155.0,887491.0
48654.0,7137.0,854861.0
13166.0,7021.0,852835.0
264587.0,7554.0,884901.0
443112.0,7173.0,889677.0
13300.0,13270.0,885483.0
449708.0,7174.0,885962.0
13198.0,7201.0,886362.0
13348.0,7105.0,857949.0
188847.0,7035.0,886374.0
13316.0,7173.0,886031.0
22071.0,7117.0,885270.0
385073.0,7123.0,887188.0
454461.0,12173.0,885496.0
13364.0,7046.0,886138.0
696985.0,7124.0,886617.0
13268.0,12854.0,852462.0
450559.0,7242.0,886484.0
13216.0,12565.0,857782.0
436295.0,7071.0,852345.0
13208.0,12208.0,884606.0
6680.0,7058.0,886375.0
13236.0,6895.0,887584.0
446284.0,7231.0,885719.0
13283.0,12811.0,886689.0
391522.0,7206.0,887474.0
13262.0,7135.0,886415.0
446939.0,12149.0,887254.0
13316.0,7014.0,885814.0
447369.0,8539.0,884888.0
13348.0,7009.0,858174.0
109087.0,13629.0,885969.0
13434.0,7108.0,885692.0
13176.0,7201.0,887211.0
72810.0,507089.0,852730.0
699805.0,6927.0,885899.0
13210.0,7765.0,885948.0
669922.0,13336.0,858136.0
13348.0,7154.0,885265.0
452951.0,7135.0,889294.0
13228.0,12886.0,885727.0
113395.0,7072.0,885160.0
395496.0,7142.0,885210.0
13284.0,12274.0,886898.0
665708.0,6970.0,886815.0
13268.0,7053.0,887414.0
13112.0,12630.0,887238.0
72832.0,7172.0,852554.0
449121.0,12805.0,885750.0
13176.0,7122.0,886003.0
447464.0,7008.0,885550.0
13242.0,12845.0,853273.0
447238.0,7122.0,852599.0
13418.0,12512.0,886322.0
13230.0,7554.0,887702.0
48398.0,12197.0,885903.0
433261.0,7060.0,885449.0
13220.0,7102.0,886380.0
461431.0,6918.0,886698.0
13300.0,12428.0,886628.0
13080.0,7021.0,886463.0
212997.0,7206.0,887319.0
48550.0,12427.0,855534.0
13292.0,12268.0,887690.0
449469.0,7078.0,885064.0
13322.0,7135.0,886740.0
449082.0,7117.0,887394.0
13268.0,7121.0,885611.0
431194.0,7123.0,887373.0
13370.0,7128.0,885608.0
437820.0,12168.0,886437.0
13482.0,7994.0,859492.0
13316.0,12241.0,887329.0
6616.0,7078.0,885210.0
13112.0,7201.0,858145.0
48462.0,7237.0,887015.0
666709.0,12341.0,885065.0
13166.0,7142.0,852840.0
454481.0,7135.0,887624.0
13198.0,12173.0,886524.0
449277.0,7174.0,887369.0
13280.0,7053.0,885406.0
13262.0,13240.0,887131.0
17488.0,7046.0,886489.0
472824.0,6918.0,884988.0
13230.0,12255.0,852370.0
454648.0,13495.0,886680.0
13364.0,7058.0,858739.0
449464.0,41113.0,887267.0
13230.0,7091.0,885005.0
13220.0,7117.0,885539.0
230703.0,12694.0,852935.0
438494.0,6982.0,884558.0
13326.0,7288.0,886193.0
467880.0,13379.0,885970.0
443617.0,12172.0,851998.0
13332.0,7072.0,887908.0
407264.0,7149.0,887878.0
13112.0,7469.0,859920.0
664825.0,12749.0,888538.0
13230.0,7224.0,885911.0
463489.0,7169.0,12783.0
13402.0,7140.0,7775.0
13261.0,12576.0,12655.0
73003.0,7187.0,7773.0
10123.0,7169.0,12683.0
13214.0,13313.0,7789.0
447424.0,7210.0,12642.0
13306.0,7219.0,7543.0
445252.0,7117.0,7739.0
13428.0,7123.0,12685.0
445744.0,7085.0,12740.0
13198.0,7123.0,7741.0
666186.0,13145.0,12551.0
13274.0,7224.0,7677.0
452205.0,7034.0,12651.0
454765.0,7195.0,7757.0
471587.0,7153.0,7577.0
13386.0,7237.0,12989.0
373126.0,7124.0,12617.0
6712.0,12114.0,7740.0
6712.0,12223.0,12654.0
6776.0,6918.0,7741.0
6712.0,14136.0,7837.0
6712.0,7174.0,12524.0
6712.0,13073.0,7677.0
6776.0,7192.0,12762.0
6776.0,7169.0,12590.0
6776.0,7154.0,7607.0
6776.0,12146.0,12783.0
6776.0,7035.0,7739.0
3730.0,12158.0,12651.0
8333.0,7046.0,7739.0
393296.0,7122.0,7675.0
13262.0,12525.0,12749.0
453263.0,6982.0,12958.0
13252.0,57499.0,7740.0
444804.0,7062.0,7739.0
13208.0,12162.0,12660.0
447624.0,7188.0,12664.0
13262.0,12192.0,7755.0
468318.0,7319.0,12795.0
13380.0,12516.0,7675.0
376353.0,7174.0,12752.0
13198.0,7103.0,7741.0
444593.0,7517.0,14631.0
13364.0,6977.0,12825.0
434525.0,12318.0,7741.0
13208.0,7092.0,12785.0
13230.0,7169.0,7613.0
352266.0,7224.0,12625.0
445246.0,12145.0,7641.0
13188.0,7105.0,12675.0
13144.0,7179.0,7641.0
359830.0,7117.0,12751.0
431280.0,7167.0,7741.0
13208.0,7281.0,12687.0
675842.0,12205.0,7741.0
394284.0,7028.0,7739.0
13262.0,7035.0,12618.0
452357.0,7119.0,12693.0
6680.0,7117.0,7699.0
13284.0,6976.0,12715.0
663647.0,12228.0,7675.0
13090.0,7123.0,12585.0
697468.0,7071.0,7773.0
13090.0,7110.0,12860.0
13230.0,12146.0,7545.0
48206.0,12510.0,12588.0
699807.0,7108.0,7757.0
13220.0,7087.0,12455.0
457462.0,7087.0,7755.0
13284.0,13841.0,12794.0
697364.0,12354.0,7739.0
13262.0,7014.0,12621.0
663914.0,12067.0,7739.0
13386.0,7206.0,12716.0
448857.0,7154.0,7739.0
13122.0,12498.0,7543.0
13165.0,7135.0,12464.0
48346.0,7156.0,7739.0
479228.0,12430.0,12551.0
13230.0,7836.0,12651.0
671848.0,7172.0,7691.0
13438.0,12593.0,12706.0
407304.0,67141.0,7741.0
13386.0,7160.0,12879.0
13364.0,7135.0,7755.0
697630.0,7027.0,12681.0
389334.0,12209.0,7739.0
13300.0,7172.0,7775.0
446054.0,12246.0,12490.0
13352.0,7192.0,7741.0
452740.0,12963.0,12560.0
13316.0,6996.0,12762.0
444957.0,12655.0,7641.0
13302.0,7192.0,12651.0
451857.0,7155.0,7577.0
13348.0,12351.0,12730.0
440967.0,7090.0,7611.0
13304.0,7420.0,12687.0
48256.0,7009.0,7741.0
13208.0,7046.0,12890.0
13262.0,12109.0,7641.0
114040.0,7160.0,7692.0
430587.0,13290.0,12818.0
13134.0,13499.0,12689.0
444852.0,7092.0,7739.0
13332.0,7060.0,12608.0
692509.0,12159.0,7643.0
13300.0,7135.0,12765.0
13004.0,7173.0,7741.0
345534.0,7337.0,12642.0
445155.0,7142.0,7739.0
13300.0,12264.0,12626.0
454546.0,7187.0,7739.0
13248.0,7187.0,7755.0
452268.0,7415.0,12782.0
13198.0,7117.0,61359.0
450867.0,7383.0,7757.0
13208.0,12292.0,12617.0
446524.0,7128.0,7643.0
13166.0,7035.0,12847.0
445265.0,535504.0,7415.0
13166.0,12064.0,7641.0
455294.0,7140.0,12685.0
13390.0,7192.0,7545.0
447854.0,12228.0,12585.0
13026.0,7060.0,12519.0
451663.0,12622.0,7741.0
13278.0,7265.0,12651.0
13352.0,7128.0,7641.0
696088.0,12612.0,12619.0
13154.0,12323.0,7643.0
455541.0,7174.0,12664.0
13364.0,7421.0,7775.0
459095.0,7206.0,12749.0
13274.0,12342.0,7677.0
13248.0,7087.0,12645.0
6680.0,7167.0,7739.0
13166.0,6871.0,12503.0
256734.0,7192.0,7705.0
378926.0,12576.0,12492.0
13144.0,13755.0,7739.0
447777.0,7108.0,12724.0
13154.0,7103.0,7755.0
433135.0,7087.0,12683.0
13284.0,7153.0,7705.0
470675.0,717.0,12807.0
13144.0,7201.0,7739.0
48066.0,6953.0,7741.0
13142.0,12489.0,12707.0
13284.0,7092.0,12796.0
73124.0,7078.0,7741.0
698499.0,12503.0,7641.0
13198.0,7206.0,12847.0
696382.0,7147.0,12619.0
13112.0,7205.0,7739.0
13230.0,12543.0,12658.0
48206.0,7206.0,7775.0
391251.0,12149.0,7803.0
13262.0,7142.0,12772.0
446575.0,7155.0,12524.0
13315.0,7117.0,7739.0
431348.0,7087.0,12551.0
13300.0,13161.0,7805.0
13284.0,7090.0,7641.0
72742.0,7149.0,12686.0
286787.0,6971.0,14750.0
13380.0,7135.0,12680.0
188876.0,7099.0,7739.0
13208.0,7103.0,12749.0
13292.0,12480.0,7741.0
48548.0,7158.0,12683.0
444816.0,7617.0,7775.0
13262.0,7155.0,12813.0
454615.0,7137.0,7803.0
456269.0,12191.0,13215.0
13322.0,7206.0,7741.0
463337.0,7140.0,7171.0
13184.0,12307.0,11943.0
456419.0,7528.0,6823.0
13220.0,7137.0,4406.0
448812.0,7103.0,8419.0
13272.0,7035.0,12870.0
431914.0,7117.0,7853.0
13198.0,7078.0,7807.0
449105.0,7110.0,12943.0
13239.0,7071.0,7741.0
13246.0,7078.0,12518.0
68791.0,7005.0,7739.0
438733.0,6611.0,12907.0
13332.0,6623.0,12501.0
442820.0,6994.0,7739.0
13262.0,6611.0,12588.0
668193.0,7061.0,7739.0
13090.0,7155.0,7741.0
450465.0,7210.0,12904.0
13234.0,7087.0,12593.0
672820.0,6971.0,7479.0
13396.0,6785.0,12783.0
6680.0,7192.0,7641.0
13230.0,6547.0,14763.0
464006.0,7179.0,12715.0
13144.0,6579.0,7597.0
451433.0,7123.0,14451.0
13240.0,7087.0,7773.0
1436986.0,6655.0,12813.0
13230.0,6623.0,763.0
48260.0,7104.0,12082.0
698639.0,7149.0,6688.0
13144.0,7142.0,7267.0
448583.0,7117.0,8409.0
13348.0,6623.0,7739.0
6744.0,7105.0,12681.0
13208.0,7128.0,14492.0
391351.0,7091.0,12731.0
13386.0,7087.0,7643.0
449127.0,6635.0,7757.0
13230.0,7129.0,12892.0
451092.0,7287.0,12720.0
13198.0,7210.0,7685.0
696684.0,7117.0,7773.0
13198.0,7242.0,12551.0
447755.0,7110.0,12863.0
13208.0,6547.0,7611.0
459906.0,7035.0,14936.0
13370.0,6958.0,12785.0
428649.0,7128.0,7643.0
13352.0,6631.0,12813.0
13080.0,7076.0,7773.0
36814.0,7091.0,12522.0
52835.0,7003.0,7739.0
11033.0,7185.0,12519.0
16390.0,7219.0,7755.0
10981.0,6931.0,12863.0
103965.0,7053.0,7739.0
11077.0,7117.0,7641.0
11217.0,6929.0,12706.0
227351.0,6900.0,7741.0
16143.0,7103.0,12574.0
11131.0,7201.0,12696.0
10991.0,7087.0,7739.0
526427.0,7026.0,12883.0
525996.0,6515.0,7643.0
10927.0,7087.0,7643.0
11023.0,6579.0,12587.0
52572.0,7067.0,12622.0
11067.0,7117.0,7739.0
526572.0,7169.0,12849.0
536340.0,7018.0,7657.0
11077.0,7156.0,12711.0
519950.0,7174.0,7739.0
11003.0,7169.0,12651.0
11131.0,7170.0,7641.0
526116.0,6982.0,12714.0
120511.0,7178.0,7705.0
10991.0,7174.0,12656.0
16400.0,6515.0,7743.0
10959.0,7117.0,12617.0
503454.0,7111.0,7819.0
11013.0,7140.0,12524.0
247932.0,7035.0,7773.0
11045.0,6579.0,12749.0
10991.0,7078.0,7643.0
525690.0,7116.0,763.0
16418.0,6962.0,7267.0
11249.0,6579.0,11947.0
16314.0,7122.0,6659.0
11107.0,7169.0,8423.0
112469.0,7187.0,7803.0
10873.0,7122.0,12585.0
11163.0,7187.0,12683.0
220154.0,6894.0,7675.0
10927.0,6623.0,12751.0
149804.0,7193.0,7739.0
103666.0,6701.0,12583.0
10969.0,7123.0,7739.0
10969.0,7383.0,14779.0
524405.0,7160.0,12696.0
178857.0,769.0,7675.0
11099.0,6918.0,12717.0
663129.0,7028.0,7579.0
11075.0,7028.0,14655.0
228806.0,7160.0,12553.0
11237.0,513940.0,7741.0
317469.0,7135.0,7741.0
11013.0,7078.0,12585.0
183021.0,7160.0,12749.0
10939.0,6599.0,7875.0
16413.0,7122.0,12690.0
11121.0,773.0,7673.0
521507.0,7064.0,7755.0
526916.0,6655.0,12652.0
10755.0,7269.0,7739.0
16141.0,7227.0,12683.0
10927.0,6655.0,7643.0
525321.0,7065.0,12487.0
11045.0,7135.0,12881.0
124887.0,7091.0,7681.0
10905.0,5752.0,7741.0
10957.0,171319.0,12826.0
283131.0,7060.0,12785.0
16237.0,4721.0,7643.0
11099.0,7087.0,7839.0
127928.0,7107.0,12738.0
11033.0,7012.0,7641.0
276376.0,7012.0,12590.0
10991.0,7110.0,12651.0
16184.0,7014.0,7741.0
10991.0,7140.0,12747.0
11139.0,7187.0,7675.0
521820.0,7169.0,7741.0
663307.0,7128.0,12653.0
11119.0,7169.0,7545.0
264891.0,7110.0,12847.0
11013.0,6977.0,7741.0
11185.0,7117.0,12881.0
521492.0,7121.0,7757.0
127013.0,6559.0,12751.0
11067.0,7117.0,12674.0
16442.0,7154.0,7739.0
16164.0,7108.0,12774.0
11001.0,7192.0,7677.0
11150.0,7185.0,12968.0
521956.0,6958.0,7589.0
634895.0,6611.0,7705.0
10959.0,7110.0,12683.0
838419.0,513815.0,12394.0
525967.0,6985.0,7709.0
10905.0,6996.0,12719.0
16333.0,4221.0,7757.0
11119.0,40604.0,7577.0
16316.0,4221.0,12813.0
11013.0,7160.0,12781.0
525796.0,7128.0,7611.0
11024.0,7124.0,12717.0
10992.0,7187.0,7641.0
161349.0,7174.0,12651.0
10969.0,7161.0,7757.0
525122.0,7092.0,7757.0
16354.0,7087.0,12785.0
11065.0,7000.0,12592.0
521612.0,7199.0,7577.0
10895.0,7087.0,12553.0
11173.0,7174.0,7707.0
16246.0,546080.0,7804.0
11160.0,6953.0,12828.0
140336.0,7155.0,12848.0
16212.0,505892.0,7657.0
11077.0,7135.0,12476.0
11163.0,7158.0,7755.0
109774.0,7092.0,7807.0
103454.0,7193.0,12913.0
11045.0,7117.0,7641.0
207003.0,717.0,12726.0
11023.0,7248.0,12551.0
419807.0,233602.0,7803.0
10841.0,6547.0,7643.0
16354.0,7067.0,12747.0
11109.0,6977.0,12687.0
112191.0,7163.0,7739.0
11185.0,7155.0,12685.0
662018.0,7192.0,7739.0
10980.0,7058.0,12422.0
16138.0,7103.0,7757.0
11237.0,6958.0,7740.0
10981.0,7000.0,12458.0
521368.0,7117.0,12391.0
11161.0,7122.0,7755.0
16540.0,7087.0,12521.0
16096.0,6550.0,7741.0
11045.0,7053.0,12617.0
628159.0,7204.0,7773.0
11077.0,7091.0,7543.0
11161.0,7028.0,12596.0
140297.0,6913.0,12653.0
11043.0,7071.0,7739.0
207411.0,7169.0,7657.0
45196.0,7187.0,12719.0
11087.0,7192.0,12728.0
527495.0,7087.0,7657.0
10937.0,7000.0,7739.0
11173.0,7009.0,12651.0
527136.0,6547.0,12583.0
151933.0,7000.0,7643.0
11025.0,8593.0,12553.0
16268.0,7091.0,7738.0
11153.0,6590.0,12696.0
11077.0,7059.0,7739.0
16163.0,7142.0,12847.0
126472.0,7185.0,7577.0
11045.0,7122.0,12556.0
16256.0,6977.0,7741.0
10893.0,7140.0,12633.0
186856.0,7270.0,7642.0
11013.0,7167.0,7675.0
537919.0,7242.0,12674.0
10981.0,514191.0,7739.0
11013.0,7147.0,12872.0
16450.0,7174.0,12820.0
520615.0,6579.0,7741.0
11022.0,7205.0,12676.0
16323.0,7110.0,7739.0
11099.0,7201.0,12786.0
127951.0,7135.0,7755.0
11163.0,7155.0,12651.0
11001.0,6976.0,7739.0
526736.0,589.0,7805.0
11023.0,6964.0,12886.0
16147.0,7160.0,7543.0
16307.0,7117.0,12583.0
11225.0,7117.0,12642.0
495119.0,7149.0,7643.0
178612.0,7034.0,12574.0
11067.0,7169.0,7739.0
16345.0,7020.0,14664.0
10991.0,6643.0,12816.0
16204.0,6982.0,7675.0
10990.0,7315.0,12552.0
10905.0,7117.0,7675.0
16167.0,7072.0,7729.0
16407.0,7105.0,12574.0
11067.0,7117.0,12761.0
16419.0,507609.0,7677.0
11249.0,7074.0,8015.0
11045.0,6982.0,12709.0
257682.0,7186.0,12651.0
140886.0,6721.0,7677.0
11075.0,7169.0,7739.0
521711.0,6655.0,12696.0
11099.0,7110.0,7739.0
103911.0,7173.0,13001.0
10991.0,7237.0,12781.0
16215.0,7108.0,7802.0
11045.0,7076.0,12600.0
11163.0,7225.0,7547.0
147779.0,6958.0,7839.0
11185.0,7117.0,12982.0
310628.0,7147.0,12781.0
10819.0,7155.0,7757.0
170363.0,7117.0,12634.0
209196.0,7169.0,7740.0
10883.0,7041.0,12532.0
286879.0,7154.0,7739.0
11045.0,7108.0,12489.0
11000.0,534116.0,7755.0
313165.0,7167.0,12621.0
197839.0,7041.0,7711.0
11021.0,7028.0,7675.0
523237.0,7249.0,12950.0
10777.0,7141.0,7775.0
197814.0,1570.0,12600.0
11131.0,14554.0,12685.0
258884.0,717.0,7675.0
11119.0,9724.0,12922.0
284019.0,171431.0,7738.0
10915.0,6679.0,7543.0
10991.0,6985.0,12652.0
229129.0,7035.0,12585.0
16376.0,6977.0,7742.0
11023.0,7119.0,12710.0
10961.0,7154.0,7641.0
16212.0,12268.0,12684.0
149400.0,7173.0,7773.0
11099.0,12201.0,12653.0
16314.0,12356.0,7709.0
10980.0,7040.0,12320.0
354725.0,12279.0,7679.0
11023.0,7190.0,7771.0
223732.0,7142.0,12367.0
11065.0,12169.0,12587.0
16224.0,12224.0,7643.0
10905.0,7040.0,12587.0
11054.0,7108.0,7674.0
16322.0,12214.0,12564.0
11045.0,7122.0,7807.0
521766.0,12259.0,12796.0
16474.0,7274.0,7739.0
10927.0,12183.0,12576.0
10949.0,7108.0,7659.0
521590.0,12306.0,7805.0
11067.0,14029.0,12553.0
662822.0,7206.0,12860.0
311536.0,12287.0,7543.0
11163.0,7042.0,12751.0
11003.0,12163.0,7445.0
525435.0,12630.0,12536.0
10937.0,7174.0,7641.0
119581.0,12299.0,12486.0
17890.0,7206.0,7741.0
11077.0,7040.0,14540.0
149219.0,12199.0,12732.0
527018.0,7154.0,7739.0
10937.0,12226.0,12651.0
103526.0,12323.0,7741.0
11099.0,7274.0,7681.0
11077.0,7090.0,12625.0
249980.0,12208.0,12524.0
11109.0,7206.0,7677.0
276745.0,12085.0,12465.0
525596.0,12268.0,7739.0
11131.0,7192.0,12717.0
289041.0,7206.0,7739.0
11045.0,12415.0,12441.0
127131.0,7206.0,7577.0
10937.0,12188.0,12536.0
216751.0,7192.0,7678.0
11022.0,12328.0,12587.0
41681.0,12486.0,7675.0
242020.0,7206.0,12772.0
16226.0,6982.0,7659.0
10777.0,12201.0,12921.0
527906.0,12212.0,7579.0
10991.0,7174.0,12662.0
220256.0,11969.0,7675.0
11118.0,7174.0,12666.0
11055.0,7154.0,7675.0
103712.0,12319.0,12571.0
16275.0,7014.0,7547.0
11161.0,12127.0,12730.0
11301.0,12415.0,7675.0
52686.0,7040.0,12708.0
16225.0,7206.0,7577.0
11067.0,12134.0,7741.0
16374.0,7142.0,12394.0
11163.0,12160.0,12719.0
11099.0,12100.0,7839.0
493080.0,7206.0,12653.0
162858.0,7186.0,7705.0
10819.0,12394.0,12519.0
11057.0,7160.0,7773.0
524534.0,12264.0,7805.0
622486.0,7142.0,13088.0
11045.0,12292.0,12763.0
10723.0,7060.0,7739.0
16508.0,12260.0,12570.0
11707.0,12278.0,7641.0
263125.0,7256.0,12850.0
117342.0,7092.0,7776.0
11077.0,12146.0,12774.0
16292.0,7154.0,7609.0
11131.0,12259.0,12721.0
170279.0,769.0,7837.0
11076.0,7306.0,12564.0
11023.0,12428.0,7579.0
110046.0,7178.0,12621.0
16269.0,7160.0,7741.0
11033.0,12409.0,13002.0
192386.0,7124.0,7675.0
11185.0,12424.0,12664.0
665277.0,12181.0,7741.0
10969.0,7192.0,12715.0
141719.0,7124.0,7739.0
10939.0,12374.0,12642.0
11153.0,7072.0,7741.0
527318.0,12260.0,12623.0
585080.0,12182.0,7773.0
10981.0,7142.0,7827.0
11035.0,7040.0,12671.0
117003.0,12119.0,12764.0
11045.0,7206.0,7709.0
140269.0,12230.0,12749.0
255742.0,12246.0,7739.0
11153.0,7122.0,12717.0
10937.0,12509.0,7611.0
405669.0,7224.0,12656.0
11194.0,7122.0,7643.0
258433.0,12244.0,7827.0
16227.0,7064.0,12603.0
10883.0,12387.0,7641.0
16332.0,7124.0,13218.0
11131.0,12401.0,12764.0
11077.0,7240.0,7741.0
258342.0,12221.0,12651.0
10883.0,6900.0,7739.0
16048.0,456412.0,12617.0
53408.0,12260.0,7775.0
11045.0,7124.0,7707.0
11227.0,12482.0,13117.0
178250.0,7160.0,7901.0
11045.0,7032.0,12842.0
104071.0,12201.0,12644.0
11067.0,773.0,7739.0
116806.0,7204.0,12728.0
11281.0,12542.0,7775.0
529454.0,7192.0,12654.0
121905.0,7160.0,7739.0
520347.0,12241.0,7741.0
11141.0,12278.0,13151.0
522449.0,7192.0,7805.0
10959.0,12318.0,12719.0
120978.0,7529.0,12732.0
11045.0,8310.0,7675.0
11227.0,12125.0,12575.0
119376.0,7206.0,7739.0
430119.0,12169.0,7739.0
11087.0,12278.0,12811.0
16371.0,7046.0,7773.0
11099.0,7140.0,12574.0
11077.0,12260.0,12683.0
482144.0,12337.0,7641.0
11045.0,7124.0,12765.0
271565.0,13711.0,7547.0
10937.0,6589.0,12553.0
16399.0,7174.0,7755.0
54692.0,7224.0,7543.0
16295.0,12294.0,12768.0
10949.0,7192.0,14458.0
58835.0,12251.0,12619.0
11097.0,7110.0,7773.0
10895.0,12356.0,12697.0
52867.0,7274.0,7837.0
286451.0,12180.0,12640.0
11183.0,12392.0,7739.0
527302.0,7204.0,12682.0
10991.0,7192.0,7577.0
263096.0,12306.0,12609.0
11087.0,7108.0,7773.0
10991.0,12405.0,12815.0
63326.0,12468.0,7643.0
10895.0,7224.0,12530.0
16419.0,7110.0,7805.0
4689.0,12195.0,7789.0
339525.0,7142.0,12611.0
11131.0,12332.0,12556.0
524966.0,7206.0,7645.0
11011.0,12463.0,12466.0
16592.0,7122.0,7611.0
11023.0,12227.0,12676.0
128095.0,7140.0,7739.0
11183.0,12177.0,12629.0
586358.0,7090.0,7691.0
16146.0,12246.0,12772.0
11195.0,7174.0,7757.0
357093.0,12437.0,12826.0
13284.0,7058.0,7757.0
13006.0,12153.0,12952.0
178794.0,12115.0,7739.0
48164.0,7210.0,12750.0
13156.0,7096.0,7805.0
101709.0,12163.0,12502.0
13070.0,7209.0,7707.0
48046.0,12310.0,12744.0
13124.0,7174.0,7741.0
13128.0,12300.0,12685.0
422093.0,7172.0,7675.0
48228.0,12192.0,12488.0
12866.0,12378.0,7644.0
102292.0,7174.0,12700.0
13310.0,7142.0,7611.0
102071.0,12079.0,7707.0
13220.0,12327.0,12764.0
48180.0,7128.0,12598.0
13078.0,7072.0,7643.0
10597.0,12223.0,12808.0
12962.0,12192.0,7707.0
174604.0,7174.0,12618.0
13114.0,12067.0,7578.0
48066.0,7274.0,12619.0
13198.0,7026.0,7741.0
48014.0,12012.0,12894.0
13090.0,7040.0,7773.0
48230.0,12260.0,12490.0
13232.0,7122.0,7611.0
175304.0,12265.0,7967.0
12898.0,7072.0,12947.0
47882.0,12256.0,12600.0
13072.0,12514.0,7675.0
48190.0,7122.0,12662.0
13316.0,7192.0,7775.0
101993.0,12187.0,12663.0
13220.0,12388.0,7757.0
48522.0,7060.0,12781.0
13360.0,12405.0,7607.0
48478.0,7128.0,12729.0
13158.0,7076.0,7705.0
333413.0,12333.0,12719.0
13075.0,7140.0,7775.0
101948.0,12210.0,12501.0
13276.0,7124.0,7721.0
48230.0,12099.0,12740.0
13416.0,7224.0,7739.0
174836.0,12318.0,12622.0
13224.0,12308.0,7644.0
174822.0,7160.0,12841.0
13164.0,6981.0,7741.0
48148.0,12492.0,12519.0
13230.0,12367.0,7545.0
48116.0,7206.0,7741.0
13060.0,7192.0,12883.0
466949.0,12137.0,7707.0
13210.0,7160.0,12555.0
13084.0,12449.0,7803.0
102047.0,7040.0,12718.0
48470.0,12223.0,12696.0
13090.0,7140.0,7757.0
48192.0,12542.0,7773.0
13274.0,7122.0,12683.0
10044.0,12380.0,12711.0
13054.0,7078.0,7775.0
121652.0,12148.0,7705.0
13358.0,12199.0,12902.0
102460.0,7010.0,12633.0
13086.0,12096.0,7675.0
48782.0,7124.0,12523.0
13064.0,7192.0,7644.0
102022.0,12099.0,12796.0
13208.0,773.0,7677.0
13162.0,7508.0,12749.0
233902.0,7160.0,7739.0
335302.0,12160.0,12710.0
13602.0,12260.0,7611.0
6780.0,7092.0,12719.0
13166.0,12310.0,7823.0
48084.0,7154.0,12518.0
13038.0,7122.0,7789.0
48192.0,12139.0,12827.0
13038.0,13954.0,7709.0
10004.0,12119.0,12594.0
13128.0,7160.0,7641.0
13232.0,7122.0,12610.0
48006.0,12313.0,7677.0
48154.0,12427.0,12578.0
13144.0,7124.0,7741.0
175492.0,7241.0,12937.0
13396.0,12152.0,8325.0
102218.0,7000.0,7781.0
13232.0,12260.0,12698.0
102217.0,7256.0,12762.0
13190.0,12246.0,7741.0
101736.0,7224.0,12685.0
13150.0,12246.0,7740.0
122104.0,7122.0,12720.0
13336.0,12084.0,7742.0
48148.0,7096.0,12553.0
13180.0,12406.0,7743.0
101890.0,7174.0,12523.0
13396.0,12420.0,7837.0
36410.0,12242.0,12652.0
13474.0,7014.0,7677.0
13116.0,7192.0,12705.0
48192.0,12387.0,7741.0
48326.0,7078.0,7709.0
13138.0,12492.0,12632.0
47992.0,12238.0,12740.0
13097.0,7388.0,7641.0
37171.0,7154.0,12623.0
13092.0,12392.0,7675.0
334616.0,12265.0,12553.0
13160.0,7122.0,7677.0
478913.0,12266.0,12706.0
13082.0,7108.0,7821.0
101730.0,7122.0,7707.0
13128.0,12357.0,12821.0
48342.0,12185.0,12535.0
13318.0,7108.0,7739.0
179248.0,7160.0,7641.0
13160.0,12356.0,12669.0
233584.0,12582.0,12583.0
13242.0,7206.0,7641.0
48322.0,12323.0,14782.0
13090.0,7238.0,14633.0
13084.0,12164.0,12762.0
48146.0,7092.0,7757.0
11466.0,7124.0,12783.0
13188.0,12135.0,7803.0
102837.0,12231.0,12709.0
13104.0,7174.0,7775.0
13456.0,7224.0,12774.0
48416.0,12246.0,7675.0
13008.0,7204.0,12685.0
48396.0,12241.0,7577.0
13306.0,7172.0,12675.0
234078.0,13013.0,7839.0
13198.0,7224.0,12825.0
48278.0,12064.0,7719.0
13316.0,7124.0,12840.0
1083424.0,12315.0,7641.0
174850.0,7092.0,12729.0
13368.0,7058.0,7773.0
175600.0,12178.0,12653.0
13124.0,11996.0,7675.0
48484.0,7192.0,7657.0
12952.0,7306.0,12719.0
48214.0,12337.0,13161.0
13230.0,12310.0,7675.0
10272.0,7205.0,14852.0
13266.0,7014.0,12782.0
102346.0,12265.0,7675.0
13092.0,12260.0,12598.0
6616.0,7072.0,7675.0
13256.0,7092.0,12882.0
48152.0,12167.0,7707.0
13152.0,12410.0,12914.0
102284.0,7210.0,7803.0
13526.0,12958.0,14616.0
13156.0,7142.0,14654.0
102306.0,7122.0,12398.0
48157.0,12310.0,7543.0
13318.0,7206.0,12849.0
6660.0,12191.0,7547.0
12996.0,7160.0,12455.0
13240.0,12104.0,7543.0
48308.0,7154.0,12623.0
13398.0,12251.0,7739.0
175732.0,7256.0,12918.0
48410.0,12401.0,7773.0
13146.0,12130.0,12470.0
13150.0,7206.0,7739.0
102223.0,8572.0,12566.0
13126.0,12223.0,7788.0
179526.0,7154.0,7709.0
13288.0,12331.0,12754.0
175554.0,12272.0,12584.0
13356.0,7192.0,7789.0
48408.0,7154.0,12358.0
13190.0,12110.0,7837.0
102621.0,7186.0,12732.0
13112.0,12249.0,7657.0
102526.0,7222.0,12642.0
13441.0,12151.0,7779.0
48255.0,7192.0,12735.0
13178.0,12146.0,7709.0
13162.0,7206.0,13142.0
10545.0,12228.0,7773.0
101940.0,6990.0,12742.0
13178.0,12154.0,7675.0
121884.0,12246.0,7911.0
13318.0,7174.0,12558.0
175504.0,717.0,12860.0
13144.0,7192.0,7640.0
174722.0,7058.0,12733.0
13244.0,12170.0,7740.0
13428.0,7628.0,12720.0
13224.0,12608.0,7807.0
102091.0,12242.0,12672.0
47984.0,7206.0,7837.0
13136.0,7160.0,12790.0
13274.0,12196.0,7755.0
6692.0,7206.0,12664.0
13352.0,12196.0,7643.0
334562.0,7174.0,12476.0
101686.0,12263.0,7739.0
13192.0,7154.0,7449.0
121706.0,12468.0,7479.0
13038.0,7154.0,7611.0
723208.0,12167.0,7819.0
102790.0,7192.0,7953.0
13314.0,12365.0,7579.0
13540.0,7206.0,7739.0
48058.0,12442.0,7609.0
48192.0,12345.0,7415.0
13340.0,7262.0,7773.0
10264.0,7154.0,7739.0
13338.0,12256.0,7613.0
174952.0,7158.0,7773.0
13286.0,12418.0,7645.0
48170.0,9013.0,7741.0
13266.0,12292.0,7641.0
121240.0,7174.0,7671.0
13156.0,12178.0,7543.0
48108.0,7109.0,7805.0
13276.0,12367.0,7677.0
47904.0,7172.0,7675.0
13270.0,12349.0,7645.0
48436.0,12228.0,7709.0
13128.0,7174.0,7803.0
121254.0,12313.0,7611.0
13256.0,7092.0,7705.0
13246.0,7160.0,7415.0
48460.0,12404.0,7773.0
48042.0,7000.0,7675.0
13026.0,12380.0,7513.0
233104.0,12182.0,7771.0
13060.0,7040.0,7645.0
48588.0,7092.0,7773.0
13264.0,12164.0,7739.0
38371.0,7122.0,7613.0
12932.0,12346.0,7542.0
175178.0,7140.0,7579.0
13168.0,12287.0,7581.0
175056.0,7192.0,7741.0
13170.0,12133.0,7741.0
48298.0,773.0,7641.0
13254.0,7174.0,7707.0
48406.0,7090.0,7707.0
13112.0,12299.0,7641.0
101829.0,12284.0,7613.0
13242.0,7122.0,7613.0
47882.0,11998.0,7675.0
13322.0,7242.0,7739.0
333475.0,7288.0,7883.0
13342.0,717.0,7741.0
232988.0,7206.0,7739.0
13471.0,12228.0,7739.0
48512.0,12341.0,7643.0
13162.0,7174.0,7613.0
48150.0,12104.0,7581.0
13386.0,7192.0,7742.0
48264.0,7172.0,7651.0
13252.0,12160.0,7773.0
48226.0,7160.0,7579.0
12942.0,12110.0,7577.0
13470.0,7072.0,7791.0
48452.0,12210.0,7677.0
13264.0,12185.0,7611.0
233723.0,7110.0,7543.0
478387.0,12283.0,7707.0
13090.0,7028.0,7871.0
13404.0,12112.0,7547.0
48362.0,7242.0,7611.0
696629.0,7140.0,7643.0
6704.0,12204.0,7689.0
13144.0,7140.0,7547.0
13254.0,12101.0,7675.0
6640.0,12260.0,7709.0
48618.0,7222.0,7579.0
13496.0,12323.0,7641.0
121512.0,7096.0,8497.0
13082.0,7140.0,7739.0
48000.0,12150.0,7787.0
13172.0,7193.0,7643.0
175478.0,7117.0,7545.0
13252.0,7187.0,7483.0
48500.0,7117.0,7805.0
12988.0,503862.0,7675.0
48352.0,12295.0,7449.0
13038.0,7122.0,7579.0
14811.0,7187.0,7611.0
12974.0,311481.0,7805.0
17792.0,7206.0,7711.0
13104.0,12100.0,7549.0
48584.0,12385.0,7545.0
13116.0,7122.0,7641.0
10328.0,7201.0,7641.0
13178.0,312404.0,7611.0
121918.0,6995.0,7659.0
13284.0,7169.0,7515.0
175918.0,7085.0,7677.0
13226.0,263814.0,7739.0
50966.0,7171.0,7545.0
47958.0,7121.0,7609.0
13144.0,12190.0,7707.0
48740.0,7122.0,7839.0
13298.0,7108.0,7683.0
476431.0,12353.0,7547.0
13352.0,7224.0,7543.0
48390.0,12299.0,7741.0
13114.0,7105.0,7447.0
48160.0,7055.0,7525.0
13166.0,254400.0,7641.0
175915.0,12158.0,7707.0
13102.0,7000.0,7611.0
102454.0,12283.0,7447.0
13122.0,7122.0,7641.0
13128.0,12327.0,7645.0
232750.0,7026.0,8349.0
13176.0,7087.0,7543.0
175838.0,274715.0,7707.0
13205.0,7041.0,7691.0
176883.0,7021.0,7837.0
48676.0,6895.0,7445.0
13188.0,7187.0,7615.0
102423.0,7187.0,7483.0
13062.0,7122.0,7705.0
121772.0,12190.0,7757.0
13042.0,12198.0,7697.0
48146.0,7140.0,7707.0
12996.0,7110.0,7611.0
48474.0,309534.0,7707.0
13092.0,7053.0,7705.0
101664.0,7035.0,7641.0
13206.0,12191.0,7643.0
121336.0,7140.0,7677.0
12994.0,12140.0,7479.0
49788.0,7122.0,7641.0
13254.0,7160.0,7805.0
335393.0,12140.0,7803.0
13296.0,7137.0,7741.0
175368.0,246626.0,7645.0
13212.0,7053.0,7739.0
48510.0,7053.0,7545.0
13114.0,13816.0,7547.0
48394.0,7128.0,7775.0
12996.0,12340.0,7675.0
121750.0,6899.0,7773.0
12976.0,7091.0,7611.0
10461.0,281724.0,7383.0
13230.0,7192.0,7451.0
13094.0,12227.0,7641.0
174950.0,6975.0,7641.0
175598.0,6912.0,7739.0
13354.0,12340.0,7741.0
122102.0,7167.0,7619.0
13290.0,7149.0,7675.0
48396.0,7155.0,7675.0
13338.0,12116.0,7723.0
13310.0,7122.0,7739.0
121540.0,7149.0,7447.0
13224.0,7087.0,7643.0
101975.0,7035.0,7641.0
175180.0,12213.0,7642.0
13416.0,7122.0,7613.0
48128.0,7174.0,7707.0
12984.0,12213.0,7601.0
102073.0,7089.0,7641.0
13124.0,12168.0,7675.0
101916.0,7058.0,7653.0
13268.0,7110.0,7643.0
9888.0,12232.0,7819.0
13038.0,7053.0,7709.0
357752.0,7255.0,7481.0
13164.0,263725.0,7611.0
102183.0,7169.0,7777.0
13104.0,7135.0,7739.0
48148.0,7244.0,7641.0
13066.0,7155.0,7642.0
12996.0,310248.0,7543.0
464460.0,7122.0,7803.0
13510.0,12122.0,7643.0
48434.0,7040.0,7641.0
48296.0,12202.0,7611.0
13386.0,7053.0,7807.0
101967.0,7133.0,7545.0
13258.0,7133.0,7773.0
48606.0,7137.0,7739.0
13118.0,7301.0,7709.0
13102.0,7155.0,7739.0
48450.0,12277.0,7549.0
48328.0,7108.0,7741.0
13016.0,7040.0,7841.0
13192.0,12178.0,7577.0
48142.0,7122.0,7675.0
48118.0,12222.0,7998.0
13310.0,7155.0,7837.0
48197.0,7026.0,7543.0
12944.0,12222.0,7837.0
102408.0,7108.0,7543.0
13308.0,12418.0,7705.0
233938.0,12274.0,7611.0
13332.0,7174.0,7709.0
332367.0,7159.0,7813.0
13426.0,7119.0,7803.0
11190.0,12195.0,7739.0
542412.0,7158.0,7713.0
538738.0,7174.0,7499.0
11050.0,12154.0,7641.0
294305.0,7044.0,7837.0
192081.0,12222.0,7547.0
10997.0,7187.0,7773.0
548730.0,536991.0,7546.0
11156.0,12245.0,7773.0
548273.0,7026.0,7641.0
10976.0,7122.0,7773.0
538524.0,12309.0,7741.0
11276.0,12409.0,7898.0
11136.0,7092.0,7675.0
536788.0,7141.0,7657.0
538621.0,521565.0,7543.0
11040.0,7073.0,7709.0
536344.0,282058.0,7741.0
11146.0,7126.0,7741.0
541635.0,12231.0,7757.0
11136.0,7117.0,7773.0
543611.0,7167.0,7613.0
536023.0,7103.0,7741.0
11060.0,288243.0,7805.0
541248.0,6925.0,7675.0
11158.0,263138.0,7675.0
538944.0,7206.0,7643.0
11190.0,12324.0,7773.0
537553.0,7135.0,7738.0
11301.0,7148.0,7739.0
543843.0,270371.0,763.0
11222.0,7201.0,7867.0
538361.0,12348.0,7677.0
11028.0,7122.0,7543.0
543569.0,7023.0,7841.0
11048.0,7192.0,7791.0
536318.0,12300.0,7743.0
11168.0,503398.0,7709.0
536300.0,7117.0,7641.0
11060.0,7153.0,8867.0
537266.0,263450.0,763.0
11146.0,7178.0,7675.0
536956.0,12150.0,7675.0
11200.0,7140.0,7671.0
535644.0,12354.0,7741.0
11158.0,7160.0,7709.0
537646.0,12200.0,7837.0
11222.0,7040.0,7785.0
539423.0,12165.0,7773.0
11328.0,7122.0,7675.0
540880.0,12134.0,7709.0
545623.0,7124.0,7742.0
11147.0,12459.0,7705.0
11190.0,7174.0,7837.0
156412.0,12594.0,7871.0
11092.0,7117.0,7677.0
539865.0,512254.0,7905.0
539546.0,7192.0,7743.0
11306.0,12463.0,7739.0
542126.0,7117.0,7837.0
11222.0,7160.0,7641.0
542112.0,12664.0,7739.0
11072.0,6971.0,7739.0
538656.0,12125.0,7739.0
11158.0,7174.0,7773.0
537067.0,7035.0,7757.0
10942.0,7169.0,7741.0
537500.0,7117.0,7707.0
11232.0,7091.0,21321.0
11244.0,260858.0,7739.0
538841.0,12203.0,7775.0
534387.0,7121.0,8048.0
11114.0,7169.0,7775.0
11254.0,6953.0,7773.0
535270.0,7222.0,7739.0
537225.0,12390.0,7773.0
11072.0,7129.0,7739.0
11084.0,7121.0,7807.0
535518.0,7148.0,7675.0
546399.0,12279.0,7739.0
11169.0,6982.0,7739.0
16399.0,7053.0,7773.0
11158.0,7201.0,7773.0
11158.0,7172.0,7697.0
538466.0,312015.0,7803.0
11210.0,7160.0,7805.0
539104.0,12398.0,7773.0
539145.0,7192.0,7675.0
11060.0,12284.0,7773.0
547682.0,7122.0,7739.0
11104.0,12222.0,7987.0
11190.0,6919.0,7739.0
536061.0,7047.0,7739.0
11158.0,7105.0,7641.0
539243.0,7122.0,7889.0
16419.0,12151.0,7643.0
11028.0,7224.0,7805.0
16358.0,12172.0,7708.0
11082.0,7117.0,7739.0
537039.0,7053.0,7739.0
11264.0,7205.0,7772.0
17411.0,12336.0,7739.0
11156.0,7012.0,7643.0
535960.0,7117.0,7741.0
11028.0,274335.0,7819.0
542679.0,6975.0,7755.0
11200.0,7058.0,7773.0
16298.0,12198.0,7802.0
11060.0,7117.0,7741.0
536640.0,263096.0,64996.0
11168.0,12093.0,7739.0
268754.0,7126.0,7738.0
11062.0,7135.0,7675.0
535341.0,7174.0,7739.0
10910.0,12343.0,7873.0
11210.0,7105.0,7675.0
540705.0,7169.0,7707.0
537174.0,7117.0,7677.0
11761.0,7174.0,55570.0
542472.0,12158.0,7773.0
11018.0,7108.0,7743.0
11008.0,12089.0,7773.0
542998.0,717.0,7773.0
11222.0,7108.0,7641.0
536341.0,12134.0,7805.0
538188.0,12140.0,5767.0
11168.0,7288.0,7707.0
543641.0,7187.0,7739.0
10952.0,7091.0,83715.0
540450.0,12250.0,7807.0
11200.0,7174.0,7917.0
540423.0,7123.0,7803.0
11168.0,291921.0,7709.0
11222.0,6982.0,7857.0
542988.0,12286.0,7675.0
535358.0,12345.0,7773.0
11166.0,7122.0,7741.0
542348.0,7283.0,7889.0
11072.0,7105.0,7773.0
535899.0,7122.0,7739.0
11114.0,12050.0,7773.0
11212.0,12294.0,7709.0
540932.0,6900.0,7677.0
11168.0,7087.0,7675.0
538940.0,7073.0,7741.0
545855.0,7256.0,7643.0
11274.0,12158.0,7741.0
16431.0,7140.0,7741.0
11050.0,12222.0,7641.0
535977.0,7160.0,7773.0
10972.0,12272.0,7739.0
547994.0,7122.0,7773.0
11018.0,12076.0,7743.0
11306.0,7035.0,7709.0
538550.0,7078.0,7773.0
16637.0,12170.0,7739.0
10954.0,7135.0,7707.0
544367.0,280541.0,7741.0
11072.0,7040.0,7739.0
543735.0,12140.0,7773.0
11028.0,7117.0,7773.0
543520.0,518428.0,7739.0
11158.0,7155.0,7707.0
11030.0,7040.0,7677.0
535060.0,12304.0,763.0
11244.0,7155.0,7543.0
543342.0,12491.0,7687.0
11158.0,7107.0,7677.0
547789.0,6977.0,7739.0
548237.0,12322.0,7675.0
11190.0,7058.0,7709.0
541200.0,7072.0,7739.0
10900.0,12354.0,501428.0
540029.0,7117.0,7542.0
11146.0,12298.0,7643.0
11060.0,7140.0,7849.0
538009.0,12254.0,7641.0
11254.0,7122.0,7805.0
540661.0,7108.0,7445.0
17222.0,12272.0,7883.0
10846.0,7122.0,7741.0
538760.0,12304.0,7675.0
11039.0,7117.0,7739.0
538457.0,7192.0,7837.0
11168.0,12511.0,7889.0
292232.0,7105.0,7773.0
10942.0,286942.0,7886.0
536574.0,7110.0,7789.0
11168.0,12172.0,7837.0
544246.0,7053.0,7753.0
11135.0,7192.0,7743.0
535696.0,12365.0,7773.0
11220.0,7173.0,7739.0
538407.0,7103.0,7802.0
11274.0,7269.0,7739.0
540259.0,7035.0,7641.0
11050.0,7169.0,7855.0
535617.0,7103.0,7739.0
11296.0,7071.0,7641.0
535940.0,7122.0,7739.0
11126.0,12449.0,7889.0
537665.0,6977.0,7739.0
10964.0,7135.0,7641.0
543054.0,7251.0,7741.0
536139.0,7174.0,7837.0
11050.0,12277.0,14805.0
535926.0,7103.0,7544.0
11050.0,260884.0,7773.0
16315.0,7078.0,7709.0
11339.0,12316.0,7677.0
16432.0,7055.0,7675.0
11136.0,12140.0,7707.0
536486.0,7000.0,7725.0
11136.0,7149.0,7771.0
537689.0,7255.0,7739.0
11124.0,7140.0,7739.0
536816.0,12302.0,763.0
11060.0,7108.0,7739.0
543737.0,470308.0,7741.0
11178.0,12222.0,7739.0
547502.0,7122.0,7739.0
11082.0,7076.0,7739.0
539833.0,516548.0,7741.0
11104.0,7135.0,7773.0
53332.0,7169.0,7837.0
11060.0,12336.0,7739.0
540047.0,7108.0,7665.0
11136.0,7089.0,7741.0
16435.0,7167.0,7641.0
10920.0,7105.0,12728.0
537487.0,7169.0,12863.0
10996.0,7169.0,7773.0
11212.0,7142.0,12538.0
538513.0,12232.0,8027.0
16400.0,7224.0,12556.0
11060.0,7040.0,7643.0
541383.0,7224.0,7739.0
11104.0,12090.0,12554.0
11030.0,11988.0,7709.0
543423.0,7124.0,12684.0
542661.0,7174.0,7739.0
539924.0,12096.0,12667.0
11114.0,7217.0,7739.0
538505.0,12164.0,12753.0
11050.0,7000.0,7741.0
542408.0,7160.0,12847.0
11264.0,12110.0,12576.0
16378.0,7110.0,7773.0
10824.0,6982.0,12683.0
548169.0,12128.0,7741.0
11136.0,7122.0,7739.0
536196.0,7172.0,12720.0
11018.0,12205.0,12751.0
539004.0,7122.0,7739.0
11050.0,12134.0,12517.0
498343.0,7092.0,7739.0
11190.0,80961.0,12765.0
294025.0,7135.0,7757.0
10996.0,7154.0,12849.0
537571.0,12574.0,7741.0
11275.0,7078.0,7773.0
542521.0,7110.0,12490.0
11254.0,7119.0,12979.0
541716.0,6952.0,7741.0
11028.0,7000.0,7773.0
537771.0,7192.0,12869.0
11276.0,7110.0,7741.0
537568.0,7072.0,12813.0
11083.0,12128.0,12585.0
548256.0,7110.0,7855.0
11072.0,7172.0,7641.0
16463.0,7154.0,12519.0
11072.0,12190.0,12762.0
540662.0,7014.0,7738.0
16422.0,12356.0,12891.0
11146.0,7110.0,7739.0
11114.0,12160.0,14686.0
538005.0,7172.0,12968.0
535310.0,7110.0,7741.0
11232.0,7064.0,12646.0
11168.0,12096.0,7675.0
537109.0,7174.0,7738.0
39392.0,7119.0,12839.0
538537.0,7046.0,12733.0
11072.0,7076.0,7741.0
548832.0,12335.0,12553.0
11232.0,7140.0,7641.0
294798.0,12214.0,12615.0
11126.0,7158.0,7773.0
11136.0,7174.0,12804.0
538997.0,12208.0,7741.0
298547.0,7154.0,7707.0
11158.0,12329.0,12683.0
539644.0,7122.0,7741.0
538820.0,7140.0,12524.0
10964.0,7169.0,7773.0
539265.0,13835.0,12651.0
11232.0,7092.0,14618.0
242316.0,7160.0,12858.0
11158.0,12198.0,7677.0
16390.0,7205.0,12681.0
11340.0,7122.0,7711.0
534972.0,7169.0,12686.0
11168.0,7058.0,7805.0
11220.0,12178.0,7479.0
540105.0,12128.0,12785.0
535829.0,7160.0,12549.0
11006.0,7110.0,7707.0
543346.0,12210.0,12524.0
11158.0,7159.0,7641.0
540813.0,7173.0,7739.0
11178.0,7058.0,12815.0
247541.0,12210.0,12699.0
11112.0,7154.0,7773.0
537582.0,7192.0,7803.0
11060.0,12292.0,12674.0
16199.0,6990.0,7739.0
11008.0,7192.0,12553.0
146854.0,40648.0,12593.0
11146.0,225058.0,7739.0
539286.0,7096.0,12642.0
11126.0,717.0,7839.0
11102.0,7140.0,12685.0
538447.0,12391.0,7741.0
11136.0,12254.0,12488.0
545266.0,7110.0,7725.0
11146.0,7028.0,12638.0
537786.0,7124.0,7741.0
544434.0,12286.0,7775.0
536742.0,7135.0,12836.0
11190.0,7110.0,12745.0
544459.0,7091.0,7741.0
11136.0,7188.0,12686.0
11200.0,7138.0,7821.0
537343.0,7187.0,12515.0
546072.0,12260.0,7641.0
10910.0,7124.0,12622.0
541118.0,7160.0,7739.0
11168.0,7078.0,7579.0
545202.0,7122.0,12696.0
11307.0,12278.0,12981.0
540958.0,7174.0,7739.0
11072.0,7192.0,12622.0
539956.0,7192.0,7579.0
10998.0,7040.0,7773.0
539869.0,7160.0,12653.0
11168.0,12260.0,14353.0
275975.0,7254.0,7741.0
11254.0,12164.0,12557.0
11287.0,7160.0,12452.0
238959.0,7110.0,7803.0
542736.0,12149.0,13026.0
11156.0,6976.0,7705.0
16517.0,7128.0,14973.0
11136.0,12115.0,12881.0
11190.0,7074.0,7643.0
537647.0,7108.0,12619.0
11136.0,12257.0,7705.0
544166.0,7090.0,7641.0
16442.0,12255.0,12622.0
11190.0,7076.0,12817.0
11266.0,12410.0,7577.0
539607.0,7206.0,12706.0
541717.0,7117.0,7709.0
11114.0,12167.0,14599.0
15997.0,7192.0,7479.0
11028.0,12178.0,12524.0
11050.0,7206.0,69458.0
535780.0,12146.0,11384.0
536809.0,7160.0,699.0
10942.0,7110.0,763.0
548687.0,7122.0,4266.0
11134.0,12101.0,763.0
541282.0,7160.0,8412.0
11136.0,7053.0,7643.0
541006.0,717.0,12564.0
11112.0,42178.0,7641.0
537919.0,4733.0,12706.0
11190.0,717.0,12517.0
541312.0,980.0,7739.0
11082.0,7122.0,12748.0
535403.0,7269.0,7573.0
11071.0,7128.0,12617.0
541413.0,12178.0,7741.0
11178.0,7110.0,7739.0
536576.0,7174.0,12685.0
11136.0,717.0,7677.0
16355.0,7174.0,12519.0
11178.0,12178.0,7741.0
11222.0,7058.0,12489.0
535736.0,7104.0,14870.0
535848.0,7090.0,7641.0
11198.0,12337.0,12749.0
16444.0,12199.0,12650.0
10986.0,7210.0,7643.0
537923.0,7076.0,12794.0
11082.0,12146.0,7821.0
274817.0,7172.0,12719.0
11308.0,7155.0,7741.0
540064.0,7187.0,7739.0
11168.0,7174.0,12456.0
11255.0,7192.0,12617.0
544533.0,7046.0,7741.0
537170.0,12174.0,12883.0
11222.0,7206.0,7641.0
538164.0,7046.0,7739.0
11050.0,12067.0,12826.0
11276.0,7142.0,7641.0
541242.0,6995.0,12749.0
280407.0,7026.0,7643.0
10910.0,12136.0,12885.0
16526.0,12191.0,12756.0
11286.0,7192.0,7545.0
549364.0,7418.0,12683.0
11190.0,7125.0,7739.0
537044.0,12052.0,7739.0
11112.0,6976.0,12683.0
16576.0,12049.0,7740.0
11123.0,7088.0,12455.0
540869.0,12246.0,7709.0
540552.0,7000.0,12780.0
11156.0,12196.0,12585.0
535208.0,7124.0,7543.0
11252.0,7122.0,12687.0
540012.0,7090.0,7677.0
11146.0,7192.0,13066.0
16097.0,717.0,7643.0
11168.0,12310.0,7741.0
538134.0,7174.0,12781.0
11156.0,12087.0,12884.0
16366.0,7092.0,7739.0
11018.0,12153.0,7739.0
547942.0,7092.0,12588.0
11344.0,7128.0,12553.0
538260.0,12128.0,7641.0
11030.0,7110.0,7805.0
535497.0,7174.0,12794.0
11232.0,7122.0,12651.0
540390.0,12200.0,7739.0
11072.0,7178.0,7755.0
16503.0,7192.0,12608.0
11146.0,12140.0,12587.0
16453.0,7154.0,7640.0
11136.0,7123.0,12945.0
16581.0,7032.0,7643.0
11030.0,12096.0,12481.0
16365.0,7000.0,7739.0
11136.0,12228.0,12902.0
18067.0,7154.0,7775.0
16360.0,7174.0,7739.0
11276.0,12099.0,12715.0
16451.0,7108.0,12821.0
11082.0,7154.0,7803.0
16410.0,12130.0,7683.0
10986.0,7124.0,12521.0
16427.0,12301.0,7803.0
10942.0,7096.0,12747.0
16163.0,12602.0,7545.0
11158.0,7192.0,12781.0
16444.0,7117.0,7757.0
11166.0,12291.0,12685.0
11158.0,7076.0,7805.0
16440.0,12142.0,12738.0
297950.0,7142.0,12685.0
11169.0,12049.0,7739.0
11137.0,7174.0,7741.0
16389.0,7174.0,12528.0
16572.0,7140.0,14618.0
11212.0,12162.0,7900.0
16118.0,7142.0,13588.0
11018.0,7072.0,12475.0
16431.0,12273.0,7687.0
10974.0,7108.0,14293.0
16364.0,7110.0,7755.0
11254.0,773.0,13022.0
16311.0,7174.0,7805.0
11308.0,12227.0,12525.0
11114.0,12204.0,12621.0
16346.0,7122.0,7641.0
11212.0,15009.0,7741.0
110346.0,7000.0,12812.0
16356.0,825.0,7577.0
11145.0,12189.0,12799.0
16343.0,7419.0,12487.0
11136.0,7040.0,7577.0
16100.0,7110.0,12817.0
11018.0,7012.0,7739.0
11050.0,7092.0,12751.0
16315.0,6918.0,7741.0
16290.0,7174.0,12913.0
11222.0,7122.0,7677.0
11018.0,12392.0,12549.0
16392.0,7090.0,7819.0
16163.0,7192.0,7545.0
11092.0,7128.0,12615.0
16347.0,7105.0,7640.0
11112.0,7128.0,12813.0
16530.0,773.0,12681.0
11072.0,7160.0,7577.0
16316.0,12096.0,7640.0
11200.0,7078.0,12521.0
18292.0,12096.0,14918.0
16396.0,12137.0,13050.0
10996.0,7224.0,7773.0
16365.0,7128.0,12815.0
11060.0,7160.0,7755.0
16440.0,12177.0,7741.0
11136.0,12265.0,12804.0
11050.0,7110.0,8039.0
16453.0,7169.0,12911.0
16239.0,7169.0,12651.0
11136.0,773.0,7773.0
11296.0,7178.0,7773.0
16465.0,12296.0,12813.0
16443.0,7192.0,12706.0
11168.0,7105.0,7659.0
16249.0,12191.0,12717.0
11060.0,7242.0,7675.0
11166.0,12218.0,7643.0
16341.0,7122.0,12654.0
16316.0,12260.0,7741.0
11082.0,7178.0,12609.0
16319.0,7110.0,7898.0
11168.0,12143.0,12583.0
16008.0,12067.0,7577.0
11018.0,7128.0,12580.0
16407.0,7206.0,12471.0
11168.0,12092.0,7741.0
539953.0,7192.0,7709.0
11094.0,7076.0,12685.0
135482.0,12487.0,12556.0
11178.0,6933.0,7741.0
16151.0,7067.0,12458.0
10964.0,12114.0,7513.0
16569.0,7110.0,7773.0
11168.0,12265.0,12815.0
16559.0,7192.0,12699.0
11212.0,12034.0,7641.0
11158.0,7110.0,7739.0
16539.0,7142.0,12642.0
16321.0,7012.0,7741.0
11072.0,4683.0,12708.0
16496.0,7000.0,7741.0
10900.0,7078.0,12749.0
10976.0,12341.0,12850.0
15967.0,7041.0,7803.0
16134.0,7156.0,12715.0
11190.0,7117.0,7640.0
16177.0,12323.0,9775.0
11072.0,7154.0,12688.0
16387.0,7122.0,12685.0
11136.0,12230.0,7739.0
16475.0,7174.0,12628.0
11200.0,12182.0,7545.0
16303.0,7192.0,12721.0
11168.0,11894.0,7869.0
16510.0,7192.0,7757.0
11082.0,7000.0,12749.0
18124.0,7117.0,14614.0
11210.0,7122.0,12545.0
16477.0,7154.0,7639.0
16399.0,12241.0,12828.0
10942.0,12131.0,7741.0
16408.0,6982.0,7741.0
10964.0,7135.0,12255.0
16410.0,7169.0,7773.0
11190.0,6944.0,12717.0
16582.0,513307.0,7675.0
11318.0,12310.0,12588.0
18046.0,7154.0,7773.0
10942.0,7110.0,12754.0
16214.0,12240.0,12686.0
16184.0,12066.0,7803.0
10943.0,7206.0,12780.0
539165.0,7192.0,7773.0
11168.0,12128.0,7757.0
16279.0,7154.0,12815.0
11190.0,12300.0,12585.0
16172.0,12263.0,7743.0
11124.0,7154.0,7807.0
11137.0,7254.0,12524.0
16259.0,12227.0,7577.0
16204.0,7122.0,12519.0
11276.0,12278.0,12519.0
16441.0,11936.0,7677.0
11252.0,6976.0,12683.0
16183.0,12264.0,7643.0
11168.0,7124.0,7757.0
16131.0,12347.0,12558.0
11222.0,7224.0,12654.0
18067.0,13810.0,7805.0
16626.0,7174.0,7657.0
11049.0,12236.0,12481.0
16409.0,12356.0,12749.0
10920.0,7032.0,7657.0
11158.0,7126.0,12781.0
16409.0,12117.0,7641.0
11136.0,7128.0,12717.0
16356.0,12196.0,7803.0
11190.0,7000.0,7739.0
16421.0,12346.0,12847.0
16478.0,7206.0,7577.0
11072.0,12424.0,12820.0
11251.0,12267.0,7773.0
15756.0,7122.0,12651.0
11136.0,7108.0,12847.0
16443.0,12675.0,7675.0
16279.0,7174.0,7739.0
11092.0,12305.0,12708.0
16301.0,12313.0,7741.0
11008.0,7110.0,12569.0
11060.0,12154.0,12849.0
16300.0,7092.0,7671.0
16297.0,7122.0,7741.0
11028.0,12273.0,12749.0
106763.0,12418.0,12748.0
11190.0,7122.0,7675.0
16390.0,12374.0,12731.0
11222.0,7160.0,7739.0
540014.0,12149.0,12652.0
16171.0,7110.0,7803.0
11210.0,7090.0,12815.0
16389.0,12337.0,7641.0
11060.0,7122.0,12634.0
11242.0,12406.0,7775.0
16313.0,12318.0,12453.0
11040.0,7140.0,7545.0
16170.0,7142.0,7739.0
16430.0,12333.0,13147.0
11018.0,7122.0,12764.0
16218.0,12096.0,7641.0
11166.0,12450.0,7709.0
16356.0,7192.0,12783.0
11092.0,7224.0,7739.0
18121.0,12342.0,7739.0
11222.0,12397.0,7643.0
537954.0,7154.0,7675.0
16519.0,7174.0,7741.0
11147.0,12613.0,7543.0
16333.0,12406.0,7739.0
11148.0,7160.0,7851.0
11252.0,12379.0,7773.0
156039.0,7206.0,7741.0
16373.0,7122.0,7851.0
11392.0,12233.0,7807.0
16226.0,7092.0,7819.0
11018.0,12448.0,8084.0
16161.0,7110.0,7741.0
11072.0,12167.0,7739.0
135168.0,12041.0,7497.0
11306.0,7154.0,8057.0
16324.0,12374.0,7805.0
11073.0,7018.0,7741.0
16451.0,12051.0,7705.0
11158.0,7274.0,7675.0
11168.0,7206.0,7757.0
16268.0,11892.0,7803.0
16486.0,12263.0,7775.0
11136.0,6958.0,7641.0
11276.0,12292.0,7739.0
16390.0,7140.0,7643.0
11168.0,12378.0,7738.0
16182.0,7306.0,7757.0
16228.0,12323.0,7705.0
11146.0,7010.0,7611.0
16278.0,12213.0,7739.0
11212.0,7154.0,7989.0
16436.0,7154.0,7805.0
11137.0,12323.0,7851.0
541382.0,12160.0,7643.0
11308.0,7160.0,7805.0
16233.0,12299.0,4406.0
11188.0,7206.0,7265.0
10910.0,7192.0,8423.0
16549.0,12324.0,7739.0
11178.0,7040.0,7641.0
60142.0,12128.0,7817.0
16251.0,12078.0,7707.0
11136.0,7206.0,7641.0
11040.0,12382.0,7641.0
16485.0,7160.0,7741.0
11223.0,13925.0,7755.0
16475.0,7206.0,7769.0
11328.0,12220.0,7705.0
16358.0,7206.0,7577.0
16401.0,12191.0,7675.0
10922.0,7332.0,7677.0
16198.0,12020.0,7739.0
10940.0,7174.0,7705.0
16452.0,12242.0,7739.0
11274.0,12196.0,7722.0
11190.0,7174.0,7705.0
16367.0,12291.0,7741.0
16527.0,7173.0,8009.0
11360.0,7110.0,7739.0
538504.0,12240.0,7807.0
11222.0,7206.0,7739.0
11040.0,13171.0,7641.0
16215.0,12333.0,7773.0
16345.0,7040.0,7741.0
11104.0,7154.0,7805.0
16233.0,12249.0,7641.0
11126.0,13262.0,7741.0
179904.0,7058.0,7641.0
11244.0,7128.0,7707.0
16257.0,12298.0,7641.0
10996.0,7092.0,7675.0
512166.0,12178.0,7741.0
11050.0,7122.0,7739.0
11136.0,12278.0,7641.0
16223.0,7108.0,7643.0
16333.0,12128.0,7851.0
11124.0,7122.0,7741.0
16421.0,12346.0,7641.0
11392.0,7206.0,7807.0
16453.0,12360.0,7741.0
11062.0,7154.0,7691.0
11126.0,12213.0,7675.0
53117.0,7190.0,7756.0
9637.0,12392.0,7741.0
16304.0,7046.0,7739.0
11104.0,12350.0,7739.0
16421.0,7140.0,7643.0
11178.0,12210.0,7705.0
11136.0,7222.0,42799.0
16431.0,12274.0,7577.0
16076.0,7124.0,7675.0
11200.0,12260.0,7543.0
17755.0,7153.0,7741.0
17239.0,12232.0,7739.0
11190.0,7122.0,7597.0
16456.0,12398.0,7675.0
10996.0,12287.0,7545.0
18155.0,7154.0,7705.0
16356.0,7122.0,7709.0
11210.0,13539.0,7821.0
16336.0,7108.0,7577.0
11112.0,12167.0,7741.0
16412.0,7122.0,7577.0
11050.0,12300.0,7739.0
16195.0,12242.0,7739.0
11168.0,7072.0,7741.0
11178.0,12096.0,7741.0
16398.0,7122.0,7751.0
16531.0,7072.0,7641.0
11244.0,12310.0,7755.0
57245.0,12490.0,7675.0
11233.0,7256.0,7707.0
16079.0,13751.0,7771.0
10975.0,7078.0,8115.0
11104.0,12242.0,7773.0
16460.0,12483.0,7577.0
11276.0,7032.0,7577.0
16106.0,12295.0,7721.0
16535.0,7174.0,7739.0
11200.0,7110.0,7775.0
11190.0,12297.0,7773.0
16603.0,7174.0,7757.0
11136.0,12346.0,7545.0
16345.0,7192.0,7675.0
16495.0,13066.0,7773.0
11168.0,7254.0,7677.0
16507.0,12446.0,7773.0
11136.0,12058.0,7739.0
11230.0,7076.0,7741.0
16409.0,12186.0,7819.0
16397.0,7154.0,7741.0
11168.0,7174.0,7751.0
16246.0,12072.0,7773.0
10942.0,7158.0,7673.0
11072.0,12360.0,7773.0
16387.0,7350.0,7739.0
11082.0,12257.0,7757.0
52911.0,7058.0,7579.0
16249.0,12392.0,7641.0
11114.0,7192.0,7814.0
11082.0,12331.0,7641.0
16471.0,7140.0,7757.0
16410.0,12212.0,7675.0
11136.0,7058.0,7675.0
16327.0,12281.0,9109.0
11168.0,12424.0,181547.0
16368.0,7108.0,7445.0
11190.0,7110.0,7886.0
16309.0,12165.0,7705.0
11114.0,7142.0,7739.0
16474.0,12164.0,7757.0
11190.0,7108.0,763.0
16348.0,12276.0,7677.0
11222.0,12162.0,7577.0
16456.0,6982.0,7578.0
11116.0,7040.0,7677.0
16136.0,12192.0,7675.0
11242.0,7092.0,7849.0
11072.0,12602.0,7773.0
156557.0,12196.0,7709.0
16643.0,7044.0,7497.0
11178.0,7224.0,7739.0
109975.0,12278.0,7677.0
11178.0,12449.0,7641.0
16581.0,7174.0,77389.0
11104.0,7122.0,7741.0
16451.0,12310.0,7803.0
11264.0,7154.0,7755.0
16345.0,12278.0,7705.0
11168.0,7040.0,7803.0
10974.0,12262.0,7741.0
16496.0,7122.0,7805.0
16463.0,12461.0,7643.0
11124.0,12247.0,7775.0
16269.0,7192.0,7677.0
10997.0,7108.0,7643.0
16371.0,12231.0,7739.0
11136.0,7122.0,7803.0
16368.0,12228.0,7611.0
11136.0,7206.0,7709.0
16506.0,12355.0,7741.0
11024.0,12167.0,7675.0
10974.0,7160.0,7595.0
52884.0,7178.0,7740.0
16484.0,12177.0,7641.0
11254.0,7438.0,7641.0
16300.0,12278.0,7739.0
11222.0,7090.0,7741.0
16419.0,12199.0,7773.0
11200.0,7160.0,7643.0
16613.0,12210.0,7675.0
11266.0,7206.0,7675.0
16399.0,717.0,7739.0
11274.0,7128.0,7774.0
516138.0,12194.0,7577.0
11060.0,12228.0,7947.0
16377.0,7172.0,7807.0
11026.0,7110.0,7849.0
16419.0,12096.0,7773.0
11104.0,12392.0,7497.0
11178.0,7122.0,7741.0
16244.0,7174.0,7677.0
17335.0,12099.0,7641.0
11049.0,12380.0,7773.0
10964.0,7140.0,7787.0
16463.0,7026.0,7705.0
16432.0,12078.0,5757.0
11082.0,12405.0,5765.0
16195.0,7096.0,7741.0
11188.0,7124.0,7641.0
11233.0,12178.0,7643.0
16162.0,12165.0,7543.0
11136.0,7142.0,7641.0
57509.0,7154.0,7657.0
16422.0,12210.0,7741.0
10964.0,12159.0,7773.0
13251.0,7192.0,7577.0
13285.0,12342.0,7741.0
13367.0,7140.0,7675.0
13285.0,12474.0,7659.0
13215.0,7160.0,451071.0
13397.0,7206.0,7739.0
13365.0,12151.0,7709.0
13345.0,7076.0,7739.0
13253.0,12142.0,7739.0
13269.0,7128.0,7773.0
13167.0,12305.0,7643.0
13317.0,7206.0,7641.0
13231.0,12231.0,7577.0
13301.0,7140.0,7739.0
13381.0,124152.0,7805.0
13371.0,12310.0,7739.0
13285.0,7222.0,7789.0
13285.0,12251.0,7739.0
13419.0,7154.0,7887.0
13253.0,7122.0,7675.0
13381.0,12487.0,7641.0
13355.0,7172.0,7805.0
13371.0,12210.0,7741.0
13231.0,12264.0,7643.0
13285.0,7174.0,7705.0
13353.0,7174.0,7773.0
13391.0,12117.0,7643.0
13221.0,7110.0,7643.0
13365.0,12360.0,7577.0
13419.0,12218.0,7675.0
13307.0,7154.0,7705.0
13487.0,12260.0,7577.0
13199.0,7206.0,7707.0
13441.0,7140.0,7709.0
13452.0,12096.0,7595.0
13355.0,7192.0,7707.0
13451.0,12315.0,7641.0
13403.0,7108.0,7547.0
13199.0,12303.0,7677.0
13267.0,7206.0,7709.0
14600.0,12342.0,7773.0
13339.0,7224.0,7811.0
13505.0,12128.0,7641.0
13271.0,12230.0,7641.0
13231.0,7256.0,7773.0
13275.0,7210.0,7657.0
13365.0,12505.0,7754.0
13403.0,12049.0,7643.0
13285.0,7206.0,7751.0
13199.0,7160.0,7643.0
13366.0,12309.0,7675.0
13187.0,7140.0,7579.0
13285.0,12324.0,350748.0
13451.0,7579.0,7643.0
13285.0,12312.0,7743.0
13337.0,7126.0,7741.0
13333.0,47865.0,7707.0
13539.0,12399.0,7838.0
13279.0,7274.0,7739.0
13215.0,7124.0,7643.0
13403.0,12401.0,7641.0
13253.0,12237.0,7739.0
13199.0,7206.0,7739.0
13441.0,7096.0,7741.0
13249.0,12208.0,7641.0
13215.0,12231.0,7611.0
13541.0,7124.0,7545.0
13451.0,7108.0,7707.0
13269.0,12117.0,7641.0
13403.0,7174.0,7755.0
13221.0,12167.0,7741.0
13177.0,12087.0,7643.0
13441.0,7110.0,7805.0
13273.0,7210.0,7677.0
13221.0,12335.0,7772.0
13375.0,7140.0,7805.0
13365.0,12332.0,7675.0
13371.0,7092.0,340227.0
13253.0,12036.0,7739.0
13199.0,7124.0,7707.0
13302.0,12128.0,7643.0
13509.0,7058.0,7707.0
13167.0,12160.0,7739.0
13199.0,12103.0,7707.0
13425.0,7174.0,7643.0
13487.0,12113.0,7707.0
13317.0,7192.0,7641.0
13329.0,12242.0,7675.0
13441.0,7206.0,7739.0
13167.0,7032.0,7803.0
13451.0,12251.0,7691.0
13339.0,7122.0,7741.0
13039.0,12310.0,7643.0
13387.0,7224.0,7740.0
13463.0,12250.0,7773.0
13365.0,12181.0,7545.0
13167.0,7192.0,7819.0
13483.0,7192.0,7641.0
13287.0,12179.0,7773.0
13131.0,7090.0,7577.0
13391.0,12347.0,7675.0
13504.0,7256.0,7643.0
13439.0,12152.0,7817.0
13253.0,12233.0,7677.0
13295.0,7192.0,7819.0
13237.0,7174.0,7675.0
13339.0,12132.0,7741.0
13166.0,12318.0,7543.0
13339.0,7174.0,7773.0
13371.0,12228.0,7773.0
13737.0,7092.0,7773.0
14460.0,12325.0,7611.0
13189.0,7122.0,7675.0
13167.0,12167.0,7611.0
13269.0,7224.0,7805.0
13387.0,7236.0,7789.0
13451.0,12304.0,7607.0
13339.0,12525.0,572059.0
13441.0,7058.0,7607.0
13487.0,7174.0,7741.0
13135.0,12241.0,7641.0
13339.0,7108.0,7709.0
13355.0,12168.0,7542.0
13307.0,7154.0,180278.0
13451.0,13237.0,7675.0
13387.0,7206.0,7543.0
13319.0,12215.0,7741.0
13253.0,12291.0,7739.0
13442.0,7124.0,7579.0
13131.0,12209.0,7887.0
13277.0,7158.0,7675.0
13441.0,7206.0,7641.0
13301.0,12210.0,7799.0
13253.0,7154.0,7609.0
13254.0,12424.0,763.0
13232.0,7042.0,7707.0
13409.0,12178.0,7611.0
13221.0,7306.0,7677.0
13221.0,12178.0,7739.0
13483.0,7206.0,7687.0
13286.0,12260.0,7773.0
13353.0,12246.0,7543.0
13363.0,7046.0,7709.0
13231.0,7108.0,7775.0
13473.0,12386.0,7771.0
13339.0,7160.0,7675.0
13285.0,12274.0,7641.0
13401.0,12199.0,7837.0
13243.0,7206.0,7579.0
13215.0,12260.0,7803.0
13365.0,7206.0,7773.0
13451.0,12424.0,7643.0
13285.0,7140.0,7757.0
13285.0,7154.0,7675.0
13323.0,12293.0,7657.0
13417.0,12146.0,89951.0
13505.0,7174.0,7675.0
13377.0,13870.0,7739.0
13253.0,12167.0,7579.0
13199.0,7178.0,7643.0
13249.0,12232.0,7739.0
14198.0,7075.0,575077.0
13263.0,12205.0,7913.0
13317.0,7108.0,7643.0
13263.0,7040.0,7739.0
13425.0,12178.0,7709.0
13231.0,7160.0,7643.0
13365.0,12277.0,91391.0
13232.0,12267.0,7853.0
13285.0,7206.0,7641.0
13375.0,7160.0,7691.0
13317.0,12129.0,7679.0
13377.0,7219.0,7543.0
13401.0,7122.0,7641.0
13254.0,12287.0,43577.0
13215.0,6995.0,7839.0
13419.0,7245.0,7740.0
13241.0,7003.0,7675.0
13441.0,825.0,7709.0
13477.0,7108.0,7757.0
13307.0,12212.0,7805.0
13371.0,12474.0,8312.0
13301.0,7096.0,583366.0
13393.0,12226.0,7640.0
13317.0,7092.0,7741.0
13301.0,6971.0,7709.0
13569.0,7105.0,7741.0
13385.0,117902.0,7743.0
13279.0,7187.0,7643.0
13301.0,7135.0,7789.0
13253.0,12191.0,7741.0
13433.0,7174.0,7773.0
13355.0,7137.0,7677.0
13259.0,7108.0,7773.0
13199.0,12337.0,7807.0
13297.0,7053.0,7773.0
13403.0,7147.0,7739.0
13415.0,7007.0,7773.0
13451.0,7160.0,7640.0
13509.0,12463.0,7785.0
870074.0,7073.0,7739.0
870509.0,165458.0,7741.0
864810.0,7206.0,7773.0
860973.0,12204.0,7607.0
877895.0,7187.0,7641.0
860080.0,7122.0,7579.0
875651.0,12191.0,7659.0
883055.0,40981.0,7739.0
861488.0,7117.0,7805.0
864968.0,7122.0,7740.0
872301.0,12127.0,7739.0
860587.0,7087.0,8135.0
6832.0,161715.0,7677.0
130473.0,7103.0,7739.0
6776.0,7140.0,7641.0
6792.0,12190.0,7643.0
861487.0,7201.0,7741.0
878298.0,7192.0,7773.0
861832.0,12397.0,7675.0
862444.0,7169.0,12537.0
859766.0,6982.0,7773.0
6704.0,12013.0,12714.0
411082.0,7237.0,7579.0
6768.0,7169.0,7803.0
6852.0,7224.0,12715.0
6852.0,12066.0,12818.0
6824.0,7155.0,7706.0
6724.0,7210.0,12636.0
6888.0,12422.0,7611.0
455814.0,7255.0,12554.0
859536.0,7135.0,7840.0
868464.0,7173.0,7743.0
888113.0,12309.0,12485.0
873660.0,7058.0,59318.0
873882.0,7053.0,7773.0
862428.0,7141.0,7675.0
875064.0,12129.0,12969.0
860991.0,7110.0,7641.0
887334.0,12272.0,12729.0
863704.0,12263.0,134391.0
870571.0,7058.0,7757.0
865442.0,7108.0,12678.0
878876.0,12208.0,7656.0
864428.0,7169.0,12945.0
859746.0,717.0,7611.0
872984.0,7126.0,14565.0
859926.0,12292.0,7709.0
861890.0,12015.0,12624.0
873968.0,7160.0,7643.0
870936.0,7251.0,59979.0
877358.0,12373.0,12881.0
865595.0,7174.0,7643.0
874973.0,7169.0,7709.0
866476.0,117924.0,12881.0
879816.0,7087.0,7741.0
879204.0,12158.0,12791.0
879852.0,7124.0,7773.0
882377.0,7174.0,12836.0
866412.0,12222.0,12794.0
874746.0,7192.0,7641.0
860439.0,12305.0,12818.0
884650.0,7187.0,7643.0
883261.0,93749.0,12739.0
866099.0,7117.0,7691.0
872634.0,7129.0,12732.0
876440.0,7103.0,7641.0
878329.0,7117.0,7685.0
861811.0,7105.0,12708.0
872324.0,7193.0,7739.0
861425.0,7167.0,12686.0
861384.0,7149.0,7706.0
881267.0,12116.0,12591.0
8308.0,7122.0,12864.0
524221.0,7092.0,7742.0
6876.0,12389.0,7643.0
6712.0,7108.0,12576.0
6712.0,13313.0,7645.0
6776.0,7169.0,142691.0
7099.0,7123.0,7643.0
6724.0,3942.0,12781.0
6776.0,7187.0,7741.0
8296.0,143120.0,12678.0
860921.0,7187.0,12747.0
866818.0,7237.0,7675.0
872031.0,7091.0,7755.0
869191.0,12273.0,165439.0
862601.0,7140.0,7709.0
875773.0,12134.0,12610.0
869691.0,12159.0,12664.0
859945.0,7192.0,7641.0
861533.0,7173.0,7641.0
867262.0,7119.0,12621.0
882909.0,7087.0,7709.0
860881.0,7169.0,12764.0
643018.0,7040.0,12485.0
879195.0,12291.0,7739.0
888900.0,7174.0,12927.0
872417.0,12308.0,7741.0
861601.0,13311.0,7739.0
859783.0,7169.0,12772.0
885153.0,7124.0,11815.0
880573.0,175003.0,6725.0
876009.0,41017.0,7267.0
860757.0,7169.0,763.0
873450.0,7169.0,8419.0
881715.0,7140.0,7709.0
890970.0,12162.0,12745.0
880999.0,7117.0,7739.0
886450.0,7058.0,12738.0
867141.0,12287.0,7699.0
882017.0,7105.0,154743.0
880665.0,7135.0,7803.0
879166.0,7028.0,12687.0
861286.0,12509.0,7742.0
863318.0,7178.0,12860.0
878314.0,12266.0,12760.0
872775.0,7021.0,7741.0
859162.0,143129.0,7511.0
878390.0,7059.0,70379.0
865948.0,143148.0,143938.0
881330.0,7117.0,7577.0
867409.0,12146.0,12619.0
875916.0,7092.0,7741.0
868964.0,7122.0,12643.0
867526.0,12413.0,7837.0
860566.0,7058.0,14752.0
869733.0,12176.0,7803.0
863868.0,7140.0,135656.0
860549.0,12323.0,7805.0
860445.0,7135.0,12622.0
861787.0,12275.0,12760.0
884877.0,7178.0,7741.0
861017.0,7167.0,12700.0
875125.0,7117.0,7739.0
860913.0,12254.0,7741.0
862990.0,7128.0,12571.0
860510.0,7171.0,7807.0
862230.0,7251.0,12750.0
867401.0,12330.0,12806.0
888033.0,7140.0,7803.0
888983.0,7192.0,12742.0
877913.0,12176.0,7807.0
878026.0,143222.0,72186.0
865528.0,7116.0,7641.0
863316.0,12852.0,70158.0
880755.0,7058.0,12338.0
865384.0,7035.0,7577.0
877137.0,7110.0,12828.0
871093.0,12880.0,7773.0
881857.0,7140.0,7675.0
863039.0,12141.0,12990.0
861743.0,7155.0,12632.0
859626.0,7040.0,7740.0
862150.0,12423.0,12664.0
865383.0,7058.0,7775.0
648803.0,12241.0,7807.0
877484.0,7087.0,12844.0
879960.0,41081.0,12662.0
634851.0,7117.0,7739.0
878919.0,93875.0,12784.0
859320.0,192305.0,7803.0
881037.0,7301.0,12762.0
878810.0,7167.0,7675.0
860654.0,7135.0,12782.0
860024.0,7105.0,7740.0
869697.0,7169.0,12936.0
885635.0,7123.0,7739.0
882673.0,7205.0,554938.0
860572.0,7187.0,7739.0
878788.0,7210.0,7741.0
798060.0,12154.0,13221.0
880416.0,7137.0,12551.0
891865.0,7117.0,7757.0
878036.0,717.0,7775.0
873833.0,7174.0,147794.0
879504.0,12670.0,7866.0
860556.0,6913.0,12762.0
871531.0,7155.0,7707.0
875443.0,7174.0,287327.0
863056.0,12222.0,12806.0
861205.0,7174.0,7797.0
860119.0,12215.0,12720.0
882856.0,7135.0,7775.0
880761.0,7117.0,7737.0
850581.0,7155.0,13101.0
874962.0,7167.0,7773.0
884789.0,165731.0,12706.0
862807.0,6989.0,7577.0
859134.0,7167.0,12794.0
860989.0,7117.0,12894.0
883134.0,7058.0,7741.0
877995.0,12048.0,7577.0
862066.0,7122.0,12557.0
872553.0,12212.0,12814.0
876855.0,7174.0,7773.0
860598.0,12358.0,12688.0
874393.0,7192.0,7739.0
870770.0,12132.0,14525.0
861000.0,7178.0,7709.0
872516.0,12205.0,12745.0
880325.0,7039.0,12529.0
861160.0,12317.0,7773.0
877067.0,7128.0,12576.0
6800.0,7158.0,7739.0
381475.0,12524.0,7675.0
8328.0,7217.0,12638.0
6712.0,7169.0,13125.0
6788.0,7058.0,7805.0
8360.0,12223.0,12628.0
6712.0,7174.0,7741.0
875191.0,11931.0,7641.0
877761.0,12130.0,211954.0
877998.0,7160.0,7709.0
877518.0,141039.0,12814.0
880804.0,7117.0,7739.0
881041.0,7103.0,12536.0
868706.0,7169.0,7787.0
859643.0,175137.0,12784.0
872555.0,7092.0,7741.0
860091.0,12271.0,12683.0
861958.0,7122.0,7755.0
860484.0,12208.0,12715.0
871192.0,7149.0,12653.0
860687.0,12220.0,7579.0
886060.0,7122.0,7659.0
859058.0,93964.0,12911.0
879279.0,7023.0,145194.0
873690.0,7105.0,7643.0
10883.0,7110.0,7641.0
88784.0,12255.0,12696.0
16047.0,12241.0,12559.0
10949.0,7122.0,7740.0
10883.0,12165.0,7675.0
15928.0,7058.0,12569.0
10647.0,7071.0,12902.0
16116.0,7169.0,7779.0
10937.0,7201.0,7773.0
15797.0,7174.0,12635.0
12489.0,12254.0,7803.0
509983.0,7058.0,278245.0
10847.0,12173.0,7479.0
15959.0,7058.0,12506.0
15890.0,12222.0,12739.0
10743.0,7103.0,7657.0
10969.0,7135.0,7577.0
16172.0,7153.0,164407.0
16120.0,7199.0,7675.0
11151.0,12336.0,12655.0
10935.0,7192.0,7791.0
15999.0,183863.0,12760.0
15795.0,7087.0,12515.0
11079.0,7149.0,7611.0
17415.0,7071.0,12475.0
15729.0,7242.0,7837.0
10883.0,12405.0,7675.0
11023.0,7160.0,12913.0
16107.0,12123.0,69513.0
16118.0,7155.0,8343.0
10873.0,7058.0,7741.0
11053.0,12141.0,59838.0
16273.0,12254.0,14818.0
10991.0,7174.0,12806.0
231629.0,155196.0,7741.0
10981.0,7169.0,7773.0
16190.0,7160.0,12630.0
10905.0,12206.0,7579.0
15934.0,7169.0,12781.0
10829.0,7187.0,12751.0
16111.0,122326.0,7741.0
10690.0,7021.0,12640.0
15773.0,7085.0,7707.0
11055.0,7110.0,7755.0
16181.0,12261.0,12998.0
11055.0,7103.0,7709.0
15891.0,6976.0,12717.0
16035.0,12158.0,7481.0
10883.0,12280.0,135766.0
11107.0,7058.0,13224.0
15569.0,7174.0,7739.0
10969.0,12111.0,12674.0
15742.0,7135.0,7775.0
10957.0,7117.0,69432.0
16040.0,7108.0,7711.0
15774.0,12222.0,7677.0
10935.0,7108.0,12797.0
15876.0,12220.0,12711.0
10937.0,12150.0,7741.0
15793.0,7108.0,7984.0
11065.0,7254.0,49586.0
15833.0,12253.0,59602.0
10979.0,7140.0,7775.0
15968.0,12272.0,12783.0
10969.0,7041.0,7675.0
10981.0,7105.0,70304.0
15841.0,7135.0,7773.0
474205.0,174948.0,7675.0
11129.0,7122.0,12683.0
438267.0,12293.0,7641.0
10883.0,7117.0,12849.0
10938.0,7058.0,12651.0
15914.0,12259.0,7789.0
438069.0,40919.0,7641.0
10981.0,7168.0,12617.0
16121.0,7160.0,12870.0
10933.0,12372.0,7741.0
10957.0,7103.0,12686.0
147848.0,7140.0,7644.0
16104.0,12193.0,7641.0
10925.0,7140.0,50212.0
15884.0,12336.0,7791.0
11055.0,7055.0,12736.0
10797.0,7122.0,12505.0
15967.0,12095.0,7675.0
10753.0,7169.0,7707.0
15923.0,7135.0,12651.0
10905.0,236194.0,7577.0
11021.0,7169.0,12817.0
16142.0,7059.0,12884.0
11013.0,12212.0,7773.0
15979.0,7174.0,8315.0
16000.0,7091.0,140053.0
10947.0,7021.0,7675.0
15913.0,7174.0,12662.0
10883.0,12273.0,12697.0
12511.0,7169.0,7643.0
15817.0,7140.0,12782.0
10979.0,12305.0,7755.0
437553.0,7135.0,7739.0
15840.0,12303.0,12853.0
10863.0,6994.0,7803.0
67713.0,12146.0,12783.0
10785.0,7172.0,147530.0
13432.0,7046.0,7739.0
4721.0,12190.0,12930.0
4757.0,7172.0,7773.0
4817.0,12364.0,554150.0
4681.0,12228.0,7707.0
4725.0,7072.0,7741.0
15851.0,12396.0,12699.0
10849.0,7174.0,14529.0
10765.0,7456.0,12712.0
16216.0,12273.0,7739.0
16086.0,7040.0,7739.0
10829.0,12265.0,12491.0
17641.0,7174.0,12851.0
10882.0,12410.0,7739.0
16012.0,12085.0,7643.0
17570.0,7140.0,222495.0
11479.0,7122.0,12804.0
15926.0,12104.0,7769.0
11021.0,7206.0,7511.0
16032.0,12278.0,568209.0
16055.0,12268.0,12694.0
11366.0,7124.0,7641.0
11087.0,7128.0,12651.0
16120.0,12218.0,7675.0
15729.0,7206.0,12666.0
11412.0,12318.0,7641.0
10935.0,12358.0,216371.0
16000.0,7122.0,8212.0
16416.0,12217.0,7773.0
10937.0,7192.0,12700.0
15505.0,6982.0,12620.0
10809.0,12178.0,7641.0
10883.0,7172.0,7739.0
15716.0,12401.0,12895.0
10917.0,13632.0,7675.0
15934.0,8242.0,12603.0
489825.0,12131.0,7773.0
11055.0,12475.0,154283.0
10967.0,7121.0,12794.0
15949.0,7174.0,7741.0
11045.0,12447.0,7675.0
219003.0,6976.0,12572.0
10927.0,12095.0,7805.0
16086.0,12178.0,69478.0
11482.0,7206.0,134367.0
16226.0,12328.0,7709.0
15797.0,7206.0,7773.0
10959.0,7160.0,12915.0
10991.0,12209.0,12815.0
15849.0,12132.0,7775.0
16041.0,7040.0,12698.0
10871.0,7124.0,7711.0
10935.0,12096.0,7577.0
15991.0,12264.0,70311.0
10969.0,7158.0,8320.0
15828.0,7174.0,282511.0
15869.0,12263.0,12553.0
10883.0,7174.0,7789.0
11087.0,12210.0,133462.0
16077.0,7192.0,7675.0
10915.0,12116.0,7643.0
15828.0,12291.0,12846.0
11011.0,7174.0,12524.0
15796.0,12311.0,7757.0
15914.0,7122.0,7739.0
10925.0,7174.0,12774.0
10947.0,11887.0,7789.0
16196.0,12132.0,12781.0
17244.0,7124.0,7709.0
11529.0,12196.0,12718.0
16097.0,7058.0,7791.0
10905.0,7174.0,12695.0
17509.0,12292.0,7741.0
10809.0,7224.0,12739.0
17737.0,12556.0,7773.0
15604.0,7242.0,12487.0
10883.0,12255.0,12806.0
10735.0,12294.0,7667.0
15882.0,7122.0,12564.0
11107.0,12237.0,7611.0
15968.0,7122.0,7771.0
10883.0,12373.0,145864.0
18446.0,7172.0,7739.0
11179.0,7140.0,12683.0
15838.0,12195.0,7675.0
11067.0,12242.0,12490.0
17749.0,7210.0,7675.0
10883.0,12378.0,149204.0
186667.0,8130.0,12664.0
15926.0,6994.0,7741.0
10959.0,12237.0,12851.0
16011.0,7272.0,7803.0
10797.0,12163.0,7675.0
17273.0,12078.0,12591.0
10807.0,7288.0,7577.0
10989.0,7204.0,12794.0
16063.0,12128.0,12627.0
15969.0,7174.0,7741.0
10935.0,13018.0,12519.0
15914.0,12181.0,7741.0
10927.0,7058.0,12634.0
10991.0,7139.0,7741.0
15923.0,12163.0,12511.0
16077.0,7146.0,7741.0
11055.0,12351.0,12826.0
10989.0,7174.0,7643.0
15572.0,12215.0,12744.0
16482.0,7520.0,7577.0
10957.0,12210.0,7710.0
16118.0,7072.0,12663.0
11117.0,12292.0,515133.0
11817.0,7122.0,7803.0
16264.0,12424.0,12762.0
10883.0,12400.0,7445.0
15978.0,7174.0,7773.0
15668.0,7192.0,12717.0
10915.0,12112.0,12784.0
10883.0,7090.0,7742.0
15742.0,12128.0,65706.0
10969.0,13955.0,7611.0
15872.0,7108.0,7773.0
11881.0,12230.0,12585.0
16036.0,7090.0,8005.0
245445.0,12286.0,153075.0
10819.0,7014.0,7641.0
11131.0,12291.0,763.0
15801.0,12265.0,7823.0
11009.0,7040.0,7657.0
15700.0,7174.0,7820.0
16049.0,12406.0,7789.0
11021.0,12392.0,7739.0
13336.0,7154.0,7641.0
4757.0,12228.0,7641.0
4757.0,7110.0,7806.0
4757.0,7172.0,7691.0
4777.0,12648.0,7659.0
4789.0,12538.0,763.0
15805.0,7154.0,7719.0
10753.0,7092.0,7673.0
16001.0,12146.0,7479.0
10775.0,7140.0,7607.0
10775.0,12310.0,7641.0
16184.0,12232.0,7675.0
10829.0,7178.0,7611.0
16102.0,7092.0,7643.0
16044.0,12321.0,7677.0
10991.0,7040.0,7643.0
10903.0,12228.0,763.0
16011.0,12228.0,7643.0
16055.0,7174.0,7743.0
10969.0,12268.0,7579.0
16021.0,7142.0,7677.0
10999.0,12128.0,7741.0
15872.0,7242.0,7773.0
11055.0,7122.0,7595.0
10851.0,825.0,7641.0
16031.0,7192.0,7641.0
118402.0,12214.0,7773.0
10849.0,12085.0,7996.0
10969.0,7122.0,7789.0
15924.0,7154.0,7445.0
15945.0,12338.0,7739.0
10905.0,7058.0,7706.0
11119.0,12178.0,7641.0
15936.0,7122.0,7709.0
17559.0,12082.0,7643.0
11057.0,7174.0,7531.0
15892.0,12360.0,7677.0
10895.0,13616.0,7741.0
15917.0,12214.0,7775.0
10883.0,7160.0,7611.0
437819.0,7032.0,7641.0
15938.0,12060.0,7577.0
10905.0,12292.0,7739.0
15990.0,7110.0,7685.0
10967.0,12365.0,7739.0
17278.0,7128.0,7542.0
10883.0,7090.0,7807.0
16086.0,12205.0,7691.0
10829.0,7174.0,7657.0
15755.0,12180.0,7643.0
12060.0,7160.0,10496.0
16139.0,12159.0,7543.0
15810.0,7124.0,7611.0
10959.0,12281.0,7675.0
10935.0,12133.0,111662.0
15901.0,7174.0,7739.0
16040.0,7174.0,7705.0
10797.0,12117.0,7674.0
17512.0,7110.0,7677.0
11033.0,12766.0,7706.0
16108.0,7158.0,7657.0
16153.0,12309.0,7643.0
10841.0,7140.0,7643.0
472558.0,12274.0,7803.0
10895.0,7110.0,7641.0
10969.0,12146.0,7739.0
15880.0,12131.0,7675.0
16054.0,7140.0,17060.0
10895.0,7160.0,7773.0
11460.0,12310.0,7683.0
16311.0,12178.0,7785.0
10893.0,7171.0,7789.0
16117.0,12360.0,7789.0
16226.0,7124.0,7675.0
11043.0,12314.0,7643.0
11087.0,7242.0,7611.0
16130.0,7122.0,7611.0
10903.0,12199.0,7675.0
15975.0,7072.0,7641.0
15839.0,12524.0,7677.0
10969.0,12317.0,7577.0
10733.0,7154.0,7929.0
15840.0,7174.0,7543.0
15933.0,12292.0,763.0
10957.0,7238.0,7577.0
16054.0,909.0,7741.0
10808.0,7274.0,7739.0
11001.0,12146.0,7657.0
220956.0,12205.0,7741.0
10969.0,7008.0,7641.0
16120.0,7140.0,7641.0
16095.0,12392.0,7577.0
11043.0,12323.0,7643.0
16215.0,7206.0,7641.0
10979.0,12152.0,7691.0
16131.0,7122.0,7641.0
10969.0,12332.0,7545.0
15993.0,7160.0,7640.0
11001.0,7306.0,7641.0
17515.0,12128.0,7755.0
10927.0,12150.0,7643.0
16079.0,7154.0,7445.0
15763.0,7108.0,7641.0
10969.0,12816.0,574505.0
10915.0,7172.0,7707.0
15871.0,12210.0,7891.0
15987.0,12291.0,7641.0
10711.0,7154.0,7577.0
16062.0,7014.0,7645.0
10883.0,12350.0,7607.0
16022.0,7274.0,7641.0
10915.0,12231.0,7741.0
10969.0,7160.0,7741.0
483371.0,11951.0,7641.0
11003.0,7060.0,84515.0
15822.0,12396.0,7641.0
10915.0,7040.0,7641.0
16056.0,12199.0,7641.0
11055.0,7060.0,7755.0
16054.0,12159.0,7641.0
10947.0,7140.0,24165.0
16075.0,12450.0,7805.0
10937.0,7346.0,7479.0
16344.0,13122.0,7837.0
16192.0,12404.0,7637.0
11045.0,7174.0,7641.0
11021.0,12286.0,7445.0
15968.0,7174.0,7611.0
17414.0,7124.0,7641.0
16171.0,12538.0,7739.0
11020.0,7014.0,7755.0
16152.0,12134.0,7657.0
10893.0,7096.0,7708.0
15912.0,12478.0,7643.0
11001.0,12218.0,7642.0
15777.0,7142.0,7585.0
10701.0,12086.0,7643.0
10915.0,7122.0,7773.0
16035.0,12346.0,170158.0
15917.0,7206.0,7739.0
10969.0,7172.0,7849.0
15777.0,12342.0,7757.0
10882.0,12160.0,7805.0
15881.0,7110.0,7657.0
10787.0,7142.0,7645.0
10969.0,12173.0,7709.0
15874.0,12242.0,7515.0
4785.0,7174.0,7739.0
13431.0,7092.0,7643.0
4725.0,12154.0,7757.0
4725.0,7206.0,7757.0
4785.0,12342.0,7578.0
4777.0,7160.0,7871.0
11001.0,12178.0,7895.0
16076.0,7242.0,7659.0
16000.0,12120.0,7479.0
10935.0,7154.0,7675.0
15745.0,12159.0,7641.0
10961.0,12255.0,7945.0
11489.0,7124.0,7741.0
255933.0,7108.0,7675.0
16701.0,12224.0,7677.0
10883.0,7090.0,7739.0
144982.0,12282.0,7741.0
10819.0,7224.0,7705.0
16101.0,12228.0,7675.0
11055.0,12160.0,7641.0
16100.0,7218.0,7787.0
17611.0,7008.0,7983.0
11709.0,12174.0,7739.0
15650.0,12301.0,7577.0
10871.0,7122.0,7675.0
17509.0,7140.0,7675.0
10681.0,12331.0,7675.0
16281.0,7076.0,4886.0
16015.0,12249.0,4820.0
11023.0,7122.0,7645.0
17846.0,12120.0,7859.0
165163.0,12192.0,7641.0
10893.0,7174.0,7543.0
16636.0,12486.0,7641.0
11043.0,7206.0,7705.0
11153.0,7174.0,7643.0
16364.0,12267.0,7643.0
16314.0,12186.0,7785.0
10819.0,7224.0,7645.0
16356.0,7192.0,7709.0
11045.0,12426.0,7443.0
16256.0,7256.0,7542.0
10937.0,12187.0,7849.0
16367.0,7174.0,7543.0
11185.0,12387.0,7577.0
16474.0,7090.0,7499.0
11055.0,12146.0,7739.0
16405.0,12341.0,7739.0
11077.0,7370.0,7543.0
16362.0,7190.0,7773.0
11077.0,12255.0,7675.0
11183.0,7122.0,7641.0
16644.0,12404.0,7485.0
10957.0,7292.0,7577.0
16311.0,13186.0,7675.0
16214.0,7124.0,7685.0
10895.0,12160.0,7643.0
16094.0,7206.0,7675.0
11077.0,12078.0,7479.0
11067.0,7173.0,42511.0
16485.0,12237.0,7739.0
16365.0,12187.0,7805.0
11045.0,7192.0,7643.0
16477.0,13990.0,7648.0
10905.0,12478.0,7677.0
16387.0,7078.0,7889.0
11011.0,7154.0,7705.0
16300.0,12207.0,7643.0
10841.0,7122.0,12684.0
17765.0,12196.0,7707.0
10905.0,7526.0,556219.0
16300.0,769.0,7757.0
16442.0,12310.0,12797.0
11013.0,7158.0,7773.0
11131.0,12263.0,61458.0
16204.0,7192.0,7755.0
16376.0,12255.0,538647.0
11268.0,7128.0,7675.0
16291.0,12255.0,12771.0
11185.0,7122.0,7741.0
11067.0,12232.0,12638.0
16312.0,7072.0,7741.0
16539.0,12342.0,12617.0
10841.0,7110.0,7577.0
16368.0,12164.0,12706.0
11077.0,7178.0,7807.0
16604.0,7164.0,7641.0
10917.0,12447.0,144324.0
16195.0,7242.0,12617.0
11067.0,12067.0,7739.0
16358.0,7032.0,538295.0
11067.0,12633.0,7789.0
16298.0,7262.0,12651.0
11045.0,12174.0,7773.0
16268.0,7142.0,12751.0
10959.0,12281.0,7739.0
11109.0,7108.0,12596.0
16236.0,12186.0,7805.0
16288.0,7078.0,12519.0
11097.0,12296.0,7709.0
11195.0,7160.0,12585.0
16236.0,12333.0,7773.0
17979.0,12187.0,12767.0
16246.0,7242.0,7739.0
10958.0,7154.0,12517.0
11365.0,12269.0,7739.0
16541.0,7178.0,12589.0
11087.0,12284.0,7823.0
16303.0,7072.0,12813.0
11065.0,12108.0,7643.0
16342.0,7154.0,7577.0
11129.0,12267.0,60757.0
16274.0,7092.0,12788.0
11053.0,12128.0,7545.0
16102.0,7192.0,138269.0
10991.0,12199.0,7643.0
16217.0,12263.0,534188.0
11043.0,7108.0,7643.0
16492.0,12360.0,81721.0
11099.0,7000.0,7577.0
16677.0,7058.0,212927.0
10809.0,12432.0,7739.0
11131.0,7174.0,12817.0
16224.0,12260.0,7643.0
16180.0,7286.0,135426.0
11099.0,12369.0,7755.0
16046.0,12205.0,7739.0
11163.0,7306.0,34696.0
10895.0,7224.0,12632.0
16256.0,13176.0,7781.0
16293.0,13130.0,538499.0
11075.0,7172.0,7773.0
16217.0,6900.0,12487.0
10863.0,12088.0,7643.0
16268.0,7122.0,12706.0
11087.0,12246.0,7805.0
10927.0,7026.0,12617.0
16454.0,773.0,7675.0
16386.0,12994.0,80898.0
11045.0,7192.0,7641.0
16496.0,7122.0,7879.0
11043.0,12396.0,156699.0
16138.0,13825.0,560878.0
10959.0,7160.0,7741.0
16385.0,12310.0,12616.0
10895.0,7154.0,7641.0
16076.0,12529.0,15457.0
11045.0,12341.0,7579.0
11099.0,7124.0,7641.0
16357.0,12342.0,12558.0
10937.0,7122.0,12717.0
16138.0,7076.0,7755.0
16396.0,12178.0,559476.0
10937.0,7178.0,7741.0
16336.0,12048.0,12749.0
11045.0,7090.0,7855.0
10981.0,12391.0,12674.0
16419.0,12451.0,7641.0
11141.0,7174.0,12717.0
16246.0,12920.0,7741.0
16268.0,7154.0,12813.0
10959.0,7206.0,7675.0
16112.0,12424.0,142560.0
11065.0,6900.0,7643.0
16288.0,12079.0,495392.0
11217.0,12318.0,7757.0
16332.0,7108.0,231976.0
11077.0,12209.0,7607.0
10755.0,7078.0,534295.0
16247.0,12454.0,7739.0
16304.0,7122.0,12828.0
10927.0,12533.0,7675.0
16248.0,7178.0,142568.0
10905.0,12337.0,7741.0
16451.0,7090.0,12714.0
11045.0,12342.0,7803.0
16390.0,7110.0,12722.0
11217.0,7047.0,7739.0
11057.0,7053.0,14955.0
16128.0,12251.0,12902.0
16310.0,7096.0,7741.0
10991.0,7141.0,536927.0
11109.0,7169.0,7643.0
16432.0,7091.0,7741.0
16203.0,12259.0,532298.0
11045.0,7192.0,134239.0
16291.0,12128.0,7741.0
11023.0,7192.0,7773.0
10991.0,7217.0,12711.0
16310.0,12286.0,14682.0
11023.0,7008.0,12838.0
16128.0,7053.0,7741.0
10799.0,7124.0,205344.0
16130.0,12291.0,7773.0
16279.0,7117.0,7669.0
11045.0,12191.0,305317.0
16419.0,7192.0,537590.0
10947.0,7110.0,7705.0
11109.0,12305.0,73167.0
16282.0,12212.0,7739.0
16323.0,7090.0,12683.0
10993.0,12091.0,7741.0
10917.0,7058.0,7677.0
16173.0,7126.0,289035.0
16266.0,12185.0,12719.0
10957.0,7103.0,7775.0
10939.0,12291.0,536672.0
16288.0,7154.0,7757.0
15969.0,7169.0,12674.0
11099.0,7005.0,7773.0
16270.0,7167.0,12630.0
11099.0,7008.0,7739.0
16176.0,12194.0,12720.0
11163.0,7035.0,7807.0
16358.0,7032.0,92185.0
11087.0,12223.0,7675.0
16208.0,7122.0,12945.0
10873.0,12132.0,7839.0
11291.0,7035.0,12556.0
16334.0,12222.0,7741.0
16278.0,7076.0,133828.0
11097.0,7169.0,7741.0
11195.0,7027.0,12740.0
16192.0,7192.0,7677.0
16214.0,12195.0,12766.0
11045.0,7192.0,7677.0
16192.0,12159.0,167389.0
10959.0,12234.0,7607.0
16298.0,7108.0,7705.0
10959.0,7037.0,12792.0
16224.0,12175.0,12924.0
10959.0,7058.0,7739.0
16344.0,12223.0,536363.0
11077.0,7170.0,7641.0
10819.0,7055.0,132796.0
16098.0,12436.0,7641.0
16219.0,7192.0,12622.0
10959.0,7187.0,7755.0
11195.0,7123.0,12633.0
16182.0,12110.0,7805.0
16205.0,7090.0,188868.0
11077.0,12292.0,7741.0
16234.0,7563.0,274991.0
11109.0,7117.0,7741.0
10977.0,12242.0,168852.0
16288.0,7108.0,7739.0
15973.0,7117.0,12585.0
11067.0,7124.0,7739.0
16368.0,12031.0,12870.0
11185.0,7160.0,7741.0
11185.0,12328.0,14663.0
16217.0,7192.0,60742.0
11139.0,12166.0,7739.0
16299.0,7057.0,139911.0
11151.0,7047.0,7739.0
16246.0,7091.0,267454.0
16387.0,7042.0,7755.0
10873.0,12213.0,12979.0
16270.0,12405.0,7741.0
10939.0,7000.0,135570.0
11131.0,7142.0,7577.0
16888.0,12196.0,14488.0
11067.0,7087.0,7773.0
16322.0,7160.0,12585.0
10819.0,12145.0,12850.0
16410.0,12146.0,7741.0
10991.0,7126.0,193219.0
16259.0,6977.0,7803.0
16419.0,7224.0,193585.0
11119.0,12191.0,7855.0
16410.0,7169.0,7643.0
10959.0,7187.0,81753.0
16473.0,12128.0,12683.0
10885.0,7076.0,7739.0
10991.0,7224.0,12473.0
16192.0,12146.0,7613.0
16300.0,11996.0,12585.0
11131.0,7142.0,7677.0
10959.0,12230.0,71199.0
16352.0,7174.0,7653.0
16454.0,7173.0,12619.0
10991.0,7053.0,7445.0
16313.0,7065.0,12860.0
10959.0,7192.0,7677.0
16396.0,12234.0,12608.0
11089.0,7053.0,7773.0
10959.0,7174.0,533988.0
16275.0,12332.0,7741.0
16230.0,7077.0,535488.0
11045.0,7189.0,7944.0
16238.0,7193.0,12722.0
10991.0,7206.0,7773.0
16224.0,12141.0,12947.0
11163.0,7035.0,7757.0
10969.0,7169.0,12622.0
16284.0,12231.0,7755.0
10981.0,7160.0,12615.0
16247.0,6971.0,7577.0
16234.0,7108.0,12740.0
10969.0,12223.0,7739.0
16443.0,7155.0,12803.0
11089.0,12087.0,7739.0
16925.0,7174.0,12781.0
10971.0,7168.0,7855.0
16527.0,7213.0,536405.0
10819.0,7237.0,7739.0
16406.0,7199.0,296949.0
11163.0,7163.0,7643.0
16327.0,7058.0,14618.0
10927.0,12150.0,286158.0
16202.0,7169.0,7805.0
11077.0,6995.0,14584.0
10991.0,12073.0,141848.0
16160.0,7058.0,7772.0
16444.0,7053.0,84868.0
11099.0,7086.0,7875.0
17893.0,12251.0,7641.0
16194.0,7224.0,247651.0
11013.0,12141.0,536639.0
11163.0,7154.0,7803.0
16182.0,7105.0,12656.0
16324.0,12130.0,7741.0
11075.0,7306.0,12553.0
11019.0,7073.0,7839.0
16272.0,7169.0,12851.0
16138.0,7192.0,7643.0
10851.0,12178.0,12815.0
16275.0,12360.0,7837.0
11151.0,7008.0,84270.0
11013.0,7187.0,7705.0
16320.0,7039.0,12683.0
10959.0,12292.0,7805.0
16482.0,7140.0,7803.0
16341.0,7105.0,81182.0
10927.0,12078.0,184098.0
16367.0,7192.0,7641.0
11045.0,7103.0,534016.0
10981.0,7169.0,7741.0
16047.0,12273.0,12786.0
10981.0,7058.0,7577.0
16021.0,7153.0,12387.0
16270.0,7169.0,7755.0
10895.0,7181.0,12624.0
16264.0,7169.0,7640.0
10958.0,7153.0,275890.0
17786.0,12291.0,7721.0
16294.0,6932.0,12783.0
11163.0,7301.0,7643.0
16442.0,7185.0,140274.0
11045.0,13741.0,7743.0
10907.0,7169.0,12804.0
16363.0,7154.0,7774.0
16270.0,7105.0,7741.0
11131.0,7117.0,12683.0
16298.0,7087.0,535963.0
11195.0,7224.0,7757.0
11043.0,12319.0,81693.0
16698.0,12096.0,7705.0
10905.0,7058.0,12728.0
16310.0,12304.0,7739.0
10819.0,6950.0,538906.0
16523.0,12246.0,7675.0
11185.0,7108.0,538591.0
16084.0,6982.0,7675.0
16270.0,12244.0,12754.0
10915.0,12210.0,7821.0
16282.0,7206.0,12744.0
11077.0,7117.0,7739.0
16173.0,7255.0,7805.0
11237.0,12201.0,136332.0
11065.0,6976.0,12624.0
16635.0,12408.0,7741.0
16442.0,7242.0,12749.0
10841.0,7123.0,7707.0
18115.0,12341.0,12620.0
11023.0,7173.0,7740.0
16052.0,7071.0,536065.0
11023.0,7028.0,7805.0
16464.0,12191.0,12740.0
16431.0,7087.0,7739.0
10981.0,7103.0,12817.0
16400.0,7187.0,7755.0
10873.0,7053.0,298185.0
11013.0,7174.0,7676.0
16368.0,12046.0,538103.0
16420.0,12222.0,7521.0
10905.0,7224.0,12690.0
16508.0,13697.0,7675.0
11013.0,12105.0,49951.0
11077.0,7092.0,7755.0
16217.0,7149.0,12553.0
11055.0,7117.0,7775.0
16247.0,7237.0,540044.0
16072.0,7071.0,7773.0
11087.0,6950.0,7741.0
11163.0,12670.0,12492.0
16256.0,12127.0,12551.0
16378.0,7142.0,7543.0
11217.0,12141.0,7675.0
16116.0,7018.0,12683.0
11077.0,7000.0,7741.0
16052.0,12123.0,12716.0
10981.0,12355.0,12621.0
10991.0,7128.0,7803.0
16001.0,7105.0,12879.0
16217.0,7117.0,7611.0
11045.0,7470.0,7739.0
16297.0,7035.0,84914.0
11099.0,12223.0,244783.0
16354.0,7060.0,7677.0
11119.0,7169.0,12815.0
11185.0,6976.0,7739.0
16182.0,12241.0,189018.0
16344.0,7108.0,7741.0
10981.0,7087.0,12683.0
11067.0,7091.0,7805.0
16361.0,7087.0,7557.0
10991.0,7040.0,85583.0
16356.0,12046.0,12818.0
11067.0,7035.0,7741.0
10927.0,7174.0,229521.0
16195.0,12141.0,7659.0
16400.0,7041.0,533186.0
11097.0,7137.0,7807.0
16386.0,7105.0,537194.0
11161.0,7173.0,7641.0
11065.0,7167.0,139632.0
16256.0,12255.0,7643.0
11161.0,7090.0,12913.0
16112.0,7173.0,7641.0
16342.0,12241.0,124778.0
10971.0,7064.0,7740.0
16464.0,12196.0,12781.0
11109.0,7206.0,7643.0
16442.0,12323.0,215710.0
11045.0,7174.0,7739.0
11151.0,7103.0,538109.0
16106.0,7169.0,7789.0
11141.0,7035.0,12453.0
16106.0,7110.0,7709.0
16224.0,12163.0,12585.0
11067.0,7135.0,7739.0
11077.0,7201.0,12717.0
16293.0,7058.0,7641.0
16144.0,12231.0,12653.0
10733.0,7087.0,7803.0
11124.0,12067.0,72681.0
16399.0,7108.0,7775.0
16159.0,7155.0,12815.0
11072.0,7103.0,7757.0
16359.0,7174.0,17661.0
10964.0,12146.0,7641.0
16142.0,7153.0,12748.0
11092.0,6971.0,7773.0
16130.0,7027.0,7703.0
10996.0,7149.0,533305.0
16379.0,7073.0,12826.0
11092.0,7117.0,7741.0
16133.0,7087.0,12644.0
11276.0,7154.0,7739.0
16527.0,12155.0,12788.0
11018.0,12141.0,7707.0
11178.0,7108.0,12817.0
16293.0,12122.0,7641.0
17329.0,7174.0,538386.0
11168.0,7103.0,7755.0
16412.0,7117.0,12867.0
11136.0,7103.0,7545.0
16344.0,7060.0,142748.0
11158.0,12204.0,7643.0
16311.0,7160.0,12718.0
10964.0,12268.0,7803.0
11158.0,12242.0,538502.0
16334.0,7128.0,7739.0
11340.0,6977.0,12633.0
16205.0,7053.0,7707.0
10910.0,7061.0,557393.0
16242.0,12341.0,7675.0
11223.0,7092.0,7687.0
11018.0,12194.0,12713.0
16246.0,7154.0,12590.0
16412.0,12191.0,7675.0
10942.0,7154.0,7755.0
16247.0,7223.0,12717.0
11198.0,7159.0,12698.0
16370.0,7117.0,7773.0
11190.0,7173.0,12740.0
11060.0,7103.0,7741.0
16131.0,7087.0,7739.0
16366.0,7142.0,12588.0
11222.0,12268.0,7742.0
16474.0,7172.0,12698.0
11018.0,12277.0,12780.0
10996.0,7103.0,7805.0
16270.0,7169.0,7577.0
16197.0,7192.0,12698.0
11136.0,12209.0,7739.0
16590.0,7035.0,12621.0
11136.0,12310.0,12618.0
11254.0,7156.0,7676.0
16357.0,7169.0,12622.0
16508.0,12328.0,7675.0
11104.0,7192.0,7643.0
16097.0,7087.0,12740.0
11168.0,13604.0,12799.0
16029.0,7142.0,7675.0
10964.0,7140.0,7739.0
11222.0,12484.0,12611.0
16001.0,7160.0,12890.0
16388.0,12482.0,7543.0
11060.0,12191.0,7823.0
11168.0,7014.0,12696.0
16309.0,7206.0,12676.0
11372.0,12276.0,7739.0
16353.0,453691.0,12682.0
11254.0,7122.0,7723.0
16269.0,7072.0,12651.0
10974.0,12049.0,7641.0
11166.0,12247.0,7643.0
16473.0,7206.0,12576.0
16552.0,7040.0,7739.0
11094.0,12738.0,13157.0
11276.0,7927.0,12651.0
16360.0,141541.0,7677.0
11223.0,7224.0,7641.0
11050.0,12114.0,12850.0
16217.0,7578.0,12674.0
11028.0,13241.0,7789.0
16455.0,7206.0,12668.0
11102.0,12734.0,7741.0
11148.0,7174.0,12685.0
16242.0,12555.0,7757.0
16303.0,7154.0,12751.0
11156.0,12397.0,7707.0
16303.0,6962.0,12529.0
10910.0,12704.0,7901.0
11146.0,7122.0,12599.0
16151.0,13952.0,7739.0
16506.0,7142.0,7837.0
10920.0,12338.0,567701.0
18210.0,7040.0,14837.0
16236.0,12219.0,7803.0
11072.0,7122.0,12676.0
16185.0,12322.0,7641.0
11050.0,459642.0,12775.0
16335.0,7182.0,7739.0
10976.0,7092.0,12774.0
16338.0,458581.0,7709.0
11220.0,7124.0,12738.0
16271.0,12119.0,12473.0
11220.0,12147.0,7643.0
15948.0,7174.0,12753.0
11114.0,7140.0,7643.0
16356.0,12148.0,7641.0
11156.0,12966.0,12532.0
11060.0,7205.0,12816.0
16126.0,12299.0,7805.0
11223.0,7174.0,7741.0
16485.0,7206.0,12815.0
16676.0,12149.0,12839.0
11220.0,7192.0,7677.0
11146.0,458327.0,12686.0
16236.0,12196.0,7757.0
11050.0,7122.0,12684.0
16237.0,12374.0,7739.0
11008.0,7222.0,7641.0
16429.0,7174.0,12829.0
11254.0,115827.0,12752.0
11180.0,7192.0,7739.0
16331.0,12178.0,12683.0
11158.0,12450.0,7543.0
18360.0,7028.0,12588.0
16085.0,12214.0,7643.0
11112.0,7256.0,12708.0
11190.0,7236.0,7803.0
16205.0,12336.0,7775.0
11114.0,12749.0,12542.0
16252.0,7092.0,7741.0
11072.0,7204.0,12471.0
16256.0,458436.0,12597.0
16335.0,7224.0,7741.0
11168.0,12223.0,12728.0
16613.0,7192.0,7577.0
10976.0,12132.0,12735.0
16138.0,6982.0,7611.0
10986.0,12360.0,554429.0
16217.0,7108.0,7641.0
11220.0,12150.0,7675.0
11126.0,12164.0,12804.0
16281.0,7122.0,7741.0
11220.0,12449.0,12638.0
16269.0,7008.0,12468.0
16255.0,7140.0,7675.0
11018.0,12537.0,12915.0
11028.0,12613.0,7739.0
16504.0,7174.0,7645.0
11136.0,7072.0,12506.0
16275.0,459400.0,7739.0
16518.0,7206.0,12717.0
11072.0,457826.0,7803.0
18159.0,12658.0,12723.0
11146.0,7110.0,12642.0
16284.0,7092.0,7803.0
16606.0,12984.0,12609.0
11264.0,12159.0,7757.0
10901.0,7236.0,7658.0
16355.0,7076.0,12457.0
16248.0,12209.0,12828.0
11285.0,6900.0,7739.0
16272.0,12488.0,7775.0
11254.0,7122.0,12691.0
16309.0,12013.0,7641.0
11340.0,458772.0,12674.0
16038.0,7190.0,13026.0
11105.0,12743.0,7773.0
11019.0,7274.0,7773.0
16304.0,12136.0,12489.0
11146.0,7154.0,12491.0
16303.0,7206.0,7773.0
16273.0,13872.0,12699.0
11052.0,7160.0,7807.0
16306.0,12252.0,12721.0
11060.0,7206.0,7739.0
16215.0,457557.0,7739.0
11210.0,12369.0,12588.0
11200.0,7124.0,12894.0
16274.0,457474.0,7803.0
16036.0,7092.0,12617.0
11146.0,12703.0,7675.0
16375.0,7078.0,12588.0
11264.0,7224.0,7743.0
11006.0,12426.0,7711.0
16348.0,7040.0,12651.0
16401.0,12432.0,12674.0
11072.0,13075.0,7675.0
16401.0,7154.0,7445.0
11158.0,457515.0,12542.0
17508.0,7206.0,12687.0
11200.0,7140.0,7645.0
16193.0,460843.0,7641.0
11102.0,7210.0,12751.0
10942.0,13064.0,12721.0
16357.0,7040.0,7741.0
16133.0,12293.0,7675.0
10986.0,7192.0,12588.0
16473.0,12274.0,7741.0
11222.0,13194.0,12945.0
11168.0,7140.0,7742.0
16138.0,12346.0,12896.0
16291.0,7206.0,12704.0
11222.0,12160.0,7739.0
11082.0,7160.0,12715.0
16561.0,7124.0,7705.0
11092.0,467459.0,7837.0
16379.0,7122.0,12786.0
17073.0,12671.0,7739.0
11050.0,7158.0,12320.0
16348.0,12369.0,7675.0
11072.0,7110.0,12685.0
16453.0,183741.0,12732.0
11212.0,7206.0,7739.0
10932.0,12669.0,12816.0
16293.0,7192.0,7643.0
10965.0,12515.0,12671.0
16473.0,7206.0,7643.0
11200.0,12287.0,12653.0
16279.0,7108.0,7675.0
16345.0,12260.0,7675.0
11168.0,12488.0,12432.0
11222.0,7154.0,7817.0
16140.0,7160.0,12935.0
16399.0,12363.0,12826.0
10964.0,12167.0,7741.0
16515.0,7222.0,7645.0
11104.0,7139.0,12449.0
16323.0,12361.0,561321.0
11050.0,7140.0,7543.0
10975.0,12388.0,12682.0
16289.0,7192.0,7755.0
16444.0,12204.0,7677.0
11134.0,12078.0,12807.0
16219.0,7154.0,12845.0
11028.0,7174.0,7741.0
16269.0,12260.0,12491.0
11222.0,12127.0,7709.0
16227.0,7154.0,7803.0
11028.0,7192.0,12883.0
16348.0,12403.0,12727.0
11188.0,7108.0,7739.0
16484.0,112094.0,7837.0
11050.0,12386.0,12781.0
16326.0,7124.0,12501.0
11210.0,7190.0,7741.0
16252.0,12245.0,12781.0
11178.0,12464.0,7741.0
16315.0,7154.0,7643.0
11082.0,7140.0,12855.0
11040.0,456177.0,7723.0
16052.0,13572.0,189389.0
16381.0,7092.0,7741.0
10932.0,7174.0,12761.0
16390.0,12258.0,7743.0
10974.0,7174.0,12796.0
16386.0,12327.0,12542.0
11156.0,7154.0,7757.0
16186.0,12231.0,12894.0
11242.0,7124.0,7691.0
15972.0,12335.0,7675.0
11308.0,12231.0,12481.0
16109.0,7174.0,12800.0
11104.0,12336.0,7741.0
16283.0,7122.0,12768.0
10930.0,12188.0,7607.0
11114.0,7010.0,12815.0
16303.0,7140.0,7755.0
11062.0,179188.0,7920.0
16292.0,7274.0,12809.0
16227.0,12488.0,7659.0
11244.0,7108.0,12785.0
16401.0,12861.0,12489.0
11189.0,12292.0,7543.0
16347.0,7014.0,12752.0
11212.0,7108.0,7806.0
11126.0,12562.0,12665.0
16345.0,7110.0,7741.0
11220.0,12241.0,12698.0
16192.0,7224.0,7642.0
16130.0,12316.0,12826.0
11082.0,7160.0,7805.0
16389.0,13372.0,12733.0
11188.0,12310.0,7643.0
11146.0,7174.0,12783.0
16495.0,7160.0,7867.0
16345.0,457408.0,7775.0
10900.0,13096.0,12633.0
16292.0,7178.0,12686.0
11124.0,7154.0,7577.0
16095.0,13198.0,12652.0
11190.0,7108.0,7822.0
16184.0,12455.0,7789.0
11018.0,12387.0,12536.0
16345.0,7076.0,7543.0
11178.0,7122.0,12629.0
11254.0,13162.0,12902.0
16056.0,7140.0,7611.0
11158.0,461125.0,7677.0
16173.0,7174.0,12808.0
11016.0,12278.0,12850.0
16236.0,12345.0,7745.0
16170.0,7174.0,7677.0
11232.0,458474.0,12830.0
16290.0,7040.0,12664.0
11222.0,7122.0,7755.0
11082.0,12396.0,12751.0
16269.0,7122.0,7739.0
16379.0,12378.0,12622.0
11212.0,11996.0,7646.0
16121.0,7142.0,7809.0
11213.0,6753.0,60204.0
11104.0,11938.0,7679.0
16304.0,6480.0,12694.0
16396.0,4166.0,8200.0
11158.0,7124.0,12856.0
16573.0,12542.0,7659.0
11222.0,461074.0,12919.0
11158.0,7206.0,7739.0
16160.0,6330.0,12666.0
16292.0,7142.0,7805.0
11190.0,4952.0,555227.0
16122.0,4689.0,12674.0
11190.0,41900.0,7741.0
11219.0,424116.0,7675.0
16147.0,12814.0,12567.0
16462.0,7092.0,7773.0
11136.0,12711.0,12717.0
16012.0,7140.0,12655.0
11222.0,7090.0,7677.0
16214.0,12355.0,7723.0
10996.0,13533.0,12838.0
16388.0,7160.0,7739.0
11244.0,7158.0,160854.0
16401.0,118632.0,7741.0
11082.0,7224.0,12587.0
16441.0,13437.0,12588.0
11158.0,12219.0,8035.0
11114.0,7108.0,7543.0
16517.0,13026.0,12455.0
16314.0,7206.0,557033.0
11072.0,11978.0,7755.0
16279.0,7174.0,7709.0
11168.0,12341.0,12551.0
16291.0,7160.0,7912.0
11072.0,7060.0,60300.0
16358.0,12319.0,12659.0
11146.0,7076.0,7773.0
16041.0,13369.0,7657.0
11060.0,7160.0,12750.0
16109.0,12726.0,12651.0
11190.0,7108.0,7741.0
16412.0,12567.0,7836.0
11296.0,7124.0,13381.0
16347.0,12160.0,12592.0
11253.0,7224.0,7643.0
16504.0,12128.0,12884.0
11102.0,7122.0,7643.0
11168.0,12274.0,7837.0
16150.0,7090.0,12799.0
11136.0,12245.0,12989.0
16306.0,12414.0,7709.0
16399.0,7206.0,12761.0
11168.0,7092.0,7739.0
16377.0,182263.0,12608.0
11072.0,7218.0,7675.0
16210.0,17321.0,12764.0
11222.0,458913.0,7673.0
11050.0,7206.0,7742.0
16256.0,459344.0,12756.0
11145.0,7156.0,7711.0
16213.0,12871.0,12717.0
16377.0,7224.0,7739.0
11018.0,12430.0,12587.0
11199.0,7160.0,12881.0
16279.0,7072.0,7675.0
16475.0,12300.0,7757.0
10964.0,7172.0,12653.0
16357.0,12128.0,7739.0
11112.0,7174.0,12838.0
16228.0,12082.0,12781.0
11124.0,12286.0,7543.0
16342.0,7178.0,12831.0
11028.0,7090.0,7739.0
11070.0,12378.0,12674.0
15944.0,12247.0,7739.0
16355.0,7174.0,7675.0
10964.0,12200.0,12598.0
16270.0,7224.0,7677.0
11158.0,7186.0,12689.0
11286.0,114573.0,12944.0
16354.0,7108.0,7577.0
16388.0,11951.0,12649.0
11222.0,7192.0,7739.0
16269.0,12292.0,7641.0
11190.0,12005.0,12881.0
16256.0,7356.0,7741.0
11050.0,7040.0,12675.0
11200.0,12304.0,12620.0
4637.0,460492.0,7739.0
16367.0,7224.0,12885.0
11168.0,13042.0,7705.0
16205.0,7174.0,12828.0
10964.0,7190.0,7789.0
16282.0,12178.0,14641.0
11050.0,13158.0,7677.0
16289.0,7174.0,12783.0
11104.0,7154.0,7641.0
16386.0,12837.0,12740.0
11190.0,7140.0,12651.0
450906.0,121812.0,7577.0
13398.0,11837.0,12718.0
462362.0,7122.0,7545.0
13278.0,13061.0,7543.0
460094.0,7206.0,12734.0
445998.0,11920.0,12665.0
13070.0,7242.0,7803.0
458703.0,12051.0,7645.0
13316.0,7122.0,12677.0
465007.0,12780.0,7709.0
13364.0,40910.0,12683.0
458868.0,414116.0,12631.0
13268.0,12644.0,7611.0
13262.0,7204.0,12676.0
407466.0,7154.0,7659.0
13348.0,12338.0,12687.0
351607.0,7072.0,7740.0
698366.0,12090.0,12602.0
13176.0,12212.0,7773.0
449217.0,7174.0,7769.0
13112.0,7192.0,12688.0
398854.0,12093.0,12409.0
13198.0,7072.0,7611.0
665502.0,12387.0,555425.0
13166.0,7206.0,7677.0
445352.0,459193.0,7709.0
13216.0,12227.0,12928.0
13176.0,7040.0,7803.0
423143.0,7206.0,12766.0
449809.0,12294.0,7675.0
6680.0,12528.0,12588.0
13134.0,7270.0,7739.0
449535.0,12264.0,12904.0
13230.0,7172.0,8199.0
447628.0,7256.0,12576.0
13300.0,12685.0,12683.0
471787.0,457241.0,7741.0
13306.0,7058.0,12685.0
13090.0,12306.0,7789.0
421479.0,7154.0,7739.0
693818.0,7140.0,12651.0
13122.0,173679.0,7611.0
696910.0,12477.0,12628.0
13386.0,12010.0,7665.0
13338.0,7192.0,12547.0
367282.0,204328.0,7641.0
693768.0,7108.0,12796.0
13316.0,12231.0,12860.0
667475.0,7222.0,7773.0
13261.0,459524.0,12605.0
447226.0,7206.0,7513.0
13450.0,7154.0,7773.0
377418.0,12880.0,12794.0
13274.0,7206.0,7611.0
452046.0,12222.0,12589.0
13156.0,12264.0,12796.0
434206.0,7110.0,7757.0
13352.0,12355.0,7738.0
443751.0,7174.0,12545.0
13398.0,13858.0,7675.0
446697.0,7108.0,7707.0
13144.0,13239.0,7641.0
451269.0,13310.0,7677.0
13364.0,7192.0,7717.0
13316.0,7122.0,7675.0
407499.0,457005.0,7705.0
447545.0,7206.0,7741.0
13300.0,12942.0,7709.0
695135.0,7174.0,7642.0
13176.0,7072.0,7610.0
692836.0,12428.0,7643.0
13198.0,12324.0,7579.0
13412.0,7172.0,7643.0
425787.0,7122.0,7675.0
696385.0,456436.0,7545.0
13176.0,7228.0,7773.0
387304.0,12233.0,7645.0
13198.0,7174.0,7641.0
672520.0,12195.0,7675.0
13144.0,7192.0,7755.0
674479.0,12297.0,7705.0
13156.0,7110.0,7545.0
85935.0,459508.0,7545.0
423418.0,12164.0,7707.0
448970.0,7092.0,7643.0
13290.0,7224.0,7641.0
452678.0,12395.0,7607.0
13302.0,7204.0,7608.0
438793.0,13339.0,7739.0
13370.0,7256.0,7741.0
453209.0,11920.0,7643.0
692779.0,7124.0,7642.0
13294.0,176636.0,7641.0
464737.0,7154.0,7543.0
391079.0,12564.0,7739.0
13300.0,7206.0,7741.0
13230.0,12801.0,7641.0
430478.0,7058.0,7544.0
13230.0,12703.0,7705.0
423306.0,7174.0,5635.0
433731.0,12809.0,7819.0
13352.0,7154.0,7739.0
13348.0,12148.0,7545.0
423079.0,12231.0,7741.0
435105.0,7012.0,7739.0
13080.0,12662.0,7641.0
447379.0,7122.0,7883.0
13284.0,7090.0,7805.0
450633.0,457491.0,7847.0
13268.0,12087.0,7643.0
450120.0,7092.0,7543.0
13364.0,7178.0,7739.0
13338.0,457700.0,7705.0
367794.0,7192.0,7993.0
393852.0,12287.0,7675.0
13302.0,12355.0,7709.0
13166.0,7224.0,7837.0
422802.0,7192.0,7741.0
452379.0,12168.0,7579.0
13230.0,12442.0,7725.0
13284.0,7140.0,7739.0
438009.0,7108.0,7739.0
463007.0,12445.0,7739.0
13220.0,7224.0,7741.0
663914.0,12438.0,7543.0
13290.0,12334.0,7691.0
432980.0,7218.0,7643.0
13284.0,13928.0,7645.0
13262.0,7174.0,7642.0
419474.0,12329.0,7675.0
13230.0,7124.0,7773.0
413165.0,12320.0,7611.0
433488.0,7174.0,7479.0
13134.0,12456.0,7837.0
465172.0,12484.0,7773.0
13386.0,7142.0,7643.0
13380.0,7092.0,7773.0
439478.0,12182.0,7677.0
449748.0,7105.0,7741.0
13252.0,6932.0,7743.0
446617.0,12199.0,7675.0
13300.0,7174.0,7805.0
462700.0,12420.0,7883.0
13364.0,12309.0,7805.0
693560.0,7174.0,7677.0
13418.0,7140.0,7607.0
452936.0,12506.0,7741.0
13284.0,7060.0,7543.0
376037.0,12752.0,499418.0
13230.0,7206.0,7739.0
450192.0,12419.0,8220.0
13284.0,7122.0,9037.0
13208.0,12379.0,763.0
664312.0,7119.0,7791.0
466297.0,7192.0,7641.0
13284.0,12388.0,7941.0
13230.0,7128.0,763.0
423772.0,12256.0,7739.0
458400.0,12398.0,7641.0
13264.0,7078.0,7773.0
435136.0,7160.0,7739.0
428403.0,12260.0,7641.0
13284.0,7154.0,7643.0
471870.0,12214.0,7739.0
13230.0,7256.0,7739.0
13154.0,12324.0,7577.0
443186.0,7160.0,7709.0
13144.0,12374.0,7739.0
379261.0,7122.0,7803.0
447266.0,7169.0,7611.0
13248.0,7028.0,7543.0
451397.0,12427.0,7577.0
13300.0,7178.0,7657.0
390847.0,12388.0,7675.0
13210.0,7090.0,7675.0
448945.0,12456.0,7709.0
13214.0,7154.0,7545.0
444989.0,12247.0,7739.0
13284.0,7058.0,7705.0
462836.0,12277.0,7741.0
13376.0,7174.0,7709.0
696253.0,12388.0,7641.0
13252.0,7108.0,7887.0
447975.0,12411.0,7819.0
13364.0,7206.0,7739.0
396853.0,12086.0,7917.0
13284.0,7021.0,7675.0
454164.0,12342.0,7641.0
13230.0,7109.0,7641.0
393105.0,12356.0,7739.0
13266.0,7224.0,7643.0
13354.0,7010.0,7755.0
447676.0,12136.0,7741.0
386381.0,7206.0,7641.0
13156.0,12095.0,7707.0
454083.0,7206.0,7739.0
13144.0,12177.0,7741.0
696105.0,7206.0,7705.0
447460.0,12288.0,7739.0
13617.0,7174.0,7739.0
666064.0,12893.0,7643.0
13300.0,7159.0,7643.0
434434.0,12295.0,7739.0
13176.0,7174.0,7739.0
447909.0,12182.0,7543.0
13272.0,12211.0,7675.0
437764.0,7206.0,7736.0
13397.0,7142.0,7677.0
13230.0,12342.0,7773.0
670650.0,12653.0,7611.0
462973.0,7108.0,7641.0
13348.0,12215.0,7479.0
691520.0,7174.0,7741.0
13162.0,12159.0,7739.0
696655.0,7224.0,7741.0
13252.0,7053.0,7773.0
453347.0,12277.0,7611.0
13294.0,7058.0,7773.0
694961.0,7085.0,7643.0
13090.0,7210.0,7773.0
436940.0,12356.0,7704.0
13208.0,7196.0,7641.0
13266.0,12404.0,7611.0
640254.0,15577.0,7903.0
443157.0,7160.0,7643.0
13284.0,12265.0,7883.0
451150.0,12584.0,7739.0
13166.0,7174.0,7577.0
453201.0,12677.0,7773.0
32829.0,7122.0,7641.0
453250.0,7090.0,7785.0
13220.0,12286.0,7641.0
13284.0,12216.0,7771.0
425233.0,7174.0,7901.0
447994.0,7174.0,7849.0
13220.0,12250.0,7773.0
393434.0,7192.0,7739.0
13198.0,12469.0,7904.0
462411.0,12826.0,7837.0
13348.0,7122.0,7641.0
454194.0,12089.0,7677.0
13284.0,7224.0,7641.0
13230.0,12206.0,7772.0
421201.0,7256.0,7631.0
13326.0,7122.0,7707.0
413625.0,12226.0,7675.0
13294.0,7174.0,7577.0
421625.0,12315.0,7739.0
358621.0,12205.0,13991.0
13026.0,7142.0,7577.0
454168.0,7087.0,7643.0
13262.0,7058.0,7611.0
451201.0,12664.0,7986.0
13144.0,7192.0,7757.0
13216.0,7092.0,7739.0
430299.0,12196.0,7579.0
453289.0,7192.0,7803.0
13058.0,12324.0,7641.0
697818.0,7153.0,7675.0
13230.0,7206.0,7641.0
453265.0,12420.0,7643.0
13090.0,7122.0,7578.0
357220.0,12236.0,7445.0
455620.0,12115.0,7675.0
13416.0,7224.0,7641.0
13348.0,7160.0,7643.0
418102.0,12377.0,7741.0
458647.0,7338.0,7741.0
13364.0,12343.0,7609.0
292097.0,7192.0,7756.0
13198.0,12641.0,7641.0
451643.0,12263.0,7595.0
13230.0,7160.0,7643.0
433938.0,7242.0,7755.0
13284.0,12449.0,7676.0
13144.0,12347.0,12750.0
423438.0,7090.0,7705.0
464741.0,7256.0,12833.0
13370.0,12213.0,7740.0
445605.0,12131.0,7739.0
13144.0,7206.0,7978.0
13134.0,12210.0,763.0
427713.0,7174.0,7641.0
445499.0,7192.0,7773.0
13112.0,12261.0,7676.0
438236.0,12288.0,7643.0
13566.0,7172.0,12538.0
13326.0,7186.0,7641.0
422168.0,12142.0,7742.0
436819.0,12200.0,13041.0
6680.0,7122.0,7641.0
13376.0,12338.0,12721.0
443418.0,7154.0,7546.0
13198.0,12361.0,7641.0
470000.0,7122.0,7832.0
452522.0,7154.0,109182.0
13216.0,12716.0,7826.0
434694.0,7108.0,7675.0
13176.0,12250.0,12923.0
13402.0,7110.0,7675.0
422443.0,12401.0,12983.0
464201.0,12124.0,7710.0
13312.0,7174.0,7739.0
445024.0,12554.0,763.0
13156.0,7092.0,7267.0
449054.0,12166.0,8423.0
13144.0,7192.0,7544.0
13294.0,7026.0,7773.0
421361.0,12153.0,7643.0
431673.0,12425.0,7577.0
13240.0,7128.0,763.0
13230.0,12284.0,12916.0
425995.0,7154.0,7740.0
463118.0,6994.0,12718.0
13352.0,12229.0,7657.0
13198.0,12115.0,7739.0
421583.0,7010.0,12556.0
384368.0,12373.0,7741.0
13348.0,7206.0,12734.0
452700.0,7110.0,7804.0
13240.0,12452.0,7642.0
13208.0,7174.0,7739.0
439066.0,12144.0,7741.0
442592.0,7154.0,7803.0
13124.0,12396.0,7739.0
13316.0,7206.0,7740.0
348104.0,7337.0,7804.0
451696.0,12288.0,7709.0
13230.0,12270.0,7773.0
381674.0,7092.0,7773.0
13230.0,7058.0,7642.0
434173.0,12247.0,7789.0
13294.0,7174.0,12618.0
449666.0,12134.0,7741.0
13262.0,12551.0,7676.0
449088.0,7204.0,7707.0
13416.0,12332.0,12686.0
449626.0,7174.0,7773.0
13262.0,7110.0,12467.0
13112.0,12369.0,7741.0
422852.0,12329.0,7739.0
390904.0,7092.0,7641.0
13299.0,12374.0,7612.0
470706.0,7046.0,7773.0
13300.0,12259.0,12817.0
464729.0,7122.0,7675.0
13197.0,7174.0,7740.0
445006.0,12148.0,7641.0
13316.0,12326.0,7741.0
449789.0,7122.0,7644.0
13230.0,12232.0,763.0
436987.0,7122.0,7741.0
13176.0,12105.0,7675.0
374300.0,7160.0,12545.0
13380.0,7119.0,7775.0
462615.0,13638.0,7742.0
13166.0,7160.0,12770.0
449432.0,7338.0,7641.0
13322.0,12209.0,7675.0
695750.0,7108.0,7739.0
13252.0,12343.0,7641.0
13112.0,12297.0,763.0
421251.0,7091.0,7773.0
462060.0,12211.0,7608.0
13252.0,7192.0,7823.0
454524.0,7270.0,7739.0
13284.0,12210.0,7738.0
438202.0,7174.0,763.0
13143.0,12438.0,7739.0
13262.0,12709.0,7675.0
421261.0,7192.0,7807.0
13176.0,12374.0,763.0
424256.0,7124.0,7708.0
13229.0,7201.0,7584.0
425896.0,12388.0,12622.0
395200.0,7078.0,7739.0
13198.0,7090.0,7658.0
13058.0,7058.0,7675.0
425267.0,12381.0,763.0
13048.0,7160.0,7757.0
436873.0,12461.0,7741.0
239895.0,7122.0,7709.0
13188.0,7174.0,7675.0
434233.0,12534.0,7641.0
13230.0,7206.0,7710.0
434656.0,12636.0,7643.0
13230.0,12210.0,7712.0
13316.0,7160.0,14794.0
446128.0,12510.0,12522.0
377030.0,7174.0,7677.0
13416.0,7122.0,7757.0
671208.0,12238.0,7708.0
13332.0,12224.0,7643.0
13284.0,7072.0,7641.0
429240.0,7058.0,12557.0
458189.0,12470.0,7755.0
13230.0,7003.0,7773.0
454032.0,6980.0,7709.0
13166.0,12293.0,7643.0
433930.0,12309.0,12719.0
13176.0,7206.0,7644.0
447390.0,7040.0,7641.0
13502.0,12520.0,7839.0
696361.0,12264.0,7578.0
13230.0,7092.0,7803.0
386959.0,12115.0,763.0
13220.0,7288.0,7741.0
457467.0,7137.0,7887.0
13316.0,7110.0,7739.0
448840.0,12520.0,7740.0
13312.0,12129.0,7803.0
475184.0,6880.0,8349.0
13048.0,12725.0,7705.0
13134.0,7122.0,7642.0
412186.0,274564.0,7806.0
428602.0,12702.0,7901.0
13284.0,7192.0,7739.0
15789.0,12360.0,7675.0
10830.0,7040.0,7807.0
16098.0,7110.0,7774.0
10981.0,12118.0,7611.0
16130.0,7078.0,7641.0
10873.0,12132.0,7543.0
10969.0,12373.0,12654.0
16304.0,7140.0,7543.0
4681.0,12315.0,7578.0
4669.0,7174.0,7641.0
4785.0,12470.0,7758.0
4785.0,7274.0,7643.0
242060.0,7122.0,7739.0
4817.0,12456.0,7804.0
4817.0,7288.0,7741.0
4745.0,12150.0,12555.0
4701.0,7256.0,7741.0
4785.0,12470.0,7740.0
4721.0,7122.0,12798.0
4789.0,12206.0,7774.0
4765.0,7127.0,7741.0
4721.0,7110.0,7773.0
4745.0,12205.0,12785.0
4757.0,7210.0,7740.0
4745.0,12116.0,7644.0
4725.0,7154.0,7741.0
4721.0,12197.0,7676.0
4725.0,7021.0,7740.0
4785.0,12194.0,7743.0
4849.0,7090.0,7773.0
4721.0,12175.0,763.0
4785.0,7256.0,7642.0
15863.0,7206.0,7675.0
11021.0,12342.0,12850.0
10871.0,12192.0,7741.0
16084.0,7154.0,7705.0
15917.0,7174.0,763.0
10819.0,12265.0,7675.0
10871.0,12220.0,7741.0
15923.0,7288.0,7641.0
10966.0,12438.0,7740.0
16142.0,7192.0,7643.0
10969.0,12315.0,7739.0
16021.0,7134.0,58612.0
10775.0,12343.0,7642.0
15761.0,7154.0,7776.0
15796.0,12195.0,7788.0
11055.0,7174.0,7740.0
497300.0,7117.0,7709.0
11280.0,12170.0,62838.0
11087.0,7072.0,7807.0
16411.0,12894.0,7741.0
15933.0,7010.0,7741.0
11077.0,7124.0,7708.0
10968.0,12338.0,763.0
226316.0,12256.0,7803.0
11687.0,7207.0,12620.0
476084.0,12636.0,7739.0
10861.0,7092.0,7837.0
16153.0,7171.0,763.0
11055.0,12306.0,7804.0
15786.0,7154.0,763.0
15815.0,7192.0,12843.0
10937.0,12288.0,7808.0
16064.0,7206.0,12620.0
10797.0,209072.0,7741.0
82072.0,12443.0,7545.0
10819.0,7192.0,7805.0
216471.0,12420.0,7641.0
11829.0,7192.0,12765.0
68561.0,7206.0,7740.0
10969.0,12338.0,12718.0
15785.0,7228.0,7740.0
10915.0,12855.0,7643.0
11033.0,7169.0,7580.0
424525.0,7092.0,7740.0
10743.0,12698.0,14763.0
16013.0,12103.0,7739.0
11055.0,7206.0,7773.0
125503.0,7140.0,7741.0
17516.0,12345.0,7675.0
15763.0,12291.0,763.0
11141.0,6990.0,12491.0
15926.0,7174.0,7807.0
10819.0,12429.0,12750.0
16238.0,7160.0,7641.0
11071.0,12531.0,7741.0
11021.0,12293.0,7641.0
258627.0,7174.0,7611.0
16002.0,7087.0,7739.0
10669.0,7092.0,7739.0
16032.0,12209.0,14706.0
10989.0,7288.0,7641.0
16033.0,12261.0,12592.0
10797.0,7229.0,14741.0
16040.0,12594.0,7611.0
10883.0,7154.0,7709.0
474574.0,12161.0,7579.0
11043.0,12534.0,7675.0
16172.0,7192.0,14661.0
10927.0,7060.0,7659.0
15808.0,12198.0,763.0
10819.0,7119.0,7869.0
16032.0,12347.0,7739.0
10819.0,7108.0,7803.0
10935.0,12132.0,7837.0
15946.0,7192.0,763.0
15904.0,12197.0,12591.0
10797.0,7122.0,7708.0
16010.0,12164.0,7739.0
10957.0,7142.0,12619.0
10763.0,7123.0,7773.0
15761.0,7154.0,12460.0
15968.0,12507.0,7643.0
10993.0,7154.0,7739.0
10935.0,12328.0,12850.0
16667.0,12438.0,7739.0
16194.0,7206.0,7641.0
10851.0,12159.0,7755.0
11119.0,7122.0,7709.0
16032.0,12291.0,7805.0
16163.0,7160.0,7643.0
10967.0,7072.0,12816.0
10940.0,12356.0,7677.0
479885.0,7067.0,7741.0
11156.0,12182.0,14863.0
128289.0,7072.0,7740.0
10831.0,7154.0,12702.0
15958.0,12341.0,7840.0
10883.0,7122.0,10922.0
16680.0,13352.0,524868.0
15915.0,7169.0,12458.0
10883.0,12288.0,7741.0
225759.0,7256.0,7803.0
11021.0,6985.0,763.0
15978.0,14152.0,12702.0
11045.0,13734.0,7742.0
15828.0,12295.0,7775.0
11043.0,7238.0,7805.0
16128.0,7174.0,7871.0
10753.0,12213.0,7445.0
4765.0,7154.0,7773.0
4785.0,12420.0,7803.0
4785.0,470892.0,7740.0
116793.0,7250.0,7675.0
4713.0,6515.0,516644.0
4785.0,4316.0,7577.0
4725.0,6611.0,763.0
4785.0,7108.0,7641.0
4785.0,471298.0,12520.0
10927.0,436823.0,7677.0
16073.0,7192.0,13175.0
16270.0,12222.0,515661.0
10915.0,40431.0,7675.0
16094.0,6654.0,12497.0
10883.0,12307.0,8071.0
15985.0,7122.0,12604.0
10849.0,6623.0,7773.0
10775.0,34440.0,8206.0
15815.0,472600.0,12719.0
16009.0,506016.0,7643.0
11021.0,7142.0,763.0
10993.0,7192.0,7739.0
15853.0,12449.0,12817.0
214222.0,7122.0,48955.0
10883.0,471092.0,7675.0
497197.0,7058.0,4830.0
10861.0,12263.0,7641.0
10947.0,7094.0,763.0
15925.0,12286.0,7741.0
10797.0,7174.0,639790.0
15761.0,506125.0,7543.0
10691.0,6547.0,12922.0
16959.0,40483.0,7773.0
463929.0,7160.0,12683.0
11001.0,12418.0,7641.0
11653.0,61253.0,763.0
151023.0,6559.0,7973.0
11117.0,473122.0,271179.0
15956.0,7092.0,7642.0
15949.0,7122.0,8021.0
10839.0,471062.0,12618.0
15882.0,525350.0,753491.0
10821.0,7169.0,8205.0
16106.0,6611.0,7577.0
11089.0,7110.0,12616.0
10819.0,470295.0,7808.0
15933.0,7192.0,12687.0
10839.0,177015.0,8071.0
16063.0,566651.0,8140.0
16086.0,6635.0,12617.0
11119.0,34344.0,7773.0
10979.0,6711.0,12717.0
473694.0,61275.0,8106.0
11077.0,6743.0,12675.0
16184.0,7174.0,7675.0
10895.0,12200.0,7642.0
501395.0,194194.0,49472.0
473667.0,6431.0,7773.0
10871.0,12286.0,116737.0
11107.0,7058.0,12787.0
15913.0,536421.0,8269.0
15759.0,7073.0,7611.0
10831.0,6579.0,7837.0
10883.0,182698.0,12682.0
481139.0,7071.0,6524.0
10919.0,12245.0,7543.0
15978.0,7429.0,14457.0
10915.0,6559.0,13078.0
15955.0,7122.0,8071.0
15830.0,506934.0,12826.0
11015.0,6623.0,7579.0
10969.0,11232.0,7641.0
16197.0,127557.0,149098.0
16258.0,6655.0,12785.0
10829.0,7160.0,7545.0
16432.0,12345.0,517133.0
10883.0,252104.0,7739.0
11657.0,6632.0,179257.0
247041.0,201462.0,7709.0
223130.0,6635.0,959258.0
11033.0,6982.0,477079.0
16141.0,12459.0,12947.0
10745.0,6655.0,7641.0
10841.0,7092.0,763.0
16108.0,12282.0,7837.0
11087.0,105814.0,12554.0
16107.0,6655.0,7675.0
10955.0,40735.0,7643.0
16045.0,6687.0,763.0
15753.0,7067.0,12837.0
10915.0,470786.0,7709.0
15944.0,7174.0,521305.0
10991.0,12099.0,247368.0
11349.0,6976.0,7381.0
15882.0,7122.0,12846.0
147462.0,12327.0,7741.0
10871.0,7174.0,12668.0
11107.0,506767.0,8205.0
15852.0,514211.0,7611.0
10925.0,6611.0,643193.0
15933.0,12230.0,12609.0
16174.0,7256.0,7675.0
11035.0,566487.0,12713.0
17566.0,6667.0,7755.0
10981.0,6994.0,14651.0
15968.0,471369.0,644697.0
11087.0,7140.0,7901.0
148177.0,471077.0,7643.0
15935.0,7057.0,763.0
10927.0,12245.0,763.0
10959.0,7066.0,8144.0
16171.0,7026.0,12549.0
10883.0,12194.0,7643.0
16246.0,536707.0,312759.0
15905.0,7087.0,7741.0
10710.0,527268.0,1158671.0
15900.0,305947.0,7646.0
10927.0,6579.0,12591.0
16149.0,6643.0,4103.0
11067.0,52712.0,7739.0
10999.0,6655.0,515751.0
16095.0,7122.0,7614.0
11001.0,473231.0,12681.0
15959.0,537280.0,8107.0
16034.0,7483.0,7683.0
10969.0,6579.0,7184.0
16184.0,60120.0,4882.0
11117.0,536713.0,7741.0
15806.0,7123.0,7739.0
11000.0,12327.0,7739.0
10915.0,7092.0,12835.0
16239.0,12198.0,641444.0
10797.0,7092.0,7641.0
15768.0,516134.0,12456.0
16184.0,6599.0,8203.0
11021.0,525834.0,7675.0
11043.0,6985.0,763.0
15924.0,7122.0,400433.0
10818.0,12290.0,7676.0
128666.0,507853.0,8107.0
251686.0,7122.0,12850.0
11021.0,100113.0,7932.0
16549.0,6655.0,226801.0
10957.0,7103.0,643271.0
16180.0,52764.0,8203.0
11053.0,6611.0,363559.0
10969.0,305887.0,8203.0
223472.0,6611.0,7641.0
11190.0,12356.0,6624.0
140033.0,7160.0,517258.0
238461.0,7108.0,7121.0
12647.0,12675.0,7741.0
16141.0,536887.0,763.0
11055.0,7071.0,8071.0
15891.0,6515.0,763.0
10777.0,566617.0,7577.0
16025.0,6611.0,7739.0
10927.0,7122.0,12749.0
15817.0,12973.0,12837.0
10947.0,489947.0,8071.0
16020.0,6611.0,7805.0
10905.0,7174.0,763.0
10901.0,471147.0,7611.0
15956.0,6579.0,763.0
10935.0,7192.0,7739.0
16086.0,12295.0,7803.0
11087.0,12272.0,12707.0
82498.0,7122.0,12424.0
11043.0,6623.0,7776.0
16105.0,437655.0,12657.0
16019.0,7174.0,7641.0
10927.0,12377.0,7773.0
16292.0,7058.0,12731.0
10905.0,47438.0,7544.0
10915.0,506379.0,12750.0
15843.0,7040.0,12717.0
16031.0,7192.0,7545.0
10915.0,12257.0,12673.0
15987.0,438933.0,7773.0
10893.0,6667.0,12945.0
11011.0,303874.0,7707.0
254405.0,6611.0,12641.0
16227.0,6655.0,8071.0
10907.0,7105.0,12552.0
129682.0,7105.0,7740.0
15870.0,6958.0,7740.0
10935.0,503894.0,203715.0
11043.0,7254.0,7773.0
16216.0,506495.0,12876.0
10701.0,7160.0,644337.0
15807.0,12295.0,12598.0
10895.0,194043.0,7675.0
15753.0,6431.0,641147.0
471074.0,507648.0,7643.0
10969.0,7169.0,7543.0
10743.0,473325.0,763.0
151085.0,7110.0,12784.0
10883.0,6995.0,7741.0
471485.0,7192.0,763.0
15902.0,506380.0,7641.0
10745.0,514100.0,12684.0
15927.0,6655.0,7644.0
11087.0,6642.0,12452.0
10969.0,12181.0,7577.0
438503.0,7026.0,12650.0
11043.0,437550.0,7587.0
437227.0,6655.0,7543.0
10915.0,6635.0,515463.0
16057.0,127980.0,12685.0
16117.0,576717.0,7544.0
10969.0,6611.0,517821.0
16109.0,470653.0,7544.0
11077.0,7040.0,14466.0
475227.0,440608.0,12775.0
10967.0,6623.0,7577.0
16206.0,267974.0,352738.0
10841.0,6643.0,7543.0
15933.0,525171.0,763.0
10969.0,6643.0,7543.0
15668.0,6643.0,7741.0
11043.0,117742.0,763.0
186195.0,7201.0,807.0
11001.0,6655.0,7683.0
11001.0,7173.0,12767.0
82074.0,506661.0,7973.0
10935.0,12591.0,7741.0
15732.0,7110.0,4103.0
15743.0,537313.0,8119.0
10967.0,7073.0,763.0
15978.0,535430.0,7879.0
10969.0,7187.0,12708.0
10883.0,40439.0,515329.0
473985.0,6611.0,7803.0
15863.0,7192.0,7773.0
10807.0,12245.0,12696.0
16158.0,7044.0,12675.0
11055.0,12190.0,7675.0
141836.0,7205.0,12904.0
4669.0,4304.0,7739.0
11835.0,6699.0,8071.0
16003.0,7174.0,12677.0
10849.0,12182.0,12359.0
16041.0,6623.0,7641.0
10969.0,189306.0,12568.0
15852.0,6723.0,7579.0
10981.0,7092.0,641035.0
15754.0,12170.0,8107.0
10937.0,7274.0,7611.0
15992.0,471283.0,4103.0
10571.0,7139.0,763.0
15883.0,12231.0,7739.0
10765.0,773.0,188910.0
10893.0,6989.0,7641.0
16959.0,246732.0,7775.0
16110.0,6687.0,12720.0
11099.0,6591.0,523388.0
10837.0,7192.0,640763.0
15818.0,12181.0,7675.0
473775.0,6623.0,12684.0
10893.0,6643.0,8203.0
11141.0,11192.0,763.0
482839.0,6611.0,8073.0
15978.0,566589.0,641444.0
10763.0,6667.0,7675.0
11107.0,514363.0,7641.0
15785.0,6611.0,12649.0
15993.0,7140.0,12885.0
11055.0,154760.0,7739.0
16172.0,6635.0,7643.0
10861.0,7126.0,12746.0
11403.0,12395.0,518240.0
475079.0,514860.0,12536.0
15913.0,6611.0,7772.0
10819.0,470299.0,7577.0
12587.0,7140.0,763.0
205127.0,7140.0,641074.0
15964.0,12245.0,7775.0
10829.0,566487.0,12652.0
15693.0,6655.0,7775.0
10969.0,450739.0,12630.0
17405.0,7122.0,7773.0
16107.0,568248.0,763.0
10969.0,7122.0,7544.0
10969.0,12404.0,642618.0
468418.0,3663.0,12732.0
15874.0,6699.0,7774.0
11055.0,7142.0,12653.0
15820.0,470410.0,7739.0
10999.0,7122.0,45676.0
15937.0,12277.0,8073.0
11139.0,268440.0,12718.0
10969.0,7122.0,7709.0
15927.0,7135.0,12651.0
16023.0,567125.0,7742.0
10935.0,6591.0,12554.0
16148.0,470667.0,7741.0
11003.0,7222.0,12620.0
10861.0,12272.0,7742.0
16076.0,7078.0,763.0
474010.0,491905.0,7739.0
10861.0,6634.0,7739.0
15800.0,7192.0,12639.0
11139.0,12373.0,274976.0
13144.0,470692.0,7609.0
264947.0,7192.0,7773.0
286311.0,7155.0,12639.0
13294.0,417257.0,12589.0
369343.0,6599.0,8203.0
13090.0,216114.0,763.0
13112.0,505982.0,7677.0
254358.0,7124.0,12588.0
264489.0,6624.0,8205.0
13434.0,252610.0,7641.0
141246.0,524261.0,763.0
13412.0,6567.0,7973.0
372837.0,12354.0,12793.0
13262.0,7204.0,356488.0
373370.0,6599.0,7717.0
13358.0,12280.0,515154.0
396943.0,7000.0,7740.0
13280.0,7160.0,8237.0
13112.0,12290.0,763.0
113628.0,470827.0,14439.0
275107.0,7160.0,12922.0
13230.0,6559.0,8204.0
239273.0,6976.0,7775.0
13166.0,472953.0,763.0
286884.0,7108.0,763.0
13450.0,12793.0,7641.0
13252.0,7122.0,12525.0
189718.0,12404.0,8105.0
13090.0,347064.0,12557.0
264424.0,6547.0,7545.0
290559.0,7140.0,7741.0
13316.0,471439.0,640517.0
263471.0,6667.0,763.0
265960.0,4324.0,7641.0
13294.0,6611.0,207300.0
13214.0,6687.0,7675.0
264675.0,514309.0,7577.0
13252.0,7187.0,763.0
347800.0,492056.0,7577.0
293682.0,6655.0,12704.0
13316.0,297862.0,521431.0
246285.0,6611.0,763.0
13284.0,525991.0,7641.0
13262.0,6547.0,515687.0
334298.0,7160.0,7545.0
239140.0,234320.0,13054.0
13090.0,6591.0,8204.0
13348.0,566290.0,12559.0
238120.0,6611.0,7543.0
288136.0,7058.0,7773.0
13316.0,503913.0,763.0
287338.0,7040.0,12869.0
13316.0,12254.0,7805.0
13316.0,183099.0,7641.0
264825.0,6623.0,65988.0
246602.0,199488.0,263663.0
13348.0,6579.0,7643.0
235021.0,7105.0,7641.0
6756.0,7092.0,12618.0
6712.0,471359.0,7774.0
6712.0,6667.0,7707.0
6712.0,496400.0,763.0
6776.0,6655.0,190413.0
8329.0,7190.0,520881.0
409915.0,472923.0,807.0
291041.0,12188.0,7739.0
13353.0,7040.0,7643.0
13262.0,6611.0,763.0
205960.0,120855.0,7743.0
236933.0,6655.0,7739.0
13198.0,7122.0,12846.0
384959.0,12216.0,12523.0
13176.0,7174.0,7641.0
139752.0,501421.0,14366.0
13338.0,505540.0,643164.0
302707.0,7041.0,8071.0
13322.0,7174.0,763.0
13176.0,471068.0,12818.0
353441.0,6599.0,7685.0
13348.0,576240.0,14504.0
264801.0,6679.0,7773.0
264473.0,7140.0,763.0
13134.0,470654.0,7543.0
239639.0,6900.0,6754.0
13364.0,497814.0,12714.0
288995.0,6611.0,7643.0
13262.0,12254.0,643502.0
291711.0,7206.0,640488.0
13280.0,7140.0,7577.0
13292.0,12345.0,7758.0
230796.0,6699.0,7742.0
13144.0,514496.0,278894.0
237912.0,7040.0,7773.0
274913.0,12220.0,174087.0
13418.0,153095.0,7739.0
355860.0,7058.0,564913.0
13316.0,536762.0,7741.0
359936.0,7201.0,7783.0
13283.0,7108.0,7789.0
286657.0,12312.0,763.0
13166.0,287570.0,7939.0
91842.0,7140.0,183436.0
13348.0,489847.0,7739.0
13330.0,6623.0,7803.0
230084.0,6579.0,241847.0
260110.0,7192.0,7740.0
13300.0,12152.0,565202.0
286552.0,6603.0,7741.0
13240.0,6579.0,539803.0
290274.0,6475.0,7773.0
13090.0,6753.0,7642.0
286590.0,6611.0,7611.0
13286.0,6623.0,7640.0
290163.0,7010.0,541603.0
6616.0,6431.0,7821.0
13154.0,6547.0,43254.0
377335.0,7073.0,7742.0
13176.0,7117.0,7641.0
373557.0,6611.0,7803.0
13300.0,514409.0,7641.0
290080.0,6655.0,7267.0
6680.0,6579.0,763.0
13112.0,6547.0,763.0
13176.0,198548.0,8422.0
348286.0,7042.0,566242.0
262883.0,6591.0,7882.0
13274.0,6547.0,75856.0
262361.0,437478.0,7640.0
13316.0,6643.0,7546.0
13198.0,6611.0,158929.0
254638.0,6603.0,7739.0
13198.0,7023.0,563349.0
230348.0,7201.0,7838.0
289214.0,7137.0,336064.0
13198.0,7119.0,7836.0
241779.0,6527.0,569756.0
13166.0,6611.0,7739.0
262611.0,6559.0,319292.0
13226.0,437329.0,7743.0
13406.0,6623.0,312656.0
237201.0,437783.0,7739.0
289114.0,7117.0,7643.0
13230.0,6611.0,565776.0
381843.0,6631.0,7739.0
13176.0,6655.0,7643.0
286571.0,6611.0,26001.0
13144.0,6611.0,7839.0
289409.0,6655.0,43441.0
13450.0,6579.0,7771.0
275174.0,7122.0,7641.0
13300.0,6591.0,7739.0
358082.0,6635.0,407282.0
13268.0,6611.0,7676.0
466561.0,6547.0,296971.0
13438.0,6643.0,7643.0
289564.0,7169.0,7741.0
13336.0,7073.0,207974.0
265815.0,504911.0,7784.0
13188.0,6637.0,7675.0
239315.0,6547.0,7641.0
13312.0,7027.0,295577.0
293430.0,6591.0,7739.0
13184.0,6527.0,7739.0
286320.0,6643.0,7742.0
13166.0,6611.0,341569.0
372718.0,6559.0,763.0
13112.0,6973.0,7755.0
236808.0,6655.0,313893.0
13176.0,6579.0,7741.0
264713.0,6559.0,7641.0
139985.0,6655.0,171339.0
13198.0,6611.0,7641.0
13156.0,6579.0,7723.0
209253.0,7135.0,7741.0
362889.0,6559.0,7739.0
13058.0,6691.0,329581.0
287242.0,6611.0,7577.0
13261.0,102791.0,7739.0
13262.0,6611.0,7740.0
264982.0,6547.0,763.0
275312.0,514712.0,7757.0
13306.0,7192.0,7819.0
13444.0,7201.0,337858.0
331576.0,6535.0,763.0
239644.0,6699.0,7509.0
13306.0,6623.0,7677.0
270624.0,7103.0,7676.0
13208.0,552647.0,568597.0
264094.0,6643.0,7739.0
13230.0,6655.0,4471.0
288853.0,6623.0,7676.0
13262.0,6579.0,7815.0
429522.0,6611.0,763.0
13240.0,6631.0,204241.0
270768.0,6515.0,7741.0
13274.0,6743.0,7641.0
290342.0,6579.0,7741.0
13198.0,6623.0,162372.0
250628.0,6611.0,7642.0
13416.0,6655.0,763.0
234674.0,6579.0,7675.0
13300.0,6559.0,7579.0
13284.0,7105.0,83312.0
230305.0,6945.0,7741.0
275244.0,7201.0,329467.0
13252.0,6635.0,7741.0
263939.0,6655.0,564318.0
13080.0,491784.0,7677.0
239194.0,6643.0,7739.0
13198.0,6567.0,159581.0
266947.0,7137.0,7804.0
13176.0,6623.0,8153.0
384619.0,7119.0,7643.0
13364.0,7117.0,763.0
239724.0,7169.0,7705.0
13152.0,6611.0,7837.0
13144.0,7117.0,301180.0
264397.0,6623.0,7677.0
13080.0,6547.0,42647.0
253590.0,7035.0,7773.0
13176.0,6679.0,300475.0
265182.0,6643.0,7743.0
262743.0,6611.0,7675.0
13198.0,6567.0,7739.0
13352.0,58691.0,568288.0
352434.0,6655.0,7641.0
360924.0,7117.0,333183.0
13198.0,6579.0,7741.0
289182.0,6623.0,7543.0
13198.0,6995.0,154611.0
289115.0,6579.0,7805.0
13134.0,6579.0,7821.0
265038.0,7137.0,570372.0
13326.0,6451.0,7837.0
357690.0,6623.0,7739.0
13252.0,7123.0,44191.0
286490.0,6591.0,7643.0
13290.0,7087.0,7739.0
374343.0,6611.0,7774.0
13300.0,6611.0,563944.0
292902.0,258655.0,7739.0
13198.0,6559.0,82370.0
13348.0,6567.0,182104.0
264776.0,59037.0,7741.0
286000.0,6675.0,331754.0
13396.0,6721.0,7674.0
289043.0,6623.0,7739.0
13316.0,6623.0,7642.0
289889.0,7169.0,763.0
13090.0,7035.0,207396.0
289039.0,6655.0,7706.0
13332.0,6623.0,48974.0
292209.0,6591.0,7612.0
13230.0,6623.0,569412.0
266859.0,6579.0,7659.0
375633.0,524218.0,76296.0
13240.0,6667.0,7739.0
384993.0,6579.0,75183.0
13284.0,6643.0,7642.0
13306.0,100077.0,7640.0
230061.0,6611.0,297086.0
376218.0,6688.0,7824.0
13294.0,6643.0,205256.0
356031.0,538425.0,7791.0
13144.0,6526.0,7643.0
360121.0,6623.0,315901.0
13208.0,6655.0,7774.0
13188.0,6623.0,7787.0
214273.0,7219.0,7741.0
369408.0,6599.0,7641.0
13300.0,6643.0,570109.0
261739.0,6699.0,7804.0
13220.0,6655.0,562682.0
274896.0,6611.0,218962.0
13230.0,6579.0,7677.0
235281.0,437662.0,7676.0
13418.0,6579.0,568970.0
290445.0,6655.0,7641.0
13338.0,437551.0,42745.0
234699.0,6655.0,763.0
13252.0,6579.0,7705.0
239084.0,6647.0,7641.0
13242.0,6579.0,7803.0
293497.0,6599.0,159058.0
13370.0,6611.0,7643.0
13266.0,6599.0,166719.0
88921.0,6579.0,164588.0
287826.0,6547.0,7740.0
13090.0,7169.0,205936.0
13175.0,7119.0,7641.0
347194.0,488970.0,569209.0
242923.0,7174.0,7641.0
13284.0,6579.0,7674.0
13332.0,6699.0,245590.0
109187.0,529632.0,7867.0
262476.0,6721.0,763.0
13198.0,6611.0,7739.0
359903.0,6699.0,7739.0
288749.0,6611.0,43039.0
13220.0,6907.0,564266.0
13370.0,6547.0,7692.0
264506.0,6579.0,282131.0
13354.0,6579.0,7644.0
290989.0,6579.0,7739.0
13316.0,6559.0,72996.0
237304.0,6579.0,7643.0
238504.0,6611.0,7773.0
13284.0,7117.0,7775.0
13122.0,7103.0,7709.0
208679.0,6612.0,42941.0
13058.0,7153.0,763.0
345296.0,7005.0,7883.0
270926.0,6611.0,537578.0
13220.0,6723.0,7642.0
259884.0,7021.0,564891.0
13284.0,6579.0,7643.0
288777.0,6623.0,7479.0
13198.0,6599.0,7642.0
13144.0,6687.0,328720.0
235530.0,6643.0,563890.0
396398.0,7219.0,7657.0
13230.0,6547.0,332514.0
262137.0,6643.0,7764.0
13332.0,6711.0,7803.0
288704.0,568429.0,540910.0
13364.0,6643.0,7756.0
13122.0,6643.0,7642.0
236242.0,6664.0,763.0
669108.0,6579.0,181825.0
239249.0,7023.0,7741.0
13364.0,6687.0,763.0
289156.0,7091.0,7757.0
13102.0,7237.0,73000.0
362606.0,6591.0,8447.0
13386.0,6765.0,7807.0
371442.0,7026.0,7709.0
13348.0,6623.0,317825.0
13370.0,7135.0,763.0
264596.0,7174.0,7445.0
290784.0,12122.0,8316.0
13166.0,12311.0,763.0
13176.0,7192.0,7675.0
264681.0,7073.0,763.0
377786.0,12187.0,7677.0
13220.0,7206.0,76153.0
237336.0,7005.0,8072.0
13326.0,7087.0,159217.0
275095.0,7169.0,7646.0
13300.0,7103.0,7741.0
238501.0,7224.0,159298.0
13252.0,12461.0,159908.0
289363.0,12205.0,7691.0
13310.0,7174.0,7837.0
292757.0,7149.0,178923.0
13284.0,7087.0,7643.0
357611.0,7085.0,7739.0
13386.0,7174.0,7643.0
358112.0,12785.0,567854.0
13416.0,7206.0,73103.0
258899.0,12214.0,7755.0
13352.0,7051.0,7739.0
385309.0,7071.0,568275.0
13026.0,7067.0,7740.0
13112.0,7104.0,795.0
366099.0,7169.0,7641.0
461518.0,7123.0,73066.0
13144.0,7205.0,7641.0
388773.0,7117.0,7739.0
13262.0,12182.0,7741.0
13176.0,7174.0,763.0
264609.0,7178.0,763.0
13316.0,12555.0,7739.0
422649.0,7105.0,176432.0
376986.0,7135.0,7675.0
13176.0,7028.0,7675.0
290193.0,12297.0,763.0
13348.0,7065.0,564924.0
359607.0,7169.0,7644.0
13386.0,7274.0,7643.0
259709.0,12329.0,282042.0
13352.0,6995.0,241508.0
286692.0,7117.0,7808.0
13278.0,7087.0,315683.0
355385.0,7201.0,7545.0
13274.0,12160.0,7741.0
262101.0,7206.0,763.0
13386.0,7090.0,7776.0
290508.0,12439.0,181981.0
13252.0,7142.0,7644.0
376114.0,12375.0,311857.0
13262.0,7169.0,7773.0
270586.0,7192.0,763.0
13332.0,12082.0,7705.0
374592.0,7135.0,7821.0
13288.0,12097.0,7611.0
359888.0,7058.0,159088.0
13268.0,7134.0,7741.0
289899.0,7105.0,214223.0
13306.0,12229.0,7644.0
263824.0,7092.0,7839.0
13240.0,12293.0,568671.0
286745.0,7122.0,7921.0
13316.0,7171.0,7805.0
288833.0,12133.0,7677.0
13262.0,7169.0,7645.0
264714.0,7206.0,763.0
13198.0,12174.0,7851.0
13134.0,7174.0,245757.0
264480.0,12365.0,7821.0
13352.0,7117.0,7915.0
264961.0,7108.0,7643.0
291585.0,12329.0,7739.0
13188.0,7174.0,300203.0
13348.0,12261.0,7705.0
264746.0,12411.0,7643.0
289797.0,7124.0,269824.0
13240.0,12161.0,7708.0
291806.0,7040.0,564888.0
13144.0,12295.0,7643.0
287180.0,7140.0,7707.0
13364.0,7169.0,7739.0
289027.0,12261.0,12932.0
13416.0,7060.0,7773.0
6681.0,12252.0,12870.0
6681.0,7010.0,7886.0
6681.0,7155.0,12798.0
6681.0,12401.0,7545.0
6681.0,7288.0,12477.0
6681.0,7185.0,7707.0
6681.0,7071.0,12902.0
6681.0,12343.0,7675.0
6681.0,7174.0,14499.0
6681.0,7187.0,14695.0
6693.0,12246.0,12660.0
6681.0,6932.0,7757.0
6745.0,7223.0,12683.0
6681.0,7161.0,7803.0
13375.0,7126.0,12813.0
6681.0,12347.0,7757.0
6681.0,7135.0,13011.0
6733.0,7224.0,7607.0
6681.0,12261.0,535994.0
6681.0,7192.0,7675.0
6713.0,7283.0,49485.0
6681.0,7035.0,7803.0
6681.0,7072.0,12751.0
6681.0,12311.0,7677.0
6681.0,12338.0,7675.0
6681.0,7160.0,12827.0
6681.0,7078.0,12586.0
6777.0,12099.0,7707.0
6681.0,7087.0,12726.0
6681.0,12197.0,7741.0
6745.0,7124.0,12524.0
6681.0,7206.0,7641.0
6681.0,12147.0,12683.0
10746.0,7192.0,7741.0
6681.0,12281.0,12588.0
6681.0,12314.0,7739.0
6681.0,7206.0,12781.0
6681.0,7117.0,7739.0
6681.0,7155.0,12751.0
6681.0,12233.0,7819.0
6681.0,7224.0,12653.0
6681.0,7117.0,7738.0
6681.0,7105.0,12918.0
6681.0,7173.0,7641.0
6745.0,12320.0,12715.0
6489.0,7124.0,7707.0
13205.0,7237.0,7867.0
6681.0,7155.0,12617.0
13217.0,7155.0,12848.0
6681.0,7035.0,7739.0
6681.0,7021.0,12868.0
13483.0,7108.0,7445.0
6681.0,12150.0,7741.0
6733.0,7173.0,12585.0
6681.0,7167.0,13276.0
6681.0,7121.0,7773.0
6681.0,12142.0,12490.0
6681.0,7154.0,7739.0
6681.0,7169.0,12783.0
6745.0,12068.0,7707.0
13359.0,7206.0,12525.0
6681.0,7135.0,7821.0
6681.0,7169.0,12492.0
6745.0,12079.0,7739.0
6681.0,7288.0,12683.0
6681.0,7187.0,7545.0
7353.0,7105.0,12553.0
6745.0,7142.0,7757.0
6681.0,12425.0,12747.0
13253.0,7169.0,7741.0
6489.0,7087.0,12588.0
6681.0,7040.0,7739.0
6745.0,12375.0,7611.0
6681.0,7178.0,12879.0
6489.0,12407.0,12779.0
6681.0,7067.0,7643.0
6681.0,6985.0,12728.0
6681.0,7119.0,7773.0
6681.0,7053.0,12522.0
6681.0,7117.0,7739.0
11996.0,7071.0,13061.0
6681.0,7117.0,7641.0
6489.0,7108.0,12826.0
6745.0,12265.0,7805.0
6681.0,7169.0,12851.0
6681.0,7210.0,7739.0
6681.0,12343.0,12826.0
6681.0,7199.0,7741.0
6681.0,7224.0,763.0
6681.0,12229.0,763.0
10680.0,7256.0,763.0
6681.0,12216.0,4342.0
6681.0,12211.0,13817.0
6617.0,7206.0,4342.0
6681.0,7155.0,8413.0
6681.0,7160.0,12619.0
6681.0,12297.0,7807.0
6681.0,7117.0,12849.0
6681.0,12346.0,7677.0
6681.0,7142.0,7773.0
6681.0,12229.0,12683.0
6681.0,7192.0,7739.0
6457.0,12115.0,12847.0
6681.0,7122.0,7609.0
6489.0,7123.0,12706.0
6681.0,7370.0,12719.0
6681.0,12182.0,7643.0
6725.0,7087.0,12691.0
6713.0,7187.0,7543.0
6681.0,12343.0,12750.0
6681.0,7058.0,7739.0
6681.0,7206.0,49485.0
13253.0,12247.0,8029.0
6681.0,7117.0,12589.0
6681.0,7123.0,7641.0
6489.0,7035.0,12665.0
6681.0,7117.0,7819.0
13509.0,7213.0,12585.0
6681.0,7046.0,7739.0
6681.0,12154.0,13094.0
6681.0,7169.0,7677.0
6649.0,7154.0,12558.0
6681.0,7117.0,7741.0
6681.0,12182.0,7741.0
6617.0,7092.0,12562.0
6745.0,12152.0,12711.0
6681.0,7206.0,7741.0
6681.0,7149.0,7755.0
6681.0,12314.0,13013.0
6681.0,7192.0,12815.0
6681.0,7154.0,7741.0
6681.0,12311.0,7739.0
6681.0,7154.0,12761.0
6681.0,12343.0,7805.0
6681.0,7092.0,12997.0
6681.0,12136.0,7513.0
13253.0,7137.0,12849.0
6617.0,7215.0,12845.0
6681.0,7063.0,7775.0
6681.0,7075.0,13043.0
6681.0,12161.0,7585.0
6681.0,7021.0,12511.0
6681.0,6956.0,7641.0
10004.0,7105.0,12683.0
6745.0,7169.0,7577.0
6733.0,7205.0,12845.0
13231.0,12164.0,7579.0
6681.0,7206.0,12654.0
6713.0,12068.0,7676.0
6681.0,7124.0,7773.0
6681.0,12413.0,12593.0
6681.0,7160.0,12752.0
6681.0,12261.0,7755.0
13463.0,7160.0,7577.0
6745.0,12261.0,12749.0
6681.0,7124.0,12556.0
6777.0,7122.0,7805.0
6681.0,12264.0,14629.0
6681.0,7149.0,12913.0
6681.0,7142.0,7805.0
13285.0,12211.0,12720.0
6681.0,7288.0,7741.0
6745.0,12250.0,12883.0
6745.0,12179.0,7789.0
6489.0,7206.0,12688.0
6745.0,12278.0,7709.0
6681.0,7140.0,12390.0
6745.0,7186.0,7721.0
6681.0,7073.0,14785.0
6681.0,6962.0,7773.0
6681.0,12425.0,12828.0
6681.0,7060.0,12879.0
6693.0,12325.0,7773.0
6681.0,7306.0,7741.0
6681.0,7155.0,12556.0
6681.0,7154.0,12720.0
11099.0,12311.0,7741.0
225222.0,12197.0,7773.0
10981.0,7206.0,12731.0
532753.0,7153.0,7739.0
124558.0,7103.0,12641.0
11129.0,7064.0,12813.0
315745.0,12442.0,7677.0
11099.0,7174.0,12882.0
11131.0,12147.0,7643.0
162558.0,7105.0,7611.0
306827.0,7153.0,12944.0
11099.0,7117.0,7739.0
204287.0,7103.0,12813.0
10971.0,12161.0,7773.0
149289.0,6932.0,12879.0
10851.0,7289.0,12650.0
261749.0,7160.0,7705.0
10819.0,12342.0,7773.0
11045.0,6982.0,12719.0
259436.0,7169.0,12772.0
231149.0,7117.0,7641.0
11205.0,12316.0,12646.0
11089.0,7224.0,7714.0
229656.0,7023.0,12653.0
184123.0,7108.0,7805.0
4637.0,12335.0,7543.0
11119.0,7223.0,12730.0
11129.0,7140.0,12617.0
162056.0,12264.0,7757.0
247043.0,7192.0,12664.0
11153.0,12118.0,7739.0
10905.0,7040.0,12824.0
296494.0,12407.0,7675.0
10990.0,7121.0,7543.0
52669.0,7206.0,12556.0
265294.0,12443.0,7677.0
11131.0,7085.0,12890.0
262513.0,12211.0,12740.0
11183.0,7338.0,7641.0
10971.0,7206.0,12874.0
520146.0,12211.0,8114.0
117060.0,7142.0,12632.0
10958.0,12185.0,7741.0
289482.0,7117.0,7479.0
11013.0,7039.0,12717.0
267583.0,7169.0,7611.0
10959.0,7135.0,12420.0
102227.0,7103.0,12911.0
11087.0,7073.0,7773.0
525327.0,12389.0,12585.0
525665.0,7206.0,7773.0
10991.0,7206.0,12553.0
287897.0,12191.0,7741.0
10959.0,7173.0,12713.0
147643.0,7087.0,7821.0
11023.0,7067.0,12651.0
122762.0,6971.0,7677.0
11045.0,12369.0,12372.0
218984.0,7236.0,7641.0
11247.0,7087.0,7805.0
10991.0,7117.0,12619.0
125544.0,7093.0,12717.0
181360.0,7155.0,7545.0
149106.0,7035.0,12666.0
10927.0,7155.0,7773.0
11065.0,12266.0,12963.0
248999.0,7108.0,7739.0
228164.0,7187.0,12815.0
11129.0,7059.0,7739.0
4637.0,7174.0,7839.0
127838.0,7333.0,12750.0
11067.0,7117.0,12751.0
586468.0,7071.0,7757.0
11043.0,7078.0,7641.0
10915.0,7169.0,12489.0
483608.0,7167.0,12683.0
271237.0,7174.0,7757.0
10977.0,7084.0,12754.0
11013.0,7342.0,7643.0
285718.0,7105.0,12617.0
10873.0,7105.0,7677.0
263101.0,7102.0,12713.0
169803.0,7174.0,7803.0
11099.0,7110.0,7677.0
11151.0,7013.0,12649.0
52462.0,7009.0,12783.0
11045.0,7085.0,7739.0
282796.0,7187.0,7741.0
124571.0,7117.0,12849.0
10925.0,7192.0,7739.0
123271.0,7103.0,13039.0
11077.0,7135.0,12849.0
11163.0,7076.0,7643.0
216098.0,7169.0,12594.0
248057.0,7201.0,7707.0
11045.0,7023.0,12894.0
120420.0,7103.0,7641.0
10927.0,7168.0,12715.0
148997.0,7040.0,7741.0
10981.0,7072.0,13043.0
11013.0,7167.0,7739.0
217796.0,7199.0,12845.0
256931.0,7274.0,7807.0
10957.0,7071.0,12804.0
140336.0,6957.0,7656.0
11260.0,7135.0,12754.0
11129.0,7187.0,7773.0
220954.0,7201.0,12717.0
11045.0,7154.0,7739.0
124570.0,7078.0,7739.0
243478.0,7087.0,12608.0
11183.0,7035.0,7775.0
286210.0,7087.0,12683.0
10991.0,7108.0,7739.0
170516.0,7117.0,12543.0
11099.0,7274.0,7741.0
128014.0,7072.0,12683.0
131101.0,7067.0,7839.0
10991.0,7105.0,12683.0
11097.0,7003.0,12817.0
227588.0,7151.0,7805.0
148919.0,7135.0,12826.0
11153.0,7053.0,7791.0
178434.0,7117.0,7739.0
11087.0,7192.0,12781.0
11121.0,7169.0,12747.0
247592.0,6995.0,7545.0
546845.0,7383.0,7743.0
11023.0,7122.0,12755.0
293138.0,7224.0,12699.0
10939.0,7117.0,7775.0
526845.0,7187.0,12968.0
11013.0,7092.0,7773.0
178174.0,7168.0,12585.0
11131.0,7087.0,7739.0
148159.0,7160.0,12812.0
11043.0,7192.0,7577.0
11045.0,7213.0,12783.0
62970.0,7137.0,7739.0
11131.0,7071.0,12836.0
205288.0,7155.0,7775.0
169019.0,6977.0,12618.0
11013.0,7169.0,7643.0
286215.0,7117.0,7755.0
11121.0,7087.0,13570.0
63326.0,7173.0,12847.0
11045.0,7008.0,7739.0
496761.0,7105.0,7741.0
10949.0,7087.0,12585.0
10905.0,6971.0,7739.0
172204.0,7117.0,12649.0
128676.0,7137.0,12606.0
11013.0,7103.0,7739.0
11001.0,7122.0,12715.0
207353.0,7034.0,7617.0
265538.0,7117.0,12519.0
11055.0,7071.0,7597.0
207698.0,7007.0,12622.0
10959.0,7060.0,7707.0
16085.0,7124.0,12849.0
11225.0,7053.0,7805.0
148526.0,7117.0,12672.0
10925.0,7087.0,7543.0
11033.0,7523.0,7775.0
126626.0,7105.0,12796.0
317333.0,7023.0,12719.0
11141.0,7174.0,7577.0
10959.0,7128.0,7775.0
221948.0,7190.0,12632.0
218079.0,7073.0,12979.0
10819.0,7169.0,7803.0
218538.0,7191.0,12717.0
10959.0,7087.0,7543.0
278233.0,7122.0,12559.0
11065.0,7021.0,7707.0
63107.0,7169.0,7837.0
10927.0,7174.0,12553.0
11035.0,7072.0,12587.0
150083.0,7103.0,7739.0
53259.0,7187.0,12585.0
10947.0,7053.0,7739.0
265060.0,7028.0,7789.0
11173.0,7173.0,12608.0
16466.0,7155.0,12988.0
11227.0,7251.0,7741.0
307345.0,7089.0,12619.0
11153.0,7087.0,7445.0
11141.0,7068.0,12454.0
128325.0,7169.0,7739.0
11067.0,7135.0,12720.0
128727.0,7174.0,7773.0
4721.0,7087.0,12611.0
258072.0,7073.0,7741.0
11003.0,7073.0,7773.0
11153.0,7117.0,12979.0
314468.0,7205.0,12628.0
10981.0,7058.0,7643.0
224137.0,7103.0,12615.0
11249.0,7219.0,7741.0
53999.0,7187.0,12781.0
117919.0,7187.0,7837.0
10959.0,7191.0,12524.0
192107.0,7173.0,7739.0
11011.0,7135.0,12553.0
169228.0,7073.0,7807.0
10917.0,7117.0,7839.0
664950.0,7013.0,12814.0
10981.0,7087.0,12750.0
11099.0,7028.0,7739.0
216038.0,7187.0,12649.0
11151.0,7135.0,7640.0
248451.0,7160.0,7709.0
501015.0,7117.0,12519.0
11163.0,7092.0,12751.0
11131.0,7122.0,7741.0
191645.0,7160.0,12783.0
4637.0,7003.0,7675.0
11141.0,7187.0,7543.0
222433.0,7135.0,12587.0
216301.0,7167.0,7739.0
10981.0,7169.0,12649.0
532571.0,7149.0,12831.0
11013.0,7117.0,7791.0
216622.0,7090.0,13111.0
11217.0,7073.0,7675.0
529741.0,7169.0,7757.0
11089.0,7440.0,12526.0
353938.0,7117.0,12651.0
11067.0,6995.0,7577.0
52407.0,6958.0,12804.0
11033.0,7124.0,7739.0
152215.0,7021.0,7775.0
11099.0,7155.0,12796.0
140909.0,7089.0,12622.0
251344.0,7155.0,7741.0
11129.0,7087.0,12749.0
287674.0,7251.0,7739.0
11077.0,7077.0,7789.0
223585.0,7103.0,312996.0
11161.0,7053.0,7739.0
259516.0,7269.0,200217.0
11067.0,6971.0,7741.0
288023.0,7040.0,111411.0
11013.0,7117.0,7803.0
148598.0,7053.0,108404.0
11109.0,7201.0,7773.0
10981.0,7058.0,603.0
149965.0,7206.0,7739.0
151595.0,7071.0,719.0
129474.0,7174.0,42085.0
11045.0,7313.0,291993.0
165440.0,7149.0,8422.0
10937.0,7085.0,7643.0
282060.0,7135.0,193586.0
120971.0,7169.0,7789.0
11163.0,7117.0,763.0
288849.0,7108.0,7641.0
10959.0,7110.0,7677.0
178536.0,7140.0,336415.0
11129.0,7066.0,7641.0
527159.0,7092.0,578293.0
11077.0,7033.0,7835.0
256559.0,7041.0,7640.0
10991.0,7142.0,578075.0
525751.0,7103.0,7739.0
10981.0,7205.0,7741.0
251377.0,7123.0,7741.0
11077.0,6953.0,763.0
272017.0,7140.0,7757.0
10905.0,7067.0,7643.0
346505.0,7173.0,7741.0
11043.0,7356.0,763.0
10819.0,7122.0,7779.0
307664.0,7059.0,591084.0
126242.0,7124.0,7882.0
11097.0,7153.0,268789.0
52731.0,7169.0,7677.0
10959.0,7087.0,7543.0
251388.0,7105.0,763.0
171126.0,7174.0,7755.0
11195.0,7169.0,270572.0
170279.0,7103.0,7972.0
11045.0,7087.0,7677.0
10927.0,7124.0,763.0
117473.0,7154.0,7741.0
173209.0,7169.0,201712.0
11185.0,7154.0,7693.0
10959.0,7192.0,214477.0
289043.0,7085.0,7705.0
103667.0,7229.0,476082.0
10871.0,7108.0,7641.0
126776.0,7155.0,109510.0
11097.0,6990.0,7741.0
11099.0,6948.0,763.0
175795.0,7169.0,7611.0
126285.0,7274.0,763.0
11109.0,7169.0,42675.0
487820.0,7190.0,7741.0
11121.0,12310.0,7675.0
259839.0,7242.0,763.0
193761.0,12847.0,7743.0
11109.0,7142.0,763.0
11013.0,12523.0,7879.0
249578.0,7126.0,763.0
11013.0,12474.0,7643.0
223927.0,7192.0,763.0
10991.0,12318.0,7709.0
586469.0,7158.0,7803.0
149590.0,12469.0,572396.0
11013.0,12163.0,7641.0
111343.0,7206.0,7741.0
167792.0,12556.0,763.0
10981.0,7190.0,763.0
527483.0,12336.0,7739.0
124700.0,7192.0,7739.0
10991.0,12310.0,7705.0
118176.0,7014.0,7809.0
11077.0,12128.0,570397.0
125066.0,7192.0,7739.0
11087.0,71936.0,236460.0
59315.0,7140.0,7677.0
11205.0,12355.0,7805.0
11131.0,7206.0,578300.0
229845.0,12385.0,7739.0
130514.0,7160.0,763.0
11045.0,813.0,547485.0
116688.0,7122.0,7739.0
10981.0,7058.0,7657.0
117245.0,12133.0,270698.0
11011.0,7090.0,7445.0
10991.0,13759.0,763.0
258685.0,12355.0,7545.0
151503.0,7160.0,576475.0
11193.0,7178.0,7723.0
178704.0,12426.0,310753.0
11141.0,12350.0,7659.0
264741.0,7206.0,554933.0
11045.0,12228.0,7837.0
53216.0,7123.0,7773.0
11013.0,7122.0,7717.0
11153.0,12248.0,763.0
58961.0,7090.0,7773.0
149015.0,12324.0,7773.0
11035.0,12785.0,7677.0
205964.0,7160.0,7577.0
10959.0,7110.0,190197.0
230363.0,12276.0,7675.0
10981.0,12898.0,237619.0
11057.0,7288.0,7739.0
116613.0,7192.0,396564.0
10895.0,12120.0,7675.0
527308.0,7108.0,326192.0
248179.0,12278.0,7657.0
10893.0,7206.0,763.0
178416.0,12356.0,7757.0
10873.0,7040.0,7613.0
140822.0,47688.0,325693.0
11023.0,7206.0,7641.0
127687.0,12328.0,582809.0
10927.0,7128.0,7705.0
10904.0,12903.0,763.0
216755.0,7160.0,7676.0
192519.0,12302.0,159211.0
11109.0,7122.0,7803.0
192640.0,12302.0,763.0
10991.0,7140.0,7645.0
179356.0,11972.0,7675.0
10991.0,7206.0,7789.0
11151.0,185452.0,7775.0
127795.0,7256.0,93393.0
164395.0,12465.0,7641.0
204440.0,6976.0,763.0
11183.0,12438.0,7641.0
52661.0,12181.0,578002.0
10883.0,7160.0,7741.0
248253.0,12727.0,322187.0
4637.0,6994.0,7545.0
11065.0,7160.0,763.0
10959.0,12115.0,7611.0
315118.0,7479.0,42565.0
63341.0,12182.0,7773.0
11183.0,7222.0,7543.0
191805.0,12255.0,333633.0
11131.0,12290.0,7741.0
16431.0,7222.0,111195.0
11099.0,7236.0,7640.0
11013.0,12330.0,7757.0
169877.0,12482.0,7755.0
109290.0,7122.0,763.0
10959.0,12235.0,8175.0
283216.0,7174.0,7675.0
11045.0,12301.0,189879.0
218926.0,7008.0,7739.0
10831.0,456311.0,7869.0
16336.0,9238.0,7757.0
11052.0,7210.0,89850.0
127321.0,12130.0,7739.0
11163.0,7108.0,763.0
119004.0,130134.0,7773.0
11131.0,7078.0,763.0
11013.0,12168.0,7807.0
139826.0,7270.0,5831.0
524125.0,12520.0,237411.0
11141.0,12330.0,8063.0
246449.0,7190.0,331476.0
11087.0,12328.0,7677.0
13300.0,7122.0,234385.0
395846.0,12964.0,7789.0
13380.0,6900.0,7643.0
454072.0,12144.0,763.0
402465.0,7224.0,7707.0
13198.0,7224.0,42491.0
455481.0,12949.0,7741.0
13134.0,7008.0,7773.0
6616.0,12328.0,74113.0
13280.0,7154.0,7677.0
696733.0,12148.0,7803.0
13312.0,12210.0,258233.0
47980.0,7140.0,7597.0
13134.0,7210.0,463489.0
449649.0,12210.0,7805.0
13284.0,13860.0,7741.0
13198.0,458682.0,7741.0
695905.0,7078.0,579547.0
694897.0,12208.0,193503.0
13284.0,7174.0,212960.0
697317.0,12269.0,7855.0
13364.0,7206.0,92792.0
10649.0,7154.0,7789.0
13356.0,12573.0,7803.0
694173.0,12662.0,7739.0
440526.0,7154.0,578246.0
13144.0,12562.0,8231.0
13240.0,7142.0,43391.0
695376.0,7242.0,7867.0
395147.0,222661.0,7617.0
13364.0,12290.0,343273.0
445992.0,7092.0,7739.0
13416.0,12329.0,7773.0
450454.0,7174.0,7803.0
13252.0,12431.0,273357.0
443540.0,7178.0,7823.0
13380.0,12309.0,581507.0
697761.0,7032.0,7478.0
7133.0,7154.0,190453.0
6776.0,12346.0,7739.0
453974.0,7108.0,7739.0
8327.0,14132.0,763.0
13364.0,12328.0,7641.0
440905.0,6982.0,763.0
11410.0,7192.0,7807.0
13294.0,12583.0,243234.0
667959.0,458841.0,7811.0
13364.0,7174.0,179344.0
455181.0,7206.0,763.0
13348.0,12347.0,7739.0
433097.0,12294.0,7757.0
13144.0,7256.0,359411.0
6616.0,7206.0,7643.0
13112.0,12079.0,7757.0
13348.0,12318.0,42980.0
436979.0,7206.0,7773.0
13252.0,7242.0,7739.0
695895.0,11908.0,324370.0
13418.0,6982.0,7740.0
393380.0,12483.0,763.0
13364.0,460106.0,203741.0
693507.0,7078.0,7739.0
450510.0,13857.0,331404.0
13166.0,7124.0,7709.0
698148.0,12424.0,580145.0
13379.0,7174.0,7543.0
13300.0,12064.0,7867.0
431578.0,12178.0,394969.0
692028.0,7124.0,7685.0
13252.0,12469.0,763.0
6616.0,7206.0,7675.0
13306.0,7042.0,7773.0
697388.0,12214.0,7675.0
13270.0,7268.0,7675.0
72842.0,12451.0,763.0
13197.0,12260.0,7485.0
13412.0,7154.0,546320.0
393545.0,12273.0,7773.0
698019.0,7090.0,42824.0
13198.0,171504.0,7789.0
671231.0,12548.0,7739.0
13154.0,7076.0,576700.0
13198.0,12854.0,7755.0
450674.0,7120.0,189255.0
47978.0,12283.0,7739.0
13220.0,13124.0,763.0
448958.0,7090.0,763.0
13198.0,458074.0,7675.0
13284.0,7128.0,7611.0
380948.0,7192.0,577433.0
13280.0,12281.0,7739.0
458839.0,12507.0,202102.0
13198.0,7160.0,7611.0
695487.0,7174.0,578002.0
6596.0,12747.0,112099.0
13198.0,7078.0,7709.0
48257.0,12342.0,763.0
13252.0,7092.0,7596.0
13214.0,12374.0,253362.0
442397.0,12240.0,7579.0
6744.0,7651.0,7757.0
13176.0,7174.0,7855.0
691406.0,12351.0,763.0
13198.0,7110.0,7741.0
395407.0,12218.0,7789.0
13252.0,12113.0,198790.0
395270.0,7192.0,7775.0
13166.0,12734.0,7739.0
13198.0,7192.0,7709.0
698724.0,7124.0,763.0
430154.0,12455.0,7677.0
13214.0,12141.0,763.0
13240.0,7206.0,7739.0
437681.0,7122.0,763.0
13284.0,12783.0,7805.0
457467.0,7174.0,763.0
451387.0,12428.0,7675.0
13502.0,7172.0,7739.0
13284.0,12396.0,763.0
444817.0,7072.0,7739.0
48237.0,12812.0,7739.0
13246.0,12363.0,191369.0
6744.0,7206.0,7737.0
13048.0,12350.0,7577.0
694083.0,7072.0,7741.0
13220.0,7210.0,763.0
387816.0,13432.0,7709.0
13112.0,7014.0,7641.0
452410.0,12046.0,576956.0
13122.0,7156.0,7775.0
350848.0,12788.0,7641.0
13294.0,7206.0,7645.0
468202.0,12355.0,763.0
13450.0,12333.0,211952.0
13220.0,7090.0,7709.0
431041.0,12263.0,763.0
13026.0,7014.0,763.0
451321.0,7206.0,7805.0
13374.0,12149.0,7641.0
678425.0,12146.0,584249.0
698795.0,7124.0,7739.0
13144.0,12228.0,1031799.0
459274.0,7206.0,7705.0
455675.0,7140.0,7643.0
13414.0,12708.0,108825.0
666048.0,7154.0,7641.0
13380.0,12847.0,763.0
13316.0,12146.0,7677.0
467280.0,7206.0,763.0
696549.0,7174.0,7757.0
13252.0,12544.0,7741.0
13316.0,7186.0,763.0
698061.0,12252.0,7773.0
698325.0,7108.0,110758.0
13262.0,47558.0,7717.0
451127.0,12062.0,193475.0
13274.0,7122.0,7741.0
372855.0,7160.0,603.0
13280.0,13136.0,7771.0
449181.0,7156.0,200646.0
13144.0,12343.0,8091.0
13300.0,12863.0,7739.0
444929.0,7140.0,328190.0
13220.0,12172.0,7807.0
445770.0,7122.0,7611.0
393855.0,7192.0,7677.0
13386.0,12260.0,7716.0
13188.0,7154.0,7677.0
445651.0,12327.0,7741.0
13220.0,7124.0,7545.0
431390.0,12304.0,7885.0
48610.0,7090.0,7803.0
13316.0,12204.0,7757.0
13198.0,12369.0,7739.0
459062.0,7174.0,7609.0
6744.0,442909.0,7643.0
13316.0,7388.0,7773.0
6680.0,717.0,7739.0
13278.0,7306.0,7739.0
435202.0,457487.0,7641.0
13416.0,12432.0,7675.0
394612.0,7110.0,7883.0
13316.0,12698.0,7705.0
13058.0,6976.0,7611.0
687991.0,12783.0,7641.0
453424.0,7126.0,7643.0
13188.0,12214.0,7773.0
436804.0,7110.0,7803.0
13188.0,12410.0,7675.0
407449.0,7174.0,169708.0
13252.0,7108.0,7739.0
13306.0,12423.0,7803.0
435261.0,12141.0,7545.0
13380.0,7174.0,7645.0
695585.0,7224.0,7675.0
697260.0,12310.0,7739.0
13230.0,7174.0,7755.0
393920.0,12246.0,7773.0
13348.0,457257.0,7543.0
438808.0,7236.0,7643.0
13220.0,12164.0,7837.0
13346.0,7128.0,7641.0
384696.0,66233.0,7739.0
438462.0,7238.0,7773.0
13230.0,7154.0,1028862.0
91455.0,12292.0,7805.0
664258.0,12342.0,7641.0
13154.0,7108.0,7755.0
431140.0,7154.0,7707.0
13166.0,12280.0,7739.0
13300.0,12264.0,7741.0
406885.0,7174.0,7709.0
438369.0,7142.0,7691.0
13284.0,12305.0,763.0
13134.0,12056.0,7740.0
664892.0,7072.0,7849.0
455991.0,7160.0,7773.0
13262.0,12511.0,7709.0
13080.0,12400.0,7887.0
467479.0,7058.0,7805.0
113111.0,7174.0,7643.0
13166.0,13900.0,7675.0
13316.0,7242.0,7773.0
451788.0,12277.0,7830.0
48609.0,7122.0,332452.0
13112.0,12403.0,7675.0
6680.0,12392.0,7891.0
13265.0,7092.0,7543.0
6680.0,7192.0,7741.0
13166.0,12187.0,7657.0
13386.0,12224.0,7543.0
446036.0,7192.0,7639.0
114017.0,7140.0,592859.0
13266.0,12136.0,7719.0
6616.0,12055.0,7741.0
13164.0,7356.0,7707.0
13268.0,12255.0,583949.0
698904.0,7072.0,7611.0
13352.0,12349.0,7803.0
661457.0,7122.0,7805.0
463598.0,12462.0,7709.0
13316.0,7090.0,7773.0
13176.0,12209.0,7579.0
449969.0,7376.0,7741.0
449833.0,7192.0,7513.0
13165.0,116197.0,7857.0
13370.0,7210.0,7740.0
451188.0,12538.0,7837.0
697437.0,7092.0,7805.0
13230.0,12215.0,7766.0
6744.0,7142.0,7641.0
13284.0,12278.0,7675.0
13300.0,7374.0,7837.0
662387.0,12958.0,7577.0
13268.0,457295.0,7739.0
697796.0,7206.0,7807.0
13268.0,12046.0,7739.0
693083.0,7122.0,7773.0
378624.0,12557.0,7805.0
13364.0,7122.0,7741.0
6616.0,12278.0,7643.0
13262.0,7072.0,7705.0
13280.0,12432.0,7869.0
446657.0,7154.0,7773.0
434275.0,7108.0,7641.0
13300.0,12456.0,7754.0
6616.0,7190.0,7803.0
13144.0,12336.0,7775.0
48554.0,7108.0,7773.0
13134.0,12437.0,7705.0
6680.0,7204.0,7643.0
13274.0,12315.0,7739.0
13386.0,7224.0,7709.0
471409.0,12274.0,7582.0
32669.0,7174.0,7609.0
6616.0,12474.0,7929.0
13122.0,7154.0,7709.0
402453.0,12346.0,571663.0
13216.0,7154.0,7739.0
445634.0,12282.0,7805.0
13262.0,7140.0,7773.0
6616.0,12448.0,7543.0
13216.0,12271.0,7773.0
697178.0,7256.0,7707.0
13208.0,7076.0,7611.0
13176.0,12149.0,7807.0
695075.0,12056.0,7739.0
696630.0,7210.0,7675.0
13208.0,7174.0,7741.0
10304.0,12104.0,7741.0
13312.0,12310.0,763.0
451886.0,7204.0,7267.0
13316.0,7206.0,8413.0
668293.0,80827.0,7709.0
13240.0,12220.0,7705.0
6680.0,7108.0,7641.0
13292.0,12384.0,7643.0
435227.0,7124.0,7675.0
13438.0,7128.0,7755.0
453161.0,112377.0,7641.0
13248.0,7174.0,7675.0
694798.0,12199.0,7741.0
692853.0,12247.0,7641.0
13418.0,7092.0,7819.0
6616.0,7206.0,7884.0
13176.0,13072.0,7641.0
451289.0,7192.0,7775.0
13166.0,12894.0,7641.0
13230.0,12391.0,7837.0
385203.0,7128.0,7641.0
13198.0,12296.0,7803.0
696900.0,7142.0,7741.0
6616.0,7154.0,7739.0
13364.0,12199.0,7677.0
13348.0,7174.0,7479.0
433187.0,12360.0,7889.0
667531.0,12173.0,7739.0
13264.0,7128.0,7677.0
13380.0,7122.0,7739.0
433568.0,12173.0,7577.0
437254.0,458315.0,7773.0
13112.0,7549.0,7739.0
695915.0,12267.0,7773.0
13364.0,7154.0,7641.0
48244.0,115332.0,7675.0
13090.0,7154.0,7709.0
13144.0,7188.0,7801.0
387691.0,67281.0,588318.0
663394.0,6667.0,7837.0
13230.0,110908.0,7741.0
695509.0,6622.0,7837.0
13364.0,102877.0,7807.0
6680.0,3663.0,7837.0
13144.0,6631.0,7675.0
6616.0,7122.0,7543.0
13216.0,415402.0,7849.0
13182.0,41822.0,7773.0
696425.0,162498.0,7741.0
13112.0,7172.0,7837.0
431734.0,6654.0,7723.0
6680.0,414279.0,7819.0
13198.0,7142.0,7677.0
450370.0,11276.0,7773.0
13284.0,6635.0,7643.0
468184.0,414270.0,7707.0
13198.0,7224.0,7741.0
450687.0,825.0,7739.0
13230.0,7137.0,7643.0
13332.0,6643.0,42545.0
372603.0,40669.0,7855.0
13364.0,40419.0,7611.0
393425.0,6687.0,7578.0
697001.0,6950.0,7773.0
13364.0,75835.0,7739.0
106156.0,7206.0,7757.0
13246.0,67214.0,7611.0
13214.0,7670.0,7739.0
471738.0,535237.0,7837.0
465363.0,7055.0,7577.0
13112.0,40527.0,7741.0
689400.0,6655.0,7755.0
13112.0,7206.0,7705.0
19845.0,435649.0,7709.0
265648.0,414129.0,7853.0
13226.0,7122.0,7739.0
452654.0,7172.0,7739.0
13144.0,185308.0,7773.0
89477.0,7041.0,7891.0
13246.0,231523.0,7445.0
693555.0,6623.0,7757.0
13252.0,196057.0,7807.0
13386.0,6899.0,7985.0
698303.0,414165.0,7674.0
693089.0,6976.0,7773.0
13186.0,34364.0,7611.0
693669.0,6643.0,7773.0
13316.0,6932.0,7773.0
6744.0,12228.0,7739.0
13206.0,19960.0,7741.0
13214.0,6655.0,7643.0
664802.0,102818.0,7675.0
13176.0,6590.0,7739.0
696961.0,6643.0,7741.0
13232.0,6743.0,7641.0
390641.0,537035.0,1034828.0
6616.0,7042.0,7739.0
13090.0,413244.0,7641.0
13434.0,7046.0,7579.0
431128.0,436048.0,7643.0
6680.0,7142.0,7739.0
13144.0,7058.0,7773.0
698923.0,12551.0,7805.0
13182.0,7453.0,7741.0
437015.0,415226.0,7545.0
13284.0,7014.0,582228.0
13402.0,6623.0,7775.0
453086.0,40164.0,7577.0
11410.0,6591.0,7773.0
15902.0,195451.0,7709.0
697413.0,7105.0,7641.0
6680.0,6579.0,7611.0
13300.0,22716.0,7577.0
453460.0,6623.0,7773.0
13134.0,6655.0,7755.0
13240.0,68792.0,7739.0
692693.0,6611.0,7741.0
695086.0,7174.0,7775.0
13306.0,414694.0,7577.0
666794.0,436841.0,7579.0
13266.0,7076.0,7693.0
695387.0,90667.0,763.0
13198.0,6547.0,7707.0
10893.0,7187.0,7739.0
488820.0,273076.0,7577.0
489190.0,6655.0,7707.0
10905.0,6643.0,7757.0
10861.0,7014.0,7543.0
474590.0,189003.0,7543.0
10767.0,7172.0,7577.0
437298.0,134050.0,7641.0
489074.0,6699.0,7542.0
10851.0,120930.0,7675.0
11053.0,6996.0,7875.0
474815.0,410831.0,7642.0
482148.0,506148.0,763.0
10873.0,7121.0,7642.0
11009.0,6687.0,7741.0
474927.0,184896.0,7577.0
498308.0,6611.0,7739.0
10821.0,497664.0,7739.0
438329.0,6655.0,7577.0
10969.0,414472.0,7691.0
10797.0,7146.0,7643.0
474113.0,6578.0,7789.0
15861.0,40495.0,7705.0
10915.0,7192.0,7641.0
474606.0,413754.0,7741.0
11043.0,85948.0,7643.0
489713.0,7206.0,7643.0
11203.0,161988.0,7839.0
13799.0,7154.0,7607.0
474772.0,414882.0,7739.0
473182.0,7026.0,7739.0
10841.0,6689.0,7791.0
10935.0,252403.0,7741.0
438891.0,6591.0,7789.0
481444.0,497689.0,7685.0
10991.0,6635.0,7803.0
10969.0,435226.0,7675.0
489493.0,7192.0,7773.0
473976.0,61223.0,7677.0
11033.0,6599.0,7805.0
437587.0,7092.0,7717.0
11021.0,437211.0,7773.0
473689.0,7172.0,7675.0
10957.0,436251.0,7675.0
11021.0,117465.0,7643.0
437268.0,6546.0,7611.0
475128.0,6611.0,7609.0
10829.0,7000.0,7543.0
474079.0,115842.0,7577.0
10895.0,6611.0,7643.0
481920.0,235396.0,18076.0
10925.0,7060.0,7577.0
10817.0,414953.0,7803.0
438230.0,500194.0,7531.0
473678.0,6515.0,7709.0
10967.0,11212.0,7643.0
11733.0,6579.0,7643.0
436982.0,413717.0,7717.0
10915.0,7122.0,7641.0
474080.0,230529.0,7641.0
482309.0,6599.0,7675.0
10797.0,6559.0,7577.0
11619.0,206695.0,7660.0
496630.0,7142.0,7675.0
489704.0,414130.0,7775.0
10733.0,7122.0,7932.0
489469.0,176542.0,7643.0
10659.0,7142.0,7819.0
10883.0,13658.0,7641.0
474472.0,435693.0,576018.0
489783.0,7124.0,7755.0
11131.0,413595.0,7885.0
479474.0,7192.0,7755.0
10939.0,7192.0,7739.0
438216.0,436064.0,7739.0
10777.0,7040.0,7773.0
489100.0,413880.0,7673.0
11079.0,6599.0,7739.0
489840.0,182718.0,7643.0
10993.0,415571.0,7741.0
10905.0,7108.0,7643.0
437798.0,7094.0,7741.0
490279.0,414631.0,7675.0
11001.0,7103.0,7755.0
503104.0,507636.0,7741.0
11233.0,7092.0,7641.0
473820.0,134591.0,7705.0
10809.0,6515.0,7692.0
473847.0,6643.0,7819.0
10883.0,57358.0,7741.0
474447.0,6579.0,7773.0
10969.0,505158.0,7739.0
10883.0,7155.0,86066.0
437367.0,68629.0,7675.0
10763.0,6515.0,7641.0
489334.0,6962.0,7709.0
10998.0,405938.0,7739.0
474040.0,4344.0,7543.0
10959.0,6590.0,7705.0
490113.0,211971.0,7675.0
10829.0,6655.0,7675.0
474637.0,52884.0,7773.0
10957.0,6611.0,7479.0
488530.0,517353.0,7840.0
10883.0,7187.0,7741.0
10947.0,414130.0,7741.0
474152.0,7206.0,7577.0
10883.0,416335.0,7675.0
439427.0,7096.0,7543.0
10829.0,6667.0,7741.0
479183.0,55035.0,7579.0
489810.0,435894.0,7773.0
10743.0,7122.0,7641.0
10905.0,196369.0,7773.0
437910.0,7155.0,7609.0
10829.0,414117.0,7921.0
438799.0,7192.0,7675.0
11013.0,97670.0,7707.0
474380.0,6611.0,7871.0
483968.0,414930.0,7755.0
10583.0,7140.0,7675.0
482996.0,11244.0,7773.0
10883.0,6655.0,7675.0
480959.0,6559.0,7803.0
10807.0,68780.0,248004.0
489230.0,185429.0,7888.0
10873.0,7174.0,7619.0
474245.0,6623.0,7643.0
10925.0,95529.0,7675.0
11325.0,263377.0,7741.0
476660.0,6655.0,7715.0
490622.0,526070.0,7773.0
10883.0,7073.0,7741.0
10849.0,7191.0,7675.0
473370.0,435828.0,7608.0
475083.0,414849.0,7775.0
10979.0,7174.0,7677.0
10893.0,267899.0,7641.0
474459.0,6579.0,7643.0
496744.0,169200.0,7851.0
11045.0,6785.0,7741.0
488628.0,37292.0,7641.0
11447.0,6611.0,7773.0
10915.0,6687.0,7577.0
474662.0,270219.0,7577.0
437510.0,505014.0,7643.0
10969.0,7119.0,7675.0
11107.0,7087.0,7741.0
481512.0,213672.0,7579.0
475350.0,6611.0,7739.0
10701.0,825.0,7739.0
10809.0,7149.0,7741.0
480124.0,7206.0,7675.0
475722.0,411401.0,7641.0
10967.0,200293.0,7739.0
472440.0,6579.0,580378.0
438845.0,141961.0,7773.0
10883.0,7108.0,7871.0
10883.0,7090.0,7741.0
474192.0,210325.0,7817.0
10925.0,102819.0,7723.0
496967.0,6599.0,7643.0
10883.0,197822.0,8045.0
474520.0,7224.0,7645.0
10721.0,141789.0,7693.0
488723.0,7674.0,7950.0
10969.0,6580.0,7543.0
437568.0,312528.0,7754.0
10978.0,7160.0,576734.0
488846.0,414723.0,7641.0
11055.0,171966.0,7725.0
473285.0,6731.0,7543.0
479482.0,83386.0,7787.0
10969.0,6591.0,7741.0
12303.0,7192.0,7773.0
437132.0,435820.0,7577.0
10959.0,7205.0,7773.0
490036.0,6976.0,7773.0
495550.0,410588.0,7851.0
11171.0,171322.0,7645.0
10777.0,6989.0,763.0
473188.0,41975.0,7267.0
473877.0,536534.0,8426.0
10765.0,7169.0,7543.0
10873.0,12094.0,7577.0
258469.0,7110.0,7641.0
475158.0,7192.0,7643.0
10883.0,414453.0,7677.0
10841.0,6623.0,7577.0
476920.0,11148.0,7773.0
490977.0,6631.0,7741.0
11045.0,54851.0,7741.0
10883.0,6699.0,7701.0
473669.0,6699.0,7755.0
479512.0,514443.0,7641.0
10861.0,7108.0,558948.0
474662.0,436245.0,7693.0
10774.0,93252.0,555462.0
489248.0,6579.0,7741.0
10831.0,6699.0,555872.0
11237.0,229252.0,7743.0
474001.0,6599.0,558883.0
11093.0,68852.0,7547.0
502433.0,6723.0,556266.0
11067.0,396953.0,7641.0
499349.0,7174.0,554826.0
10883.0,6611.0,7579.0
488861.0,6558.0,555105.0
11001.0,67055.0,7645.0
482498.0,413221.0,556713.0
488478.0,7160.0,7641.0
11001.0,7206.0,556144.0
439630.0,143859.0,7741.0
10905.0,415267.0,553967.0
11001.0,7106.0,555239.0
491536.0,185574.0,7543.0
475959.0,7110.0,553575.0
11021.0,7122.0,7901.0
10905.0,182049.0,557167.0
474601.0,6579.0,7707.0
11139.0,6655.0,554067.0
474019.0,6599.0,7673.0
11547.0,7174.0,558621.0
496039.0,115435.0,7545.0
437602.0,431476.0,557452.0
10981.0,7174.0,7545.0
10796.0,7137.0,556971.0
473782.0,174865.0,7641.0
439122.0,7174.0,556017.0
11097.0,7140.0,7609.0
10991.0,413811.0,562153.0
437539.0,40463.0,7741.0
475512.0,6431.0,554538.0
11035.0,252827.0,7739.0
10797.0,6656.0,554079.0
437722.0,52687.0,7611.0
481672.0,6579.0,557181.0
11248.0,7140.0,7739.0
276138.0,414187.0,554387.0
474054.0,6623.0,7739.0
11055.0,518629.0,554461.0
473574.0,7375.0,7643.0
11055.0,6599.0,557199.0
482473.0,68831.0,7675.0
472646.0,115790.0,555044.0
10797.0,6982.0,7641.0
489097.0,414178.0,557692.0
11145.0,7110.0,763.0
10691.0,37312.0,7380.0
16086.0,6548.0,558282.0
10895.0,264442.0,8366.0
498783.0,6655.0,7547.0
436716.0,414388.0,556292.0
10839.0,7046.0,7739.0
496665.0,6579.0,557049.0
11010.0,200122.0,7602.0
473532.0,6631.0,555962.0
11003.0,7110.0,7709.0
10819.0,435579.0,554462.0
439305.0,54862.0,7677.0
474176.0,6643.0,556192.0
11053.0,50714.0,7747.0
474911.0,6579.0,557446.0
11077.0,46513.0,7805.0
474194.0,6655.0,564693.0
10915.0,515611.0,7769.0
10937.0,7117.0,557359.0
504129.0,534546.0,7675.0
475081.0,6993.0,555790.0
11162.0,251768.0,7743.0
10905.0,6600.0,556935.0
437727.0,167993.0,7449.0
11033.0,7076.0,554421.0
498934.0,253377.0,7757.0
498464.0,6643.0,554167.0
11021.0,415105.0,7610.0
475301.0,7174.0,558110.0
439316.0,144916.0,7675.0
10841.0,7154.0,566671.0
12185.0,52700.0,7577.0
499644.0,6655.0,557858.0
11142.0,7124.0,7741.0
495386.0,435955.0,563107.0
489668.0,7108.0,7609.0
10883.0,414136.0,554604.0
493322.0,221336.0,7579.0
476312.0,7154.0,557415.0
473950.0,6827.0,7641.0
11077.0,1088916.0,557424.0
10915.0,717.0,7741.0
438033.0,414551.0,554091.0
10809.0,7192.0,7645.0
488495.0,176316.0,553308.0
437974.0,7224.0,7741.0
11086.0,7174.0,554204.0
15830.0,414885.0,7705.0
10829.0,194795.0,557998.0
10893.0,6647.0,7543.0
488039.0,96922.0,556326.0
10915.0,6623.0,7739.0
474055.0,6918.0,554527.0
473936.0,191485.0,7547.0
10957.0,435465.0,555096.0
488229.0,7192.0,7659.0
10935.0,75962.0,558451.0
10851.0,7007.0,7611.0
1250381.0,6655.0,558172.0
489810.0,7117.0,7739.0
10883.0,7071.0,553148.0
500041.0,7110.0,7675.0
11228.0,13124.0,554844.0
474760.0,7155.0,7677.0
11021.0,7122.0,557761.0
488489.0,12316.0,7581.0
10883.0,7155.0,556861.0
4721.0,7256.0,7647.0
4669.0,7271.0,556410.0
4785.0,12638.0,7773.0
4725.0,7122.0,553042.0
4649.0,12211.0,7545.0
4725.0,7103.0,763.0
4725.0,7058.0,42053.0
4725.0,12286.0,521521.0
4785.0,7160.0,8412.0
4785.0,12207.0,7875.0
4765.0,7122.0,556875.0
4785.0,12205.0,7707.0
4721.0,7055.0,553769.0
4785.0,7174.0,7773.0
471141.0,12223.0,555523.0
4661.0,6971.0,7741.0
4753.0,7117.0,555384.0
4689.0,12095.0,7547.0
4785.0,7128.0,565804.0
4765.0,7187.0,7611.0
4785.0,7116.0,555464.0
4817.0,7091.0,7773.0
4881.0,7178.0,557648.0
4725.0,12140.0,7675.0
4753.0,7085.0,554286.0
4745.0,7117.0,7577.0
4701.0,12245.0,556747.0
4657.0,7160.0,7642.0
4785.0,12307.0,553743.0
4785.0,7174.0,7645.0
4721.0,7117.0,556318.0
4785.0,6977.0,564944.0
4637.0,7174.0,7675.0
4725.0,12255.0,554691.0
4681.0,7122.0,7643.0
4669.0,12273.0,553759.0
4725.0,7128.0,7609.0
16702.0,12348.0,556370.0
11045.0,6975.0,7677.0
10927.0,7117.0,554283.0
474220.0,7087.0,7481.0
10895.0,7110.0,557225.0
475582.0,12241.0,7641.0
11087.0,12849.0,553206.0
479836.0,7040.0,7469.0
489126.0,7169.0,554666.0
10939.0,7035.0,7545.0
438945.0,238876.0,564005.0
10883.0,13063.0,7677.0
474671.0,7057.0,556744.0
479947.0,12143.0,7543.0
10843.0,7174.0,556237.0
436873.0,7163.0,7807.0
10883.0,7213.0,554575.0
475154.0,7160.0,7579.0
11053.0,12254.0,557046.0
10831.0,12418.0,7675.0
473757.0,7040.0,557311.0
474360.0,7122.0,7705.0
10861.0,12236.0,554533.0
475844.0,7007.0,7675.0
10969.0,7137.0,553795.0
11257.0,7122.0,7613.0
474284.0,7117.0,554438.0
11055.0,7122.0,7741.0
471678.0,12307.0,555036.0
489991.0,7219.0,7675.0
10777.0,7169.0,553843.0
10775.0,7126.0,7859.0
489462.0,12337.0,557142.0
479488.0,7071.0,7645.0
10819.0,7155.0,556236.0
11208.0,7103.0,7741.0
498087.0,7204.0,559783.0
16015.0,12216.0,7643.0
10917.0,7169.0,554759.0
472305.0,520142.0,7645.0
10915.0,7122.0,554065.0
474555.0,12103.0,7709.0
10915.0,7140.0,556234.0
10966.0,12226.0,7547.0
474120.0,7103.0,557440.0
11129.0,7085.0,7675.0
474848.0,7005.0,763.0
11053.0,7099.0,65324.0
473925.0,7201.0,763.0
10937.0,7103.0,763.0
489793.0,7174.0,8413.0
484420.0,12241.0,7643.0
10893.0,7155.0,557048.0
472798.0,7076.0,7771.0
10935.0,12435.0,295859.0
473900.0,12166.0,7741.0
10883.0,7140.0,563399.0
11023.0,7122.0,556924.0
476720.0,11970.0,7483.0
475089.0,12409.0,558483.0
10797.0,7091.0,7741.0
480393.0,7193.0,554256.0
10893.0,12175.0,7741.0
474965.0,7140.0,554937.0
11129.0,7149.0,7641.0
490232.0,6976.0,555751.0
474487.0,12173.0,7641.0
11003.0,7117.0,556388.0
10947.0,7117.0,7545.0
496837.0,7178.0,554775.0
4681.0,12354.0,7741.0
4713.0,12257.0,555531.0
4745.0,7092.0,7739.0
4649.0,7065.0,556624.0
4725.0,7283.0,7479.0
4757.0,7053.0,556553.0
4725.0,7023.0,7545.0
4785.0,6977.0,554560.0
4681.0,7169.0,7445.0
4701.0,7269.0,553407.0
4725.0,7122.0,7613.0
4785.0,12286.0,557895.0
4753.0,7003.0,7543.0
4725.0,7117.0,554136.0
4725.0,12584.0,7643.0
4745.0,7110.0,558356.0
4777.0,7085.0,7805.0
4785.0,7140.0,567173.0
4785.0,12354.0,7513.0
4785.0,7134.0,557326.0
4785.0,6995.0,7643.0
4785.0,7105.0,555406.0
4681.0,7023.0,7601.0
4797.0,12193.0,560680.0
4785.0,7108.0,7705.0
4785.0,6957.0,557780.0
4785.0,7174.0,7641.0
4785.0,12163.0,556447.0
4725.0,12059.0,7803.0
4725.0,7139.0,553907.0
4725.0,7040.0,7579.0
4745.0,466142.0,566313.0
4713.0,7058.0,7641.0
4725.0,12386.0,556577.0
4745.0,6958.0,7643.0
472482.0,12222.0,562655.0
4725.0,7117.0,556507.0
11021.0,12204.0,7721.0
472901.0,7174.0,558040.0
475524.0,7092.0,7547.0
10969.0,12341.0,553720.0
16462.0,7149.0,7741.0
11045.0,7153.0,566601.0
107190.0,7187.0,556798.0
10871.0,7174.0,7739.0
16410.0,12048.0,564881.0
11121.0,7117.0,7515.0
11129.0,7169.0,554604.0
523651.0,7122.0,7641.0
666556.0,12065.0,555881.0
10733.0,7578.0,7449.0
11023.0,6969.0,557612.0
16182.0,6977.0,7739.0
532150.0,7105.0,554392.0
11097.0,7122.0,7727.0
11131.0,12324.0,555024.0
523738.0,7121.0,7837.0
16528.0,7092.0,558593.0
11141.0,12158.0,7613.0
16496.0,12295.0,557582.0
10949.0,7122.0,7643.0
10873.0,12272.0,557810.0
16412.0,7126.0,7665.0
11045.0,7174.0,558643.0
16268.0,12255.0,7747.0
16531.0,7108.0,557835.0
11141.0,12172.0,7607.0
262826.0,7067.0,554198.0
11195.0,7058.0,7675.0
486388.0,12176.0,553446.0
11163.0,12313.0,7577.0
10883.0,6962.0,558195.0
16300.0,7021.0,7677.0
10969.0,7053.0,557174.0
16118.0,7127.0,7613.0
527299.0,13202.0,554029.0
11099.0,7199.0,7613.0
11023.0,7174.0,558864.0
16378.0,12223.0,7739.0
16288.0,12295.0,554843.0
10981.0,7174.0,7643.0
11131.0,7219.0,557087.0
16196.0,7149.0,7547.0
16464.0,7122.0,555048.0
10991.0,12033.0,7547.0
11045.0,7165.0,553868.0
53187.0,7071.0,7648.0
16568.0,7169.0,553999.0
10905.0,13888.0,7545.0
16453.0,12323.0,558148.0
11139.0,7110.0,7547.0
17813.0,7108.0,554870.0
16702.0,12124.0,7579.0
10905.0,7009.0,554211.0
271713.0,7122.0,7641.0
10767.0,12273.0,556928.0
16428.0,7117.0,7641.0
10873.0,7085.0,566582.0
11045.0,7192.0,7515.0
16428.0,12323.0,566173.0
16282.0,7135.0,7647.0
10841.0,7117.0,553875.0
16593.0,7169.0,7707.0
10895.0,7037.0,556924.0
16375.0,6995.0,7641.0
10927.0,6989.0,557560.0
11023.0,7187.0,7853.0
16266.0,12797.0,558038.0
11067.0,7174.0,7641.0
525127.0,7153.0,562804.0
11099.0,7085.0,7641.0
526557.0,7174.0,553715.0
520738.0,12574.0,7837.0
11023.0,7007.0,556947.0
16170.0,7103.0,7545.0
11207.0,7116.0,557246.0
117215.0,7067.0,7789.0
11077.0,12323.0,558084.0
16517.0,7204.0,7543.0
11023.0,12237.0,557559.0
665051.0,7057.0,7643.0
10905.0,7205.0,558443.0
16378.0,7219.0,7707.0
10787.0,7103.0,556761.0
16205.0,7169.0,7675.0
11087.0,7121.0,553867.0
16396.0,7108.0,7417.0
10967.0,12222.0,552673.0
10905.0,7110.0,7739.0
16236.0,12309.0,554816.0
16387.0,7103.0,7805.0
11193.0,7108.0,558883.0
16224.0,12386.0,7577.0
10981.0,7084.0,563534.0
16256.0,7154.0,7515.0
11035.0,12650.0,554103.0
11163.0,7149.0,7545.0
16485.0,7174.0,557393.0
10981.0,12291.0,7739.0
528733.0,7053.0,553493.0
10927.0,7099.0,7675.0
525298.0,7044.0,556550.0
11099.0,12141.0,8281.0
16355.0,7121.0,562006.0
10927.0,12409.0,558497.0
16172.0,7173.0,7577.0
10999.0,7122.0,558606.0
16364.0,12195.0,7641.0
16441.0,7201.0,557251.0
10927.0,7201.0,7641.0
16422.0,7201.0,553990.0
11043.0,7169.0,7741.0
10851.0,12344.0,557189.0
16202.0,7140.0,7585.0
11163.0,7169.0,557612.0
16409.0,7059.0,7773.0
16322.0,12254.0,553979.0
10853.0,7174.0,7643.0
11087.0,12258.0,557430.0
16236.0,7040.0,7611.0
11065.0,6975.0,556971.0
16332.0,12304.0,7545.0
16152.0,7256.0,557696.0
10895.0,7087.0,7803.0
18070.0,12646.0,556886.0
16386.0,7178.0,7545.0
11099.0,7256.0,553049.0
16196.0,12295.0,7641.0
11013.0,12336.0,555299.0
230745.0,7256.0,7479.0
10991.0,7174.0,555018.0
11067.0,12223.0,7651.0
16310.0,12441.0,559332.0
15978.0,6946.0,7445.0
10841.0,7210.0,556415.0
161836.0,12121.0,7739.0
11269.0,7237.0,560862.0
11099.0,7140.0,7544.0
522423.0,12354.0,554614.0
16441.0,7013.0,7515.0
10959.0,7192.0,556545.0
664152.0,12329.0,7643.0
11033.0,7110.0,557415.0
11057.0,12322.0,7709.0
16342.0,7092.0,557163.0
11077.0,12226.0,7645.0
197947.0,7040.0,557336.0
16258.0,12258.0,7707.0
11151.0,7103.0,556401.0
16418.0,7105.0,7741.0
11041.0,7169.0,558474.0
11077.0,7169.0,8029.0
524130.0,7040.0,553522.0
521684.0,12173.0,7675.0
11023.0,7160.0,556259.0
11011.0,12499.0,7741.0
16281.0,7204.0,763.0
531100.0,12241.0,42743.0
11107.0,7123.0,7755.0
586141.0,7119.0,7773.0
11035.0,12885.0,763.0
16440.0,7158.0,577675.0
10959.0,7122.0,7677.0
17906.0,12497.0,81018.0
16256.0,7169.0,763.0
10927.0,7117.0,7739.0
11109.0,7108.0,7543.0
16302.0,12191.0,111798.0
525674.0,7071.0,7677.0
11055.0,7149.0,763.0
11131.0,7117.0,7773.0
16138.0,6971.0,763.0
10927.0,7140.0,7709.0
526861.0,12287.0,763.0
11153.0,148666.0,763.0
16386.0,7174.0,7709.0
16292.0,6611.0,7641.0
10819.0,7122.0,763.0
10905.0,171373.0,7739.0
330820.0,6932.0,763.0
16291.0,403030.0,763.0
11259.0,137688.0,7773.0
16390.0,6623.0,7543.0
10959.0,6655.0,763.0
524650.0,6989.0,763.0
11043.0,423662.0,7741.0
586330.0,7178.0,7675.0
11033.0,99935.0,556472.0
585150.0,6591.0,763.0
11045.0,6643.0,7739.0
490042.0,7174.0,763.0
10981.0,202380.0,7791.0
16092.0,6655.0,7741.0
11129.0,7042.0,763.0
16634.0,172160.0,763.0
11195.0,154957.0,7921.0
16358.0,7499.0,7691.0
11131.0,7590.0,763.0
170205.0,6623.0,763.0
10873.0,7126.0,7739.0
16065.0,422293.0,7641.0
11195.0,405240.0,763.0
523190.0,7192.0,7675.0
10871.0,6611.0,763.0
11109.0,6643.0,7741.0
522440.0,6655.0,763.0
16183.0,11264.0,7775.0
11023.0,6579.0,763.0
52957.0,7060.0,7773.0
11301.0,423971.0,763.0
16524.0,171453.0,93082.0
10895.0,7072.0,7803.0
16087.0,126038.0,7741.0
10787.0,6547.0,763.0
11173.0,7210.0,763.0
521710.0,112814.0,7577.0
16485.0,6559.0,7739.0
10927.0,434473.0,763.0
16264.0,6655.0,7773.0
11215.0,439633.0,763.0
16067.0,6611.0,7683.0
11109.0,424042.0,763.0
530279.0,7128.0,583061.0
11087.0,7126.0,7739.0
16269.0,423447.0,763.0
16192.0,7206.0,585136.0
10809.0,424323.0,763.0
11217.0,195586.0,7739.0
525540.0,7042.0,7739.0
16444.0,423684.0,571667.0
11033.0,7242.0,7755.0
627389.0,7160.0,763.0
10915.0,423355.0,7741.0
16215.0,154322.0,42483.0
11013.0,7040.0,42577.0
11045.0,7178.0,7641.0
16336.0,100960.0,7805.0
16464.0,59025.0,763.0
11035.0,6643.0,7739.0
16332.0,6623.0,272798.0
11131.0,7014.0,763.0
16042.0,151165.0,7641.0
11141.0,7124.0,42817.0
11131.0,422543.0,8414.0
16182.0,7174.0,763.0
662259.0,150299.0,7641.0
11067.0,12084.0,763.0
587213.0,417041.0,7743.0
10959.0,7000.0,7773.0
11289.0,423674.0,763.0
16363.0,7288.0,7755.0
525365.0,7071.0,763.0
11045.0,120887.0,246031.0
16528.0,6611.0,7773.0
10841.0,183255.0,7740.0
11217.0,6655.0,763.0
16566.0,83634.0,763.0
10971.0,6579.0,7839.0
16148.0,423620.0,7643.0
16517.0,7078.0,763.0
11045.0,6559.0,7717.0
16408.0,7149.0,763.0
11097.0,534717.0,271613.0
16294.0,7174.0,7896.0
11097.0,88342.0,763.0
528339.0,7167.0,7773.0
10819.0,7154.0,763.0
11269.0,169691.0,7705.0
525748.0,40529.0,7889.0
10959.0,6643.0,763.0
16109.0,423505.0,7577.0
526849.0,7174.0,763.0
11099.0,194193.0,763.0
16256.0,6667.0,7837.0
10873.0,7646.0,7739.0
16399.0,80580.0,763.0
11045.0,7122.0,7739.0
16355.0,422236.0,7739.0
11045.0,7192.0,763.0
527172.0,7140.0,310507.0
11153.0,149183.0,7837.0
664291.0,7060.0,7817.0
11097.0,176785.0,763.0
16441.0,7154.0,7643.0
10873.0,424348.0,763.0
227059.0,98967.0,7611.0
11001.0,111314.0,763.0
11013.0,7174.0,7741.0
286519.0,7087.0,763.0
11033.0,537463.0,7643.0
16202.0,6451.0,763.0
526465.0,7149.0,7743.0
10873.0,7532.0,763.0
16155.0,88734.0,7611.0
10991.0,7174.0,236501.0
16364.0,96303.0,7773.0
11207.0,6527.0,763.0
524913.0,117884.0,7641.0
10875.0,6623.0,763.0
663812.0,12325.0,581367.0
11131.0,7140.0,7609.0
16320.0,424656.0,7577.0
11003.0,6982.0,763.0
62724.0,6691.0,7773.0
11163.0,83985.0,763.0
16334.0,171720.0,7739.0
11227.0,7206.0,763.0
103475.0,185508.0,7543.0
11023.0,7110.0,79236.0
527314.0,7154.0,42779.0
10991.0,423252.0,7641.0
16875.0,251965.0,7819.0
10905.0,6623.0,763.0
16298.0,6643.0,7773.0
11097.0,6679.0,763.0
11185.0,6675.0,340858.0
521739.0,231849.0,763.0
532721.0,172239.0,7675.0
11185.0,7218.0,7740.0
526159.0,7085.0,214638.0
16087.0,209532.0,7709.0
10990.0,7174.0,763.0
11013.0,6599.0,763.0
218701.0,264837.0,7757.0
11312.0,206419.0,8413.0
16153.0,6643.0,190241.0
11281.0,423656.0,763.0
230519.0,7272.0,7756.0
16334.0,111345.0,7823.0
10959.0,7154.0,763.0
16517.0,182697.0,361859.0
11237.0,6624.0,8157.0
16217.0,423303.0,7773.0
11067.0,7160.0,42937.0
525626.0,7014.0,7641.0
10905.0,112638.0,573402.0
17877.0,6623.0,7641.0
116080.0,6567.0,582502.0
10959.0,7058.0,7709.0
11109.0,548627.0,763.0
16182.0,423531.0,763.0
16064.0,7274.0,7677.0
11121.0,424014.0,7739.0
10991.0,7122.0,763.0
16342.0,6611.0,7837.0
16217.0,6647.0,346684.0
11045.0,7192.0,763.0
16292.0,424507.0,7805.0
11099.0,7369.0,763.0
16097.0,6623.0,7805.0
11055.0,178072.0,7807.0
16260.0,6559.0,763.0
10979.0,59069.0,7803.0
16151.0,6547.0,244153.0
11077.0,34344.0,7577.0
16135.0,6699.0,795.0
11099.0,7206.0,7739.0
484714.0,547799.0,40184.0
11045.0,7174.0,763.0
16378.0,423684.0,763.0
11129.0,6643.0,7640.0
532399.0,7285.0,763.0
11365.0,7201.0,7921.0
16290.0,6579.0,763.0
10873.0,7124.0,7739.0
16352.0,111570.0,7739.0
10959.0,423908.0,763.0
16472.0,7172.0,7829.0
10981.0,350322.0,578708.0
16123.0,6699.0,763.0
10851.0,185734.0,7739.0
16549.0,7174.0,239431.0
10767.0,6655.0,5885.0
16406.0,151054.0,7677.0
11099.0,6900.0,763.0
170014.0,43024.0,7739.0
10927.0,6623.0,7709.0
172787.0,6547.0,763.0
10925.0,57314.0,268978.0
11057.0,6579.0,7643.0
16176.0,419518.0,42577.0
11163.0,7192.0,7707.0
16524.0,7174.0,7773.0
16205.0,403331.0,763.0
11011.0,7055.0,763.0
16378.0,40585.0,7837.0
10969.0,6611.0,763.0
11185.0,150680.0,7739.0
16364.0,7174.0,584574.0
16293.0,149302.0,7805.0
11045.0,7288.0,7739.0
16380.0,7078.0,198545.0
11045.0,424312.0,7803.0
663945.0,7067.0,237918.0
11023.0,536080.0,7837.0
587138.0,6655.0,763.0
11129.0,7086.0,7675.0
16485.0,6667.0,763.0
11013.0,8792.0,42613.0
125421.0,422167.0,7741.0
11099.0,7160.0,250877.0
216650.0,427976.0,7741.0
10927.0,7092.0,763.0
526048.0,6611.0,7685.0
10959.0,207276.0,7739.0
16313.0,295327.0,763.0
11057.0,6623.0,7739.0
16560.0,95564.0,42541.0
11025.0,6655.0,328014.0
16403.0,499850.0,7607.0
11001.0,6655.0,763.0
13198.0,7140.0,7675.0
6744.0,141893.0,7705.0
433874.0,7160.0,42894.0
13252.0,423438.0,82184.0
13220.0,142226.0,7775.0
214000.0,7192.0,7805.0
669634.0,7058.0,79010.0
13284.0,424623.0,763.0
462051.0,81259.0,7741.0
13306.0,7108.0,763.0
13696.0,423752.0,7741.0
334696.0,7224.0,7709.0
693226.0,11824.0,763.0
13264.0,202873.0,763.0
13220.0,7094.0,7853.0
6680.0,7192.0,7773.0
666314.0,88234.0,763.0
13358.0,6611.0,7807.0
448845.0,6547.0,763.0
13364.0,311921.0,763.0
13198.0,7206.0,7709.0
6744.0,424210.0,7739.0
13240.0,6623.0,763.0
10649.0,7558.0,7709.0
13262.0,423318.0,329914.0
445909.0,7206.0,7741.0
459056.0,7614.0,763.0
13284.0,7351.0,7709.0
432339.0,244184.0,763.0
13316.0,429461.0,7741.0
13198.0,7140.0,763.0
6744.0,303157.0,763.0
700605.0,83840.0,7543.0
13198.0,6611.0,7773.0
13208.0,408579.0,763.0
444228.0,7122.0,7839.0
13198.0,332105.0,763.0
6680.0,6579.0,7773.0
441627.0,435432.0,763.0
13230.0,6579.0,7579.0
696066.0,269710.0,312853.0
13208.0,6611.0,7743.0
693592.0,7192.0,42841.0
13348.0,424188.0,763.0
13230.0,7096.0,7739.0
6680.0,214602.0,7643.0
465994.0,7149.0,91233.0
13268.0,199984.0,42839.0
13172.0,6579.0,7847.0
237518.0,237317.0,7837.0
13134.0,6699.0,83808.0
48281.0,59005.0,7675.0
13338.0,6591.0,763.0
106241.0,7178.0,7675.0
693770.0,151608.0,763.0
465436.0,114139.0,763.0
13230.0,7242.0,7739.0
438297.0,6567.0,7739.0
428340.0,6611.0,603.0
13230.0,490655.0,7675.0
13230.0,7531.0,111091.0
48527.0,185154.0,7773.0
13198.0,187310.0,317649.0
109235.0,6631.0,7739.0
458536.0,7148.0,763.0
13434.0,68604.0,7739.0
669888.0,6611.0,763.0
13080.0,6679.0,7837.0
454163.0,55003.0,763.0
13176.0,7149.0,763.0
473251.0,306254.0,7643.0
13278.0,3759.0,763.0
690762.0,6623.0,7577.0
13284.0,425474.0,7986.0
380650.0,423161.0,65526.0
13240.0,7154.0,7773.0
13284.0,6591.0,326974.0
89109.0,250341.0,7789.0
663854.0,6559.0,763.0
13248.0,7140.0,7739.0
460398.0,424072.0,763.0
13208.0,7110.0,763.0
387860.0,151264.0,7773.0
13090.0,7000.0,7643.0
436847.0,424387.0,763.0
13284.0,246708.0,7739.0
445773.0,6547.0,42485.0
13322.0,45505.0,763.0
357432.0,6611.0,7738.0
13332.0,7092.0,340856.0
13176.0,424811.0,7789.0
72993.0,194150.0,193337.0
451227.0,6579.0,763.0
13316.0,6579.0,7641.0
369279.0,7206.0,763.0
6776.0,207897.0,7709.0
6776.0,6579.0,763.0
6776.0,100004.0,7641.0
6712.0,333647.0,763.0
6712.0,7167.0,7677.0
6712.0,507449.0,8725.0
6776.0,6611.0,84162.0
6712.0,489298.0,350157.0
6756.0,6611.0,7741.0
6712.0,413202.0,763.0
8332.0,7174.0,7597.0
433127.0,6655.0,4342.0
13412.0,6763.0,7837.0
361575.0,6579.0,108071.0
13198.0,45582.0,7803.0
696869.0,6623.0,763.0
13144.0,6591.0,8315.0
694697.0,193954.0,763.0
13352.0,7414.0,7743.0
449889.0,421833.0,763.0
13300.0,7142.0,7641.0
664038.0,7138.0,763.0
13316.0,205362.0,763.0
695018.0,6744.0,7675.0
13166.0,302409.0,7641.0
390855.0,224385.0,763.0
13402.0,6643.0,7755.0
442425.0,554361.0,23266.0
13316.0,6547.0,212079.0
385232.0,147838.0,7709.0
13124.0,7224.0,763.0
460629.0,423448.0,7739.0
13208.0,7040.0,763.0
13122.0,7108.0,7739.0
48411.0,185724.0,763.0
699947.0,293853.0,7675.0
13284.0,6631.0,7773.0
454064.0,136047.0,580456.0
13386.0,6599.0,7805.0
451013.0,424944.0,763.0
13143.0,7174.0,7773.0
465675.0,422400.0,763.0
13262.0,7174.0,276005.0
465005.0,7579.0,7709.0
13284.0,108774.0,577081.0
449940.0,6567.0,763.0
13176.0,253630.0,7741.0
393370.0,7109.0,42905.0
13316.0,7206.0,7671.0
359034.0,12243.0,333074.0
13122.0,12229.0,7739.0
697046.0,7174.0,5739.0
13198.0,7046.0,348994.0
465787.0,13313.0,7643.0
13166.0,7085.0,7742.0
378802.0,7087.0,7739.0
13402.0,7110.0,341102.0
464043.0,12411.0,7739.0
451073.0,7155.0,7739.0
13252.0,7163.0,7643.0
13134.0,7005.0,603.0
6680.0,41531.0,7643.0
13208.0,7178.0,7609.0
6616.0,13569.0,763.0
692616.0,7087.0,7643.0
13090.0,7103.0,319880.0
13240.0,7105.0,7640.0
72928.0,7251.0,763.0
13370.0,12325.0,7770.0
113821.0,7018.0,566563.0
459198.0,7179.0,7773.0
13214.0,7217.0,544109.0
394069.0,7154.0,763.0
13198.0,12311.0,7739.0
448703.0,12133.0,7643.0
13166.0,7160.0,7739.0
13438.0,7370.0,7853.0
48237.0,12279.0,763.0
408026.0,7140.0,7739.0
462577.0,7087.0,567666.0
13306.0,7192.0,7807.0
446945.0,12699.0,82437.0
13230.0,12451.0,7740.0
13294.0,7040.0,7739.0
6552.0,7160.0,160056.0
455986.0,12247.0,7822.0
13090.0,7039.0,243183.0
13213.0,6977.0,7643.0
6616.0,7135.0,763.0
430798.0,7040.0,183676.0
13166.0,12347.0,7742.0
448200.0,7092.0,7642.0
13198.0,12366.0,314212.0
440908.0,7092.0,7739.0
13220.0,12375.0,7580.0
468064.0,7023.0,42737.0
13262.0,7142.0,7739.0
13252.0,12206.0,7741.0
6680.0,7583.0,7785.0
473327.0,12238.0,7642.0
13284.0,7135.0,75234.0
393625.0,7053.0,8098.0
6680.0,7119.0,7773.0
13198.0,7149.0,7744.0
13300.0,7122.0,763.0
73034.0,12568.0,7803.0
466447.0,7045.0,7773.0
13198.0,7103.0,571196.0
695512.0,8496.0,7739.0
13208.0,12380.0,7741.0
460292.0,7105.0,7739.0
13252.0,12448.0,763.0
458261.0,7192.0,7643.0
13198.0,7215.0,763.0
386548.0,7117.0,7708.0
13316.0,7091.0,763.0
450376.0,7166.0,7775.0
13208.0,7206.0,603.0
460886.0,12179.0,7739.0
13315.0,7174.0,763.0
479037.0,12161.0,7641.0
13144.0,7117.0,7545.0
13228.0,7169.0,7739.0
48228.0,41019.0,7803.0
13198.0,7105.0,763.0
6680.0,7159.0,7802.0
13198.0,35184.0,568397.0
48108.0,7117.0,569701.0
13080.0,7073.0,7677.0
73050.0,7117.0,763.0
395361.0,7178.0,7719.0
13575.0,12311.0,564542.0
398063.0,7167.0,763.0
13450.0,7053.0,7675.0
693548.0,13239.0,7740.0
13316.0,7174.0,323899.0
396704.0,7117.0,7803.0
386132.0,12328.0,763.0
13144.0,7192.0,7675.0
13316.0,7110.0,763.0
48454.0,12261.0,7643.0
437087.0,12283.0,569331.0
13252.0,7124.0,7709.0
458230.0,7169.0,7595.0
13144.0,7186.0,139950.0
449982.0,7117.0,7739.0
13348.0,7169.0,7643.0
466783.0,12247.0,763.0
13262.0,7242.0,7805.0
371879.0,7185.0,763.0
13176.0,12343.0,7740.0
701385.0,7174.0,7643.0
13176.0,7053.0,7643.0
696104.0,7149.0,7773.0
13300.0,7185.0,569208.0
381479.0,7073.0,303098.0
13386.0,6995.0,7774.0
666938.0,7187.0,334477.0
13262.0,7211.0,7756.0
672396.0,7160.0,7740.0
13284.0,12068.0,82474.0
392016.0,7071.0,7741.0
13208.0,7110.0,7740.0
667934.0,12329.0,7805.0
13090.0,7037.0,8021.0
13252.0,7135.0,313853.0
48750.0,7035.0,334245.0
447086.0,7117.0,7642.0
13268.0,7205.0,7642.0
13198.0,12663.0,763.0
6680.0,7169.0,7740.0
385906.0,7053.0,763.0
13186.0,7205.0,7741.0
461212.0,7219.0,566862.0
13316.0,7005.0,205247.0
475269.0,7285.0,7657.0
13284.0,7035.0,7773.0
13262.0,7122.0,7709.0
698445.0,12543.0,7675.0
13198.0,7148.0,763.0
698016.0,12479.0,7739.0
13348.0,7192.0,763.0
13284.0,7053.0,7773.0
65622.0,132946.0,7741.0
386197.0,17885.0,763.0
13332.0,13337.0,7803.0
386933.0,7160.0,7673.0
13284.0,186024.0,7739.0
665908.0,7149.0,7705.0
13188.0,12315.0,7741.0
676738.0,7108.0,7773.0
13332.0,7035.0,444166.0
448783.0,7169.0,7643.0
13358.0,7187.0,7577.0
13280.0,12195.0,763.0
20477.0,7256.0,7805.0
470806.0,7087.0,7706.0
13208.0,7140.0,563818.0
13348.0,12211.0,541782.0
113719.0,7154.0,7856.0
385433.0,12261.0,763.0
13300.0,7092.0,7773.0
72983.0,12333.0,7596.0
389116.0,7108.0,534766.0
13294.0,13049.0,7774.0
360370.0,7169.0,763.0
13364.0,7119.0,7579.0
376624.0,7222.0,7773.0
13166.0,12305.0,7868.0
453323.0,13902.0,541861.0
13418.0,7174.0,7748.0
437962.0,12592.0,75719.0
13379.0,6977.0,7803.0
449769.0,158747.0,7739.0
13418.0,7222.0,7744.0
434308.0,7078.0,763.0
13370.0,7183.0,7741.0
13248.0,7135.0,7739.0
188372.0,7187.0,763.0
386622.0,7099.0,7705.0
13316.0,50007.0,4155.0
386106.0,7138.0,162748.0
13280.0,12247.0,7739.0
697767.0,7206.0,763.0
13176.0,13078.0,7677.0
678472.0,7135.0,7675.0
13380.0,7135.0,763.0
461846.0,7117.0,7642.0
13268.0,7035.0,7643.0
695392.0,7117.0,7838.0
13252.0,12633.0,220169.0
462853.0,7156.0,7889.0
13260.0,12664.0,7721.0
463292.0,7174.0,565177.0
13122.0,7243.0,7677.0
382325.0,12182.0,568229.0
13338.0,7224.0,7641.0
699071.0,12324.0,7741.0
13344.0,7040.0,7764.0
697927.0,7128.0,763.0
13112.0,12629.0,7739.0
13252.0,7117.0,569871.0
72954.0,8553.0,7707.0
693082.0,7090.0,7641.0
13316.0,7135.0,763.0
453443.0,7174.0,7741.0
13144.0,12343.0,564670.0
13208.0,7224.0,7543.0
13230.0,12282.0,763.0
88815.0,7071.0,7641.0
362167.0,7222.0,318003.0
13338.0,12264.0,7854.0
396192.0,7092.0,7577.0
13284.0,12115.0,7837.0
462894.0,7128.0,7806.0
13294.0,12683.0,7741.0
13280.0,7192.0,7773.0
68959.0,12293.0,7675.0
449701.0,12345.0,763.0
13306.0,7110.0,7803.0
464990.0,7155.0,7740.0
13348.0,12214.0,7643.0
455257.0,7206.0,7773.0
13134.0,7160.0,763.0
692438.0,12410.0,7803.0
13166.0,7149.0,565435.0
697007.0,7117.0,7675.0
692454.0,6895.0,763.0
13262.0,7187.0,7805.0
449239.0,6989.0,7739.0
13450.0,7067.0,763.0
436474.0,12600.0,7741.0
13112.0,7160.0,7740.0
696461.0,7103.0,7741.0
13416.0,7108.0,566468.0
470208.0,12914.0,7773.0
13090.0,7092.0,565858.0
461909.0,12147.0,208546.0
13194.0,7242.0,7772.0
446797.0,12243.0,7739.0
13316.0,7187.0,569619.0
462404.0,7135.0,7643.0
13332.0,7067.0,7739.0
699530.0,7169.0,763.0
13300.0,7206.0,7676.0
384323.0,13320.0,7741.0
13300.0,7319.0,7740.0
13294.0,7174.0,763.0
368807.0,12935.0,7675.0
13324.0,12786.0,763.0
13058.0,7160.0,7740.0
73058.0,7117.0,7643.0
445838.0,7192.0,763.0
13230.0,12206.0,7804.0
447980.0,12315.0,297973.0
13300.0,7192.0,7741.0
459741.0,7103.0,763.0
13166.0,7136.0,7741.0
456220.0,12830.0,7677.0
13252.0,7288.0,7740.0
13348.0,7262.0,7743.0
65662.0,12215.0,603.0
447840.0,12329.0,7739.0
13112.0,7205.0,763.0
466951.0,12723.0,7773.0
13300.0,7174.0,7577.0
452516.0,7041.0,7643.0
13154.0,7224.0,7853.0
665289.0,12179.0,565947.0
38271.0,12379.0,7804.0
13198.0,7072.0,7757.0
456095.0,12329.0,82277.0
13386.0,7190.0,7741.0
661575.0,7073.0,7643.0
13293.0,7053.0,7578.0
13306.0,7206.0,215964.0
6616.0,12279.0,7739.0
13198.0,7219.0,763.0
48302.0,12229.0,7838.0
13316.0,7108.0,566372.0
188129.0,7201.0,7643.0
669534.0,7142.0,7739.0
13352.0,12419.0,77074.0
16282.0,7135.0,7739.0
10895.0,41473.0,4946.0
88486.0,7174.0,7677.0
10883.0,12147.0,7739.0
15875.0,7087.0,763.0
11055.0,7426.0,807.0
10883.0,13168.0,7674.0
15859.0,7035.0,7741.0
16195.0,12181.0,210044.0
11033.0,6964.0,7743.0
10851.0,6818.0,7509.0
16071.0,12229.0,8410.0
15946.0,7124.0,7806.0
10871.0,12787.0,312072.0
10797.0,7155.0,7804.0
15508.0,7517.0,7739.0
10883.0,7174.0,7644.0
16149.0,12327.0,7739.0
10935.0,7041.0,7803.0
16443.0,198871.0,7741.0
11497.0,12136.0,7741.0
10658.0,7160.0,559428.0
15950.0,7415.0,7677.0
16096.0,13500.0,152209.0
10767.0,12278.0,7773.0
15948.0,7154.0,763.0
10691.0,7192.0,7739.0
10870.0,12279.0,7607.0
15697.0,12261.0,7645.0
10809.0,7014.0,763.0
16243.0,13837.0,7805.0
16181.0,7381.0,187136.0
10797.0,7219.0,7742.0
11883.0,12407.0,315060.0
111012.0,7160.0,7677.0
10892.0,7000.0,763.0
15938.0,12200.0,7709.0
16055.0,7073.0,7741.0
10957.0,7142.0,7707.0
15860.0,12361.0,7643.0
10981.0,7085.0,763.0
12448.0,148399.0,7641.0
414344.0,717.0,43276.0
4681.0,13048.0,7641.0
13444.0,7206.0,763.0
4854.0,7169.0,7742.0
5020.0,7003.0,763.0
4725.0,7090.0,7773.0
4769.0,12203.0,239430.0
4817.0,7174.0,7707.0
17618.0,12214.0,7641.0
11055.0,7072.0,238000.0
15922.0,7140.0,636525.0
15891.0,12645.0,7683.0
10895.0,7155.0,637996.0
11087.0,12129.0,7643.0
16139.0,7140.0,274040.0
10753.0,7005.0,8073.0
16397.0,7021.0,7739.0
182404.0,12343.0,48967.0
11055.0,7142.0,638818.0
10743.0,7169.0,7709.0
16580.0,7065.0,245561.0
15939.0,7028.0,7739.0
10863.0,12162.0,7675.0
16085.0,7135.0,638070.0
10949.0,7110.0,637032.0
16141.0,12129.0,7741.0
10883.0,7206.0,240284.0
15717.0,12108.0,7741.0
10669.0,7105.0,349685.0
15887.0,7187.0,7675.0
10969.0,12109.0,190291.0
10765.0,7140.0,7973.0
16572.0,12342.0,189390.0
15725.0,7222.0,7641.0
10797.0,7192.0,7739.0
10947.0,12178.0,354621.0
207848.0,12169.0,642664.0
15968.0,7026.0,7641.0
10935.0,7076.0,189904.0
15929.0,12216.0,7641.0
10969.0,12259.0,189767.0
108136.0,7108.0,8105.0
10969.0,12314.0,641435.0
16099.0,7060.0,7641.0
11067.0,7134.0,189875.0
15906.0,12331.0,7641.0
10775.0,7090.0,7641.0
10957.0,12296.0,641628.0
15895.0,7329.0,371044.0
11001.0,7206.0,7683.0
15945.0,12178.0,240075.0
15839.0,7040.0,7739.0
10711.0,12200.0,245654.0
15784.0,7090.0,7683.0
10915.0,12251.0,638596.0
16184.0,7178.0,7641.0
11057.0,12424.0,639727.0
15687.0,12169.0,7741.0
10935.0,6964.0,365100.0
15805.0,7142.0,8203.0
10990.0,12159.0,7685.0
10969.0,7210.0,394204.0
15825.0,12201.0,189747.0
446126.0,7076.0,7773.0
11949.0,12439.0,7709.0
16089.0,7224.0,190307.0
10893.0,12099.0,181096.0
10819.0,7118.0,7805.0
15999.0,7242.0,272554.0
10905.0,12127.0,7675.0
55356.0,7037.0,639644.0
15946.0,12345.0,8007.0
10797.0,7206.0,642224.0
15786.0,12246.0,7709.0
10807.0,7122.0,237991.0
15723.0,7160.0,7675.0
10701.0,12214.0,7773.0
10895.0,7058.0,639348.0
15816.0,7169.0,641221.0
15840.0,12155.0,8203.0
11021.0,7160.0,349028.0
15799.0,7110.0,7675.0
10657.0,12151.0,310919.0
17405.0,7160.0,8071.0
15775.0,12130.0,238478.0
10797.0,12169.0,8237.0
15999.0,7122.0,7675.0
11053.0,7076.0,637749.0
16162.0,12176.0,639475.0
10969.0,7087.0,7739.0
10865.0,7172.0,188228.0
17560.0,12213.0,7837.0
16019.0,7149.0,637753.0
10765.0,7140.0,7641.0
16023.0,12183.0,404494.0
10883.0,12162.0,7839.0
15987.0,7206.0,239619.0
10883.0,7172.0,7577.0
15753.0,12994.0,189685.0
10883.0,7072.0,8105.0
11099.0,12242.0,7739.0
16149.0,7192.0,602966.0
11277.0,12301.0,239741.0
16494.0,12328.0,7773.0
11021.0,7142.0,190238.0
16195.0,12382.0,8007.0
15971.0,7206.0,403150.0
10765.0,7206.0,7743.0
15805.0,12392.0,364252.0
10883.0,6982.0,7773.0
10841.0,12260.0,177436.0
15805.0,12209.0,8071.0
10883.0,7160.0,238074.0
16023.0,12201.0,7641.0
15840.0,7128.0,404463.0
10691.0,7162.0,7773.0
15783.0,7103.0,239438.0
11731.0,534709.0,7497.0
11462.0,12164.0,364714.0
15978.0,7110.0,8105.0
10723.0,7154.0,310091.0
16239.0,12241.0,7675.0
10777.0,12144.0,189359.0
15929.0,7124.0,7643.0
10795.0,12186.0,191947.0
10829.0,7124.0,366353.0
16280.0,7142.0,7543.0
10807.0,12113.0,239870.0
107094.0,7040.0,7741.0
16063.0,12122.0,247469.0
10861.0,42481.0,188209.0
15977.0,7108.0,7577.0
11067.0,12228.0,639109.0
16021.0,7105.0,7739.0
10883.0,12283.0,8071.0
11065.0,7124.0,638126.0
16160.0,7076.0,600683.0
15917.0,12282.0,7717.0
10925.0,12343.0,187921.0
11227.0,7096.0,7543.0
15925.0,7224.0,272320.0
10947.0,11964.0,7739.0
88672.0,12237.0,400967.0
16077.0,7128.0,7739.0
10841.0,12191.0,7741.0
10925.0,7128.0,310155.0
444938.0,7142.0,598725.0
10883.0,12096.0,7643.0
15881.0,7160.0,350178.0
16313.0,12201.0,7675.0
11021.0,7192.0,188386.0
15895.0,12223.0,7685.0
10519.0,7206.0,7685.0
16259.0,12073.0,239316.0
10969.0,7021.0,7641.0
15765.0,7224.0,639150.0
10883.0,12090.0,7641.0
16211.0,12150.0,638719.0
10755.0,7064.0,600369.0
15863.0,14027.0,7773.0
10883.0,12287.0,369178.0
15720.0,7139.0,7641.0
10807.0,13922.0,239481.0
10755.0,8418.0,7675.0
15783.0,12178.0,8205.0
15795.0,7067.0,365654.0
10981.0,12286.0,638573.0
10851.0,7140.0,7739.0
15881.0,12198.0,240058.0
15806.0,7190.0,8105.0
10957.0,7105.0,7675.0
10831.0,7078.0,600684.0
15939.0,12128.0,639708.0
15825.0,7192.0,7479.0
10979.0,12187.0,641347.0
15913.0,7085.0,271928.0
11021.0,6976.0,7577.0
16017.0,12264.0,7709.0
10831.0,7078.0,398756.0
11003.0,13080.0,327492.0
16163.0,7154.0,7707.0
16077.0,12200.0,8269.0
10797.0,7158.0,189510.0
16023.0,12323.0,7577.0
11165.0,12294.0,367220.0
15820.0,7140.0,240472.0
10873.0,7128.0,7709.0
15830.0,12457.0,640635.0
11129.0,12137.0,7739.0
15850.0,7192.0,189373.0
10927.0,12703.0,8105.0
10647.0,7040.0,8203.0
15743.0,12145.0,310842.0
15767.0,6982.0,7739.0
10969.0,7105.0,365813.0
16109.0,6994.0,364774.0
10713.0,12255.0,7577.0
16031.0,7192.0,189602.0
10957.0,12151.0,7643.0
16095.0,7124.0,638668.0
10883.0,12260.0,8105.0
15968.0,7206.0,240437.0
10809.0,12131.0,7709.0
16003.0,13893.0,7685.0
11045.0,7060.0,188311.0
11021.0,12160.0,7741.0
15890.0,7140.0,642595.0
15771.0,12109.0,326462.0
11021.0,12128.0,8105.0
10861.0,7092.0,379277.0
15787.0,7072.0,7641.0
15981.0,12244.0,7707.0
10711.0,12178.0,189394.0
10883.0,6994.0,239283.0
16127.0,12228.0,7773.0
15979.0,7090.0,273232.0
10893.0,12049.0,7643.0
15797.0,6982.0,7641.0
11021.0,7172.0,367377.0
16025.0,12324.0,239776.0
10851.0,12392.0,7837.0
15761.0,7206.0,8088.0
11107.0,7206.0,192465.0
15779.0,12151.0,245703.0
10819.0,7154.0,7675.0
16163.0,12127.0,237276.0
10959.0,12287.0,8237.0
16202.0,7156.0,7807.0
10819.0,12406.0,369841.0
16038.0,7172.0,311843.0
10843.0,12135.0,7741.0
10669.0,7072.0,189036.0
16034.0,12223.0,7741.0
16304.0,7012.0,7641.0
10895.0,7122.0,239671.0
17631.0,12350.0,245764.0
15748.0,12360.0,7677.0
10689.0,7153.0,7577.0
16120.0,12323.0,602664.0
10657.0,7154.0,240362.0
11045.0,12596.0,8073.0
16086.0,7160.0,394512.0
16143.0,7053.0,7545.0
11001.0,7256.0,239434.0
15948.0,11776.0,7683.0
10819.0,7110.0,239872.0
10883.0,12357.0,7741.0
15889.0,12049.0,639001.0
10659.0,7076.0,8007.0
16099.0,7153.0,189363.0
10883.0,12258.0,8203.0
16085.0,7174.0,7709.0
10969.0,12108.0,639617.0
4637.0,7142.0,189429.0
15892.0,12214.0,8105.0
10925.0,7222.0,598718.0
16001.0,12337.0,7741.0
10764.0,12210.0,8071.0
15876.0,7000.0,638558.0
11043.0,7122.0,7709.0
11210.0,13123.0,240478.0
15788.0,7160.0,370397.0
10787.0,12186.0,8071.0
16069.0,12387.0,271956.0
10735.0,7192.0,8203.0
11043.0,12256.0,239537.0
16216.0,7154.0,8105.0
16181.0,7140.0,189558.0
10993.0,12221.0,7675.0
15697.0,7206.0,190061.0
10797.0,12213.0,7543.0
16108.0,12190.0,239222.0
10767.0,7206.0,7739.0
15853.0,12204.0,637860.0
10937.0,7128.0,7675.0
15761.0,7174.0,364743.0
10969.0,12163.0,7675.0
16133.0,7117.0,368916.0
10895.0,12230.0,8071.0
16314.0,7028.0,371331.0
11109.0,12424.0,7973.0
16187.0,7142.0,272747.0
10745.0,7206.0,7641.0
10711.0,13130.0,271149.0
15742.0,7192.0,7641.0
437240.0,12196.0,384122.0
10969.0,7090.0,7739.0
15840.0,12259.0,639940.0
10873.0,7192.0,7741.0
15776.0,12128.0,326703.0
10915.0,12071.0,7709.0
15799.0,7192.0,309705.0
10905.0,12178.0,7641.0
16248.0,7110.0,189830.0
10873.0,7124.0,7641.0
10799.0,12267.0,7707.0
15751.0,7174.0,189084.0
16153.0,12246.0,326600.0
10691.0,12146.0,7709.0
10797.0,7110.0,7577.0
16551.0,12135.0,327337.0
4725.0,7124.0,190176.0
13475.0,7192.0,7643.0
4777.0,12228.0,639332.0
4809.0,7067.0,8105.0
4725.0,7192.0,272937.0
4725.0,12090.0,7741.0
15850.0,12178.0,7685.0
10711.0,7174.0,188211.0
105417.0,12336.0,7643.0
11067.0,7138.0,311079.0
4669.0,12099.0,639851.0
4770.0,7010.0,7675.0
13410.0,7173.0,239931.0
4745.0,7122.0,7675.0
4853.0,12296.0,363783.0
4745.0,12305.0,7739.0
4721.0,7096.0,365501.0
15882.0,12323.0,7773.0
10831.0,7110.0,7675.0
16022.0,7071.0,190538.0
10871.0,7274.0,642353.0
11055.0,12196.0,8071.0
15977.0,12544.0,8073.0
10905.0,7090.0,357297.0
15668.0,7128.0,7837.0
11107.0,12063.0,310356.0
16118.0,12096.0,7643.0
15981.0,7174.0,272376.0
10883.0,12164.0,189894.0
15789.0,7192.0,7675.0
10849.0,7140.0,245202.0
16077.0,12116.0,7717.0
11057.0,7046.0,8205.0
10969.0,12195.0,638024.0
15987.0,7154.0,639241.0
53845.0,12196.0,7709.0
15914.0,13777.0,7739.0
10785.0,7224.0,272725.0
15821.0,12210.0,7677.0
10907.0,12099.0,390195.0
17598.0,7108.0,379086.0
16013.0,12375.0,7641.0
11055.0,6976.0,8203.0
13644.0,7096.0,639889.0
436679.0,12310.0,640101.0
15761.0,12210.0,7741.0
10861.0,7192.0,7707.0
15773.0,7146.0,240342.0
10797.0,12391.0,7773.0
15668.0,7040.0,240236.0
10785.0,12178.0,190000.0
16022.0,12161.0,7773.0
10905.0,7064.0,605395.0
16078.0,7021.0,7775.0
11087.0,12128.0,272776.0
10883.0,7174.0,273070.0
16099.0,12099.0,7643.0
16130.0,7128.0,640142.0
10969.0,12392.0,189280.0
16032.0,7060.0,7643.0
10871.0,12183.0,7641.0
16031.0,7046.0,364136.0
10767.0,12246.0,239356.0
17761.0,7032.0,7741.0
10755.0,7142.0,239594.0
15812.0,12131.0,7641.0
15849.0,7173.0,7741.0
10635.0,12076.0,245711.0
10979.0,7210.0,190719.0
15733.0,12164.0,7577.0
17108.0,7172.0,7683.0
10871.0,12128.0,327357.0
11817.0,7108.0,8007.0
112196.0,12205.0,189616.0
10989.0,7128.0,7741.0
15827.0,12424.0,365323.0
10701.0,7192.0,245438.0
16808.0,12242.0,7675.0
10834.0,6900.0,7641.0
10994.0,7090.0,238355.0
214167.0,12049.0,364516.0
51987.0,7160.0,7709.0
10694.0,12173.0,272592.0
16104.0,12043.0,7577.0
10942.0,7124.0,311898.0
10866.0,12090.0,8071.0
427312.0,7224.0,8103.0
11004.0,7135.0,272417.0
153789.0,12122.0,188532.0
10972.0,7140.0,7677.0
436587.0,12141.0,8105.0
10918.0,7012.0,246250.0
104780.0,7122.0,273379.0
425710.0,11863.0,7683.0
10886.0,7124.0,309145.0
10674.0,12265.0,7643.0
106323.0,12158.0,189224.0
15739.0,7174.0,8171.0
10728.0,7174.0,395458.0
15930.0,12360.0,7675.0
10876.0,7154.0,636502.0
10694.0,12255.0,7677.0
190401.0,7142.0,7739.0
145905.0,7071.0,638972.0
10834.0,7206.0,14468.0
11006.0,12160.0,12707.0
16059.0,13059.0,7675.0
10878.0,7122.0,12588.0
16677.0,12146.0,7709.0
434777.0,7178.0,12611.0
10886.0,12209.0,8105.0
10748.0,7174.0,12871.0
15400.0,7224.0,8205.0
144092.0,12210.0,7715.0
10748.0,12178.0,14454.0
426146.0,7172.0,12748.0
10854.0,7035.0,7975.0
173503.0,7040.0,602396.0
11090.0,12146.0,7773.0
10760.0,12278.0,12848.0
15932.0,7014.0,7544.0
17292.0,12515.0,12552.0
10918.0,7206.0,7744.0
118165.0,7206.0,12611.0
10920.0,12233.0,7807.0
10866.0,7110.0,188059.0
92623.0,12219.0,7751.0
427931.0,12194.0,12586.0
10758.0,7142.0,7577.0
176766.0,7160.0,12467.0
10674.0,12264.0,7675.0
429847.0,7154.0,12686.0
10652.0,12146.0,8119.0
154201.0,12168.0,12600.0
10886.0,7206.0,8203.0
10920.0,12151.0,12522.0
409808.0,7172.0,7692.0
10878.0,7110.0,7641.0
87311.0,12172.0,7705.0
10790.0,7048.0,14717.0
107969.0,12214.0,12740.0
10757.0,4797.0,7641.0
156468.0,7090.0,12435.0
10834.0,12201.0,7579.0
17766.0,7046.0,7741.0
10630.0,12173.0,12588.0
435054.0,6976.0,7641.0
159413.0,12328.0,7739.0
10792.0,7105.0,12520.0
10620.0,537003.0,7544.0
52562.0,7076.0,12686.0
10866.0,411273.0,8071.0
93741.0,7117.0,12682.0
16679.0,505208.0,7740.0
10770.0,6912.0,8237.0
17527.0,515997.0,7641.0
207376.0,7073.0,12677.0
10886.0,514056.0,7741.0
10772.0,7174.0,12689.0
16504.0,513307.0,7644.0
11004.0,7103.0,12431.0
433443.0,7087.0,7680.0
16096.0,6939.0,12534.0
10962.0,7053.0,7739.0
91748.0,7117.0,7543.0
10834.0,7135.0,12554.0
433586.0,182179.0,7675.0
10554.0,717.0,12525.0
11026.0,6853.0,7641.0
25341.0,1084226.0,8107.0
157246.0,6900.0,12523.0
10918.0,515206.0,7641.0
144892.0,7169.0,12642.0
10834.0,150146.0,8203.0
134377.0,7119.0,484347.0
10920.0,533464.0,7975.0
15996.0,7009.0,7641.0
11004.0,49993.0,12773.0
16026.0,7160.0,8105.0
10834.0,515738.0,311735.0
426134.0,7135.0,7739.0
11026.0,516693.0,12749.0
433262.0,7135.0,7641.0
16004.0,7154.0,8205.0
11026.0,231258.0,12554.0
10908.0,7110.0,8204.0
141272.0,514827.0,12396.0
10642.0,7135.0,8083.0
16246.0,294642.0,7577.0
418546.0,7219.0,7751.0
51388.0,183379.0,12462.0
10758.0,7010.0,7641.0
154722.0,411389.0,8732.0
10642.0,7010.0,12470.0
10886.0,513151.0,7739.0
143998.0,7217.0,12554.0
86299.0,212586.0,8205.0
10736.0,717.0,12652.0
10834.0,7110.0,7675.0
157292.0,513532.0,14534.0
11006.0,7092.0,8205.0
15792.0,514215.0,12698.0
180968.0,7192.0,8041.0
10930.0,513902.0,7643.0
424195.0,7028.0,12423.0
10728.0,513539.0,8072.0
15934.0,7053.0,12609.0
10870.0,7169.0,7643.0
10642.0,149526.0,12782.0
105199.0,7021.0,7577.0
10630.0,7178.0,12649.0
16695.0,513971.0,7739.0
10886.0,7201.0,12555.0
426455.0,517019.0,8204.0
107174.0,7091.0,12422.0
10908.0,6900.0,8071.0
10696.0,513481.0,12396.0
16375.0,7160.0,8203.0
16775.0,513612.0,7764.0
10782.0,7103.0,12490.0
10886.0,7153.0,7973.0
426397.0,507413.0,12482.0
436871.0,7192.0,7641.0
426507.0,514672.0,7675.0
10866.0,6975.0,12587.0
87638.0,513663.0,7642.0
424251.0,7199.0,7641.0
10716.0,507903.0,12625.0
435854.0,7205.0,7739.0
11310.0,7199.0,7677.0
141321.0,146160.0,12520.0
10834.0,7040.0,7709.0
10922.0,410624.0,7641.0
16537.0,7026.0,12731.0
213992.0,512002.0,7643.0
10920.0,6995.0,12426.0
18052.0,270214.0,7739.0
10758.0,11167.0,7641.0
84704.0,7154.0,7663.0
10930.0,412663.0,7641.0
165124.0,7201.0,12640.0
10876.0,200172.0,7543.0
11002.0,7169.0,7643.0
434124.0,142521.0,7721.0
10674.0,7174.0,7837.0
10800.0,512029.0,566255.0
181352.0,7023.0,7785.0
10770.0,505169.0,12554.0
220004.0,7135.0,12330.0
16154.0,199903.0,7973.0
10942.0,7167.0,12709.0
10836.0,161316.0,7585.0
86950.0,7103.0,12523.0
88988.0,536266.0,7479.0
174263.0,7141.0,12599.0
10832.0,513602.0,8054.0
115502.0,7155.0,12588.0
10920.0,7169.0,8105.0
10834.0,7013.0,12581.0
15888.0,7117.0,8203.0
433145.0,7058.0,12618.0
10780.0,7009.0,7675.0
16136.0,514001.0,12340.0
10812.0,6975.0,7675.0
15932.0,534956.0,7641.0
10790.0,7117.0,12586.0
15937.0,171591.0,7643.0
10866.0,7169.0,7542.0
433313.0,7199.0,7741.0
11512.0,272909.0,7577.0
428174.0,7172.0,205703.0
10972.0,410738.0,12422.0
142687.0,7222.0,7544.0
10738.0,294680.0,12425.0
10886.0,7117.0,7739.0
208071.0,49956.0,12678.0
156668.0,6989.0,7577.0
10696.0,7186.0,12493.0
10748.0,153205.0,7740.0
17063.0,6989.0,12663.0
4669.0,170498.0,8071.0
91523.0,7117.0,12650.0
10866.0,41091.0,7643.0
10886.0,7140.0,7707.0
86515.0,513594.0,763.0
10834.0,7135.0,7803.0
178259.0,516866.0,7676.0
10898.0,7205.0,7641.0
145843.0,182581.0,12751.0
10930.0,7053.0,7675.0
145841.0,172224.0,12663.0
11390.0,7174.0,7741.0
193460.0,513488.0,12795.0
11252.0,7135.0,8203.0
426212.0,181999.0,12523.0
427262.0,7128.0,7709.0
10748.0,516405.0,12650.0
90586.0,7192.0,7707.0
10918.0,411701.0,7585.0
10662.0,7087.0,12489.0
16607.0,7035.0,7675.0
426660.0,7057.0,351852.0
10748.0,220275.0,7611.0
10760.0,7174.0,7739.0
16419.0,513612.0,12664.0
10888.0,7090.0,7675.0
16002.0,514304.0,7543.0
15804.0,7185.0,12577.0
10738.0,505428.0,7739.0
10758.0,7053.0,12682.0
118199.0,7117.0,7543.0
16020.0,7169.0,14460.0
10728.0,40959.0,12518.0
10866.0,5206.0,7641.0
72305.0,7080.0,12618.0
10780.0,7078.0,7674.0
434937.0,411329.0,7917.0
154783.0,7103.0,7883.0
10866.0,148040.0,12752.0
89254.0,7209.0,8118.0
10802.0,7105.0,7577.0
10834.0,179995.0,7641.0
91914.0,7028.0,763.0
10942.0,511681.0,12519.0
15371.0,7092.0,8205.0
32984.0,513941.0,7741.0
11102.0,7138.0,7975.0
17282.0,513748.0,12434.0
425528.0,7167.0,7773.0
10790.0,7105.0,7973.0
16173.0,283125.0,12556.0
10888.0,7110.0,8071.0
10984.0,514889.0,827.0
87715.0,6976.0,12588.0
10920.0,511979.0,7773.0
16640.0,7000.0,7709.0
145871.0,412231.0,7641.0
11398.0,7052.0,12552.0
10716.0,7169.0,7545.0
181688.0,6895.0,12716.0
16112.0,535037.0,8205.0
10994.0,505768.0,12522.0
16714.0,7078.0,7773.0
10856.0,7121.0,12491.0
10748.0,213717.0,7675.0
15739.0,7096.0,12663.0
10696.0,515255.0,8205.0
15802.0,7169.0,12645.0
432637.0,161079.0,7677.0
10834.0,7169.0,12576.0
10994.0,130964.0,8239.0
15988.0,7110.0,8205.0
156115.0,411032.0,7739.0
10834.0,7121.0,12555.0
185199.0,506945.0,7644.0
11102.0,7012.0,12618.0
435141.0,513837.0,7707.0
10972.0,7187.0,12556.0
10939.0,158487.0,7739.0
195769.0,6918.0,12776.0
86956.0,411180.0,7641.0
11054.0,7219.0,12588.0
426672.0,7073.0,8007.0
10866.0,513089.0,12661.0
156247.0,7046.0,8071.0
10780.0,516292.0,13074.0
10758.0,7180.0,7677.0
92152.0,158901.0,12586.0
423099.0,7169.0,7642.0
10996.0,7110.0,12570.0
10886.0,515653.0,7821.0
136290.0,7187.0,12557.0
433102.0,7137.0,7742.0
10728.0,535003.0,7741.0
4593.0,7046.0,12461.0
51972.0,513531.0,7739.0
10704.0,7122.0,12397.0
433211.0,514439.0,7742.0
10696.0,7117.0,12663.0
10758.0,41049.0,8205.0
426266.0,7187.0,7545.0
10996.0,536017.0,12555.0
153892.0,7122.0,7742.0
10802.0,513847.0,12724.0
200273.0,7119.0,7611.0
10770.0,537297.0,7739.0
425643.0,7205.0,7641.0
16662.0,189295.0,12404.0
10984.0,7010.0,7643.0
432601.0,514267.0,7675.0
10790.0,7105.0,7852.0
15972.0,7201.0,7709.0
10706.0,156234.0,8071.0
433488.0,7109.0,7641.0
10792.0,537098.0,7773.0
135229.0,7053.0,8105.0
10834.0,161288.0,12643.0
10704.0,7053.0,7973.0
436141.0,7028.0,7543.0
115438.0,411236.0,12552.0
10802.0,7035.0,7677.0
10918.0,516475.0,12498.0
135655.0,7153.0,7675.0
142553.0,6918.0,8072.0
10896.0,514263.0,7675.0
10770.0,7092.0,7543.0
119012.0,514437.0,7807.0
433022.0,7155.0,12545.0
10748.0,7058.0,7739.0
10716.0,411858.0,12709.0
425663.0,7148.0,7675.0
10866.0,7018.0,7675.0
424610.0,513512.0,7709.0
182504.0,7021.0,763.0
133427.0,505076.0,8205.0
10770.0,7169.0,247568.0
10662.0,536739.0,7577.0
187077.0,7010.0,7577.0
429029.0,512519.0,7739.0
10748.0,7147.0,7623.0
152379.0,516289.0,7739.0
15929.0,7219.0,7585.0
10994.0,40997.0,7948.0
15713.0,7110.0,8071.0
10814.0,514421.0,12718.0
16054.0,7117.0,7739.0
10844.0,536467.0,7545.0
11058.0,6994.0,12652.0
184762.0,411972.0,7514.0
15760.0,7211.0,12491.0
10792.0,495219.0,8071.0
10834.0,7174.0,12459.0
143673.0,513627.0,7741.0
10886.0,7105.0,14495.0
54560.0,7072.0,7685.0
15625.0,513603.0,12388.0
10822.0,7187.0,8007.0
51249.0,128906.0,12427.0
10706.0,7169.0,7790.0
10920.0,7117.0,7739.0
51724.0,158285.0,7645.0
219278.0,6964.0,7743.0
10940.0,514921.0,7644.0
207519.0,7070.0,7709.0
11085.0,512037.0,7773.0
133574.0,6993.0,7642.0
10662.0,411462.0,7849.0
204474.0,7117.0,7676.0
10854.0,7103.0,7805.0
16121.0,7174.0,7849.0
10952.0,514058.0,7641.0
207919.0,7192.0,7783.0
10738.0,233038.0,7838.0
10866.0,7169.0,7739.0
94307.0,514494.0,7543.0
10748.0,7206.0,7806.0
16014.0,512229.0,7641.0
433851.0,7053.0,7675.0
10642.0,507809.0,7739.0
182702.0,7040.0,7643.0
10696.0,513933.0,7543.0
10890.0,7030.0,7744.0
15980.0,411124.0,7916.0
425672.0,6982.0,7739.0
10972.0,514877.0,7708.0
10790.0,7103.0,7642.0
116356.0,7092.0,7741.0
15767.0,514588.0,7707.0
11056.0,7040.0,7709.0
167684.0,514238.0,7642.0
10728.0,7154.0,7739.0
15554.0,513135.0,7705.0
10694.0,7105.0,7642.0
10802.0,50181.0,8707.0
15632.0,7192.0,7806.0
10802.0,515667.0,7544.0
91936.0,7103.0,7543.0
15996.0,7187.0,7641.0
10660.0,40875.0,7806.0
10696.0,7141.0,7739.0
427150.0,186600.0,7706.0
10608.0,7142.0,7543.0
16914.0,513383.0,7740.0
10748.0,1133455.0,7643.0
16834.0,717.0,7740.0
10898.0,6829.0,7641.0
85608.0,7105.0,7757.0
193693.0,6918.0,7739.0
10930.0,514602.0,7806.0
15964.0,7187.0,7917.0
10684.0,505553.0,7641.0
10972.0,7087.0,7773.0
176850.0,7187.0,7598.0
10834.0,525896.0,7805.0
169174.0,6912.0,7898.0
11539.0,514548.0,7740.0
434153.0,7109.0,7643.0
10820.0,511804.0,7773.0
143835.0,7092.0,7709.0
188515.0,514880.0,7741.0
422174.0,7087.0,7853.0
11432.0,7026.0,7742.0
11038.0,513100.0,7739.0
434352.0,7155.0,7545.0
10770.0,507082.0,7739.0
10866.0,7103.0,7707.0
434773.0,7137.0,7641.0
424945.0,6995.0,7739.0
10696.0,26630.0,7740.0
11328.0,7155.0,7641.0
105110.0,7028.0,7739.0
105292.0,513485.0,7645.0
10930.0,7121.0,7643.0
15768.0,411029.0,7641.0
10856.0,7251.0,7775.0
10844.0,41077.0,7675.0
87333.0,7003.0,7641.0
435032.0,52234.0,7803.0
10706.0,7105.0,7783.0
15562.0,7035.0,7643.0
81399.0,525857.0,7739.0
10920.0,7103.0,7677.0
11026.0,505150.0,7739.0
288902.0,7078.0,7739.0
10868.0,514157.0,7643.0
167013.0,7117.0,7644.0
13284.0,158258.0,7837.0
12953.0,7122.0,7805.0
13285.0,513231.0,7775.0
13049.0,6982.0,7642.0
13380.0,411929.0,7741.0
12976.0,7122.0,7643.0
13199.0,514464.0,7773.0
13112.0,7140.0,7643.0
13198.0,513621.0,7773.0
13285.0,179344.0,7739.0
13220.0,7055.0,7741.0
13081.0,536484.0,7705.0
13300.0,7174.0,7543.0
13263.0,512667.0,7642.0
13134.0,7117.0,7908.0
13408.0,160914.0,7641.0
13039.0,7224.0,7803.0
13090.0,513522.0,7740.0
13199.0,7174.0,731.0
13348.0,12181.0,7641.0
13089.0,12261.0,7641.0
13416.0,7192.0,7773.0
13080.0,7058.0,7789.0
13231.0,12374.0,7641.0
13285.0,12716.0,7773.0
13387.0,7122.0,7643.0
13348.0,12359.0,7741.0
13033.0,7174.0,7821.0
13006.0,7508.0,7641.0
13230.0,12296.0,7741.0
13285.0,12218.0,7641.0
13703.0,7192.0,7706.0
13231.0,7313.0,7839.0
13263.0,12256.0,7645.0
13363.0,7092.0,7739.0
12996.0,12993.0,7675.0
12898.0,7140.0,7707.0
13265.0,12656.0,7708.0
13125.0,7140.0,7642.0
13070.0,7126.0,7741.0
12994.0,12264.0,7803.0
13167.0,7206.0,7641.0
13380.0,12095.0,7997.0
13189.0,7167.0,7740.0
13285.0,12250.0,7643.0
13349.0,7122.0,7707.0
13144.0,12613.0,7806.0
13263.0,7090.0,7849.0
13338.0,12732.0,7544.0
13121.0,7142.0,7691.0
13252.0,12049.0,7741.0
13403.0,7174.0,7674.0
13438.0,12406.0,7840.0
13258.0,7224.0,7757.0
12935.0,12160.0,335258.0
13326.0,7242.0,7937.0
13295.0,7154.0,7849.0
13348.0,12293.0,7773.0
13147.0,12128.0,7641.0
13253.0,7160.0,7641.0
13348.0,7201.0,7597.0
13316.0,12246.0,7675.0
13221.0,7274.0,7643.0
13299.0,6976.0,7768.0
13284.0,12127.0,7757.0
13189.0,12606.0,7641.0
13177.0,7122.0,7741.0
13327.0,7243.0,7586.0
13178.0,7090.0,7774.0
13166.0,12163.0,7643.0
13144.0,12098.0,7645.0
13365.0,7072.0,7741.0
13080.0,7290.0,7642.0
13163.0,7110.0,7773.0
13262.0,12356.0,7757.0
13365.0,12260.0,7741.0
13080.0,7108.0,7675.0
13348.0,12406.0,7741.0
13285.0,7110.0,7707.0
13274.0,7192.0,7739.0
13176.0,12161.0,7849.0
13029.0,6994.0,7744.0
13199.0,13041.0,7774.0
13371.0,7135.0,7643.0
13230.0,12224.0,7579.0
13198.0,7110.0,7677.0
13448.0,12309.0,7673.0
13134.0,7224.0,7643.0
13102.0,12456.0,7666.0
13145.0,7040.0,7850.0
13198.0,7242.0,7753.0
13348.0,12259.0,7709.0
13220.0,7086.0,7644.0
13263.0,13487.0,7641.0
13167.0,7174.0,7612.0
13385.0,12378.0,7741.0
13371.0,7206.0,7641.0
13370.0,12228.0,7709.0
13048.0,7192.0,5837.0
13348.0,12288.0,7741.0
13252.0,7249.0,7757.0
13327.0,12406.0,7609.0
13028.0,7160.0,7544.0
13467.0,7160.0,7707.0
13154.0,12879.0,7641.0
13177.0,12465.0,7706.0
13326.0,7122.0,7675.0
13199.0,7040.0,7709.0
13246.0,13281.0,7510.0
13200.0,7224.0,7837.0
13231.0,12438.0,7685.0
13241.0,7140.0,7643.0
13166.0,12506.0,7757.0
13445.0,7072.0,7534.0
19530.0,12193.0,7707.0
13317.0,7169.0,7739.0
13135.0,12325.0,7741.0
13233.0,7122.0,7835.0
13103.0,12149.0,7676.0
13231.0,7174.0,7739.0
13306.0,12570.0,7739.0
13208.0,7140.0,7579.0
13263.0,12443.0,7644.0
13130.0,7076.0,7675.0
13349.0,7192.0,7642.0
13439.0,13273.0,645553.0
13220.0,12841.0,877745.0
13176.0,7192.0,879327.0
13199.0,7178.0,876888.0
13490.0,12294.0,876588.0
12899.0,12118.0,877938.0
13512.0,7122.0,553774.0
13128.0,12310.0,876636.0
13295.0,7139.0,876251.0
13091.0,7160.0,616992.0
13434.0,12223.0,876755.0
13253.0,7057.0,630139.0
13103.0,12478.0,877096.0
13294.0,12552.0,876645.0
13199.0,7110.0,876342.0
13093.0,12197.0,877059.0
13220.0,7174.0,877196.0
13232.0,12196.0,535261.0
13167.0,7242.0,876917.0
13176.0,12201.0,876996.0
13253.0,7154.0,883284.0
13252.0,12234.0,772202.0
13298.0,7014.0,877641.0
13380.0,7142.0,848865.0
13262.0,12845.0,877883.0
13138.0,12641.0,875467.0
13022.0,7124.0,655049.0
13263.0,7126.0,879235.0
13380.0,13220.0,645751.0
13294.0,12088.0,855919.0
13230.0,7154.0,881820.0
13252.0,7174.0,876748.0
13221.0,12173.0,876354.0
13088.0,12261.0,879792.0
13240.0,7160.0,636300.0
13370.0,7092.0,381804.0
13348.0,12277.0,650848.0
13231.0,12724.0,876827.0
13316.0,7124.0,655695.0
13258.0,7204.0,881321.0
13166.0,12078.0,634447.0
13380.0,7117.0,876636.0
13307.0,7301.0,878917.0
13134.0,12338.0,858070.0
13380.0,7206.0,875530.0
13007.0,7172.0,881084.0
13128.0,12544.0,877791.0
13231.0,12643.0,887033.0
12932.0,7192.0,646463.0
13349.0,12164.0,882960.0
13295.0,7174.0,877881.0
13112.0,7192.0,881473.0
12963.0,12665.0,875514.0
13048.0,7108.0,877061.0
13566.0,12250.0,876393.0
13262.0,12217.0,877699.0
13348.0,7174.0,876543.0
13080.0,7645.0,579784.0
13295.0,12388.0,878904.0
13262.0,12247.0,880613.0
13230.0,7154.0,884902.0
13230.0,12445.0,879143.0
13177.0,7154.0,878756.0
13152.0,7172.0,655166.0
13284.0,12259.0,876941.0
13373.0,7078.0,851906.0
13317.0,13923.0,552104.0
13262.0,12414.0,631092.0
13264.0,7110.0,578813.0
13230.0,12086.0,876474.0
13113.0,7014.0,879016.0
12995.0,7087.0,632823.0
13070.0,7224.0,876617.0
13417.0,12420.0,874839.0
13263.0,7385.0,879010.0
13134.0,7174.0,876265.0
13317.0,12363.0,877090.0
13252.0,12325.0,853220.0
13017.0,7174.0,852790.0
12899.0,7124.0,876668.0
13166.0,12488.0,878443.0
12962.0,12288.0,876415.0
13242.0,8594.0,877058.0
13466.0,12224.0,886217.0
13145.0,7110.0,876299.0
13004.0,7174.0,877303.0
13125.0,12519.0,882292.0
13203.0,13907.0,880825.0
13449.0,7128.0,877420.0
13284.0,12475.0,643369.0
13186.0,6977.0,876161.0
13048.0,7581.0,878639.0
13284.0,12164.0,876654.0
13363.0,12567.0,633973.0
13031.0,7160.0,159930.0
13198.0,7481.0,879925.0
13032.0,12115.0,657557.0
13081.0,12425.0,647556.0
13167.0,7174.0,878466.0
13047.0,7288.0,880605.0
187478.0,12274.0,876985.0
182264.0,7058.0,877615.0
10935.0,12179.0,643156.0
10819.0,7160.0,877657.0
15751.0,12342.0,849732.0
16174.0,7192.0,882387.0
10969.0,12438.0,633395.0
11119.0,7140.0,881976.0
15827.0,12374.0,882321.0
10905.0,12709.0,878994.0
419017.0,7160.0,877674.0
11139.0,7121.0,612771.0
15937.0,12132.0,876642.0
10927.0,12404.0,647342.0
15977.0,7205.0,877078.0
16271.0,12215.0,882639.0
10905.0,7128.0,883264.0
10691.0,7140.0,877267.0
79125.0,12475.0,741283.0
434385.0,7301.0,882795.0
10775.0,12342.0,878184.0
15927.0,7028.0,877002.0
11003.0,7206.0,877319.0
16067.0,12388.0,878275.0
10829.0,7174.0,877988.0
16153.0,12003.0,876746.0
10967.0,7160.0,878622.0
15806.0,12933.0,553604.0
10935.0,7105.0,851875.0
10797.0,12238.0,878424.0
417451.0,7210.0,647700.0
10777.0,7076.0,883311.0
15787.0,12843.0,877143.0
15893.0,7160.0,876651.0
10883.0,12231.0,616004.0
213246.0,12193.0,631133.0
15828.0,7108.0,878058.0
11055.0,7110.0,564544.0
436077.0,13204.0,881602.0
10647.0,7206.0,879093.0
10679.0,12161.0,880542.0
15863.0,7174.0,638358.0
15774.0,12279.0,654228.0
10883.0,12102.0,877249.0
436820.0,7160.0,878396.0
10787.0,8449.0,878940.0
10767.0,7174.0,876062.0
16307.0,12202.0,875898.0
436772.0,7028.0,876500.0
10905.0,12425.0,877286.0
10959.0,7192.0,634249.0
16171.0,12302.0,647273.0
16118.0,12320.0,872469.0
10809.0,7122.0,877014.0
17609.0,12501.0,889050.0
16184.0,7058.0,632820.0
11045.0,12256.0,878838.0
10979.0,7032.0,881401.0
16213.0,7429.0,260477.0
17510.0,12970.0,647291.0
15992.0,7140.0,876892.0
10777.0,12256.0,621643.0
15894.0,12147.0,878565.0
10905.0,7160.0,877777.0
16518.0,7217.0,638366.0
10841.0,12145.0,873590.0
16260.0,7160.0,876974.0
72392.0,7122.0,643473.0
10743.0,14299.0,880104.0
16197.0,12519.0,877379.0
11013.0,7025.0,882198.0
436936.0,12224.0,876378.0
10711.0,7154.0,877074.0
15863.0,7142.0,879774.0
10935.0,12327.0,877089.0
448718.0,12409.0,879702.0
14475.0,7206.0,693390.0
15946.0,12261.0,636196.0
11067.0,7142.0,881202.0
10659.0,7142.0,876348.0
174103.0,12226.0,635197.0
10699.0,12562.0,880903.0
438035.0,7192.0,876966.0
15839.0,12129.0,876962.0
10743.0,7192.0,877168.0
10821.0,12502.0,877546.0
16096.0,7288.0,874720.0
11001.0,7204.0,555562.0
16172.0,12114.0,653321.0
16053.0,7110.0,616534.0
11109.0,7160.0,637571.0
16140.0,12582.0,876802.0
11003.0,12202.0,628945.0
197018.0,7206.0,647032.0
10849.0,12292.0,878131.0
15882.0,7236.0,879034.0
10711.0,12628.0,877662.0
15818.0,7122.0,881798.0
10937.0,7206.0,878716.0
15965.0,12223.0,877040.0
10701.0,7174.0,878341.0
10969.0,12488.0,824290.0
16078.0,7103.0,614904.0
419494.0,7008.0,880856.0
11021.0,12253.0,877567.0
15752.0,12387.0,561813.0
11045.0,7160.0,880094.0
4721.0,7127.0,877199.0
13432.0,7333.0,876901.0
4738.0,7192.0,878788.0
4789.0,12183.0,569260.0
4745.0,7058.0,159258.0
5467.0,12261.0,7691.0
5195.0,7090.0,140473.0
16076.0,13717.0,7757.0
10981.0,12356.0,209168.0
10883.0,7092.0,7643.0
106909.0,12227.0,560785.0
15882.0,7058.0,7577.0
10711.0,7301.0,555083.0
16019.0,7206.0,7773.0
10989.0,12361.0,63153.0
125107.0,7199.0,7823.0
10809.0,12121.0,280355.0
10745.0,7092.0,7706.0
434335.0,6994.0,153947.0
16279.0,13227.0,7806.0
10959.0,13061.0,160568.0
16022.0,7110.0,7577.0
11023.0,7174.0,274530.0
16067.0,12343.0,7773.0
10915.0,7072.0,288017.0
15840.0,12079.0,7741.0
10797.0,7174.0,133677.0
16138.0,12750.0,7741.0
10947.0,12336.0,555555.0
15819.0,7160.0,7643.0
11001.0,7142.0,7705.0
10967.0,12834.0,261306.0
197231.0,12442.0,7773.0
10733.0,7174.0,268695.0
16060.0,12220.0,12698.0
10957.0,7122.0,7711.0
10710.0,12227.0,308333.0
15815.0,7206.0,7675.0
15862.0,7140.0,309149.0
10861.0,12260.0,7595.0
16671.0,12561.0,558989.0
10691.0,7256.0,7542.0
11013.0,7206.0,303225.0
16560.0,12256.0,7741.0
10895.0,12320.0,12782.0
16041.0,7110.0,7789.0
11509.0,8571.0,161822.0
198086.0,7140.0,7803.0
435851.0,12195.0,562032.0
10915.0,62688.0,7611.0
4745.0,12153.0,49709.0
4785.0,7140.0,7645.0
4745.0,7072.0,12779.0
4681.0,12529.0,7641.0
4725.0,12474.0,7773.0
4745.0,7010.0,287737.0
4785.0,7206.0,7773.0
4725.0,12370.0,265332.0
4725.0,12422.0,134788.0
4725.0,7224.0,7641.0
4701.0,7076.0,12674.0
4745.0,12374.0,7773.0
4725.0,12145.0,12576.0
4649.0,7206.0,7773.0
170537.0,12356.0,553031.0
16441.0,7026.0,7741.0
10991.0,7206.0,248914.0
4765.0,14277.0,7757.0
4969.0,7256.0,12651.0
4777.0,12636.0,7757.0
4725.0,7249.0,133722.0
4725.0,12409.0,7709.0
4745.0,7192.0,289794.0
4745.0,12350.0,7773.0
4785.0,6932.0,136386.0
4725.0,7160.0,7641.0
4725.0,12388.0,272590.0
4725.0,12281.0,7739.0
4725.0,6990.0,143660.0
4785.0,12311.0,7781.0
4725.0,7142.0,557161.0
5273.0,12374.0,7543.0
4701.0,7192.0,214034.0
4833.0,13734.0,7803.0
202916.0,7122.0,251921.0
4785.0,12129.0,7641.0
4745.0,7122.0,152345.0
4797.0,12423.0,7479.0
4681.0,12479.0,134687.0
4745.0,7160.0,7803.0
4745.0,12378.0,271699.0
15829.0,7563.0,7741.0
11001.0,12393.0,263852.0
15847.0,7192.0,7739.0
11003.0,12287.0,12738.0
10871.0,7122.0,7837.0
15742.0,8531.0,59788.0
9518.0,7076.0,7739.0
10573.0,12534.0,51318.0
15668.0,12197.0,7741.0
10981.0,6976.0,556601.0
11283.0,12242.0,7741.0
16031.0,7160.0,300895.0
16169.0,7158.0,7567.0
10916.0,12131.0,554466.0
16444.0,7058.0,7741.0
10819.0,12347.0,134072.0
109111.0,7205.0,7773.0
10797.0,12292.0,59501.0
10851.0,7060.0,7741.0
435930.0,7306.0,518573.0
15786.0,12292.0,7709.0
10883.0,7206.0,61067.0
15876.0,12420.0,7643.0
10745.0,7224.0,134201.0
10711.0,12211.0,7740.0
205611.0,7174.0,7770.0
10981.0,12356.0,293613.0
16159.0,12752.0,192679.0
15829.0,7110.0,7709.0
10989.0,7090.0,12813.0
10809.0,12224.0,7643.0
15656.0,7087.0,60203.0
426015.0,12413.0,7789.0
10925.0,6932.0,7675.0
16322.0,6980.0,291040.0
10883.0,12821.0,311498.0
16560.0,7395.0,7741.0
10865.0,12374.0,554931.0
15790.0,7122.0,7741.0
10797.0,7110.0,51979.0
10883.0,12588.0,12708.0
15754.0,12444.0,7741.0
10703.0,7190.0,12517.0
436294.0,7192.0,7741.0
445091.0,250008.0,157854.0
11001.0,6667.0,7675.0
4765.0,194924.0,64937.0
13455.0,6611.0,7739.0
4925.0,6623.0,140546.0
4817.0,437411.0,7741.0
4785.0,88579.0,135656.0
4725.0,6932.0,7773.0
15699.0,176368.0,309811.0
10819.0,6976.0,8193.0
15939.0,6643.0,172838.0
10873.0,6667.0,12697.0
16269.0,7076.0,7543.0
10851.0,144240.0,7677.0
10989.0,6579.0,60030.0
215569.0,34364.0,188434.0
15690.0,7174.0,7739.0
10991.0,189553.0,12717.0
15979.0,717.0,7739.0
10959.0,7201.0,557525.0
10691.0,6958.0,7773.0
445547.0,531456.0,7673.0
184480.0,7154.0,161959.0
11033.0,414554.0,12566.0
442441.0,6643.0,7739.0
10883.0,133673.0,196872.0
15783.0,7008.0,7839.0
444901.0,7039.0,288593.0
10873.0,273048.0,7677.0
16110.0,122466.0,259089.0
11042.0,7044.0,7773.0
10993.0,6611.0,7739.0
15861.0,46814.0,61491.0
11151.0,6643.0,51441.0
123121.0,246294.0,7741.0
10819.0,40617.0,555726.0
15882.0,6656.0,12598.0
10905.0,6611.0,7641.0
423976.0,6539.0,12881.0
10935.0,73821.0,7741.0
416950.0,6679.0,556919.0
17022.0,7060.0,7763.0
11139.0,259520.0,136602.0
436862.0,197882.0,7641.0
6199.0,6528.0,7803.0
10797.0,442896.0,144487.0
9860.0,6667.0,12685.0
10733.0,6611.0,7805.0
16003.0,61232.0,162663.0
16195.0,155452.0,7901.0
10797.0,7192.0,59752.0
16010.0,6643.0,7740.0
10701.0,7090.0,287554.0
427895.0,435759.0,7693.0
11013.0,7108.0,169560.0
10915.0,435393.0,7837.0
15945.0,7090.0,284937.0
95767.0,161461.0,7741.0
10701.0,7092.0,557245.0
10883.0,414835.0,7739.0
212637.0,6655.0,65227.0
11001.0,105846.0,7803.0
15850.0,6721.0,12795.0
428522.0,6547.0,7675.0
11055.0,367275.0,146930.0
11119.0,7014.0,7837.0
434892.0,6655.0,144000.0
16207.0,7169.0,270078.0
10895.0,6579.0,7805.0
11053.0,6603.0,7705.0
108602.0,7122.0,154766.0
10841.0,183044.0,289608.0
15869.0,6501.0,7739.0
16227.0,4292.0,12793.0
11011.0,7206.0,7675.0
16248.0,414610.0,314116.0
10797.0,6643.0,8097.0
10669.0,6814.0,554634.0
185077.0,6994.0,7545.0
16196.0,188540.0,7737.0
11097.0,160823.0,277261.0
61546.0,7154.0,146503.0
10849.0,7124.0,12716.0
10895.0,199893.0,7644.0
11173.0,498981.0,7827.0
15953.0,6667.0,162711.0
10849.0,7192.0,69186.0
15798.0,6579.0,7739.0
15923.0,162215.0,59826.0
10883.0,7206.0,7741.0
10893.0,6918.0,61721.0
200091.0,162998.0,131355.0
15819.0,6591.0,7741.0
10785.0,7187.0,266548.0
10905.0,717.0,7755.0
15847.0,83203.0,49679.0
15829.0,6643.0,7741.0
10841.0,6567.0,296503.0
15861.0,7119.0,7741.0
10968.0,173809.0,554529.0
16185.0,143832.0,7789.0
10819.0,7170.0,12763.0
15929.0,6579.0,7773.0
11045.0,7119.0,314603.0
10883.0,140672.0,7741.0
172525.0,6559.0,283449.0
16227.0,103471.0,7723.0
11139.0,6579.0,565739.0
16162.0,7108.0,7675.0
10883.0,536816.0,144727.0
15945.0,11900.0,7757.0
10657.0,387780.0,562596.0
10947.0,7122.0,7702.0
16200.0,414535.0,281320.0
15862.0,7142.0,7739.0
10797.0,514152.0,555414.0
15938.0,6623.0,7711.0
10959.0,7090.0,554231.0
140090.0,430981.0,7709.0
11077.0,7174.0,49732.0
16345.0,414591.0,7643.0
10935.0,7040.0,12715.0
437563.0,143314.0,7757.0
16000.0,7071.0,12979.0
10861.0,506096.0,7871.0
10979.0,6611.0,135904.0
170580.0,415211.0,7741.0
16261.0,7110.0,277093.0
11021.0,6733.0,7641.0
16023.0,6599.0,556824.0
10809.0,7187.0,7773.0
10917.0,773.0,276080.0
16361.0,7174.0,7677.0
4669.0,122669.0,763.0
11273.0,414660.0,149105.0
15848.0,7140.0,7675.0
10745.0,6610.0,12520.0
15904.0,95446.0,7854.0
11055.0,61352.0,277457.0
10723.0,6599.0,7789.0
108656.0,115375.0,134196.0
16077.0,7076.0,7774.0
10691.0,413801.0,7415.0
10797.0,7154.0,265001.0
15874.0,251624.0,310540.0
170382.0,6623.0,7773.0
10971.0,6579.0,7773.0
15919.0,88925.0,564392.0
10799.0,6611.0,50165.0
12081.0,435598.0,7755.0
439320.0,7206.0,253829.0
15745.0,7092.0,7643.0
11055.0,414559.0,12654.0
16264.0,7192.0,7837.0
11021.0,409646.0,561283.0
15828.0,717.0,7641.0
10883.0,6547.0,54265.0
10819.0,16988.0,7739.0
437748.0,6611.0,7773.0
10829.0,301340.0,261669.0
434364.0,6623.0,12844.0
15806.0,514135.0,7675.0
10819.0,7135.0,554820.0
16260.0,6829.0,7739.0
10969.0,7085.0,60955.0
10797.0,769.0,7757.0
17227.0,7174.0,12585.0
16547.0,435763.0,7675.0
10657.0,436048.0,149869.0
10809.0,7110.0,7821.0
4657.0,414715.0,135993.0
16471.0,7092.0,7739.0
11077.0,86196.0,7545.0
193682.0,7160.0,554474.0
10905.0,11180.0,59590.0
10969.0,6635.0,7675.0
109175.0,7224.0,214553.0
15734.0,435006.0,7807.0
10841.0,6655.0,12785.0
10745.0,34332.0,7739.0
16176.0,6611.0,12664.0
11129.0,7058.0,7807.0
15572.0,143463.0,7775.0
435866.0,6611.0,565376.0
10755.0,6611.0,525367.0
51801.0,200458.0,7577.0
11065.0,7196.0,61481.0
10947.0,7205.0,7775.0
16131.0,7224.0,146531.0
15945.0,194924.0,7657.0
11085.0,413944.0,12717.0
10979.0,7128.0,7741.0
16338.0,6623.0,213837.0
10969.0,7192.0,7739.0
185173.0,414119.0,554043.0
15916.0,6611.0,7813.0
10829.0,7105.0,556068.0
15633.0,825.0,7789.0
10691.0,6655.0,561723.0
15947.0,285021.0,7709.0
10743.0,6643.0,555423.0
10903.0,52957.0,7741.0
86931.0,6623.0,556581.0
17548.0,7122.0,7691.0
15783.0,12339.0,49309.0
10883.0,122240.0,7641.0
15797.0,7224.0,274789.0
10872.0,6611.0,8221.0
188503.0,6591.0,320762.0
10797.0,415699.0,7677.0
436743.0,7110.0,7609.0
10713.0,6567.0,264955.0
436993.0,7205.0,253426.0
15861.0,140865.0,7773.0
10863.0,6599.0,272079.0
16249.0,413520.0,7741.0
10971.0,7206.0,212297.0
427006.0,7205.0,7675.0
11001.0,6635.0,12654.0
15967.0,435514.0,7643.0
10883.0,7122.0,49514.0
186988.0,246353.0,7739.0
10945.0,6611.0,253185.0
15999.0,7026.0,7677.0
10797.0,116001.0,555218.0
10733.0,6643.0,7837.0
15980.0,85939.0,7742.0
10873.0,6623.0,272424.0
15892.0,566392.0,7837.0
16153.0,414168.0,313659.0
10969.0,7174.0,7819.0
13166.0,7224.0,564631.0
13384.0,162507.0,273821.0
13317.0,7058.0,7739.0
13243.0,12019.0,247367.0
13090.0,394141.0,7757.0
13307.0,514141.0,49484.0
13387.0,6611.0,7515.0
13317.0,7192.0,7773.0
13253.0,414637.0,152733.0
13451.0,7206.0,12628.0
14638.0,191390.0,7641.0
13306.0,536540.0,157926.0
13348.0,7217.0,7545.0
13267.0,3695.0,555477.0
13253.0,6612.0,7739.0
13473.0,6567.0,144624.0
13252.0,6611.0,7741.0
13355.0,516554.0,560807.0
13451.0,37268.0,7741.0
13285.0,6579.0,65272.0
13178.0,6515.0,7479.0
13487.0,7140.0,12655.0
13455.0,142012.0,7803.0
13199.0,6567.0,553458.0
13339.0,7123.0,7708.0
13188.0,514259.0,275267.0
13467.0,7174.0,7543.0
13185.0,415311.0,200261.0
13355.0,435486.0,7773.0
13231.0,7142.0,7741.0
13273.0,6579.0,554786.0
13419.0,7174.0,7677.0
13464.0,167761.0,266360.0
13312.0,6611.0,7709.0
13477.0,6679.0,214751.0
13339.0,6591.0,136538.0
13285.0,566630.0,7705.0
13175.0,195234.0,7707.0
15518.0,7110.0,276532.0
13285.0,414512.0,12739.0
13451.0,7160.0,7739.0
120198.0,414019.0,12678.0
13463.0,7142.0,7657.0
13451.0,7072.0,275273.0
13452.0,435701.0,7641.0
13231.0,7169.0,4342.0
13477.0,538559.0,6376.0
13445.0,6611.0,553753.0
13488.0,237313.0,7675.0
14598.0,413355.0,8373.0
13135.0,7110.0,51396.0
13401.0,6687.0,7677.0
13227.0,414328.0,281225.0
11485.0,7058.0,7641.0
13301.0,3663.0,280231.0
13199.0,6579.0,7739.0
13253.0,6668.0,273540.0
13550.0,7663.0,7739.0
13375.0,163411.0,299376.0
13487.0,516675.0,7741.0
13405.0,6623.0,253630.0
13135.0,414442.0,7741.0
13248.0,7154.0,12715.0
13515.0,40625.0,7807.0
13428.0,6699.0,49664.0
13199.0,7090.0,7803.0
13285.0,162465.0,7773.0
13366.0,7154.0,548278.0
13487.0,434994.0,14686.0
13487.0,68637.0,7139.0
13144.0,6623.0,6691.0
13270.0,6611.0,510892.0
14195.0,83241.0,4342.0
15554.0,6655.0,8370.0
13269.0,115457.0,12794.0
13323.0,7223.0,7803.0
14918.0,6599.0,168812.0
13167.0,7035.0,7657.0
13134.0,507486.0,12717.0
13370.0,6599.0,7741.0
13403.0,37248.0,12813.0
13474.0,11148.0,7739.0
13231.0,6611.0,284467.0
13589.0,180202.0,7543.0
13477.0,6655.0,6655.0
13365.0,7035.0,532848.0
13199.0,503906.0,763.0
13221.0,6515.0,7203.0
13451.0,416324.0,8375.0
13515.0,6982.0,12687.0
13487.0,7108.0,7789.0
13365.0,115779.0,12551.0
13317.0,209549.0,7543.0
13245.0,7110.0,536028.0
13253.0,6698.0,7643.0
13365.0,4304.0,49375.0
13404.0,7187.0,7577.0
13253.0,12182.0,82877.0
13220.0,7110.0,269356.0
13199.0,7206.0,7741.0
13403.0,414597.0,12860.0
14520.0,167858.0,7773.0
13487.0,7139.0,13043.0
13391.0,6611.0,7657.0
13349.0,6611.0,124657.0
13419.0,231396.0,7739.0
13333.0,7172.0,12924.0
13316.0,75769.0,7739.0
13416.0,122692.0,169721.0
13415.0,7028.0,7659.0
13253.0,6643.0,538031.0
13253.0,7242.0,7577.0
13109.0,398519.0,12947.0
13451.0,7105.0,7741.0
13387.0,526265.0,537535.0
13231.0,6579.0,7445.0
13301.0,162183.0,12516.0
13955.0,7192.0,7741.0
13509.0,67224.0,12936.0
14636.0,7122.0,7839.0
13441.0,6623.0,12784.0
13301.0,126030.0,7739.0
13199.0,133536.0,548592.0
13215.0,6932.0,7729.0
13316.0,7206.0,535286.0
13231.0,414036.0,7641.0
13188.0,6599.0,71608.0
13275.0,7231.0,7708.0
13265.0,140707.0,51429.0
13295.0,415032.0,7755.0
13433.0,7206.0,533442.0
13090.0,143406.0,7739.0
13348.0,7108.0,495974.0
13231.0,166509.0,7641.0
13371.0,7206.0,133210.0
13401.0,7199.0,7913.0
13323.0,537106.0,12672.0
13237.0,6976.0,7675.0
13323.0,437077.0,294269.0
13441.0,7140.0,7739.0
13230.0,414267.0,550646.0
13026.0,6623.0,38829.0
13538.0,133312.0,512583.0
13285.0,6643.0,13232.0
13188.0,11300.0,7675.0
13253.0,6718.0,8373.0
13451.0,7206.0,12528.0
13521.0,400123.0,7641.0
13301.0,7122.0,12651.0
13317.0,457104.0,7803.0
13229.0,7174.0,12519.0
13747.0,12510.0,7575.0
13316.0,7154.0,538421.0
13285.0,12273.0,7641.0
10682.0,7122.0,12554.0
13318.0,12292.0,7855.0
13307.0,7154.0,536921.0
13333.0,12292.0,7775.0
13451.0,7108.0,124653.0
13415.0,12574.0,7837.0
13589.0,12356.0,12292.0
13355.0,7210.0,7837.0
13058.0,7078.0,122997.0
13231.0,188003.0,7757.0
13286.0,7206.0,12652.0
13413.0,12601.0,7739.0
13451.0,7224.0,12869.0
13781.0,12146.0,7741.0
13240.0,7174.0,12519.0
13487.0,458787.0,7577.0
13380.0,12395.0,12749.0
13220.0,7160.0,7773.0
11694.0,12236.0,272192.0
13080.0,7154.0,7707.0
11527.0,7122.0,538515.0
13362.0,11960.0,7641.0
13301.0,7123.0,533902.0
13355.0,12160.0,7755.0
13339.0,12264.0,259150.0
13198.0,7108.0,7545.0
13487.0,7174.0,49756.0
13551.0,12240.0,7545.0
13597.0,7124.0,12804.0
13433.0,12387.0,7587.0
13269.0,7110.0,12731.0
13339.0,12160.0,7671.0
13366.0,7122.0,7821.0
13363.0,12081.0,536396.0
13080.0,12221.0,549795.0
13401.0,7060.0,7793.0
13437.0,12046.0,12792.0
13441.0,6980.0,7677.0
13143.0,7122.0,12826.0
13231.0,12142.0,7741.0
13220.0,12228.0,502724.0
13624.0,7122.0,7772.0
14032.0,12145.0,4342.0
13185.0,7122.0,6187.0
13371.0,7140.0,11884.0
14036.0,456859.0,7641.0
13391.0,12368.0,8418.0
13144.0,7192.0,213389.0
6681.0,7092.0,7757.0
6681.0,12128.0,270223.0
6681.0,7014.0,7577.0
10660.0,12360.0,133052.0
6681.0,7140.0,7705.0
6745.0,12296.0,14748.0
6681.0,12242.0,12744.0
10628.0,7058.0,7773.0
13385.0,12339.0,536177.0
6681.0,7092.0,7643.0
6681.0,7174.0,250808.0
11495.0,12392.0,7545.0
10682.0,12195.0,50165.0
6745.0,7174.0,7705.0
10682.0,7206.0,14691.0
10682.0,13312.0,12519.0
6681.0,12377.0,7739.0
6617.0,7174.0,283449.0
6745.0,7078.0,7709.0
6745.0,12210.0,287366.0
6681.0,7154.0,7739.0
13179.0,12231.0,124763.0
13231.0,12131.0,7805.0
6681.0,7108.0,266368.0
10628.0,7092.0,7739.0
6681.0,12405.0,295687.0
6681.0,7092.0,7739.0
6745.0,12078.0,7577.0
6681.0,7122.0,538564.0
6681.0,12419.0,12526.0
6681.0,7072.0,7677.0
6681.0,12260.0,506795.0
6617.0,7092.0,73415.0
13253.0,12099.0,7757.0
6681.0,464431.0,12847.0
13237.0,7124.0,7445.0
10279.0,7154.0,60859.0
10628.0,13018.0,7641.0
13167.0,6990.0,12671.0
11371.0,12392.0,7773.0
6797.0,7160.0,12633.0
6681.0,12278.0,7739.0
6681.0,7192.0,12879.0
6681.0,12441.0,7773.0
6681.0,7172.0,290066.0
6617.0,12058.0,7739.0
10682.0,12337.0,547759.0
6681.0,7122.0,7775.0
6681.0,12246.0,12592.0
10628.0,7206.0,7739.0
10650.0,7122.0,304723.0
13399.0,12182.0,7741.0
6681.0,12357.0,538170.0
6681.0,7040.0,7837.0
6681.0,13962.0,549566.0
6617.0,7154.0,7721.0
10279.0,12355.0,12804.0
6725.0,12253.0,7805.0
10758.0,7174.0,12654.0
6681.0,7563.0,7739.0
6681.0,12233.0,60518.0
6681.0,12131.0,7709.0
6681.0,7122.0,193775.0
13253.0,12191.0,7773.0
6745.0,7122.0,290369.0
13231.0,7172.0,7775.0
6745.0,12365.0,537448.0
10682.0,208635.0,7805.0
6681.0,7174.0,295720.0
6681.0,7140.0,7741.0
13281.0,12501.0,535576.0
6725.0,13838.0,7807.0
13409.0,456483.0,12868.0
6745.0,7092.0,7789.0
13289.0,7108.0,12783.0
6681.0,12374.0,7641.0
6681.0,7569.0,12749.0
6681.0,459530.0,7739.0
6617.0,12242.0,296095.0
6681.0,7192.0,7789.0
6681.0,7192.0,555938.0
6617.0,12106.0,7641.0
6681.0,12249.0,12794.0
6617.0,7058.0,7741.0
13253.0,7154.0,231508.0
6681.0,12277.0,7819.0
6681.0,7172.0,12617.0
13451.0,12177.0,7677.0
13323.0,12274.0,251002.0
6681.0,7192.0,7739.0
10628.0,458065.0,12888.0
6745.0,7206.0,7773.0
6681.0,7142.0,139704.0
6617.0,12284.0,7739.0
6745.0,12246.0,13007.0
13355.0,7000.0,7789.0
10746.0,12200.0,7739.0
6617.0,7192.0,124387.0
13221.0,12164.0,12587.0
6681.0,7206.0,7641.0
6681.0,12785.0,12749.0
10628.0,7306.0,7641.0
6681.0,7058.0,537580.0
6681.0,13037.0,7773.0
13231.0,12360.0,12751.0
10019.0,7108.0,7707.0
13355.0,12114.0,12650.0
6617.0,7174.0,7757.0
10628.0,12178.0,12812.0
6681.0,7192.0,7755.0
6681.0,12364.0,504759.0
6681.0,7072.0,7705.0
6681.0,170715.0,539358.0
13409.0,7174.0,7675.0
13487.0,12146.0,265490.0
6681.0,7058.0,7705.0
13329.0,7040.0,463606.0
6681.0,12240.0,7741.0
13307.0,7160.0,216666.0
6725.0,12238.0,7709.0
6745.0,12256.0,264688.0
6745.0,7058.0,7757.0
10279.0,7174.0,12619.0
13339.0,12310.0,7773.0
6681.0,7224.0,92379.0
6681.0,12233.0,7741.0
6681.0,12346.0,12642.0
6745.0,7128.0,7545.0
14094.0,183372.0,496849.0
6681.0,7192.0,7871.0
6681.0,7174.0,12779.0
6681.0,12356.0,7791.0
13673.0,7160.0,295325.0
6681.0,12299.0,7643.0
6681.0,7160.0,12977.0
6681.0,12046.0,7641.0
6733.0,7092.0,12686.0
10692.0,12114.0,7643.0
6681.0,7192.0,12741.0
6681.0,12472.0,7803.0
13393.0,12260.0,12683.0
13383.0,7174.0,7743.0
13302.0,12183.0,141158.0
13750.0,7140.0,7773.0
6745.0,7078.0,12588.0
6745.0,12355.0,7641.0
13285.0,458968.0,92349.0
13555.0,7206.0,7739.0
6745.0,7122.0,532941.0
6649.0,12053.0,7543.0
10019.0,7210.0,12836.0
13323.0,11996.0,7755.0
13385.0,7140.0,533772.0
6681.0,12153.0,7675.0
6681.0,7128.0,12620.0
6617.0,12379.0,7641.0
10305.0,7206.0,12813.0
13313.0,12096.0,8247.0
6681.0,12316.0,12751.0
6617.0,7256.0,7773.0
10650.0,12136.0,303043.0
13439.0,7108.0,7755.0
6681.0,12291.0,12847.0
6617.0,7134.0,7739.0
13271.0,7108.0,532235.0
6681.0,12119.0,549686.0
13275.0,12115.0,7741.0
6681.0,7058.0,12924.0
13609.0,7154.0,7789.0
10628.0,12396.0,12636.0
6681.0,7192.0,7739.0
6681.0,12406.0,12814.0
6681.0,7124.0,7741.0
13211.0,12378.0,13139.0
6745.0,7192.0,7741.0
9981.0,12200.0,49754.0
6681.0,12342.0,7657.0
6681.0,7122.0,502384.0
6681.0,12336.0,7643.0
13354.0,7028.0,12968.0
6617.0,7154.0,7741.0
6649.0,12291.0,12693.0
13269.0,12186.0,7741.0
6681.0,7154.0,51480.0
13215.0,12255.0,7643.0
6725.0,7206.0,12852.0
13455.0,7192.0,7803.0
6745.0,12146.0,12805.0
10124.0,7140.0,7641.0
10241.0,12110.0,212875.0
13269.0,7060.0,7807.0
10628.0,12406.0,12681.0
6681.0,12601.0,7803.0
11527.0,7178.0,259671.0
6681.0,7192.0,7643.0
6681.0,12154.0,12754.0
6681.0,7040.0,7705.0
10241.0,12388.0,535938.0
10650.0,7128.0,7773.0
6681.0,12429.0,249796.0
13515.0,7026.0,7641.0
6617.0,12332.0,260079.0
6681.0,12100.0,7675.0
6745.0,7206.0,12685.0
692166.0,7058.0,7739.0
13090.0,12405.0,261300.0
13208.0,7108.0,7773.0
6680.0,12068.0,12802.0
385135.0,12323.0,7642.0
13370.0,7008.0,12453.0
389804.0,7154.0,7643.0
13230.0,12286.0,71398.0
13434.0,12250.0,7707.0
6616.0,7174.0,267104.0
13230.0,7174.0,7657.0
95559.0,183980.0,12797.0
13316.0,12382.0,7641.0
6680.0,7236.0,75463.0
263943.0,12248.0,7611.0
13262.0,7160.0,12879.0
258878.0,7174.0,7741.0
13112.0,12356.0,12817.0
356189.0,12342.0,7641.0
13348.0,7146.0,243798.0
375063.0,7078.0,7773.0
13198.0,12210.0,265183.0
289192.0,7174.0,7445.0
13364.0,12337.0,261127.0
373106.0,7142.0,7641.0
13284.0,12190.0,14649.0
358510.0,12224.0,267968.0
13396.0,7122.0,7763.0
266166.0,12318.0,12662.0
13404.0,7174.0,7643.0
13380.0,12128.0,13062.0
6680.0,7040.0,7773.0
359540.0,7126.0,12893.0
13239.0,12488.0,7755.0
362284.0,7032.0,12582.0
13284.0,12691.0,7643.0
359310.0,12476.0,80735.0
13248.0,7142.0,7643.0
265712.0,7192.0,12738.0
13476.0,12111.0,7775.0
431101.0,12214.0,81068.0
13300.0,7000.0,7739.0
355124.0,7288.0,533598.0
13386.0,12592.0,7643.0
372132.0,12004.0,12817.0
13144.0,7206.0,7837.0
373309.0,7060.0,70919.0
13134.0,12160.0,7595.0
13182.0,7210.0,71250.0
6680.0,12396.0,7773.0
372920.0,7142.0,535541.0
13316.0,460195.0,7611.0
422923.0,7039.0,12803.0
361208.0,12171.0,7741.0
13418.0,12148.0,12683.0
290758.0,7154.0,7773.0
13242.0,7124.0,12662.0
13294.0,12391.0,7739.0
188051.0,7040.0,12794.0
13188.0,12066.0,7641.0
378146.0,7140.0,231172.0
382242.0,12296.0,7641.0
13363.0,7092.0,169793.0
359234.0,11776.0,7773.0
13230.0,449023.0,12749.0
366868.0,12318.0,7964.0
13262.0,7178.0,12749.0
13208.0,7210.0,7677.0
48773.0,12205.0,12619.0
434316.0,7072.0,7741.0
13284.0,12310.0,13111.0
13112.0,12428.0,7641.0
6680.0,7072.0,170278.0
235650.0,12260.0,7675.0
13262.0,6980.0,70506.0
359186.0,12358.0,7805.0
13252.0,7090.0,269445.0
6680.0,7122.0,7609.0
13198.0,12243.0,12781.0
371587.0,12096.0,7803.0
13300.0,7141.0,12555.0
263949.0,12296.0,7641.0
13300.0,7174.0,12553.0
369071.0,7122.0,7643.0
13192.0,169259.0,12590.0
388425.0,7192.0,7837.0
376502.0,12310.0,12749.0
13387.0,7288.0,7803.0
243114.0,12213.0,12750.0
13332.0,12228.0,7641.0
13058.0,7110.0,12772.0
9980.0,7154.0,7643.0
13176.0,12607.0,12630.0
6616.0,12228.0,7643.0
446891.0,7178.0,12588.0
13226.0,7178.0,7445.0
360643.0,460447.0,12685.0
13316.0,7370.0,7657.0
13090.0,12223.0,12519.0
691933.0,177631.0,7773.0
13354.0,7092.0,12847.0
696176.0,7174.0,7542.0
13134.0,12237.0,12521.0
386724.0,12432.0,7641.0
13262.0,7154.0,13086.0
372792.0,7206.0,7641.0
13322.0,12266.0,12308.0
13166.0,7190.0,7675.0
6680.0,12288.0,12846.0
290149.0,7224.0,7741.0
13316.0,116107.0,12850.0
271536.0,12307.0,7853.0
13248.0,7158.0,12719.0
355653.0,12222.0,7741.0
13428.0,7206.0,12979.0
13230.0,7154.0,7677.0
6616.0,12184.0,12617.0
358544.0,7174.0,7709.0
13284.0,12213.0,12553.0
371485.0,7172.0,7675.0
13332.0,12132.0,12447.0
13230.0,7224.0,8101.0
6680.0,12388.0,12685.0
367739.0,7140.0,7739.0
13316.0,12432.0,12608.0
13338.0,12237.0,7741.0
6680.0,7154.0,12979.0
430376.0,7274.0,7709.0
13284.0,12336.0,12815.0
6680.0,7072.0,7803.0
13402.0,12226.0,13333.0
6680.0,7122.0,7543.0
359337.0,12036.0,12686.0
13220.0,7122.0,7774.0
358120.0,12233.0,12545.0
13230.0,7242.0,7667.0
13166.0,128530.0,12689.0
6616.0,12246.0,7741.0
357914.0,7050.0,14663.0
6680.0,12228.0,12519.0
13380.0,7154.0,7741.0
371733.0,7122.0,12835.0
13364.0,12164.0,7641.0
90627.0,12278.0,12951.0
371471.0,7174.0,7829.0
13176.0,12336.0,12785.0
377351.0,7206.0,7789.0
13262.0,7092.0,12749.0
6680.0,12219.0,7677.0
374142.0,7206.0,12437.0
13252.0,12170.0,7739.0
264857.0,7072.0,12728.0
13122.0,12310.0,7773.0
696577.0,7206.0,12651.0
13348.0,455864.0,7741.0
13348.0,122517.0,12481.0
6744.0,7040.0,7773.0
291519.0,7072.0,12816.0
13176.0,12321.0,7677.0
240886.0,12219.0,12651.0
13312.0,7154.0,7641.0
386288.0,12347.0,12845.0
13316.0,7122.0,7741.0
386266.0,12369.0,12651.0
13284.0,7128.0,7577.0
13230.0,13952.0,12749.0
6616.0,7124.0,7611.0
384244.0,13549.0,12498.0
13386.0,12360.0,7773.0
456579.0,7122.0,12749.0
13176.0,12117.0,7789.0
384150.0,7078.0,12587.0
13230.0,7121.0,7803.0
386254.0,223444.0,14654.0
360068.0,7090.0,12857.0
13252.0,7187.0,7853.0
13144.0,7067.0,12820.0
113584.0,7085.0,7641.0
391205.0,7105.0,12556.0
13294.0,7103.0,7643.0
384795.0,7037.0,12510.0
13418.0,7160.0,7803.0
385134.0,7257.0,12530.0
13144.0,7035.0,7773.0
302787.0,7053.0,15504.0
13198.0,7034.0,7739.0
697830.0,7117.0,12967.0
13252.0,7076.0,7641.0
698605.0,7103.0,12538.0
696607.0,7210.0,7705.0
13240.0,7149.0,12519.0
376664.0,7153.0,7677.0
13208.0,7067.0,14552.0
374233.0,7035.0,12387.0
13112.0,7053.0,7544.0
434065.0,7117.0,12673.0
13176.0,7135.0,7641.0
367956.0,7117.0,12326.0
13262.0,7071.0,7739.0
375060.0,7035.0,12619.0
13416.0,7141.0,7775.0
370503.0,7120.0,12650.0
13300.0,7124.0,7641.0
13166.0,7117.0,12781.0
6680.0,7174.0,7773.0
291922.0,7123.0,12751.0
13184.0,7192.0,7643.0
13278.0,7083.0,12650.0
6744.0,7160.0,7577.0
357808.0,7187.0,12654.0
13252.0,7169.0,7757.0
358461.0,7137.0,12717.0
13344.0,7117.0,7643.0
302471.0,7053.0,12781.0
13268.0,7135.0,7607.0
13026.0,7169.0,12749.0
6680.0,7231.0,7709.0
292856.0,7037.0,12458.0
13048.0,7124.0,7755.0
372444.0,7135.0,14377.0
13252.0,7123.0,7707.0
361577.0,7155.0,12624.0
13188.0,7058.0,7543.0
372179.0,7169.0,12586.0
13280.0,7167.0,7607.0
13154.0,7167.0,12982.0
6616.0,7073.0,7641.0
358456.0,7008.0,12749.0
13262.0,7265.0,7643.0
385854.0,7192.0,12685.0
13438.0,7073.0,7837.0
386952.0,7103.0,12595.0
389050.0,7067.0,7741.0
13380.0,7206.0,12453.0
376642.0,7073.0,7641.0
13346.0,7117.0,12715.0
291127.0,7135.0,7677.0
13207.0,6977.0,12722.0
13090.0,7211.0,7657.0
6616.0,7087.0,12588.0
415066.0,7090.0,7643.0
436532.0,7137.0,12653.0
13284.0,7117.0,7773.0
696045.0,7035.0,12913.0
13284.0,7108.0,7675.0
385390.0,7087.0,12574.0
13348.0,7053.0,7805.0
239522.0,7053.0,12664.0
13166.0,7154.0,7739.0
358900.0,7160.0,12577.0
13284.0,7187.0,7739.0
376257.0,7124.0,12587.0
13284.0,7117.0,7741.0
433066.0,7092.0,12781.0
13176.0,7105.0,7739.0
289298.0,7187.0,12817.0
13216.0,7026.0,7789.0
13176.0,7121.0,14617.0
6744.0,7059.0,12642.0
439774.0,7053.0,7739.0
12940.0,7174.0,12698.0
263171.0,7213.0,7803.0
13262.0,7031.0,12781.0
13294.0,7173.0,7577.0
6680.0,7122.0,12781.0
380822.0,7021.0,7803.0
13300.0,7169.0,12747.0
258918.0,6958.0,7727.0
13220.0,7087.0,12517.0
241385.0,7155.0,7755.0
13080.0,7169.0,12607.0
386727.0,7117.0,7739.0
13112.0,7078.0,12615.0
6744.0,7028.0,7641.0
288862.0,7181.0,12458.0
13268.0,7169.0,7755.0
262621.0,7169.0,12751.0
13316.0,7076.0,7773.0
95558.0,7169.0,12794.0
13112.0,7181.0,7775.0
13288.0,6945.0,12683.0
6744.0,7045.0,7611.0
359118.0,7040.0,12816.0
13188.0,7055.0,7577.0
373272.0,7174.0,12664.0
6680.0,7204.0,7741.0
13386.0,7140.0,12872.0
372969.0,7172.0,7731.0
13208.0,6985.0,12749.0
360516.0,7122.0,7675.0
13176.0,7142.0,12825.0
13058.0,7274.0,7675.0
6692.0,7042.0,12651.0
263719.0,7179.0,7741.0
13230.0,7008.0,12698.0
376396.0,7117.0,7675.0
13230.0,7155.0,12652.0
13166.0,7169.0,7739.0
6680.0,7206.0,12585.0
705290.0,7117.0,7741.0
13058.0,7158.0,12651.0
694680.0,7187.0,7773.0
13316.0,7053.0,12522.0
6616.0,7008.0,7607.0
668022.0,7023.0,12947.0
360056.0,7155.0,7691.0
13280.0,7169.0,12751.0
454355.0,7131.0,7709.0
13348.0,7173.0,12685.0
383007.0,7205.0,7805.0
13144.0,7110.0,7675.0
6680.0,7117.0,12522.0
289382.0,7192.0,12685.0
13302.0,7117.0,7513.0
359532.0,7078.0,12355.0
13058.0,7055.0,7769.0
302603.0,7174.0,12751.0
13262.0,7128.0,7741.0
362631.0,7169.0,12948.0
13058.0,7169.0,7643.0
357552.0,7117.0,7705.0
13248.0,7169.0,12715.0
697446.0,7174.0,12717.0
13242.0,7041.0,7675.0
13122.0,7151.0,12617.0
6616.0,7206.0,7739.0
290291.0,7087.0,12460.0
6680.0,7137.0,7741.0
13140.0,7169.0,12543.0
95778.0,7023.0,7721.0
13316.0,7085.0,12523.0
385760.0,7103.0,7643.0
13418.0,7092.0,12845.0
13198.0,7173.0,7741.0
6744.0,7187.0,12711.0
429097.0,7058.0,7675.0
13284.0,7187.0,12943.0
357826.0,7169.0,7677.0
13198.0,6971.0,12487.0
381892.0,6957.0,7741.0
13230.0,7135.0,12760.0
13090.0,7092.0,7739.0
48184.0,7092.0,12815.0
13144.0,7087.0,7643.0
13050.0,7277.0,12817.0
245827.0,7123.0,7709.0
13306.0,7117.0,14620.0
445041.0,7174.0,12689.0
13230.0,7122.0,7641.0
362546.0,7219.0,12770.0
13230.0,7201.0,7773.0
357353.0,7073.0,12586.0
13418.0,7219.0,7755.0
460770.0,7053.0,12690.0
13230.0,7053.0,7741.0
13284.0,7206.0,12683.0
6680.0,7173.0,7675.0
240865.0,7119.0,12728.0
13706.0,7087.0,7740.0
13198.0,7053.0,12756.0
6744.0,6995.0,7739.0
429618.0,7122.0,12748.0
13300.0,7087.0,7709.0
262107.0,7060.0,12915.0
13220.0,7187.0,7803.0
387364.0,7167.0,12747.0
13380.0,7087.0,7545.0
384178.0,7041.0,12751.0
13348.0,7153.0,7709.0
444908.0,7108.0,12771.0
13232.0,7071.0,7741.0
434163.0,7187.0,12651.0
13294.0,7008.0,7641.0
13230.0,7192.0,12693.0
6744.0,7110.0,7641.0
371681.0,7117.0,12651.0
13166.0,7155.0,7641.0
371565.0,7187.0,12740.0
13188.0,7273.0,7657.0
362753.0,7035.0,12651.0
13300.0,7105.0,7675.0
693004.0,7147.0,12651.0
13198.0,7105.0,7773.0
445052.0,7201.0,12717.0
13370.0,7067.0,7741.0
371762.0,7169.0,12321.0
13176.0,7173.0,7691.0
446940.0,7174.0,12728.0
13166.0,7187.0,7773.0
295895.0,7124.0,12742.0
13364.0,7087.0,7741.0
13188.0,7140.0,12653.0
6680.0,7172.0,7741.0
355683.0,7169.0,12652.0
13262.0,7124.0,7741.0
372004.0,7168.0,12845.0
13370.0,7185.0,7579.0
359031.0,7123.0,12519.0
13090.0,7117.0,7773.0
13090.0,7149.0,12519.0
6680.0,7237.0,7741.0
108070.0,7105.0,12683.0
11060.0,7092.0,7643.0
11180.0,7136.0,12651.0
286916.0,13887.0,7741.0
135852.0,12201.0,533310.0
10932.0,7154.0,7545.0
16497.0,7103.0,12683.0
11179.0,7053.0,7739.0
110195.0,7053.0,12622.0
11180.0,7192.0,7739.0
16180.0,12041.0,12687.0
11050.0,7201.0,7805.0
11092.0,7345.0,12576.0
119002.0,7169.0,7791.0
270221.0,12117.0,12585.0
10846.0,7174.0,7545.0
11200.0,7067.0,12676.0
16507.0,7055.0,7837.0
106465.0,12182.0,12820.0
11169.0,7032.0,7739.0
16053.0,7219.0,12453.0
11080.0,13710.0,7773.0
136339.0,7122.0,12557.0
10996.0,12145.0,7707.0
11210.0,12122.0,12749.0
155165.0,7110.0,7741.0
11050.0,7217.0,7789.0
538871.0,7046.0,12802.0
134967.0,12073.0,12542.0
11254.0,7103.0,7577.0
11136.0,7201.0,12885.0
16174.0,12046.0,7673.0
11134.0,7206.0,12466.0
16282.0,7174.0,7741.0
11028.0,12205.0,12485.0
16667.0,7169.0,7707.0
16862.0,12066.0,12683.0
11232.0,7224.0,7543.0
116976.0,7135.0,12683.0
11159.0,7160.0,7823.0
11200.0,12323.0,12751.0
167394.0,7187.0,7643.0
11038.0,7122.0,12513.0
136831.0,12219.0,7705.0
11060.0,7187.0,12819.0
157723.0,7160.0,7739.0
109342.0,12173.0,12653.0
10964.0,13756.0,7807.0
16540.0,7087.0,12551.0
11018.0,13677.0,7741.0
11222.0,12287.0,12877.0
52712.0,7060.0,7869.0
11114.0,7135.0,12849.0
135645.0,7192.0,7741.0
236058.0,12148.0,12653.0
11050.0,7169.0,7543.0
11212.0,12246.0,12772.0
134395.0,7072.0,7773.0
11072.0,7169.0,12738.0
162254.0,7053.0,7775.0
53372.0,7160.0,12619.0
11136.0,12096.0,7675.0
108093.0,7169.0,12522.0
10964.0,6895.0,7579.0
224638.0,12241.0,12564.0
11072.0,6982.0,7683.0
133147.0,7135.0,12681.0
11038.0,12112.0,7608.0
11082.0,7172.0,12538.0
16099.0,7103.0,7641.0
53313.0,12292.0,14662.0
11050.0,7158.0,12598.0
11232.0,7087.0,7741.0
16581.0,7103.0,12754.0
236890.0,12246.0,7643.0
11060.0,7092.0,12651.0
16150.0,6971.0,7741.0
11104.0,7149.0,12519.0
11028.0,7123.0,7773.0
142926.0,12178.0,12847.0
106843.0,7174.0,7773.0
11136.0,7140.0,12688.0
109564.0,12160.0,7837.0
11180.0,7133.0,12568.0
16918.0,12176.0,7545.0
11254.0,7124.0,12489.0
16366.0,7203.0,7445.0
11136.0,12109.0,12651.0
11232.0,7032.0,7739.0
136084.0,12273.0,12458.0
16485.0,7058.0,8071.0
11146.0,7053.0,14426.0
118552.0,12144.0,247501.0
11092.0,7090.0,7739.0
63808.0,7137.0,763.0
11146.0,7161.0,12696.0
11050.0,12257.0,7643.0
107851.0,7092.0,12527.0
11094.0,7117.0,7676.0
107757.0,6977.0,14566.0
187436.0,7041.0,150541.0
11018.0,12094.0,7739.0
52646.0,7092.0,12732.0
10954.0,12098.0,8203.0
11167.0,40508.0,12479.0
106717.0,7172.0,7773.0
11114.0,7120.0,7773.0
137417.0,12526.0,228058.0
11210.0,12272.0,7709.0
231475.0,7224.0,245551.0
11146.0,7169.0,602432.0
16441.0,7186.0,7741.0
11274.0,12128.0,390485.0
537423.0,7174.0,7741.0
11104.0,7135.0,7837.0
540209.0,7169.0,12841.0
11116.0,7035.0,7739.0
109729.0,7213.0,176334.0
11242.0,12209.0,283052.0
16769.0,7124.0,8204.0
64605.0,7117.0,12685.0
4689.0,12182.0,616892.0
11050.0,7140.0,7612.0
155777.0,12152.0,187605.0
11254.0,7192.0,7642.0
16500.0,7058.0,12590.0
11104.0,12091.0,7676.0
16961.0,7119.0,12491.0
11178.0,7058.0,7641.0
109416.0,11999.0,633685.0
135451.0,12178.0,7543.0
11136.0,7160.0,7742.0
495594.0,7211.0,12491.0
11158.0,12038.0,608470.0
11158.0,7044.0,7675.0
16441.0,12223.0,12652.0
64183.0,7172.0,236298.0
11136.0,7199.0,7677.0
137197.0,7110.0,7675.0
11092.0,12210.0,12652.0
11112.0,6976.0,7773.0
136371.0,12160.0,12643.0
11060.0,7206.0,12522.0
109487.0,7134.0,7677.0
16205.0,7027.0,643272.0
11060.0,7206.0,242139.0
11244.0,12333.0,401826.0
16539.0,7149.0,7677.0
16550.0,12337.0,14391.0
15363.0,7106.0,607118.0
11072.0,7053.0,7543.0
16107.0,12172.0,4342.0
11028.0,6932.0,12618.0
11223.0,12222.0,7640.0
149098.0,7058.0,12553.0
107017.0,12213.0,8257.0
10964.0,7040.0,7445.0
135183.0,6895.0,239384.0
11146.0,7058.0,390967.0
17649.0,12272.0,383323.0
11230.0,7090.0,7709.0
16367.0,12161.0,7643.0
11072.0,7040.0,12697.0
497067.0,12158.0,8105.0
11264.0,7117.0,12805.0
119646.0,7121.0,12796.0
11222.0,7105.0,7611.0
11114.0,12350.0,7709.0
16460.0,7206.0,12403.0
107987.0,12112.0,12561.0
11222.0,7174.0,7741.0
135453.0,7053.0,602444.0
11168.0,12167.0,7805.0
11222.0,7124.0,7675.0
161292.0,7187.0,12846.0
11137.0,7067.0,7587.0
143556.0,7117.0,644405.0
115109.0,7073.0,12423.0
11072.0,7035.0,7641.0
107532.0,7117.0,12620.0
11244.0,7142.0,7577.0
299911.0,12173.0,7685.0
229884.0,7087.0,385206.0
11340.0,12373.0,12719.0
11093.0,7174.0,7642.0
107362.0,7097.0,12719.0
11222.0,7169.0,7479.0
541453.0,7117.0,7709.0
537681.0,12160.0,240067.0
11114.0,7192.0,514026.0
11158.0,7169.0,7773.0
109999.0,13321.0,12325.0
107882.0,7078.0,8239.0
11146.0,7117.0,12589.0
136085.0,7103.0,7773.0
11082.0,7187.0,8237.0
16446.0,7092.0,12836.0
11093.0,12160.0,366090.0
155083.0,7124.0,7643.0
11050.0,12080.0,12577.0
133541.0,7071.0,7973.0
11276.0,12154.0,408481.0
11050.0,7140.0,7577.0
61086.0,7117.0,7267.0
10999.0,7191.0,871.0
192045.0,12255.0,6812.0
140500.0,7174.0,11684.0
11190.0,12112.0,8427.0
16486.0,7206.0,7545.0
11232.0,12237.0,233606.0
107564.0,7050.0,7543.0
11198.0,7187.0,273263.0
11223.0,12144.0,639603.0
225327.0,7088.0,7741.0
11070.0,7155.0,405985.0
107923.0,12159.0,7543.0
63994.0,7076.0,8104.0
10996.0,6990.0,367054.0
64130.0,12218.0,598031.0
11072.0,7167.0,7577.0
106939.0,12162.0,405376.0
11156.0,7018.0,7675.0
106922.0,7205.0,946572.0
11082.0,7155.0,7675.0
63950.0,7108.0,7545.0
11015.0,12101.0,311867.0
16851.0,7199.0,7739.0
10996.0,13679.0,600201.0
11169.0,7188.0,514869.0
115911.0,12159.0,7543.0
11296.0,7103.0,1094935.0
142939.0,7097.0,12750.0
109674.0,7041.0,7739.0
11136.0,7021.0,7641.0
136263.0,7154.0,246001.0
11308.0,12273.0,12718.0
106419.0,7140.0,8135.0
11222.0,12070.0,12464.0
11060.0,7135.0,7742.0
539197.0,12191.0,14419.0
18141.0,7108.0,7739.0
11146.0,7137.0,13149.0
11190.0,12205.0,7674.0
225386.0,7142.0,613783.0
137043.0,7105.0,604280.0
11200.0,7087.0,7641.0
16173.0,12241.0,373402.0
11028.0,7072.0,7973.0
16358.0,7122.0,7741.0
14350.0,12137.0,273796.0
11156.0,7155.0,245164.0
16473.0,12291.0,12684.0
11190.0,7192.0,8203.0
159564.0,7117.0,609720.0
10985.0,7035.0,8071.0
11156.0,7039.0,12600.0
110441.0,12012.0,7739.0
16347.0,7092.0,609449.0
11158.0,7137.0,7739.0
16291.0,7073.0,647050.0
11050.0,12195.0,612862.0
16267.0,7032.0,7675.0
11094.0,12173.0,12775.0
16273.0,7206.0,7641.0
11220.0,7103.0,606178.0
119109.0,12160.0,7741.0
11018.0,7142.0,7774.0
11200.0,7053.0,150012.0
16358.0,7187.0,12612.0
11200.0,7008.0,7641.0
247845.0,12228.0,1143872.0
107932.0,12195.0,615217.0
11082.0,7154.0,7773.0
16282.0,7053.0,7612.0
11200.0,12128.0,12587.0
11306.0,7192.0,234744.0
110696.0,7087.0,12634.0
52535.0,7105.0,8071.0
11146.0,7123.0,12750.0
16272.0,7105.0,7642.0
11146.0,7105.0,7756.0
110349.0,6982.0,12784.0
11072.0,12158.0,7643.0
16357.0,7041.0,12512.0
11030.0,7155.0,7641.0
11190.0,12369.0,12597.0
537952.0,7160.0,12460.0
16262.0,7205.0,8203.0
11090.0,12164.0,604040.0
107851.0,7140.0,7643.0
11168.0,7224.0,699.0
11114.0,12282.0,699.0
540159.0,7219.0,7121.0
107339.0,7092.0,11027.0
11082.0,12191.0,7643.0
10900.0,7187.0,8411.0
134069.0,7169.0,637871.0
10974.0,7135.0,7653.0
293477.0,7117.0,12433.0
265613.0,6977.0,7975.0
11255.0,7087.0,7675.0
16162.0,12662.0,12707.0
11328.0,7178.0,14796.0
52983.0,7169.0,12422.0
11104.0,7105.0,7742.0
16483.0,7067.0,12882.0
10996.0,12127.0,8205.0
16388.0,7154.0,12677.0
14206.0,7140.0,8171.0
11190.0,12196.0,12540.0
54967.0,7059.0,7642.0
134013.0,7117.0,597671.0
11125.0,12196.0,8071.0
53175.0,7160.0,7719.0
11146.0,6977.0,272703.0
16461.0,12360.0,12588.0
10942.0,7204.0,8119.0
11190.0,7117.0,12523.0
140643.0,7169.0,7773.0
9630.0,11980.0,376326.0
16217.0,7000.0,7741.0
11254.0,7169.0,12554.0
16406.0,7110.0,7739.0
11276.0,7169.0,12653.0
108271.0,7103.0,7642.0
10963.0,7169.0,7641.0
133738.0,7554.0,12616.0
11168.0,869820.0,643052.0
16192.0,872276.0,12741.0
11222.0,869622.0,7643.0
158794.0,872978.0,615224.0
11028.0,869132.0,8205.0
16519.0,869703.0,7867.0
10964.0,870220.0,12676.0
109701.0,869279.0,12654.0
9686.0,869782.0,7739.0
11264.0,869728.0,7643.0
11018.0,872518.0,226823.0
16367.0,869186.0,12454.0
53711.0,871402.0,7641.0
11190.0,871731.0,607454.0
11178.0,869711.0,600351.0
112185.0,873471.0,7543.0
134818.0,846232.0,403827.0
11178.0,870222.0,7641.0
119206.0,872885.0,403107.0
10964.0,869784.0,8239.0
11200.0,846165.0,7641.0
16014.0,870713.0,12493.0
11136.0,869771.0,12559.0
136450.0,871697.0,8007.0
11200.0,871682.0,601522.0
139588.0,869713.0,8071.0
136729.0,870107.0,12750.0
106125.0,868336.0,7577.0
11050.0,870068.0,379815.0
16365.0,869308.0,7740.0
11168.0,869494.0,12882.0
16473.0,869294.0,7709.0
11060.0,869122.0,7740.0
11168.0,869437.0,12645.0
107684.0,869304.0,12887.0
16505.0,872680.0,7642.0
11028.0,870093.0,12829.0
16311.0,869312.0,7579.0
11168.0,840599.0,604508.0
136674.0,869772.0,7973.0
11136.0,869203.0,609651.0
63904.0,869192.0,7739.0
11222.0,869106.0,7807.0
11168.0,869330.0,763.0
107431.0,848136.0,12559.0
107588.0,870122.0,7676.0
11126.0,873418.0,605045.0
237407.0,687587.0,7577.0
10996.0,871177.0,403346.0
157563.0,880159.0,7675.0
11180.0,871051.0,12786.0
16591.0,869767.0,7683.0
11050.0,869887.0,642494.0
16537.0,871864.0,12846.0
11028.0,871958.0,7531.0
139033.0,868894.0,56003.0
11190.0,734417.0,12653.0
133562.0,869142.0,8238.0
10996.0,874938.0,149247.0
106495.0,872376.0,7580.0
11136.0,872363.0,12322.0
11340.0,869758.0,7789.0
106152.0,872642.0,12522.0
11232.0,870133.0,7709.0
187500.0,872070.0,12585.0
11188.0,870602.0,8203.0
537957.0,869895.0,14487.0
16368.0,869385.0,12716.0
11158.0,869336.0,8107.0
133943.0,868966.0,645533.0
10964.0,869563.0,376822.0
16208.0,870307.0,8237.0
11018.0,869673.0,619285.0
63613.0,791465.0,7739.0
11198.0,871623.0,12358.0
16290.0,872748.0,7643.0
11190.0,870828.0,190048.0
16107.0,872746.0,7973.0
11232.0,867662.0,377446.0
11318.0,869314.0,8105.0
188111.0,870988.0,516148.0
11178.0,872481.0,7641.0
159054.0,871431.0,7643.0
11146.0,873709.0,178402.0
154707.0,869516.0,613745.0
16473.0,869579.0,7677.0
11158.0,870685.0,14600.0
52725.0,868878.0,12732.0
11050.0,869237.0,7675.0
11136.0,869162.0,12618.0
110010.0,871719.0,7739.0
134391.0,870604.0,7676.0
11072.0,869478.0,12686.0
696660.0,870235.0,12733.0
13364.0,869101.0,7739.0
361047.0,869388.0,14689.0
13284.0,871173.0,602513.0
386342.0,869467.0,8071.0
13144.0,872580.0,12716.0
13252.0,870398.0,8237.0
264821.0,869281.0,378522.0
663720.0,870335.0,7773.0
13144.0,869490.0,12611.0
13278.0,871229.0,7803.0
441645.0,869858.0,517280.0
433972.0,869337.0,12589.0
11475.0,717.0,7676.0
13348.0,7073.0,12520.0
375799.0,376535.0,7739.0
13248.0,869006.0,7641.0
359050.0,871129.0,12363.0
13352.0,872895.0,12589.0
692386.0,845641.0,8105.0
13198.0,870677.0,599628.0
13080.0,869760.0,7641.0
425079.0,871482.0,12565.0
695721.0,870275.0,7641.0
13112.0,870028.0,597493.0
384544.0,872194.0,7585.0
13262.0,872956.0,369420.0
453220.0,868860.0,7595.0
665770.0,869372.0,12718.0
13230.0,873303.0,7790.0
13246.0,873234.0,7739.0
333522.0,872906.0,641819.0
450331.0,873485.0,14431.0
13246.0,869170.0,7675.0
443556.0,869428.0,12652.0
13398.0,872969.0,12710.0
666681.0,868687.0,7577.0
13144.0,871594.0,12514.0
13248.0,870638.0,7709.0
254602.0,836468.0,12520.0
696961.0,873867.0,8071.0
13220.0,869983.0,12559.0
453584.0,869936.0,7641.0
13176.0,873246.0,604567.0
693547.0,871093.0,8007.0
13416.0,869200.0,7739.0
13220.0,871051.0,12643.0
664714.0,870263.0,14640.0
695430.0,869733.0,12763.0
13090.0,869423.0,8203.0
373435.0,869018.0,369985.0
13080.0,869677.0,7543.0
13348.0,869656.0,611809.0
368347.0,870666.0,7739.0
385484.0,872432.0,12630.0
13274.0,876326.0,7755.0
13198.0,870469.0,12675.0
351108.0,870976.0,7773.0
474759.0,869541.0,14664.0
13230.0,869423.0,7641.0
448328.0,873020.0,12520.0
12788.0,700070.0,12654.0
13268.0,874187.0,7744.0
459831.0,869489.0,368216.0
13312.0,871526.0,7803.0
352531.0,869262.0,568685.0
13364.0,869090.0,564980.0
431004.0,869657.0,7741.0
13220.0,869801.0,570214.0
448695.0,869510.0,7803.0
13316.0,872680.0,570415.0
407012.0,871211.0,7643.0
13300.0,869245.0,7675.0
461967.0,873155.0,331495.0
13419.0,648257.0,300903.0
13366.0,870228.0,7642.0
372936.0,869489.0,7643.0
13358.0,872379.0,567864.0
384994.0,872197.0,570587.0
13284.0,871825.0,7641.0
13220.0,870056.0,566649.0
689749.0,869552.0,7803.0
13182.0,869132.0,569629.0
407465.0,872530.0,7643.0
394414.0,868519.0,563694.0
398039.0,868941.0,7773.0
13268.0,870765.0,568631.0
384894.0,869696.0,7742.0
13386.0,869422.0,7739.0
667323.0,730468.0,569656.0
13208.0,870306.0,571066.0
385125.0,868317.0,7739.0
20622.0,868902.0,568603.0
13230.0,869883.0,7804.0
440595.0,870200.0,209188.0
13176.0,870278.0,7773.0
694632.0,870150.0,566082.0
13306.0,871296.0,7641.0
462131.0,869387.0,570478.0
13154.0,869084.0,7677.0
387205.0,870146.0,566111.0
13156.0,870491.0,7709.0
13240.0,869264.0,570291.0
670285.0,872812.0,7803.0
466432.0,868857.0,570219.0
11503.0,873137.0,569728.0
13312.0,871818.0,7839.0
669053.0,869952.0,567439.0
13452.0,872502.0,7741.0
396760.0,869491.0,564295.0
13294.0,868869.0,7774.0
451534.0,869206.0,208972.0
13338.0,870091.0,7913.0
13134.0,869050.0,566677.0
360930.0,846202.0,7742.0
469254.0,870348.0,564655.0
13214.0,869865.0,7643.0
444880.0,870723.0,569448.0
13349.0,873382.0,7641.0
13284.0,869598.0,571323.0
395813.0,68527.0,7705.0
13300.0,6603.0,7676.0
13264.0,12329.0,567408.0
423096.0,7040.0,7607.0
447437.0,514628.0,569616.0
6744.0,6655.0,564250.0
13300.0,235965.0,7709.0
13121.0,6572.0,7773.0
443184.0,7053.0,564639.0
371759.0,4344.0,571730.0
13166.0,6579.0,7705.0
13166.0,691889.0,566566.0
423846.0,7092.0,7755.0
694300.0,56801.0,568705.0
13300.0,6655.0,7803.0
451073.0,45507.0,567808.0
13364.0,6591.0,7705.0
671468.0,439669.0,562828.0
13230.0,6579.0,7707.0
393964.0,184854.0,565012.0
13434.0,7105.0,7641.0
385356.0,769.0,565247.0
13166.0,7085.0,7707.0
13112.0,7174.0,568662.0
265235.0,12309.0,7740.0
13262.0,197100.0,7707.0
362694.0,7108.0,569736.0
697405.0,6994.0,7643.0
13058.0,222430.0,566829.0
445282.0,6733.0,568680.0
13112.0,437535.0,7677.0
13278.0,6623.0,569340.0
670526.0,7040.0,7773.0
362349.0,506079.0,569508.0
13262.0,120006.0,7740.0
435234.0,6643.0,560204.0
13220.0,6611.0,7646.0
469048.0,7174.0,570626.0
394827.0,537418.0,7579.0
13112.0,7141.0,569900.0
385007.0,525698.0,7707.0
13230.0,7087.0,7739.0
691974.0,6631.0,569626.0
13402.0,7154.0,7545.0
669290.0,257200.0,571330.0
13284.0,7174.0,539649.0
663904.0,462629.0,7641.0
13689.0,6643.0,564637.0
13412.0,60906.0,7641.0
13334.0,46845.0,7642.0
694546.0,6610.0,563016.0
13370.0,68864.0,564827.0
13198.0,6579.0,7643.0
668967.0,84844.0,570203.0
13316.0,7160.0,7707.0
431285.0,6643.0,567519.0
448014.0,7174.0,7741.0
13513.0,250573.0,568892.0
13166.0,7108.0,7767.0
697898.0,12204.0,565832.0
13284.0,68841.0,7739.0
693485.0,6579.0,563946.0
11445.0,6643.0,7840.0
13414.0,7134.0,330150.0
465701.0,7108.0,7611.0
10649.0,12435.0,564462.0
13370.0,12335.0,7545.0
379768.0,7192.0,565287.0
13418.0,7026.0,7739.0
464239.0,208412.0,319691.0
13208.0,7124.0,7708.0
13230.0,173908.0,7775.0
349556.0,99583.0,568132.0
665541.0,6679.0,537144.0
13364.0,6611.0,7740.0
372964.0,37280.0,482482.0
13300.0,6591.0,7709.0
671825.0,437557.0,568946.0
13230.0,6655.0,7740.0
441118.0,6623.0,568306.0
375222.0,84648.0,7642.0
13294.0,471507.0,563644.0
291073.0,7058.0,7741.0
13262.0,6559.0,565727.0
356227.0,448158.0,7739.0
13198.0,6559.0,568695.0
392270.0,121427.0,7641.0
696212.0,6611.0,564698.0
13338.0,438350.0,7678.0
12972.0,6579.0,568253.0
261138.0,6666.0,7657.0
436301.0,176690.0,7741.0
13268.0,6591.0,568909.0
13262.0,450807.0,7741.0
413379.0,7160.0,569441.0
386217.0,11949.0,565993.0
13347.0,7128.0,7773.0
693102.0,493138.0,399486.0
13198.0,6623.0,8158.0
385204.0,7135.0,569348.0
13354.0,7110.0,7807.0
13294.0,473427.0,568816.0
420747.0,135731.0,7741.0
371427.0,6667.0,567931.0
13284.0,56487.0,7642.0
688337.0,6515.0,568633.0
10044.0,7201.0,7741.0
13220.0,7126.0,564696.0
367716.0,174718.0,7676.0
13364.0,7098.0,207842.0
696439.0,176929.0,7740.0
13144.0,212715.0,568935.0
470782.0,6655.0,7738.0
15421.0,7160.0,569856.0
13332.0,471163.0,7739.0
13240.0,68495.0,7709.0
423932.0,6623.0,570595.0
13380.0,12394.0,569661.0
452698.0,7172.0,7577.0
13214.0,7174.0,26228.0
440212.0,471250.0,7676.0
13284.0,6611.0,568999.0
351151.0,254827.0,7675.0
461806.0,7149.0,571409.0
13284.0,472543.0,543554.0
398122.0,7122.0,7480.0
49271.0,6571.0,569758.0
13300.0,11160.0,7643.0
698806.0,6579.0,565056.0
13176.0,12607.0,7740.0
697077.0,7108.0,569838.0
13294.0,456807.0,763.0
663575.0,7122.0,7267.0
13300.0,6643.0,8367.0
461675.0,260885.0,567788.0
13300.0,7121.0,7773.0
695188.0,569458.0,570333.0
13386.0,7242.0,7739.0
13144.0,470799.0,566024.0
640625.0,7122.0,7705.0
396005.0,284055.0,572449.0
13312.0,12299.0,564773.0
373752.0,7040.0,7773.0
13144.0,773.0,569460.0
696514.0,7135.0,7675.0
13284.0,7110.0,568287.0
408718.0,202928.0,7693.0
13338.0,7122.0,568581.0
265137.0,471024.0,7642.0
385588.0,6981.0,567465.0
13198.0,12309.0,7803.0
385644.0,12527.0,7741.0
13112.0,7108.0,570876.0
461564.0,6611.0,565626.0
11510.0,119759.0,7543.0
13316.0,7122.0,566817.0
696814.0,12391.0,7642.0
13364.0,536834.0,7803.0
13144.0,7110.0,73134.0
423888.0,120924.0,566416.0
434279.0,6535.0,7643.0
13363.0,7333.0,7739.0
447853.0,194567.0,564611.0
13278.0,6579.0,565264.0
13262.0,7174.0,7741.0
668061.0,12260.0,564393.0
453260.0,7140.0,7902.0
13338.0,48176.0,566022.0
664859.0,7108.0,7642.0
13156.0,451252.0,564147.0
694169.0,473417.0,7675.0
13106.0,7122.0,564123.0
13214.0,13115.0,7773.0
13112.0,7122.0,569155.0
366036.0,185205.0,7739.0
445654.0,7108.0,564307.0
13166.0,103553.0,7611.0
13208.0,6611.0,567989.0
365082.0,456461.0,7607.0
13294.0,7160.0,570304.0
365207.0,473792.0,7659.0
443749.0,7108.0,7445.0
13112.0,7058.0,564933.0
430463.0,462228.0,563993.0
384557.0,6611.0,7709.0
13198.0,50738.0,564118.0
454590.0,3759.0,7643.0
13412.0,7178.0,564237.0
13380.0,252913.0,7739.0
689552.0,7135.0,7709.0
361208.0,504056.0,566958.0
13284.0,7058.0,563543.0
13198.0,235316.0,7641.0
421774.0,6559.0,567999.0
453205.0,7105.0,7741.0
13230.0,6623.0,572583.0
697600.0,95240.0,7741.0
13316.0,6559.0,564012.0
669645.0,446817.0,7774.0
13284.0,6547.0,567896.0
460809.0,514616.0,7742.0
13471.0,6667.0,563559.0
13386.0,37280.0,43157.0
444829.0,6579.0,7740.0
13316.0,254187.0,568079.0
382901.0,6547.0,7739.0
12994.0,12445.0,569261.0
667442.0,7178.0,7772.0
13364.0,12425.0,565986.0
395669.0,7040.0,7739.0
13284.0,7122.0,568053.0
698952.0,12290.0,7546.0
13364.0,7010.0,565482.0
440331.0,473959.0,7739.0
13206.0,7174.0,570728.0
696787.0,12390.0,7969.0
13220.0,473261.0,7770.0
382027.0,7040.0,566407.0
13228.0,6591.0,563414.0
56135.0,500354.0,7644.0
393735.0,12003.0,342927.0
13450.0,7058.0,7773.0
467019.0,7110.0,568850.0
13154.0,505851.0,7607.0
13338.0,6623.0,567974.0
442222.0,6611.0,7612.0
699205.0,437721.0,569253.0
13230.0,12167.0,7741.0
694976.0,7107.0,564855.0
13198.0,135988.0,7773.0
373053.0,6611.0,7675.0
13386.0,12412.0,564133.0
459192.0,7190.0,570777.0
14370.0,7040.0,7611.0
13240.0,246111.0,569861.0
13182.0,12359.0,7741.0
422874.0,7010.0,569962.0
13284.0,6547.0,7707.0
669427.0,6643.0,567273.0
696350.0,566437.0,7706.0
13416.0,6655.0,571293.0
382881.0,12213.0,7773.0
20471.0,7274.0,568978.0
13332.0,212576.0,7740.0
387442.0,6609.0,382301.0
13220.0,289126.0,7708.0
482822.0,7333.0,570306.0
13300.0,487506.0,7641.0
460012.0,6623.0,7723.0
13352.0,40649.0,571533.0
13214.0,6611.0,570766.0
429005.0,773.0,7757.0
390310.0,7503.0,343407.0
697722.0,7122.0,7695.0
13284.0,457074.0,570948.0
397585.0,266455.0,7887.0
13300.0,7071.0,571275.0
697472.0,52952.0,564713.0
13208.0,6611.0,7757.0
465916.0,40451.0,342024.0
13386.0,6527.0,7643.0
354978.0,13989.0,7741.0
13230.0,514351.0,567381.0
369700.0,6579.0,563857.0
13134.0,769.0,7739.0
445096.0,7231.0,566546.0
13144.0,12426.0,7705.0
691341.0,7142.0,569300.0
13242.0,68681.0,7739.0
457829.0,6623.0,565585.0
13112.0,48551.0,7676.0
372287.0,7128.0,568002.0
13188.0,7140.0,7741.0
13284.0,471311.0,569605.0
348247.0,6439.0,7738.0
13112.0,7122.0,37877.0
360066.0,12348.0,566943.0
696409.0,12816.0,7741.0
13176.0,7026.0,564195.0
467262.0,252179.0,7739.0
459613.0,6611.0,566973.0
13294.0,4324.0,7803.0
385194.0,6667.0,565462.0
13364.0,34344.0,7773.0
13230.0,6559.0,569067.0
351444.0,68669.0,7771.0
698896.0,6527.0,569856.0
367098.0,498889.0,7889.0
17868.0,6623.0,335402.0
13144.0,7110.0,7758.0
697965.0,470714.0,7837.0
13176.0,6623.0,568273.0
238796.0,12409.0,333241.0
13300.0,7026.0,7644.0
669666.0,506214.0,565664.0
357557.0,7174.0,7739.0
13238.0,7110.0,571008.0
461773.0,473063.0,7708.0
13262.0,567084.0,569661.0
13230.0,6623.0,7805.0
357182.0,12216.0,564442.0
699684.0,7122.0,7770.0
13144.0,497663.0,541448.0
453893.0,6591.0,7741.0
10585.0,7140.0,7642.0
13220.0,470886.0,563919.0
385344.0,12427.0,569088.0
13198.0,7236.0,7709.0
870021.0,12295.0,570091.0
867050.0,7122.0,7643.0
865845.0,474000.0,565693.0
864584.0,7026.0,7545.0
867828.0,566641.0,565460.0
865553.0,6611.0,7739.0
864801.0,91543.0,563838.0
863747.0,7140.0,7804.0
870612.0,7174.0,7580.0
872042.0,470791.0,570173.0
866309.0,7283.0,568530.0
865356.0,535038.0,7643.0
864861.0,7128.0,569123.0
866384.0,451235.0,7740.0
6800.0,100171.0,563946.0
241594.0,6699.0,7742.0
6736.0,178805.0,567130.0
6812.0,6749.0,7803.0
6788.0,6579.0,568373.0
861841.0,576642.0,7718.0
869693.0,6547.0,565279.0
876012.0,12321.0,7808.0
869186.0,7192.0,314032.0
860904.0,524267.0,7806.0
867621.0,6611.0,564928.0
6724.0,514136.0,7675.0
6888.0,6611.0,565757.0
510221.0,7174.0,7773.0
6712.0,470329.0,564095.0
6952.0,576782.0,7709.0
6712.0,6599.0,563974.0
6812.0,537890.0,7641.0
6724.0,7083.0,563912.0
6764.0,505128.0,7889.0
866776.0,7169.0,7577.0
866102.0,471484.0,568458.0
867710.0,7174.0,7739.0
871508.0,4344.0,572435.0
866981.0,6611.0,568100.0
868566.0,567260.0,7543.0
866334.0,6612.0,564245.0
865075.0,514054.0,7741.0
865185.0,6612.0,569711.0
867603.0,507691.0,7755.0
868207.0,7070.0,569917.0
863796.0,12345.0,7642.0
864973.0,7122.0,570242.0
6712.0,437507.0,7611.0
7146.0,6667.0,566614.0
858886.0,471114.0,7675.0
870295.0,7206.0,567578.0
864579.0,567912.0,569178.0
866636.0,6559.0,7739.0
865162.0,268570.0,570760.0
865136.0,7174.0,7641.0
864764.0,12784.0,12762.0
864207.0,7192.0,7657.0
865712.0,471071.0,14661.0
865199.0,6567.0,12819.0
861524.0,439939.0,7773.0
863911.0,7060.0,537478.0
868353.0,537074.0,7579.0
868506.0,12358.0,12718.0
865910.0,7078.0,7773.0
866821.0,717.0,12715.0
863149.0,7041.0,7755.0
870643.0,7058.0,253907.0
538739.0,198178.0,7777.0
870876.0,7158.0,12740.0
861130.0,257025.0,7717.0
869036.0,7110.0,12593.0
865690.0,214778.0,7675.0
865752.0,7108.0,532248.0
864096.0,473406.0,7802.0
867511.0,514726.0,12717.0
863914.0,6579.0,7775.0
865179.0,6655.0,12685.0
862867.0,6611.0,7641.0
864635.0,514418.0,12708.0
867853.0,6623.0,7741.0
869474.0,6611.0,12881.0
368029.0,99727.0,7755.0
863316.0,4304.0,12747.0
869334.0,6611.0,7805.0
864990.0,6643.0,12813.0
6788.0,4324.0,7721.0
241650.0,437534.0,536937.0
6712.0,6623.0,7705.0
6728.0,12219.0,12749.0
6852.0,7178.0,7641.0
6748.0,12159.0,266643.0
357937.0,7040.0,7659.0
6788.0,7744.0,13055.0
6756.0,12369.0,60422.0
8680.0,12135.0,663.0
6712.0,7160.0,468427.0
866937.0,12114.0,7773.0
867319.0,7108.0,8430.0
864961.0,12424.0,499796.0
872269.0,7140.0,7739.0
867495.0,7511.0,533067.0
865838.0,71008.0,7741.0
864539.0,12160.0,265359.0
863535.0,7236.0,7739.0
868796.0,7803.0,12892.0
866980.0,12355.0,7739.0
863800.0,12268.0,12886.0
867870.0,7352.0,7739.0
582678.0,9144.0,7739.0
49795.0,12498.0,496195.0
866955.0,7206.0,12683.0
865722.0,12228.0,7887.0
866302.0,12442.0,253601.0
863332.0,7154.0,7775.0
873058.0,7192.0,12644.0
864846.0,13360.0,7739.0
6712.0,12481.0,12753.0
241606.0,7324.0,7803.0
6940.0,7192.0,12781.0
6712.0,12437.0,7739.0
8296.0,7346.0,4342.0
870823.0,69653.0,6187.0
870035.0,7174.0,269711.0
870879.0,12292.0,7641.0
6772.0,460450.0,8364.0
511335.0,7154.0,536653.0
7088.0,12100.0,7773.0
6888.0,7040.0,12583.0
6800.0,7140.0,7823.0
6880.0,12338.0,12750.0
8404.0,12242.0,7643.0
6712.0,7026.0,12717.0
6748.0,187273.0,7577.0
6724.0,7040.0,12490.0
865899.0,12196.0,7741.0
870810.0,7274.0,12355.0
870913.0,7092.0,7675.0
867574.0,12410.0,12780.0
865009.0,7040.0,7741.0
8296.0,12191.0,12519.0
8276.0,7124.0,7803.0
241594.0,139933.0,532393.0
6724.0,12242.0,7755.0
6704.0,7288.0,12648.0
862146.0,6976.0,7805.0
870714.0,12278.0,398382.0
865019.0,7288.0,7705.0
865908.0,12341.0,272828.0
864754.0,7210.0,7739.0
862416.0,12259.0,12718.0
868010.0,7192.0,7739.0
865797.0,12422.0,12519.0
863999.0,459801.0,7675.0
6728.0,7192.0,12617.0
357645.0,7254.0,7741.0
6692.0,12332.0,12892.0
6712.0,7154.0,7741.0
6812.0,12160.0,14644.0
6736.0,13825.0,265757.0
6660.0,7140.0,7741.0
868428.0,12178.0,12519.0
866367.0,7140.0,7837.0
871216.0,12196.0,247839.0
867122.0,12337.0,7739.0
865288.0,7174.0,12915.0
862922.0,12210.0,7741.0
864210.0,7356.0,12683.0
7076.0,12231.0,7739.0
158847.0,7108.0,509971.0
6812.0,7160.0,7675.0
6756.0,11945.0,521386.0
865188.0,7154.0,7739.0
872612.0,12132.0,12681.0
864186.0,7122.0,7755.0
866566.0,12176.0,12683.0
870049.0,7154.0,7755.0
865482.0,12326.0,12709.0
874694.0,7026.0,7543.0
862706.0,12128.0,14464.0
869841.0,7222.0,12653.0
868765.0,12369.0,7773.0
868955.0,7172.0,12913.0
868609.0,12260.0,7643.0
865914.0,12310.0,264713.0
861060.0,7014.0,7741.0
868466.0,7154.0,12708.0
862391.0,11967.0,7803.0
861853.0,12391.0,12761.0
870215.0,7178.0,7755.0
867115.0,7174.0,281586.0
862556.0,773.0,7739.0
874502.0,7160.0,494677.0
867512.0,12142.0,763.0
864669.0,6912.0,7675.0
869090.0,12608.0,294775.0
865447.0,7192.0,7707.0
865323.0,12363.0,12556.0
863074.0,12560.0,7738.0
863202.0,7072.0,12717.0
862888.0,12219.0,7641.0
866821.0,7057.0,14721.0
867996.0,7140.0,12683.0
863100.0,12060.0,7739.0
866416.0,7092.0,12717.0
864000.0,218980.0,7775.0
870371.0,7122.0,12676.0
865066.0,12355.0,7755.0
868125.0,7154.0,12508.0
865041.0,12305.0,7675.0
865073.0,7122.0,502092.0
867368.0,12159.0,7675.0
867146.0,12114.0,12520.0
868079.0,7076.0,7677.0
866888.0,7060.0,12911.0
866565.0,12055.0,7739.0
869036.0,7174.0,301686.0
872004.0,12210.0,7741.0
865161.0,7206.0,370603.0
867878.0,12392.0,7783.0
867251.0,12278.0,12551.0
421694.0,7122.0,7739.0
865516.0,12227.0,267980.0
862496.0,7224.0,7739.0
6692.0,7140.0,12553.0
6712.0,12228.0,7641.0
382510.0,12413.0,12683.0
6936.0,7128.0,7739.0
6788.0,117212.0,12751.0
6760.0,7178.0,7643.0
6736.0,11923.0,12849.0
6888.0,7160.0,7741.0
862824.0,7224.0,533328.0
868236.0,12798.0,7643.0
868625.0,12164.0,12627.0
867864.0,6975.0,7641.0
865183.0,7206.0,12881.0
870534.0,12254.0,7739.0
865892.0,7108.0,12453.0
863219.0,12346.0,7543.0
865186.0,7563.0,283037.0
864142.0,12327.0,7803.0
866376.0,12537.0,285212.0
861686.0,7174.0,7837.0
870236.0,12952.0,12554.0
862458.0,7154.0,7543.0
869302.0,7779.0,7773.0
873508.0,12354.0,12859.0
862165.0,7122.0,12651.0
866566.0,12224.0,7675.0
865806.0,7260.0,12785.0
869316.0,13506.0,7741.0
864907.0,7126.0,345376.0
6780.0,12538.0,7545.0
6824.0,7126.0,13113.0
6756.0,12830.0,7757.0
6756.0,460355.0,292758.0
6712.0,7092.0,7773.0
6836.0,12335.0,493779.0
6724.0,7192.0,7595.0
382946.0,7174.0,253955.0
867326.0,12360.0,7805.0
863130.0,7092.0,763.0
867429.0,12729.0,4342.0
865517.0,7178.0,259958.0
866505.0,12619.0,763.0
867632.0,7222.0,763.0
6812.0,463873.0,12003.0
41398.0,7076.0,8380.0
6736.0,12565.0,12799.0
866993.0,12192.0,7657.0
15844.0,7142.0,262859.0
10780.0,7122.0,7677.0
173855.0,457428.0,12848.0
10834.0,7306.0,7775.0
15755.0,12704.0,270196.0
10812.0,12129.0,7677.0
15860.0,7154.0,265713.0
10878.0,7092.0,7739.0
175103.0,12415.0,763.0
11114.0,7288.0,6187.0
431492.0,12562.0,535990.0
10856.0,7126.0,7741.0
109878.0,12128.0,8411.0
10780.0,12152.0,12513.0
428748.0,8476.0,7741.0
51167.0,12249.0,275587.0
10736.0,7026.0,7739.0
10749.0,12324.0,12786.0
215856.0,7174.0,7773.0
193517.0,7058.0,289989.0
10802.0,12424.0,7833.0
10758.0,12132.0,536962.0
135363.0,6990.0,7771.0
16126.0,7122.0,12634.0
10726.0,139899.0,7739.0
136003.0,12360.0,12804.0
10738.0,7124.0,7789.0
15978.0,465427.0,535934.0
10643.0,8602.0,7773.0
10942.0,7058.0,12881.0
51581.0,12310.0,7543.0
16071.0,12339.0,12665.0
10642.0,7172.0,7675.0
16013.0,7611.0,12999.0
11122.0,12818.0,7775.0
10856.0,12350.0,14654.0
424563.0,7122.0,12746.0
434836.0,7256.0,7579.0
10728.0,12646.0,12945.0
10886.0,12953.0,7803.0
425661.0,7206.0,538169.0
426813.0,7178.0,7741.0
10844.0,12285.0,12751.0
433517.0,7026.0,7659.0
10672.0,12324.0,533342.0
114408.0,7346.0,7543.0
10662.0,205694.0,269658.0
425436.0,12324.0,7577.0
11006.0,7192.0,533396.0
15993.0,7192.0,7739.0
10663.0,12109.0,262768.0
10920.0,12292.0,7856.0
434768.0,7160.0,12781.0
51652.0,6982.0,7641.0
10920.0,11988.0,12924.0
11154.0,12511.0,7709.0
15899.0,7124.0,12772.0
428766.0,7174.0,7805.0
10885.0,12323.0,12947.0
436060.0,12328.0,7643.0
434151.0,7218.0,533602.0
10706.0,12337.0,7641.0
433179.0,7206.0,12585.0
10674.0,7522.0,7543.0
10984.0,12176.0,283304.0
427652.0,7028.0,7611.0
10772.0,12049.0,12683.0
426715.0,7218.0,7739.0
427520.0,12110.0,12773.0
10918.0,7091.0,7805.0
428353.0,12246.0,12589.0
16176.0,7206.0,7757.0
10760.0,12473.0,500605.0
426672.0,12338.0,7739.0
10888.0,7154.0,274521.0
425995.0,12485.0,14357.0
10674.0,7108.0,7543.0
10878.0,12724.0,497694.0
15737.0,7142.0,531779.0
157959.0,12324.0,7577.0
11006.0,7072.0,12683.0
10834.0,203666.0,7741.0
425812.0,7224.0,4342.0
11226.0,7092.0,12059.0
427281.0,445479.0,6187.0
15898.0,7142.0,7693.0
10824.0,12744.0,8416.0
432564.0,12328.0,12731.0
10780.0,7140.0,7739.0
15792.0,7124.0,248169.0
10706.0,458391.0,7773.0
425334.0,12858.0,12648.0
10814.0,7076.0,7805.0
426404.0,143757.0,12528.0
10834.0,7192.0,7837.0
10781.0,7108.0,12826.0
142328.0,12232.0,7739.0
106797.0,7040.0,189834.0
10918.0,12269.0,7739.0
425268.0,7108.0,286514.0
11028.0,12210.0,7805.0
11004.0,7236.0,12769.0
51315.0,12282.0,240245.0
432574.0,12283.0,7741.0
10706.0,7140.0,12779.0
423890.0,7154.0,7577.0
10962.0,12454.0,12390.0
432286.0,12396.0,7677.0
10814.0,7206.0,269923.0
434516.0,7063.0,763.0
10834.0,12069.0,7643.0
424631.0,12310.0,12851.0
10972.0,7158.0,7675.0
10997.0,7306.0,12617.0
157095.0,12284.0,7804.0
16009.0,12255.0,12828.0
10662.0,7206.0,7805.0
434877.0,7090.0,12652.0
10726.0,717.0,7741.0
11057.0,12545.0,262012.0
432561.0,7174.0,7743.0
433477.0,7122.0,7641.0
10844.0,12242.0,12492.0
426143.0,12119.0,12654.0
10770.0,7142.0,7773.0
10962.0,7174.0,12588.0
179502.0,12356.0,7641.0
433416.0,7122.0,540195.0
10694.0,12373.0,7705.0
11004.0,12292.0,12826.0
136299.0,7124.0,7741.0
422359.0,7206.0,12583.0
10684.0,12210.0,7739.0
10822.0,12373.0,12716.0
15883.0,7122.0,7773.0
40834.0,7040.0,81342.0
4681.0,12291.0,7675.0
434097.0,7192.0,12554.0
182016.0,12360.0,7675.0
11287.0,7206.0,551727.0
87416.0,12328.0,7643.0
11090.0,7174.0,12719.0
413788.0,126779.0,7643.0
15832.0,7192.0,539681.0
10792.0,12459.0,763.0
15757.0,12127.0,7455.0
10814.0,7204.0,8371.0
433166.0,7140.0,535334.0
10780.0,12342.0,7819.0
424421.0,7122.0,13022.0
10866.0,457015.0,7643.0
425737.0,7178.0,12815.0
10886.0,12264.0,7579.0
15687.0,7288.0,12741.0
10802.0,12319.0,7757.0
427122.0,69148.0,12947.0
10748.0,7174.0,7741.0
10844.0,7092.0,12519.0
198114.0,12312.0,7775.0
437144.0,7224.0,12551.0
15931.0,12210.0,7641.0
10984.0,7256.0,500896.0
10662.0,12196.0,7739.0
90264.0,12281.0,12630.0
434350.0,7154.0,7775.0
10758.0,7140.0,12740.0
15739.0,13020.0,7740.0
10825.0,12281.0,12892.0
407842.0,7154.0,7741.0
11004.0,180096.0,12865.0
15901.0,7288.0,7705.0
10772.0,7224.0,12879.0
433127.0,12257.0,7723.0
10940.0,7242.0,12519.0
434278.0,12438.0,7640.0
10866.0,12549.0,13506.0
10942.0,7206.0,7757.0
107484.0,7206.0,12764.0
10758.0,12428.0,7543.0
434567.0,12173.0,12781.0
425557.0,7274.0,7741.0
10834.0,7026.0,12662.0
10844.0,12225.0,7773.0
189578.0,7172.0,12687.0
424353.0,12355.0,7579.0
10704.0,7032.0,12780.0
10726.0,12296.0,7705.0
424766.0,12310.0,12892.0
10952.0,7160.0,7641.0
434579.0,12489.0,286076.0
10908.0,7174.0,7643.0
195988.0,7140.0,7805.0
432703.0,12278.0,12651.0
11070.0,7174.0,265773.0
11026.0,12278.0,7804.0
425517.0,12159.0,12781.0
90306.0,7128.0,7641.0
10714.0,6918.0,12838.0
15890.0,12573.0,7677.0
10834.0,7640.0,12728.0
434942.0,12763.0,7839.0
10908.0,12242.0,12644.0
433734.0,7092.0,7677.0
10866.0,12333.0,494036.0
10834.0,7123.0,7773.0
426522.0,7140.0,14823.0
10982.0,12182.0,304568.0
16027.0,7128.0,7641.0
425311.0,769.0,12909.0
10854.0,7128.0,7741.0
10982.0,12167.0,12555.0
142760.0,13828.0,7741.0
10972.0,12277.0,12738.0
15768.0,7122.0,7643.0
143253.0,7124.0,499722.0
10739.0,12342.0,7707.0
426174.0,7174.0,331016.0
10770.0,12148.0,8030.0
433616.0,12337.0,7703.0
10920.0,7126.0,7611.0
11006.0,7419.0,7705.0
435392.0,12276.0,584934.0
427354.0,7674.0,7771.0
10834.0,12866.0,7643.0
176217.0,12194.0,7755.0
10953.0,7092.0,8197.0
11055.0,7172.0,8315.0
432256.0,12282.0,7691.0
428076.0,7128.0,7445.0
141349.0,12151.0,8013.0
10908.0,7206.0,237916.0
426560.0,12321.0,578581.0
10900.0,12264.0,7790.0
434248.0,6932.0,7739.0
10728.0,12249.0,8295.0
425592.0,7076.0,581395.0
10812.0,7174.0,7821.0
10812.0,12561.0,8135.0
427590.0,7172.0,333971.0
426518.0,13212.0,763.0
10738.0,6982.0,7641.0
433086.0,12355.0,99246.0
11175.0,7128.0,7641.0
15934.0,12425.0,7675.0
11039.0,8628.0,326502.0
10994.0,12175.0,7739.0
432611.0,7174.0,273776.0
10800.0,12192.0,7707.0
432856.0,12214.0,7675.0
201318.0,7192.0,7803.0
10952.0,7110.0,579601.0
134929.0,12265.0,7797.0
10715.0,7206.0,338786.0
15966.0,12374.0,7677.0
10866.0,7154.0,7741.0
10992.0,12259.0,237050.0
15772.0,12268.0,7709.0
15675.0,7040.0,7805.0
10920.0,7190.0,763.0
10801.0,12291.0,7741.0
196971.0,11943.0,7693.0
11894.0,7000.0,39179.0
4689.0,12631.0,7773.0
10920.0,7192.0,7837.0
155669.0,12099.0,589448.0
10918.0,7154.0,7595.0
15800.0,12385.0,8016.0
10844.0,7173.0,763.0
426995.0,7274.0,9238.0
425487.0,457994.0,7645.0
11016.0,12287.0,7577.0
153997.0,7160.0,7609.0
10886.0,7103.0,576237.0
108374.0,7173.0,7707.0
10835.0,7031.0,575747.0
15809.0,12203.0,7717.0
11058.0,7174.0,235721.0
10706.0,7187.0,7739.0
432923.0,7121.0,536576.0
434150.0,6971.0,7773.0
11090.0,7199.0,202247.0
15759.0,7122.0,7543.0
10792.0,12327.0,7849.0
10887.0,7087.0,7741.0
87324.0,12565.0,7819.0
11006.0,7174.0,7545.0
15734.0,7122.0,8181.0
10728.0,12248.0,7641.0
193897.0,7122.0,7641.0
16068.0,12207.0,160719.0
10824.0,12441.0,7740.0
426228.0,7010.0,326084.0
10844.0,7192.0,8669.0
11068.0,12445.0,7771.0
425226.0,7028.0,7675.0
10832.0,7174.0,180986.0
10834.0,12216.0,7670.0
15931.0,7173.0,111731.0
136498.0,7040.0,8197.0
434156.0,12470.0,7783.0
10768.0,7169.0,7609.0
10844.0,7000.0,583327.0
433604.0,12295.0,7807.0
16017.0,7087.0,7675.0
10942.0,7219.0,575926.0
10910.0,7058.0,7805.0
433519.0,12799.0,580213.0
10772.0,7117.0,7749.0
15907.0,7128.0,7577.0
140923.0,12390.0,7641.0
11038.0,7141.0,79699.0
106625.0,7142.0,45104.0
10792.0,7092.0,241613.0
432543.0,12104.0,7771.0
10780.0,7059.0,289116.0
174916.0,7169.0,7885.0
10952.0,7135.0,7773.0
15845.0,12914.0,7984.0
10972.0,7140.0,576684.0
433405.0,7110.0,7739.0
10972.0,12595.0,575874.0
427111.0,7224.0,7643.0
10802.0,7058.0,8165.0
15709.0,12214.0,7973.0
10760.0,7201.0,7741.0
425848.0,7173.0,7709.0
10942.0,7205.0,578173.0
17680.0,12243.0,7611.0
10770.0,7192.0,7803.0
143698.0,7055.0,7641.0
432864.0,7160.0,7721.0
10726.0,12678.0,7613.0
10822.0,7035.0,329745.0
15752.0,7117.0,7659.0
10824.0,7203.0,7851.0
433396.0,7134.0,7790.0
108405.0,7115.0,274112.0
10953.0,7169.0,7675.0
433427.0,7169.0,7934.0
10834.0,12316.0,7757.0
413908.0,7039.0,8777.0
10962.0,7155.0,579070.0
427832.0,7123.0,7643.0
10782.0,7108.0,7543.0
427679.0,12377.0,7543.0
10674.0,12359.0,248618.0
89309.0,7160.0,7611.0
10845.0,12158.0,333268.0
142672.0,7192.0,7677.0
10943.0,7174.0,8789.0
10888.0,12189.0,7675.0
15943.0,7121.0,7645.0
425674.0,7085.0,7741.0
10844.0,7169.0,8247.0
4984.0,7155.0,7773.0
10191.0,7169.0,7643.0
10986.0,7087.0,4471.0
434190.0,7169.0,7677.0
17053.0,12281.0,7869.0
141419.0,7122.0,763.0
10964.0,7023.0,763.0
10800.0,7103.0,7543.0
16061.0,12327.0,7757.0
15985.0,7192.0,578873.0
10920.0,7201.0,7643.0
45740.0,12214.0,7741.0
392869.0,7192.0,7643.0
11186.0,12243.0,93340.0
431831.0,7160.0,7741.0
428936.0,7122.0,109845.0
10630.0,12336.0,588329.0
16197.0,7096.0,7607.0
10886.0,12182.0,7773.0
10866.0,7122.0,7579.0
427088.0,12589.0,7739.0
11036.0,7009.0,7645.0
433939.0,6982.0,8115.0
434009.0,12586.0,8099.0
10696.0,12204.0,8013.0
16122.0,7058.0,576834.0
10866.0,7276.0,7741.0
425711.0,12140.0,7739.0
10802.0,7160.0,577617.0
167555.0,7187.0,7741.0
10834.0,7122.0,763.0
426549.0,11941.0,7741.0
10770.0,7192.0,575117.0
10804.0,12140.0,7641.0
178068.0,7199.0,7837.0
10790.0,7083.0,7874.0
432603.0,7155.0,7822.0
433859.0,7155.0,8133.0
10972.0,7117.0,378065.0
154099.0,12213.0,7611.0
10672.0,7058.0,543689.0
435831.0,7103.0,7739.0
437005.0,7137.0,8133.0
10792.0,7040.0,577214.0
15707.0,12280.0,7873.0
10674.0,7181.0,7741.0
16110.0,7040.0,7740.0
10908.0,12866.0,8067.0
10834.0,7110.0,7773.0
426194.0,12014.0,7501.0
435134.0,7063.0,7657.0
10812.0,7155.0,8099.0
433125.0,7122.0,7576.0
10586.0,12055.0,7741.0
10964.0,7035.0,763.0
435213.0,7099.0,78688.0
435925.0,7119.0,7641.0
11013.0,12175.0,42815.0
436762.0,7110.0,8197.0
10994.0,7187.0,7741.0
11080.0,7103.0,7643.0
429676.0,12625.0,7773.0
10610.0,7192.0,7755.0
178281.0,7122.0,344378.0
426422.0,12234.0,7740.0
10918.0,12372.0,8155.0
10854.0,7154.0,763.0
16221.0,7174.0,7707.0
215617.0,12643.0,7677.0
10686.0,7122.0,91629.0
15924.0,12354.0,7643.0
11145.0,7037.0,235062.0
10972.0,7035.0,7888.0
10768.0,7140.0,577712.0
206028.0,12653.0,7707.0
10671.0,7092.0,93082.0
433310.0,12386.0,8072.0
16190.0,7155.0,311188.0
10674.0,7204.0,7816.0
10910.0,12466.0,327513.0
434238.0,7040.0,7739.0
10942.0,12070.0,272039.0
434660.0,7117.0,7837.0
16007.0,7141.0,7773.0
10716.0,7035.0,571084.0
15673.0,7108.0,7739.0
10672.0,12254.0,7707.0
425213.0,7149.0,7755.0
10714.0,7149.0,763.0
10890.0,7040.0,8293.0
426757.0,12175.0,7957.0
11061.0,7135.0,7709.0
434378.0,7117.0,582675.0
15857.0,13325.0,7800.0
10984.0,7110.0,549403.0
15880.0,7174.0,7741.0
10994.0,12391.0,112548.0
15843.0,7117.0,7803.0
10834.0,7121.0,763.0
15943.0,7169.0,8067.0
10662.0,12708.0,7577.0
11005.0,7222.0,350121.0
16108.0,7103.0,7765.0
10694.0,7163.0,7851.0
15926.0,7117.0,7675.0
15825.0,7067.0,7675.0
10834.0,6971.0,195021.0
15898.0,7135.0,7952.0
10930.0,7041.0,7739.0
15481.0,7110.0,7758.0
10940.0,12652.0,275740.0
15892.0,7076.0,7641.0
10782.0,12308.0,7739.0
16101.0,7128.0,7641.0
10972.0,12121.0,7773.0
10980.0,7103.0,7773.0
15786.0,7140.0,7709.0
17404.0,12795.0,7677.0
141404.0,12252.0,574934.0
10727.0,7108.0,7821.0
16126.0,7040.0,42681.0
10898.0,12011.0,7889.0
15962.0,7103.0,7677.0
10982.0,7053.0,7643.0
10704.0,7009.0,7577.0
15927.0,7174.0,576210.0
15857.0,12277.0,7725.0
10746.0,7174.0,7741.0
15996.0,7160.0,7579.0
11068.0,12122.0,7757.0
16115.0,7119.0,763.0
10972.0,7005.0,7641.0
10898.0,7005.0,9082.0
15958.0,7190.0,8099.0
73780.0,12684.0,109209.0
16007.0,7122.0,7757.0
10758.0,12175.0,8233.0
15844.0,12107.0,8016.0
10994.0,7058.0,7641.0
10748.0,7187.0,80415.0
15863.0,7035.0,7703.0
15963.0,7058.0,109368.0
10834.0,12032.0,7451.0
15886.0,7174.0,7659.0
10748.0,12072.0,7579.0
10898.0,7237.0,7611.0
15746.0,12665.0,7789.0
10898.0,7108.0,7642.0
15566.0,7140.0,7643.0
16358.0,12258.0,7646.0
10652.0,7153.0,568448.0
15650.0,7117.0,7803.0
10802.0,7009.0,7646.0
15810.0,6977.0,329831.0
10748.0,7174.0,7742.0
10898.0,12201.0,7642.0
15774.0,6799.0,337840.0
10706.0,12212.0,7741.0
15963.0,7137.0,533959.0
10812.0,7155.0,7707.0
10694.0,7035.0,7739.0
15749.0,12210.0,571241.0
15855.0,7058.0,7739.0
10760.0,7169.0,7741.0
10950.0,7155.0,7837.0
16071.0,7117.0,569402.0
100607.0,12313.0,7741.0
15848.0,7158.0,7642.0
10642.0,12832.0,565467.0
15976.0,7122.0,7739.0
10652.0,7108.0,7825.0
15998.0,12150.0,535519.0
10760.0,7073.0,7575.0
17702.0,7087.0,7545.0
16013.0,7169.0,566645.0
10684.0,7169.0,7742.0
15880.0,12175.0,562547.0
11006.0,7122.0,7723.0
15984.0,7123.0,570434.0
11058.0,7040.0,7706.0
15873.0,12254.0,763.0
11016.0,12185.0,7644.0
10834.0,7192.0,7686.0
15801.0,7190.0,7677.0
15713.0,12208.0,7739.0
10555.0,7142.0,7611.0
10696.0,7135.0,7643.0
17406.0,6977.0,544128.0
10964.0,6982.0,570440.0
15358.0,12277.0,7741.0
300435.0,7073.0,569926.0
15785.0,12254.0,7641.0
11386.0,7040.0,7851.0
15948.0,7219.0,7739.0
10822.0,7174.0,7640.0
91714.0,12158.0,537517.0
11134.0,7108.0,7914.0
16075.0,12272.0,7992.0
10780.0,7117.0,7659.0
15691.0,12378.0,7707.0
10608.0,7160.0,7803.0
15952.0,12647.0,7853.0
10940.0,7178.0,7806.0
15708.0,7140.0,7805.0
10728.0,12171.0,564148.0
16025.0,7174.0,7741.0
10748.0,12157.0,7707.0
15825.0,7210.0,7853.0
10782.0,12222.0,7657.0
10770.0,7053.0,565111.0
15726.0,7053.0,7705.0
15841.0,12853.0,7739.0
10866.0,7058.0,570416.0
15759.0,7174.0,7717.0
10804.0,12231.0,558731.0
10662.0,7249.0,7643.0
15768.0,7205.0,7739.0
15868.0,7128.0,7544.0
10920.0,12372.0,7739.0
15877.0,7123.0,7643.0
10790.0,12412.0,570941.0
10994.0,7122.0,7803.0
15763.0,7069.0,7646.0
15935.0,7090.0,7677.0
11006.0,12181.0,7741.0
15716.0,7122.0,7641.0
10846.0,7149.0,7739.0
15950.0,7040.0,564683.0
10748.0,12072.0,7578.0
15615.0,7108.0,7611.0
10866.0,12125.0,7740.0
10866.0,7201.0,7838.0
15737.0,7053.0,7643.0
15754.0,7155.0,7643.0
10834.0,7023.0,564447.0
15787.0,7021.0,7710.0
10758.0,7174.0,7708.0
15751.0,12768.0,7675.0
11026.0,7193.0,7739.0
15951.0,7137.0,7744.0
10812.0,7173.0,7445.0
10834.0,7160.0,7913.0
15851.0,12464.0,7741.0
15943.0,7174.0,7773.0
10684.0,12471.0,7709.0
16204.0,7053.0,330962.0
10930.0,7155.0,7739.0
10886.0,182534.0,7853.0
16209.0,8571.0,316035.0
10736.0,253110.0,7709.0
16122.0,7174.0,7743.0
10886.0,7119.0,568293.0
10834.0,7169.0,7805.0
15923.0,283428.0,572253.0
17559.0,6976.0,7685.0
15742.0,226902.0,568706.0
10972.0,7169.0,7611.0
15684.0,282943.0,7756.0
10800.0,7242.0,567208.0
10866.0,208194.0,7837.0
15834.0,7087.0,7709.0
15979.0,283000.0,566106.0
11360.0,7110.0,7837.0
17451.0,7173.0,7643.0
15889.0,195752.0,336087.0
10694.0,7224.0,7577.0
10780.0,7041.0,564395.0
16037.0,7149.0,7643.0
15748.0,7123.0,344178.0
10728.0,7187.0,7797.0
16136.0,7169.0,7642.0
10694.0,195797.0,545088.0
15780.0,7245.0,7740.0
10726.0,211980.0,534744.0
17242.0,7427.0,7773.0
11205.0,195721.0,565495.0
15864.0,7274.0,7643.0
15864.0,245497.0,7610.0
10832.0,7280.0,7544.0
15975.0,193454.0,7739.0
10694.0,7174.0,7741.0
15995.0,7140.0,7642.0
11006.0,507082.0,7607.0
15865.0,7181.0,338355.0
10780.0,245679.0,7773.0
15777.0,7206.0,564023.0
10770.0,207762.0,7706.0
16231.0,7301.0,538188.0
11004.0,282989.0,571053.0
15886.0,7155.0,7675.0
10930.0,247970.0,7773.0
10748.0,7187.0,7543.0
15778.0,225504.0,7755.0
10918.0,7503.0,7755.0
15779.0,7087.0,7739.0
10640.0,182635.0,7707.0
16393.0,8563.0,338439.0
11004.0,7187.0,7785.0
15887.0,280966.0,320431.0
15800.0,7201.0,7577.0
10846.0,282712.0,244549.0
10748.0,7108.0,7872.0
15931.0,7185.0,7543.0
15831.0,6953.0,7675.0
10770.0,193373.0,7587.0
15748.0,7135.0,7707.0
10856.0,7105.0,568903.0
16013.0,7155.0,7773.0
10834.0,237484.0,7743.0
10694.0,7269.0,564305.0
16011.0,207718.0,7577.0
10684.0,7240.0,7709.0
15850.0,226932.0,7803.0
11004.0,7333.0,570642.0
15723.0,7035.0,7740.0
10900.0,283090.0,7642.0
15684.0,7169.0,333638.0
10972.0,7181.0,7739.0
15704.0,508952.0,7606.0
15941.0,282656.0,7743.0
10758.0,7224.0,7739.0
15872.0,7141.0,7742.0
10834.0,282909.0,7678.0
11514.0,7092.0,340761.0
15863.0,282821.0,7643.0
15806.0,7272.0,7611.0
10608.0,245669.0,7739.0
15798.0,7090.0,7705.0
10962.0,6925.0,7641.0
10770.0,184761.0,536347.0
15765.0,8303.0,7739.0
17134.0,7117.0,569459.0
10886.0,251002.0,7741.0
15940.0,7058.0,7705.0
11238.0,226689.0,339100.0
10726.0,7242.0,7676.0
15800.0,7091.0,7543.0
15981.0,213662.0,7741.0
10846.0,7441.0,534351.0
10586.0,195566.0,7611.0
15744.0,7173.0,534411.0
15627.0,7085.0,7741.0
10792.0,207803.0,533489.0
11016.0,7272.0,7739.0
15851.0,208168.0,7739.0
10502.0,7206.0,540514.0
16061.0,184786.0,7643.0
16039.0,7103.0,565076.0
10718.0,7117.0,7642.0
15824.0,248912.0,7643.0
10994.0,6982.0,7446.0
17561.0,7169.0,567663.0
15831.0,226058.0,567292.0
10640.0,7103.0,7709.0
17470.0,7169.0,7773.0
10802.0,207817.0,7642.0
16007.0,8558.0,316443.0
10824.0,7187.0,7741.0
15933.0,6977.0,7545.0
10652.0,283043.0,7789.0
15988.0,7155.0,329184.0
11125.0,193228.0,7611.0
16387.0,7058.0,533159.0
15772.0,245492.0,7739.0
10930.0,8516.0,7675.0
15768.0,7155.0,7706.0
10974.0,7155.0,312623.0
10832.0,7151.0,7805.0
10770.0,208353.0,7743.0
15707.0,7040.0,559444.0
15338.0,7053.0,7612.0
15797.0,576370.0,7741.0
10760.0,7324.0,7641.0
11038.0,217088.0,7773.0
16025.0,7117.0,7741.0
10802.0,6977.0,7803.0
15768.0,7117.0,538730.0
15988.0,195644.0,7717.0
10834.0,7160.0,7901.0
15714.0,226711.0,438792.0
10802.0,7187.0,7741.0
15911.0,7105.0,7849.0
10996.0,7105.0,7912.0
15809.0,171914.0,7740.0
10686.0,7155.0,7586.0
15846.0,245803.0,7644.0
10640.0,8364.0,7543.0
15954.0,208277.0,7644.0
10866.0,7205.0,7742.0
15735.0,7117.0,7708.0
10834.0,337939.0,7675.0
15854.0,7103.0,7902.0
10812.0,7169.0,7803.0
15747.0,7027.0,569145.0
10866.0,6995.0,7645.0
15824.0,245918.0,331823.0
11004.0,7140.0,7741.0
15930.0,193547.0,7739.0
10716.0,7169.0,7739.0
15726.0,7201.0,7687.0
10814.0,7041.0,7705.0
16050.0,7087.0,339468.0
10696.0,282935.0,7643.0
16221.0,7408.0,7707.0
11016.0,508400.0,535572.0
15717.0,208844.0,7840.0
10962.0,7128.0,567351.0
17850.0,6994.0,7675.0
10706.0,7169.0,7544.0
15899.0,7035.0,569555.0
15711.0,195749.0,7607.0
10834.0,7154.0,329916.0
10854.0,280660.0,7644.0
15866.0,7242.0,7773.0
15784.0,195600.0,7705.0
10640.0,7135.0,7741.0
16026.0,7205.0,7739.0
10652.0,226491.0,7568.0
11058.0,7242.0,7740.0
133234.0,193234.0,533624.0
16907.0,7174.0,7739.0
11428.0,7135.0,7678.0
10876.0,226772.0,341900.0
15703.0,7174.0,7645.0
10932.0,226750.0,7742.0
15829.0,7000.0,7776.0
10662.0,316237.0,320566.0
15824.0,7187.0,7675.0
10856.0,195558.0,7739.0
15866.0,7219.0,7739.0
10920.0,208026.0,7675.0
10868.0,7053.0,7803.0
15921.0,283003.0,7609.0
15869.0,7026.0,7693.0
10886.0,6991.0,7677.0
15931.0,283075.0,7913.0
10918.0,7174.0,7785.0
16135.0,6977.0,7577.0
10836.0,285226.0,7741.0
15963.0,6982.0,7643.0
11058.0,7117.0,8279.0
101623.0,184885.0,7513.0
10630.0,7401.0,7739.0
16642.0,195934.0,7513.0
15666.0,7092.0,7741.0
10994.0,7193.0,7579.0
15995.0,7117.0,7741.0
10748.0,195635.0,7771.0
15701.0,8482.0,7607.0
10748.0,7117.0,7849.0
15854.0,226722.0,7773.0
10844.0,7117.0,7885.0
10866.0,7133.0,7755.0
16011.0,7169.0,7871.0
15934.0,505530.0,7675.0
10994.0,225405.0,7607.0
15964.0,7073.0,7659.0
10618.0,7135.0,7613.0
15931.0,251327.0,7773.0
10834.0,7149.0,7543.0
10694.0,254587.0,7579.0
15537.0,7389.0,7643.0
17638.0,183130.0,7613.0
11568.0,7389.0,7677.0
16058.0,283029.0,7743.0
16122.0,7274.0,7547.0
10844.0,193458.0,7643.0
10662.0,7269.0,7753.0
15832.0,6989.0,7613.0
16123.0,7117.0,7675.0
10994.0,193893.0,7892.0
15921.0,7053.0,7757.0
10696.0,254318.0,7773.0
15932.0,7333.0,7645.0
10760.0,226463.0,7677.0
10802.0,7187.0,7641.0
15708.0,283278.0,7642.0
10834.0,7117.0,7675.0
11234.0,7151.0,7613.0
10856.0,7005.0,7773.0
15941.0,7168.0,7772.0
15530.0,7117.0,40102.0
10878.0,280651.0,7643.0
15960.0,7174.0,7739.0
16560.0,7151.0,7547.0
10834.0,7169.0,7445.0
15844.0,7117.0,7577.0
11070.0,226290.0,7773.0
15971.0,7124.0,7643.0
10790.0,245869.0,7481.0
15799.0,7204.0,7709.0
10812.0,245942.0,7611.0
10822.0,7305.0,7445.0
15711.0,226448.0,7643.0
10674.0,7154.0,7547.0
17179.0,248562.0,7755.0
10738.0,7094.0,7613.0
15900.0,7187.0,7773.0
15684.0,7187.0,7581.0
11016.0,7117.0,7641.0
10994.0,7067.0,7984.0
15921.0,507532.0,7739.0
15877.0,223217.0,7675.0
10918.0,8697.0,7793.0
17588.0,7089.0,7581.0
10867.0,7338.0,104255.0
16135.0,256636.0,763.0
10910.0,7103.0,7477.0
15572.0,7087.0,7741.0
15857.0,248224.0,7579.0
10748.0,7169.0,7579.0
15877.0,195759.0,7661.0
10856.0,7317.0,7817.0
15824.0,226861.0,7709.0
10858.0,7324.0,7643.0
10994.0,273677.0,7613.0
15781.0,7375.0,7657.0
16012.0,208213.0,7675.0
10696.0,7254.0,7707.0
292960.0,245705.0,7739.0
13102.0,7438.0,7809.0
375083.0,314408.0,7545.0
13144.0,7105.0,7645.0
13130.0,7135.0,763.0
123583.0,226631.0,7739.0
286543.0,7172.0,7677.0
13416.0,187613.0,7447.0
367636.0,7059.0,7677.0
13300.0,272089.0,7479.0
291075.0,7005.0,7579.0
13058.0,7201.0,7577.0
13214.0,165389.0,7641.0
333941.0,7122.0,7653.0
259301.0,7163.0,7607.0
13198.0,248555.0,7773.0
355328.0,7216.0,7659.0
13252.0,7117.0,7775.0
243137.0,7155.0,7383.0
13102.0,245524.0,7677.0
13284.0,7249.0,7613.0
229892.0,7053.0,7643.0
371416.0,7135.0,7647.0
13348.0,193241.0,7739.0
142179.0,7102.0,7515.0
13492.0,196362.0,7755.0
454233.0,7027.0,7641.0
13220.0,193663.0,7741.0
376919.0,7117.0,7675.0
13300.0,7201.0,7739.0
355406.0,7085.0,7611.0
13386.0,212385.0,7613.0
13348.0,8721.0,7773.0
113740.0,7105.0,42513.0
13176.0,7584.0,7543.0
333970.0,7117.0,7579.0
373296.0,223218.0,7879.0
13216.0,8621.0,7851.0
286514.0,7219.0,70497.0
13284.0,7053.0,7741.0
263052.0,509600.0,763.0
13134.0,278767.0,7675.0
13316.0,8413.0,7582.0
264698.0,193606.0,7675.0
373544.0,7121.0,7643.0
13152.0,7277.0,7579.0
134929.0,7035.0,7791.0
13176.0,7113.0,7739.0
359410.0,282767.0,7611.0
13386.0,7267.0,7641.0
286331.0,7187.0,7789.0
13348.0,7169.0,763.0
375837.0,208172.0,7445.0
13300.0,7124.0,7741.0
358852.0,283015.0,7645.0
13268.0,7292.0,7781.0
367116.0,196019.0,7611.0
13536.0,7058.0,7821.0
374310.0,7141.0,7740.0
13198.0,223254.0,7679.0
374885.0,7219.0,7677.0
13262.0,7572.0,7849.0
380444.0,182672.0,7609.0
13364.0,7385.0,7739.0
359612.0,248499.0,763.0
13262.0,7154.0,7671.0
397599.0,7153.0,7833.0
13316.0,6953.0,7765.0
40012.0,7167.0,7705.0
358931.0,7103.0,7757.0
13176.0,285409.0,7643.0
355760.0,7122.0,7577.0
13284.0,7117.0,7819.0
356080.0,7117.0,7613.0
13216.0,226658.0,7641.0
452808.0,7112.0,7917.0
13316.0,7187.0,557180.0
239515.0,248101.0,7545.0
13112.0,7046.0,7823.0
13134.0,7201.0,7613.0
230829.0,208436.0,7739.0
379918.0,7117.0,7513.0
13284.0,202342.0,7349.0
303251.0,7287.0,7675.0
13294.0,283395.0,7641.0
357730.0,7169.0,7579.0
13112.0,7154.0,7449.0
13112.0,12223.0,7683.0
333802.0,7047.0,7611.0
360474.0,773.0,7607.0
13386.0,7439.0,7803.0
235390.0,7110.0,763.0
13176.0,12825.0,7803.0
13197.0,7067.0,7949.0
237562.0,7000.0,7773.0
360740.0,12149.0,7643.0
13352.0,7117.0,7837.0
355883.0,773.0,7579.0
13364.0,7225.0,7545.0
374214.0,7128.0,7707.0
13166.0,12191.0,7611.0
13316.0,7192.0,7641.0
237448.0,414266.0,7641.0
361274.0,12255.0,7757.0
13220.0,7174.0,7807.0
385795.0,7219.0,7751.0
13366.0,7072.0,7645.0
375051.0,12144.0,7543.0
430970.0,7076.0,7805.0
13284.0,12159.0,7657.0
374991.0,7140.0,7675.0
13262.0,12585.0,7807.0
294869.0,12662.0,7643.0
13208.0,7154.0,7601.0
140783.0,7119.0,7741.0
13236.0,7110.0,7611.0
371983.0,12228.0,7579.0
13300.0,7026.0,7643.0
398991.0,12273.0,554204.0
13252.0,7473.0,7449.0
438186.0,769.0,556865.0
372496.0,7108.0,7773.0
13364.0,13132.0,7675.0
94787.0,12327.0,7739.0
13208.0,7160.0,7705.0
356695.0,6958.0,4155.0
13332.0,13260.0,7675.0
13230.0,7192.0,7577.0
346935.0,12336.0,7613.0
238831.0,7117.0,7615.0
13370.0,7001.0,7643.0
371861.0,7169.0,7741.0
13364.0,7053.0,7611.0
291176.0,13863.0,
13230.0,12291.0,
358786.0,7160.0,
13252.0,7187.0,
356482.0,12635.0,
13026.0,7128.0,
13080.0,7087.0,
264654.0,7200.0,
439772.0,7408.0,
13316.0,773.0,
13188.0,7023.0,
264822.0,7142.0,
286839.0,413357.0,
13338.0,7103.0,
302580.0,7169.0,
13418.0,7155.0,
13112.0,7005.0,
253019.0,7053.0,
371966.0,13451.0,
13300.0,7122.0,
13144.0,7000.0,
333784.0,12351.0,
376653.0,8777.0,
13176.0,12553.0,
452529.0,7047.0,
395263.0,12575.0,
13144.0,7158.0,
371561.0,12208.0,
13252.0,7172.0,
360762.0,7053.0,
13166.0,7206.0,
359270.0,12173.0,
13230.0,773.0,
465149.0,7045.0,
13230.0,7092.0,
432183.0,12891.0,
13408.0,7174.0,
13348.0,12164.0,
334430.0,773.0,
361122.0,7301.0,
13262.0,7169.0,
355466.0,7002.0,
13300.0,12087.0,
377462.0,6982.0,
13214.0,12030.0,
13294.0,7169.0,
213598.0,7019.0,
13294.0,12323.0,
256805.0,7140.0,
361420.0,7237.0,
13144.0,769.0,
13216.0,12233.0,
264271.0,7174.0,
376574.0,6971.0,
13380.0,7163.0,
13112.0,6976.0,
265261.0,164593.0,
359435.0,7085.0,
13176.0,7105.0,
290467.0,7117.0,
13262.0,7160.0,
13208.0,12337.0,
213467.0,7169.0,
288898.0,12271.0,
13316.0,7192.0,
376069.0,7169.0,
13112.0,7291.0,
439120.0,12159.0,
13144.0,7140.0,
286393.0,12159.0,
13198.0,7032.0,
13316.0,7205.0,
252945.0,7188.0,
135769.0,12717.0,
13278.0,7160.0,
449170.0,12195.0,
13240.0,7028.0,
358300.0,12291.0,
13444.0,7053.0,
13294.0,717.0,
264754.0,6797.0,
387534.0,4817.0,
13376.0,1087385.0,
381666.0,7343.0,
13220.0,773.0,
703968.0,769.0,
13300.0,8443.0,
234681.0,12292.0,
13402.0,7128.0,
371620.0,7187.0,
13242.0,12296.0,
358897.0,7206.0,
13198.0,7142.0,
432485.0,12410.0,
397347.0,7035.0,
13262.0,7174.0,
140752.0,12178.0,
13208.0,7117.0,
365787.0,12146.0,
13316.0,7154.0,
333518.0,12191.0,
367250.0,7158.0,
13230.0,12191.0,
13230.0,6944.0,
282367.0,12223.0,
232132.0,7174.0,
13284.0,7236.0,
375935.0,12273.0,
13284.0,7103.0,
356033.0,7206.0,
13300.0,12544.0,
95027.0,7174.0,
13300.0,12447.0,
244845.0,7187.0,
13154.0,7154.0,
394517.0,12278.0,
13284.0,12205.0,
332849.0,7090.0,
371993.0,7187.0,
13230.0,773.0,
13166.0,7359.0,
264800.0,761.0,
371133.0,7117.0,
13338.0,7108.0,
372023.0,12148.0,
13176.0,6975.0,
363790.0,12128.0,
13262.0,7142.0,
13134.0,7035.0,
265593.0,12159.0,
135448.0,6932.0,
13252.0,12228.0,
384841.0,7192.0,
13188.0,12518.0,
371910.0,7090.0,
13124.0,7427.0,
286272.0,825.0,
13198.0,12400.0,
293524.0,7154.0,
13300.0,7117.0,
13284.0,7105.0,
255108.0,7155.0,
13294.0,7201.0,
229756.0,7035.0,
359882.0,12340.0,
13216.0,7188.0,
13090.0,7149.0,
364776.0,7169.0,
359727.0,7169.0,
13166.0,7187.0,
362772.0,7103.0,
13300.0,12630.0,
367213.0,7174.0,
13220.0,6975.0,
385789.0,7285.0,
13252.0,773.0,
232948.0,7041.0,
371883.0,7023.0,
13334.0,7301.0,
13144.0,7169.0,
291834.0,12294.0,
375901.0,7224.0,
13216.0,7154.0,
371733.0,12096.0,
13338.0,7149.0,
13102.0,773.0,
233302.0,7079.0,
385661.0,12208.0,
13144.0,7126.0,
361611.0,7117.0,
13284.0,12340.0,
375075.0,7160.0,
13198.0,7085.0,
371546.0,7066.0,
13364.0,12128.0,
360088.0,7213.0,
13252.0,8735.0,
355578.0,825.0,
13176.0,12116.0,
360407.0,7076.0,
13134.0,7199.0,
289255.0,7085.0,
13198.0,7267.0,
13176.0,773.0,
230349.0,6930.0,
13198.0,12321.0,
233974.0,7169.0,
13198.0,7105.0,
256168.0,12596.0,
13208.0,7122.0,
237142.0,12195.0,
377664.0,7110.0,
13166.0,7201.0,
358534.0,773.0,
13198.0,7322.0,
370019.0,7073.0,
13058.0,7117.0,
13380.0,12091.0,
438911.0,7110.0,
13316.0,12761.0,
189167.0,7224.0,
360798.0,7128.0,
13198.0,12240.0,
291917.0,12689.0,
13198.0,7124.0,
13316.0,7169.0,
331137.0,813.0,
286715.0,7371.0,
6712.0,12105.0,
6776.0,7174.0,
6712.0,7168.0,
6712.0,7154.0,
6712.0,773.0,
6776.0,8651.0,
6744.0,41267.0,
8334.0,7228.0,
357697.0,825.0,
13316.0,7053.0,
240798.0,7483.0,
13364.0,773.0,
13294.0,12278.0,
237562.0,6996.0,
371858.0,7109.0,
13338.0,12711.0,
13316.0,6907.0,
264877.0,7205.0,
358208.0,12558.0,
13188.0,7224.0,
13262.0,7155.0,
265121.0,7092.0,
358026.0,414185.0,
13416.0,7174.0,
431696.0,13072.0,
13230.0,7187.0,
374213.0,12186.0,
13284.0,7142.0,
372920.0,414689.0,
13208.0,7382.0,
372439.0,7140.0,
13252.0,12160.0,
13134.0,7190.0,
264684.0,12045.0,
286684.0,7129.0,
13240.0,7160.0,
259384.0,413996.0,
13284.0,7135.0,
302429.0,284371.0,
13198.0,7168.0,
358567.0,825.0,
13248.0,7549.0,
286288.0,7149.0,
13274.0,7219.0,
358278.0,7105.0,
13450.0,12117.0,
13434.0,7124.0,
356076.0,7067.0,
13208.0,7040.0,
333851.0,12096.0,
13144.0,7119.0,
264865.0,7172.0,
377423.0,12264.0,
13251.0,12436.0,
237087.0,7058.0,
13198.0,7192.0,
235729.0,12310.0,
13198.0,7169.0,
13348.0,7173.0,
238310.0,12570.0,
239264.0,7172.0,
13208.0,7090.0,
240237.0,12210.0,
13312.0,12401.0,
13176.0,6982.0,
265068.0,7153.0,
259642.0,12159.0,
13230.0,7206.0,
358479.0,8311.0,
13144.0,7053.0,
367099.0,12306.0,
13352.0,7000.0,
265332.0,7163.0,
13026.0,7155.0,
236083.0,7117.0,
13198.0,7105.0,
288177.0,7920.0,
13386.0,7167.0,
671356.0,7205.0,
885429.0,7581.0,
893771.0,717.0,
889398.0,12287.0,
893158.0,6950.0,
891038.0,7021.0,
886854.0,717.0,
885715.0,7071.0,
889361.0,7128.0,
886016.0,12346.0,
885633.0,7058.0,
884219.0,12159.0,
886645.0,7187.0,
890270.0,7105.0,
885904.0,7087.0,
891106.0,7188.0,
891143.0,12167.0,
889818.0,825.0,
888120.0,7093.0,
890332.0,7091.0,
887813.0,769.0,
884216.0,12425.0,
893283.0,7092.0,
888802.0,7192.0,
889870.0,12346.0,
891087.0,12244.0,
889369.0,7206.0,
888590.0,6579.0,
886738.0,6976.0,
890894.0,12278.0,
884030.0,12599.0,
894059.0,7108.0,
887061.0,12128.0,
891906.0,7108.0,
889142.0,6655.0,
891220.0,100057.0,
888230.0,6623.0,
885327.0,7105.0,
893477.0,12080.0,
885471.0,7124.0,
883706.0,12199.0,
889668.0,7078.0,
889487.0,303950.0,
886900.0,6579.0,
887879.0,92994.0,
890507.0,6643.0,
886108.0,7122.0,
883331.0,215414.0,
890763.0,6611.0,
892863.0,437916.0,
884731.0,6611.0,
890798.0,6599.0,
888723.0,236761.0,
13519.0,184440.0,
387894.0,6667.0,
888967.0,7090.0,
886446.0,187638.0,
895717.0,12265.0,
891600.0,7122.0,
887096.0,203828.0,
891135.0,7206.0,
889989.0,121059.0,
889883.0,6611.0,
889141.0,7169.0,
890886.0,550264.0,
888050.0,156517.0,
890517.0,6547.0,
888458.0,6591.0,
889671.0,99419.0,
887316.0,6655.0,
885871.0,12242.0,
890481.0,7172.0,
886651.0,7160.0,
891873.0,12287.0,
889597.0,7092.0,
888627.0,40323.0,
888505.0,6591.0,
887791.0,7192.0,
891915.0,12270.0,
884911.0,12175.0,
886653.0,7192.0,
892446.0,518050.0,
888081.0,7174.0,
889654.0,12127.0,
886471.0,205125.0,
888462.0,7160.0,
892280.0,12306.0,
889419.0,7256.0,
889325.0,12164.0,
883879.0,7092.0,
884676.0,497761.0,
889991.0,6591.0,
891891.0,12205.0,
889236.0,7210.0,
895470.0,12241.0,
883187.0,7014.0,
887002.0,486123.0,
887292.0,6623.0,
891349.0,225775.0,
886066.0,6731.0,
884350.0,105653.0,
890618.0,6655.0,
886532.0,6623.0,
891124.0,6547.0,
890987.0,7154.0,
890952.0,193180.0,
886515.0,12208.0,
889297.0,7122.0,
891180.0,7160.0,
887071.0,434488.0,
887532.0,12128.0,
887942.0,7154.0,
889388.0,7192.0,
883036.0,7210.0,
886573.0,12096.0,
886276.0,7206.0,
888378.0,144018.0,
886889.0,12681.0,
889092.0,7174.0,
886144.0,7140.0,
886649.0,222329.0,
887661.0,243188.0,
889838.0,7192.0,
174966.0,7155.0,
889203.0,453283.0,
886257.0,7192.0,
890261.0,7087.0,
888615.0,12282.0,
886186.0,7174.0,
889237.0,7224.0,
885906.0,213692.0,
891757.0,6515.0,
883654.0,186008.0,
889576.0,7174.0,
890739.0,514215.0,
891606.0,6611.0,
892323.0,7078.0,
885958.0,114358.0,
888604.0,6611.0,
888400.0,7142.0,
885394.0,455397.0,
886887.0,6635.0,
890821.0,239816.0,
887649.0,7338.0,
892605.0,7201.0,
885091.0,7072.0,
888539.0,12314.0,
892506.0,7237.0,
887068.0,226123.0,
890312.0,7092.0,
885185.0,7053.0,
886855.0,7140.0,
887084.0,12554.0,
890974.0,460537.0,
882961.0,7192.0,
892796.0,206674.0,
886897.0,7174.0,
889058.0,6611.0,
892756.0,6953.0,
894231.0,717.0,
887735.0,7058.0,
887189.0,12096.0,
889805.0,7174.0,
893424.0,206554.0,
890677.0,7135.0,
887827.0,6611.0,
894421.0,166494.0,
892470.0,12192.0,
884062.0,7160.0,
887882.0,7122.0,
893049.0,7117.0,
884996.0,178922.0,
885655.0,12249.0,
884551.0,7058.0,
887680.0,12120.0,
889949.0,449201.0,
889226.0,7078.0,
882737.0,12336.0,
886836.0,7154.0,
889119.0,6623.0,
888142.0,93590.0,
888674.0,6578.0,
890954.0,7110.0,
887534.0,12102.0,
891997.0,173251.0,
887196.0,7123.0,
890562.0,107915.0,
887568.0,6611.0,
888649.0,209451.0,
887072.0,6579.0,
889700.0,318634.0,
888810.0,6559.0,
889346.0,240215.0,
886261.0,7154.0,
885597.0,7122.0,
891652.0,12292.0,
892445.0,12292.0,
889696.0,7154.0,
889644.0,7154.0,
892375.0,12508.0,
890293.0,7171.0,
889369.0,12300.0,
891166.0,7032.0,
891050.0,236330.0,
886033.0,203641.0,
891956.0,7174.0,
891590.0,7142.0,
889252.0,182973.0,
863518.0,6643.0,
883621.0,6579.0,
896017.0,7288.0,
11153.0,239530.0,
525569.0,7076.0,
11217.0,12689.0,
522082.0,7055.0,
10981.0,7122.0,
584680.0,209064.0,
534375.0,213383.0,
11254.0,7338.0,
524413.0,12871.0,
11067.0,7078.0,
11089.0,12327.0,
527581.0,7174.0,
11023.0,46814.0,
494675.0,6631.0,
11129.0,7172.0,
524986.0,439548.0,
525829.0,447828.0,
10883.0,7122.0,
662368.0,12081.0,
11077.0,7224.0,
535569.0,7090.0,
10996.0,171137.0,
533850.0,456643.0,
11212.0,7140.0,
527340.0,194649.0,
10839.0,6579.0,
526428.0,584161.0,
11099.0,6463.0,
532151.0,514644.0,
11163.0,6579.0,
534762.0,7032.0,
11198.0,208541.0,
522361.0,8616.0,
11025.0,14135.0,
173863.0,12371.0,
11035.0,7160.0,
258585.0,210066.0,
10959.0,6623.0,
10971.0,7124.0,
523016.0,229550.0,
117922.0,239989.0,
522705.0,6707.0,
11097.0,6643.0,
533827.0,13884.0,
11082.0,68592.0,
533266.0,6611.0,
10986.0,6711.0,
10959.0,12327.0,
524663.0,7026.0,
534485.0,7224.0,
11338.0,554341.0,
11013.0,205975.0,
522732.0,7238.0,
522524.0,257636.0,
10937.0,6655.0,
230047.0,245695.0,
11065.0,7108.0,
11045.0,204587.0,
524445.0,7210.0,
11109.0,6611.0,
264136.0,220951.0,
287576.0,7122.0,
11045.0,7087.0,
10959.0,206620.0,
218957.0,7270.0,
588113.0,7192.0,
11097.0,12270.0,
662846.0,272664.0,
11193.0,6611.0,
534788.0,6655.0,
11158.0,37312.0,
526746.0,6699.0,
10959.0,55816.0,
621159.0,7108.0,
11023.0,437306.0,
535859.0,7122.0,
11134.0,206489.0,
533447.0,7286.0,
11050.0,12634.0,
125798.0,7060.0,
10993.0,437608.0,
533209.0,6599.0,
11092.0,7128.0,
665001.0,12411.0,
11121.0,6591.0,
11163.0,83699.0,
527934.0,6623.0,
11045.0,158477.0,
526066.0,6567.0,
522234.0,7174.0,
11195.0,12210.0,
11043.0,7035.0,
256622.0,769.0,
534504.0,6711.0,
10974.0,567831.0,
526616.0,6643.0,
11131.0,70256.0,
525855.0,308658.0,
11119.0,6623.0,
534769.0,7283.0,
11114.0,228288.0,
533571.0,7058.0,
10910.0,7154.0,
533855.0,12392.0,
11082.0,6579.0,
533675.0,40649.0,
11136.0,165958.0,
10979.0,6655.0,
586876.0,8626.0,
526797.0,460121.0,
10989.0,13998.0,
535088.0,7135.0,
11136.0,538057.0,
534158.0,227095.0,
11308.0,6611.0,
11242.0,152354.0,
534322.0,6623.0,
16778.0,211035.0,
10981.0,7092.0,
11185.0,12231.0,
281800.0,7072.0,
362972.0,12159.0,
10807.0,7210.0,
665059.0,7178.0,
11013.0,12329.0,
535076.0,109492.0,
11050.0,7155.0,
522053.0,196922.0,
11057.0,7211.0,
524758.0,7205.0,
11013.0,505028.0,
11108.0,6611.0,
525588.0,117976.0,
521927.0,7160.0,
11131.0,7154.0,
531716.0,206765.0,
11077.0,7154.0,
533762.0,12628.0,
11092.0,7078.0,
534397.0,207747.0,
10878.0,12246.0,
665718.0,7154.0,
10873.0,6599.0,
532510.0,7122.0,
11151.0,12337.0,
663592.0,7160.0,
10991.0,12373.0,
526821.0,7160.0,
11077.0,12735.0,
533188.0,7060.0,
11156.0,13028.0,
11055.0,12241.0,
526186.0,7174.0,
17848.0,7117.0,
11129.0,6611.0,
256079.0,6655.0,
664281.0,83699.0,
10991.0,524177.0,
664163.0,6623.0,
11151.0,186415.0,
663323.0,6655.0,
10819.0,6655.0,
10964.0,207139.0,
533681.0,7092.0,
11045.0,12488.0,
663099.0,211503.0,
11121.0,7078.0,
527665.0,7160.0,
534160.0,184817.0,
11104.0,6547.0,
663516.0,212200.0,
10959.0,7140.0,
533367.0,458655.0,
11222.0,7155.0,
533725.0,117399.0,
11222.0,7191.0,
583965.0,34344.0,
11087.0,6623.0,
11077.0,7124.0,
526211.0,12451.0,
11077.0,203472.0,
265539.0,7154.0,
183017.0,7014.0,
11131.0,186584.0,
524742.0,7023.0,
11097.0,267224.0,
534284.0,6611.0,
11006.0,6950.0,
10905.0,231806.0,
528133.0,7160.0,
180859.0,12784.0,
10905.0,202199.0,
11053.0,6611.0,
661728.0,6591.0,
526056.0,489692.0,
10895.0,6655.0,
522009.0,211253.0,
11141.0,7206.0,
492584.0,7028.0,
11077.0,12087.0,
526778.0,457530.0,
11055.0,7046.0,
282333.0,469889.0,
11067.0,6515.0,
526018.0,6547.0,
11077.0,7154.0,
527485.0,206758.0,
11067.0,7073.0,
16387.0,152290.0,
10851.0,6783.0,
11131.0,12188.0,
662555.0,7108.0,
523874.0,186295.0,
10927.0,7172.0,
523469.0,67101.0,
10777.0,6579.0,
527630.0,12374.0,
532971.0,7014.0,
11276.0,7174.0,
10045.0,6644.0,
11023.0,6643.0,
123320.0,7154.0,
10959.0,12424.0,
524300.0,12315.0,
11043.0,7110.0,
151982.0,7174.0,
11097.0,12160.0,
11215.0,460172.0,
525727.0,7174.0,
533815.0,6599.0,
11082.0,42101.0,
10959.0,6579.0,
526168.0,6699.0,
10927.0,7040.0,
524346.0,12309.0,
16257.0,7174.0,
11013.0,208106.0,
11198.0,440102.0,
533303.0,7256.0,
11185.0,12067.0,
521644.0,7140.0,
525533.0,73996.0,
10831.0,6643.0,
533496.0,7224.0,
11104.0,3759.0,
534465.0,54473.0,
11244.0,6623.0,
535806.0,7105.0,
11286.0,773.0,
533501.0,7160.0,
11276.0,12296.0,
257981.0,6579.0,
10959.0,13386.0,
521151.0,7160.0,
11121.0,7108.0,
11082.0,222045.0,
295967.0,140332.0,
321847.0,7174.0,
10969.0,158784.0,
526775.0,6579.0,
11023.0,7192.0,
10980.0,207589.0,
526925.0,543812.0,
259782.0,7122.0,
10981.0,12141.0,
663553.0,7000.0,
11013.0,12351.0,
662672.0,7169.0,
10991.0,265664.0,
11161.0,6579.0,
522923.0,434217.0,
10927.0,7206.0,
664173.0,6804.0,
11153.0,185281.0,
526685.0,12917.0,
339686.0,7142.0,
330817.0,7053.0,
10980.0,6610.0,
11188.0,37204.0,
534157.0,7254.0,
11249.0,12210.0,
531752.0,6591.0,
663705.0,6913.0,
10819.0,85595.0,
525371.0,6547.0,
10871.0,6655.0,
10996.0,40605.0,
534733.0,205045.0,
532574.0,7192.0,
10959.0,205272.0,
11067.0,7206.0,
538510.0,7154.0,
527352.0,233437.0,
11151.0,198424.0,
527215.0,6646.0,
11011.0,6976.0,
534130.0,552007.0,
11104.0,12178.0,
535030.0,7206.0,
11124.0,227730.0,
366012.0,6611.0,
10989.0,6611.0,
521876.0,99329.0,
11097.0,6635.0,
532199.0,193753.0,
11104.0,7206.0,
11109.0,34332.0,
525667.0,6667.0,
11099.0,7124.0,
526320.0,205492.0,
521358.0,12236.0,
11237.0,7028.0,
587208.0,7208.0,
11045.0,12374.0,
281853.0,7172.0,
10959.0,12698.0,
663359.0,457419.0,
480851.0,7121.0,
11077.0,7128.0,
663819.0,7250.0,
10927.0,186696.0,
664246.0,255807.0,
10863.0,55749.0,
523558.0,6655.0,
12366.0,7174.0,
161801.0,12178.0,
11109.0,7137.0,
281016.0,566336.0,
11131.0,6643.0,
11136.0,13126.0,
104741.0,6900.0,
521711.0,56041.0,
10883.0,6527.0,
176164.0,12062.0,
11131.0,7124.0,
661423.0,503355.0,
11077.0,7174.0,
62798.0,12570.0,
11097.0,6591.0,
11183.0,55661.0,
528292.0,7174.0,
11136.0,12310.0,
534873.0,7122.0,
10939.0,12128.0,
256591.0,7206.0,
533445.0,242899.0,
11050.0,6559.0,
533846.0,6591.0,
11146.0,198787.0,
11185.0,207884.0,
527177.0,7154.0,
259511.0,6623.0,
10991.0,252550.0,
224205.0,6547.0,
11168.0,68592.0,
522323.0,6655.0,
10883.0,7078.0,
123826.0,439972.0,
10991.0,12422.0,
525054.0,7172.0,
10873.0,7251.0,
534269.0,7174.0,
11094.0,444471.0,
485552.0,514564.0,
10991.0,6591.0,
313680.0,200340.0,
11141.0,6647.0,
11136.0,439718.0,
535272.0,6579.0,
533519.0,4471.0,
11180.0,6623.0,
112479.0,7206.0,
11151.0,186161.0,
533413.0,7072.0,
11094.0,204677.0,
539120.0,760951.0,
10905.0,7079.0,
586596.0,781.0,
11109.0,7105.0,
521967.0,187708.0,
534049.0,7092.0,
11146.0,7205.0,
535777.0,12555.0,
11168.0,7192.0,
587382.0,224615.0,
526883.0,7003.0,
11139.0,308907.0,
11227.0,6611.0,
259309.0,7122.0,
525213.0,12310.0,
10937.0,6623.0,
112324.0,7155.0,
11045.0,7242.0,
662427.0,12383.0,
10957.0,3715.0,
11227.0,6796.0,
528951.0,7224.0,
10957.0,12374.0,
497298.0,12355.0,
473802.0,7160.0,
10937.0,7032.0,
489524.0,12506.0,
10841.0,7192.0,
439006.0,463997.0,
10947.0,6756.0,
10981.0,7160.0,
473406.0,12146.0,
514373.0,7142.0,
10925.0,12347.0,
556829.0,83635.0,
10905.0,6687.0,
10957.0,456987.0,
496410.0,7205.0,
473771.0,278591.0,
10775.0,7155.0,
475116.0,7090.0,
10937.0,459786.0,
491324.0,40541.0,
11043.0,6655.0,
437349.0,12240.0,
10991.0,7108.0,
511739.0,6667.0,
10849.0,7154.0,
15892.0,12538.0,
491084.0,459192.0,
10745.0,7160.0,
11021.0,7073.0,
500338.0,436909.0,
474173.0,7140.0,
10839.0,285898.0,
474476.0,7072.0,
10743.0,208844.0,
502258.0,7092.0,
10821.0,12324.0,
508977.0,186417.0,
10917.0,7174.0,
10905.0,6667.0,
475247.0,177159.0,
11065.0,12405.0,
510719.0,7154.0,
557043.0,6635.0,
11099.0,7197.0,
10927.0,12285.0,
515654.0,6611.0,
472644.0,6958.0,
11119.0,12246.0,
490720.0,6655.0,
10873.0,6559.0,
475719.0,6611.0,
11031.0,198820.0,
475201.0,61583.0,
475890.0,6475.0,
11107.0,7206.0,
509707.0,7160.0,
11185.0,12328.0,
11021.0,7090.0,
499495.0,437963.0,
10935.0,6611.0,
475378.0,6655.0,
11055.0,214667.0,
474559.0,7108.0,
11669.0,6623.0,
479178.0,6591.0,
11243.0,234859.0,
497547.0,6687.0,
10895.0,6579.0,
501932.0,513661.0,
508793.0,566356.0,
11097.0,6655.0,
488920.0,7236.0,
10883.0,130778.0,
488947.0,7174.0,
10967.0,12304.0,
557543.0,127532.0,
10991.0,6547.0,
489414.0,7076.0,
11021.0,773.0,
474290.0,13770.0,
10819.0,12442.0,
474565.0,7142.0,
10915.0,120907.0,
475846.0,6591.0,
10873.0,6711.0,
490464.0,212043.0,
10777.0,6635.0,
556059.0,235410.0,
11023.0,7192.0,
515638.0,120029.0,
11023.0,6655.0,
479281.0,7085.0,
10861.0,773.0,
11067.0,7122.0,
511808.0,206262.0,
474602.0,183090.0,
10967.0,7092.0,
514193.0,6591.0,
11011.0,7041.0,
11077.0,7242.0,
511091.0,12710.0,
10797.0,186507.0,
490983.0,6591.0,
439194.0,6655.0,
474127.0,12345.0,
10807.0,7174.0,
480994.0,158980.0,
10797.0,6643.0,
473844.0,7174.0,
10873.0,437157.0,
472014.0,7174.0,
10831.0,12186.0,
472631.0,7140.0,
11001.0,13051.0,
11077.0,7122.0,
438035.0,6515.0,
472231.0,7192.0,
10883.0,238119.0,
12473.0,7158.0,
498656.0,184455.0,
10819.0,12310.0,
474675.0,7174.0,
489181.0,6603.0,
10979.0,513917.0,
489541.0,7142.0,
11185.0,12210.0,
510493.0,6579.0,
11141.0,99417.0,
11001.0,7160.0,
476654.0,12410.0,
515558.0,11204.0,
10893.0,6611.0,
11075.0,12310.0,
474591.0,7140.0,
473896.0,42190.0,
10915.0,6599.0,
473253.0,12090.0,
11055.0,7174.0,
555488.0,6800.0,
11247.0,319381.0,
10919.0,189755.0,
477294.0,6711.0,
557653.0,576569.0,
10809.0,6623.0,
485123.0,6526.0,
10840.0,269812.0,
11087.0,435313.0,
497228.0,7256.0,
490850.0,246400.0,
10959.0,6655.0,
510414.0,6591.0,
11249.0,185466.0,
10809.0,224310.0,
437234.0,6623.0,
473542.0,582313.0,
10969.0,6547.0,
511571.0,489814.0,
11139.0,6679.0,
11043.0,6515.0,
165372.0,437582.0,
11195.0,487788.0,
478626.0,6535.0,
477062.0,7201.0,
11912.0,161694.0,
501058.0,6579.0,
10954.0,327470.0,
474309.0,488762.0,
10809.0,7026.0,
437922.0,537591.0,
10797.0,435421.0,
437754.0,7160.0,
490143.0,491858.0,
10959.0,6623.0,
476245.0,6559.0,
10871.0,253758.0,
508829.0,6643.0,
11109.0,288089.0,
15955.0,302567.0,
10841.0,6731.0,
507843.0,6547.0,
11023.0,193219.0,
4785.0,204813.0,
4785.0,7137.0,
4721.0,7137.0,
4725.0,505453.0,
4753.0,242937.0,
4721.0,6547.0,
4765.0,6667.0,
4725.0,543685.0,
4725.0,7635.0,
4785.0,773.0,
4785.0,435506.0,
4785.0,7174.0,
4785.0,174580.0,
4785.0,6623.0,
4725.0,6611.0,
4785.0,264061.0,
4721.0,825.0,
4725.0,7465.0,
4765.0,6611.0,
4785.0,156270.0,
472663.0,489738.0,
4785.0,6687.0,
4725.0,434953.0,
4725.0,7040.0,
4785.0,514365.0,
4785.0,6667.0,
4725.0,6591.0,
4785.0,234762.0,
4725.0,581721.0,
4745.0,6611.0,
4725.0,219031.0,
4785.0,6611.0,
4721.0,6611.0,
4785.0,183126.0,
4817.0,136128.0,
5467.0,6643.0,
5201.0,6635.0,
516127.0,193417.0,
11097.0,212480.0,
509747.0,6579.0,
10971.0,304894.0,
514754.0,6611.0,
10905.0,7155.0,
10785.0,507235.0,
472331.0,7438.0,
11055.0,530880.0,
514166.0,6623.0,
10839.0,185097.0,
474251.0,6611.0,
11173.0,498510.0,
511090.0,6623.0,
476081.0,6515.0,
10981.0,566522.0,
437599.0,6623.0,
10969.0,585232.0,
473686.0,487161.0,
10765.0,6591.0,
488679.0,322114.0,
11053.0,6579.0,
488212.0,486149.0,
10871.0,6591.0,
481034.0,100524.0,
11001.0,6623.0,
11043.0,436626.0,
437466.0,7174.0,
11001.0,825.0,
474307.0,7496.0,
437724.0,489922.0,
10731.0,6611.0,
10753.0,192074.0,
474631.0,7158.0,
471368.0,435442.0,
10937.0,539972.0,
11023.0,6623.0,
510382.0,531366.0,
475415.0,162967.0,
11107.0,6591.0,
481685.0,493927.0,
10797.0,6599.0,
483713.0,486520.0,
11604.0,6623.0,
488937.0,486588.0,
10870.0,6611.0,
11055.0,6655.0,
489320.0,531579.0,
474497.0,6578.0,
11075.0,360269.0,
10937.0,187707.0,
475165.0,6623.0,
10969.0,514467.0,
439169.0,6623.0,
11139.0,8081.0,
510497.0,50666.0,
439642.0,566399.0,
10745.0,6667.0,
482073.0,7192.0,
10893.0,435566.0,
10883.0,566965.0,
474425.0,6547.0,
477330.0,773.0,
11053.0,7067.0,
508629.0,40519.0,
11173.0,6611.0,
11023.0,6655.0,
514518.0,530298.0,
490095.0,7519.0,
11057.0,177432.0,
514539.0,6643.0,
11129.0,6977.0,
10957.0,41071.0,
496883.0,7206.0,
10797.0,436115.0,
474037.0,7356.0,
229083.0,536518.0,
11033.0,6559.0,
438601.0,68669.0,
489569.0,494278.0,
10937.0,6962.0,
489763.0,67141.0,
11087.0,6579.0,
11055.0,7085.0,
437726.0,291861.0,
438052.0,295371.0,
10905.0,6611.0,
474058.0,7103.0,
11053.0,306893.0,
473846.0,6643.0,
11099.0,283033.0,
476307.0,532808.0,
11055.0,6655.0,
10935.0,488657.0,
438836.0,6643.0,
11033.0,7149.0,
474710.0,516229.0,
10937.0,486061.0,
515458.0,6667.0,
483438.0,578353.0,
10989.0,530020.0,
474867.0,6547.0,
10871.0,104766.0,
11087.0,6591.0,
515123.0,174916.0,
11033.0,6611.0,
474695.0,504492.0,
514049.0,7488.0,
11097.0,6623.0,
490472.0,221083.0,
10863.0,567538.0,
10883.0,6623.0,
438534.0,6547.0,
10991.0,252868.0,
490383.0,6611.0,
488511.0,236003.0,
11193.0,566705.0,
10969.0,6579.0,
474249.0,566390.0,
475634.0,6615.0,
11055.0,7172.0,
473480.0,435560.0,
10935.0,6547.0,
473538.0,200078.0,
10967.0,435322.0,
245184.0,6994.0,
11183.0,529527.0,
488501.0,6579.0,
10883.0,184950.0,
514455.0,6579.0,
10991.0,305487.0,
488193.0,241229.0,
10829.0,6615.0,
11257.0,191985.0,
495654.0,6679.0,
488781.0,282989.0,
10935.0,6591.0,
491791.0,7137.0,
557226.0,535206.0,
10959.0,6655.0,
10905.0,486184.0,
489970.0,435948.0,
10807.0,7160.0,
438338.0,6643.0,
11447.0,11224.0,
437176.0,283315.0,
474012.0,6623.0,
10979.0,6631.0,
555396.0,539599.0,
11129.0,529843.0,
11129.0,6611.0,
440421.0,7311.0,
489468.0,200511.0,
11001.0,6611.0,
475202.0,122186.0,
10797.0,6559.0,
479885.0,252123.0,
11045.0,6611.0,
437658.0,358214.0,
10895.0,6579.0,
10981.0,437058.0,
483282.0,7092.0,
10903.0,6643.0,
187108.0,174649.0,
489596.0,488288.0,
11015.0,6667.0,
474962.0,486142.0,
10721.0,6655.0,
11325.0,539843.0,
474541.0,6643.0,
516175.0,177985.0,
10959.0,6599.0,
516124.0,538534.0,
4785.0,6643.0,
4785.0,576149.0,
4753.0,6611.0,
5172.0,226860.0,
4777.0,6561.0,
4785.0,6699.0,
4785.0,540983.0,
4745.0,7174.0,
4725.0,435390.0,
472514.0,6655.0,
4725.0,472201.0,
4725.0,7306.0,
4725.0,435273.0,
4785.0,7117.0,
4725.0,537439.0,
4681.0,515311.0,
4701.0,6631.0,
4713.0,493358.0,
4661.0,530602.0,
4817.0,6623.0,
4721.0,7143.0,
4785.0,41095.0,
4725.0,6611.0,
4785.0,252545.0,
4765.0,490820.0,
4721.0,6684.0,
4605.0,253208.0,
4785.0,6643.0,
4733.0,264426.0,
4753.0,6699.0,
4745.0,321926.0,
4745.0,6667.0,
4745.0,6611.0,
4757.0,224374.0,
4713.0,129224.0,
4785.0,6635.0,
4725.0,486891.0,
438884.0,147704.0,
10883.0,6643.0,
474814.0,177934.0,
10851.0,6699.0,
557331.0,269826.0,
11121.0,6572.0,
10967.0,6591.0,
474075.0,321123.0,
150158.0,177214.0,
11249.0,6591.0,
10711.0,531517.0,
476746.0,6675.0,
474475.0,486331.0,
11001.0,6579.0,
10818.0,533041.0,
186143.0,6579.0,
11085.0,7535.0,
497770.0,438947.0,
11033.0,435632.0,
474400.0,7122.0,
11013.0,447992.0,
556663.0,6579.0,
438128.0,7192.0,
10927.0,435104.0,
510415.0,235325.0,
11013.0,6559.0,
10947.0,6643.0,
497785.0,538301.0,
473699.0,6623.0,
11055.0,495396.0,
489033.0,224385.0,
11107.0,6643.0,
473402.0,6655.0,
10947.0,519126.0,
438444.0,7219.0,
10777.0,514056.0,
488919.0,6623.0,
10883.0,179567.0,
10980.0,6599.0,
437820.0,251693.0,
11139.0,6655.0,
489904.0,252032.0,
479988.0,6611.0,
10701.0,6463.0,
515306.0,486049.0,
11119.0,432367.0,
488653.0,6667.0,
11109.0,6643.0,
488862.0,284106.0,
11121.0,7108.0,
11139.0,434758.0,
488895.0,6611.0,
10519.0,251855.0,
457289.0,530303.0,
558653.0,6515.0,
10991.0,582117.0,
11099.0,6643.0,
480276.0,555400.0,
10883.0,6611.0,
220048.0,7482.0,
15817.0,7597.0,
10959.0,582105.0,
16128.0,6611.0,
11055.0,7073.0,
15990.0,6547.0,
10969.0,492698.0,
16025.0,489925.0,
10829.0,6638.0,
15882.0,6558.0,
10755.0,102736.0,
16108.0,6579.0,
11001.0,486849.0,
16109.0,434886.0,
11013.0,7014.0,
15979.0,40969.0,
10871.0,7169.0,
11055.0,566675.0,
16031.0,6579.0,
15748.0,6982.0,
11021.0,434811.0,
11067.0,6579.0,
15822.0,199778.0,
15897.0,6547.0,
10841.0,200212.0,
11001.0,218826.0,
16000.0,6623.0,
15753.0,6623.0,
11131.0,245287.0,
16156.0,6787.0,
10669.0,119930.0,
16001.0,6599.0,
10777.0,246765.0,
10701.0,6591.0,
16051.0,246455.0,
10883.0,7087.0,
16086.0,12081.0,
10969.0,7174.0,
15793.0,7117.0,
15936.0,7169.0,
10969.0,7185.0,
16195.0,12175.0,
11001.0,7154.0,
10935.0,7083.0,
16118.0,12079.0,
16170.0,6994.0,
10969.0,7243.0,
15723.0,7153.0,
10893.0,7155.0,
16142.0,485740.0,
10883.0,7122.0,
10965.0,12244.0,
15830.0,12196.0,
15797.0,7046.0,
11087.0,7092.0,
16257.0,12240.0,
10969.0,7219.0,
11936.0,7137.0,
15917.0,535782.0,
11053.0,7117.0,
16073.0,159599.0,
10883.0,7110.0,
16020.0,12160.0,
16226.0,12128.0,
10796.0,7154.0,
15839.0,7169.0,
10829.0,7172.0,
15849.0,12264.0,
10991.0,12205.0,
10915.0,7060.0,
15850.0,7251.0,
10969.0,7169.0,
15987.0,505674.0,
11008.0,7169.0,
16524.0,525277.0,
16153.0,7035.0,
10979.0,13774.0,
15761.0,7169.0,
10819.0,12205.0,
15837.0,7174.0,
11099.0,12290.0,
16474.0,7160.0,
10935.0,7187.0,
10969.0,507248.0,
15915.0,12072.0,
10787.0,7154.0,
15946.0,7167.0,
16152.0,529674.0,
10935.0,6958.0,
10905.0,12141.0,
16066.0,7008.0,
15943.0,12205.0,
10735.0,7039.0,
16110.0,12178.0,
10967.0,12583.0,
15786.0,7000.0,
10849.0,7174.0,
17451.0,266948.0,
10873.0,7187.0,
17268.0,521438.0,
10777.0,7174.0,
16149.0,12096.0,
10937.0,7169.0,
15894.0,6926.0,
16077.0,12176.0,
11089.0,7201.0,
11020.0,12191.0,
15729.0,7192.0,
16009.0,7169.0,
11119.0,12387.0,
15945.0,7124.0,
11021.0,6913.0,
15916.0,502720.0,
10905.0,7169.0,
15855.0,7135.0,
11292.0,7141.0,
16054.0,7117.0,
11021.0,6982.0,
16082.0,12114.0,
10863.0,7167.0,
15849.0,11987.0,
10979.0,7178.0,
16055.0,7201.0,
11031.0,12146.0,
10713.0,7044.0,
15987.0,7187.0,
16132.0,12112.0,
10777.0,7072.0,
15748.0,12241.0,
11087.0,7008.0,
15966.0,7117.0,
10797.0,7169.0,
16118.0,7058.0,
11001.0,12128.0,
15912.0,508759.0,
10883.0,7035.0,
15691.0,12290.0,
10893.0,7206.0,
16096.0,7073.0,
10841.0,7108.0,
16032.0,12310.0,
10710.0,7117.0,
16159.0,537188.0,
11303.0,12259.0,
10934.0,7012.0,
15963.0,7087.0,
12055.0,7131.0,
16158.0,7135.0,
10893.0,514590.0,
11065.0,7073.0,
15745.0,7071.0,
10819.0,7181.0,
15958.0,7135.0,
10861.0,7124.0,
15924.0,12178.0,
11065.0,7105.0,
15796.0,7117.0,
10849.0,7137.0,
15976.0,7076.0,
15987.0,12128.0,
10581.0,7206.0,
16428.0,12178.0,
10969.0,12250.0,
10849.0,7090.0,
16140.0,7169.0,
15952.0,12128.0,
10785.0,7078.0,
16048.0,7155.0,
10883.0,7087.0,
11427.0,7201.0,
15956.0,532035.0,
15667.0,7121.0,
11011.0,485285.0,
10871.0,7070.0,
15808.0,7103.0,
16041.0,6971.0,
11055.0,502910.0,
16195.0,7087.0,
10893.0,7188.0,
10755.0,12260.0,
15837.0,7179.0,
10883.0,7126.0,
16066.0,12119.0,
10959.0,7195.0,
15765.0,7253.0,
10819.0,536701.0,
17149.0,12047.0,
10935.0,7206.0,
16001.0,12255.0,
10905.0,7046.0,
15924.0,7103.0,
10895.0,12210.0,
16130.0,7092.0,
15891.0,7117.0,
10989.0,7169.0,
11021.0,7117.0,
15833.0,12159.0,
15722.0,7174.0,
10969.0,12141.0,
10903.0,7142.0,
16172.0,7117.0,
10853.0,7058.0,
15832.0,12310.0,
11089.0,7103.0,
16086.0,7090.0,
10905.0,12194.0,
16020.0,7236.0,
16086.0,12099.0,
10767.0,12130.0,
11055.0,7206.0,
17113.0,7067.0,
10763.0,534582.0,
15754.0,7215.0,
16162.0,12173.0,
10679.0,7206.0,
16012.0,12127.0,
11119.0,7206.0,
10935.0,7091.0,
16292.0,12264.0,
17280.0,7210.0,
10819.0,14099.0,
15981.0,7073.0,
10797.0,12191.0,
10993.0,7096.0,
15935.0,7187.0,
10883.0,12107.0,
15796.0,7122.0,
16086.0,7028.0,
10831.0,12136.0,
16064.0,7053.0,
11011.0,498051.0,
10935.0,7090.0,
15958.0,12062.0,
10915.0,7135.0,
16018.0,12049.0,
15955.0,7122.0,
11107.0,7187.0,
11034.0,7035.0,
16003.0,284428.0,
10981.0,12233.0,
17110.0,7142.0,
10841.0,12273.0,
15817.0,7206.0,
10797.0,7160.0,
16022.0,12219.0,
15985.0,7153.0,
10969.0,7169.0,
15829.0,506396.0,
10797.0,12210.0,
11001.0,7192.0,
15745.0,7041.0,
16079.0,13816.0,
10615.0,12414.0,
17704.0,7026.0,
10915.0,12108.0,
16109.0,6982.0,
10883.0,7117.0,
17795.0,7053.0,
16067.0,6971.0,
10969.0,528918.0,
10959.0,7140.0,
16306.0,12295.0,
17311.0,7219.0,
16431.0,7140.0,
11001.0,12224.0,
17463.0,7134.0,
11719.0,13874.0,
15817.0,7192.0,
16632.0,12132.0,
12121.0,7040.0,
10861.0,12046.0,
15859.0,12240.0,
15774.0,7032.0,
10819.0,7103.0,
15863.0,7117.0,
11087.0,7072.0,
16239.0,12128.0,
10883.0,7117.0,
11141.0,7122.0,
16060.0,12016.0,
11107.0,12341.0,
15570.0,7142.0,
11055.0,12196.0,
16032.0,7140.0,
15837.0,7053.0,
10883.0,7173.0,
10883.0,7210.0,
16120.0,12127.0,
15713.0,7117.0,
10969.0,7141.0,
16280.0,7169.0,
10959.0,12141.0,
17274.0,7338.0,
10935.0,7085.0,
16152.0,7160.0,
11028.0,12223.0,
15806.0,7192.0,
10787.0,12046.0,
16172.0,12196.0,
11055.0,7174.0,
16556.0,7085.0,
16019.0,7117.0,
11099.0,7103.0,
10969.0,493998.0,
15936.0,7149.0,
15915.0,7117.0,
10883.0,7224.0,
11087.0,12360.0,
15862.0,12155.0,
10959.0,7108.0,
16094.0,7135.0,
10935.0,12091.0,
16019.0,7174.0,
15925.0,6932.0,
10883.0,522916.0,
10787.0,7053.0,
15716.0,530174.0,
11033.0,7183.0,
15741.0,834215.0,
10807.0,7087.0,
15782.0,515069.0,
16128.0,7110.0,
10915.0,12241.0,
10947.0,12011.0,
16099.0,7141.0,
15915.0,7169.0,
10969.0,7199.0,
11055.0,12194.0,
15761.0,7123.0,
10777.0,7110.0,
10905.0,12246.0,
15960.0,12173.0,
15732.0,6932.0,
11185.0,7169.0,
15817.0,7053.0,
10883.0,534743.0,
12061.0,7181.0,
94589.0,7155.0,
15821.0,7035.0,
10969.0,7169.0,
11151.0,7187.0,
16455.0,12161.0,
12569.0,7060.0,
15733.0,7167.0,
4725.0,516221.0,
13432.0,12382.0,
4725.0,7076.0,
4785.0,7135.0,
4785.0,7040.0,
4661.0,12162.0,
11001.0,7105.0,
15847.0,342679.0,
16152.0,12051.0,
10959.0,7008.0,
16032.0,6913.0,
10915.0,7149.0,
16411.0,7108.0,
10969.0,12278.0,
16870.0,12023.0,
10969.0,7124.0,
18789.0,7219.0,
11617.0,12049.0,
11131.0,7224.0,
16097.0,7117.0,
16119.0,7103.0,
11066.0,12583.0,
10829.0,7206.0,
15937.0,7105.0,
15978.0,7155.0,
10797.0,12210.0,
17264.0,6926.0,
10914.0,12182.0,
17387.0,7046.0,
15852.0,7135.0,
10925.0,7617.0,
13303.0,12120.0,
4849.0,7117.0,
4721.0,7155.0,
4817.0,7169.0,
5137.0,514867.0,
4785.0,7035.0,
10959.0,12146.0,
16089.0,7124.0,
15989.0,7053.0,
10993.0,7187.0,
17418.0,7199.0,
383653.0,7172.0,
16107.0,12130.0,
11021.0,7110.0,
15938.0,12241.0,
10797.0,188065.0,
11023.0,6962.0,
16590.0,394414.0,
10883.0,7110.0,
16236.0,124298.0,
11055.0,7028.0,
16033.0,12155.0,
10743.0,513510.0,
16032.0,7160.0,
15754.0,7206.0,
10701.0,402757.0,
11075.0,131055.0,
15849.0,7108.0,
16070.0,260049.0,
10819.0,7208.0,
11151.0,479319.0,
16521.0,717.0,
17040.0,42410.0,
10863.0,717.0,
15970.0,159334.0,
11055.0,7032.0,
15604.0,7154.0,
10957.0,47885.0,
425636.0,7072.0,
10726.0,75394.0,
10640.0,7142.0,
15672.0,116827.0,
10866.0,132928.0,
176531.0,7110.0,
15930.0,717.0,
10834.0,7351.0,
15921.0,494033.0,
10866.0,7000.0,
15748.0,276544.0,
10898.0,7128.0,
10782.0,79987.0,
16030.0,7110.0,
15820.0,12160.0,
10876.0,7206.0,
16437.0,717.0,
10674.0,12621.0,
433725.0,7192.0,
10886.0,239932.0,
10953.0,7272.0,
15721.0,825.0,
16491.0,7119.0,
11048.0,233987.0,
16948.0,7040.0,
11058.0,7026.0,
67513.0,413162.0,
10886.0,7078.0,
15822.0,122905.0,
15927.0,276447.0,
11058.0,7128.0,
10834.0,7192.0,
163819.0,142529.0,
84131.0,133265.0,
10974.0,7090.0,
10886.0,188247.0,
16158.0,7012.0,
10918.0,7174.0,
84505.0,410999.0,
16895.0,275935.0,
11070.0,7094.0,
10834.0,7108.0,
17050.0,48882.0,
10942.0,291366.0,
16048.0,7438.0,
10822.0,7206.0,
15925.0,12440.0,
135783.0,158877.0,
15661.0,7124.0,
10792.0,291502.0,
10835.0,7192.0,
16013.0,7142.0,
15918.0,133520.0,
10704.0,717.0,
79900.0,7117.0,
7048.0,515816.0,
4721.0,7014.0,
19043.0,112695.0,
10834.0,300043.0,
16512.0,7122.0,
11423.0,507112.0,
16333.0,7035.0,
11008.0,7210.0,
10952.0,49233.0,
435070.0,32475.0,
11266.0,7108.0,
425088.0,132967.0,
15909.0,79118.0,
11036.0,7184.0,
17971.0,140307.0,
424021.0,7040.0,
10726.0,390284.0,
15804.0,7040.0,
10942.0,7192.0,
175640.0,134780.0,
11018.0,290989.0,
16147.0,7173.0,
426255.0,7058.0,
15696.0,140643.0,
10822.0,7142.0,
15616.0,411253.0,
15708.0,290986.0,
10866.0,7000.0,
10856.0,7040.0,
425818.0,12242.0,
10844.0,825.0,
15603.0,7249.0,
17251.0,7172.0,
10854.0,159199.0,
10866.0,492968.0,
15822.0,7564.0,
10834.0,289297.0,
73937.0,7046.0,
16529.0,7026.0,
10780.0,132868.0,
10920.0,7160.0,
17241.0,12164.0,
15870.0,288442.0,
10716.0,7142.0,
15788.0,86137.0,
10994.0,7058.0,
425494.0,7110.0,
10834.0,47595.0,
16199.0,130041.0,
10952.0,7110.0,
10844.0,7206.0,
16158.0,12397.0,
10908.0,290731.0,
15815.0,7109.0,
17334.0,7160.0,
10918.0,12965.0,
104378.0,7154.0,
10994.0,159412.0,
16208.0,7090.0,
11004.0,13289.0,
11006.0,285183.0,
16030.0,7298.0,
16051.0,261592.0,
10910.0,7192.0,
17034.0,136699.0,
10910.0,7128.0,
10932.0,294786.0,
179618.0,7479.0,
16442.0,404051.0,
10782.0,7026.0,
426079.0,132985.0,
10864.0,7014.0,
16366.0,151630.0,
10738.0,7173.0,
19016.0,264497.0,
10866.0,7174.0,
420436.0,492190.0,
10866.0,6958.0,
15956.0,495261.0,
10696.0,7110.0,
15777.0,391530.0,
10834.0,7134.0,
205269.0,297527.0,
10920.0,7126.0,
10920.0,276881.0,
16610.0,7160.0,
15879.0,140611.0,
208295.0,7154.0,
10854.0,119068.0,
16107.0,6982.0,
10814.0,410727.0,
10693.0,7028.0,
16936.0,773.0,
17520.0,7135.0,
16301.0,7172.0,
10770.0,133339.0,
178827.0,769.0,
10830.0,7023.0,
11014.0,268033.0,
86660.0,7122.0,
51449.0,500248.0,
10834.0,7174.0,
16429.0,287320.0,
10885.0,7174.0,
15708.0,47778.0,
10972.0,7160.0,
15861.0,494096.0,
10824.0,7078.0,
10716.0,6976.0,
17128.0,181876.0,
10920.0,133187.0,
15949.0,7174.0,
180890.0,173346.0,
10920.0,7110.0,
15943.0,864909.0,
10972.0,717.0,
10898.0,7005.0,
15705.0,4825.0,
16854.0,12793.0,
10718.0,7128.0,
16059.0,825.0,
10866.0,7155.0,
16406.0,509264.0,
10834.0,7026.0,
427017.0,262058.0,
10998.0,7160.0,
105202.0,536941.0,
10940.0,7298.0,
16262.0,276505.0,
10630.0,6994.0,
427161.0,511279.0,
169168.0,262845.0,
10822.0,7142.0,
16717.0,7192.0,
10930.0,13104.0,
15739.0,407715.0,
10662.0,7044.0,
11004.0,158918.0,
17269.0,7174.0,
10800.0,132843.0,
16330.0,7124.0,
425354.0,7192.0,
10834.0,160300.0,
426855.0,132053.0,
11028.0,7090.0,
15713.0,773.0,
10728.0,7119.0,
15908.0,7008.0,
10748.0,12894.0,
11374.0,773.0,
427797.0,7307.0,
11038.0,7124.0,
16847.0,77172.0,
10950.0,41043.0,
15711.0,6985.0,
15573.0,773.0,
10780.0,7217.0,
15876.0,7206.0,
10834.0,47946.0,
51250.0,773.0,
10856.0,7117.0,
87289.0,264346.0,
10866.0,7124.0,
15818.0,769.0,
10834.0,7026.0,
427753.0,295079.0,
10952.0,7092.0,
10610.0,773.0,
16043.0,7053.0,
10834.0,182021.0,
16450.0,7330.0,
16092.0,773.0,
10896.0,7087.0,
15857.0,287822.0,
10940.0,7174.0,
11052.0,47374.0,
15762.0,7124.0,
10898.0,12487.0,
10952.0,7110.0,
15908.0,292897.0,
15708.0,7090.0,
10674.0,493217.0,
10748.0,7010.0,
17076.0,7122.0,
15858.0,87426.0,
10620.0,410408.0,
10758.0,7000.0,
15905.0,7218.0,
16005.0,139588.0,
10696.0,411541.0,
15746.0,7000.0,
10748.0,196428.0,
10770.0,7397.0,
164897.0,285587.0,
18030.0,7224.0,
10792.0,187952.0,
15942.0,6930.0,
10674.0,7108.0,
10974.0,85343.0,
16238.0,264710.0,
17727.0,7206.0,
16690.0,494901.0,
11004.0,7111.0,
10588.0,74888.0,
15758.0,7224.0,
16272.0,261293.0,
10780.0,7012.0,
15832.0,130986.0,
10886.0,7142.0,
10866.0,240974.0,
15780.0,7174.0,
11038.0,505891.0,
213048.0,7192.0,
15869.0,159942.0,
10800.0,7224.0,
15793.0,7224.0,
10898.0,12174.0,
10672.0,7174.0,
15723.0,130389.0,
424347.0,279073.0,
10780.0,7447.0,
16090.0,299638.0,
10696.0,7222.0,
10822.0,769.0,
16019.0,7506.0,
15963.0,47510.0,
10812.0,7172.0,
15792.0,505591.0,
10890.0,7490.0,
15656.0,7090.0,
10716.0,113322.0,
15867.0,191677.0,
10790.0,7174.0,
178814.0,7154.0,
10768.0,130322.0,
15906.0,773.0,
10930.0,6945.0,
15919.0,7108.0,
10898.0,85530.0,
15779.0,7154.0,
16548.0,11965.0,
10802.0,40976.0,
15774.0,282622.0,
11213.0,7406.0,
10728.0,261925.0,
15835.0,7110.0,
16402.0,121995.0,
11123.0,7174.0,
11004.0,77058.0,
15880.0,7122.0,
15885.0,717.0,
10760.0,7121.0,
15774.0,7154.0,
10694.0,74335.0,
10918.0,136789.0,
16027.0,7174.0,
17392.0,7174.0,
10748.0,414007.0,
10770.0,410040.0,
425610.0,7000.0,
16057.0,41041.0,
10866.0,7167.0,
10918.0,298762.0,
17647.0,7092.0,
10950.0,280850.0,
173643.0,7174.0,
16023.0,773.0,
10802.0,7117.0,
15909.0,7124.0,
10716.0,138724.0,
15979.0,12943.0,
10972.0,7058.0,
426052.0,7192.0,
10878.0,12251.0,
11038.0,299394.0,
15625.0,7058.0,
16889.0,161648.0,
10674.0,7192.0,
423966.0,7192.0,
10706.0,85367.0,
16958.0,7206.0,
10718.0,12171.0,
10822.0,7008.0,
16094.0,400273.0,
10802.0,7092.0,
15760.0,138692.0,
10642.0,7154.0,
16133.0,131270.0,
11322.0,513414.0,
16355.0,7000.0,
10748.0,513598.0,
133138.0,7040.0,
11289.0,12114.0,
10694.0,7040.0,
15941.0,12122.0,
17286.0,7493.0,
10942.0,510658.0,
16640.0,7079.0,
10652.0,7178.0,
425679.0,12492.0,
10952.0,7192.0,
15841.0,160309.0,
10844.0,47748.0,
15706.0,7122.0,
10822.0,773.0,
15944.0,7013.0,
10782.0,49215.0,
16225.0,7174.0,
11003.0,7174.0,
15759.0,74707.0,
10920.0,497839.0,
10886.0,16116.0,
426681.0,7212.0,
10770.0,769.0,
15855.0,8491.0,
16934.0,281672.0,
10822.0,7585.0,
15694.0,294779.0,
10780.0,6982.0,
427041.0,508709.0,
10780.0,7046.0,
15909.0,134209.0,
15822.0,7192.0,
429545.0,773.0,
10940.0,7155.0,
15795.0,291415.0,
10694.0,6976.0,
10716.0,267706.0,
16203.0,7488.0,
16049.0,493611.0,
10940.0,6994.0,
11640.0,187350.0,
99805.0,6976.0,
17616.0,7174.0,
10814.0,136723.0,
16047.0,288982.0,
16406.0,7072.0,
10910.0,262185.0,
424800.0,7011.0,
10704.0,244408.0,
10825.0,7090.0,
16398.0,284982.0,
10886.0,7174.0,
406599.0,12037.0,
10898.0,7142.0,
16389.0,106064.0,
16378.0,493552.0,
10716.0,6982.0,
12366.0,47826.0,
15771.0,7224.0,
15927.0,178284.0,
10748.0,7330.0,
10856.0,292323.0,
15972.0,7012.0,
15491.0,275146.0,
10696.0,7224.0,
17584.0,119106.0,
17456.0,161076.0,
10758.0,7154.0,
17270.0,7306.0,
11006.0,119465.0,
15917.0,7838.0,
10716.0,7224.0,
15896.0,,
200970.0,,
10930.0,,
16044.0,,
10662.0,,
15704.0,,
10758.0,,
10748.0,,
15634.0,,
15780.0,,
11006.0,,
13252.0,,
450438.0,,
689408.0,,
13348.0,,
13306.0,,
406875.0,,
376718.0,,
13144.0,,
13338.0,,
234950.0,,
391569.0,,
13316.0,,
393637.0,,
13144.0,,
453989.0,,
13144.0,,
376435.0,,
13198.0,,
6680.0,,
675140.0,,
13058.0,,
13268.0,,
434791.0,,
13418.0,,
431016.0,,
437084.0,,
13326.0,,
296338.0,,
13252.0,,
695688.0,,
458955.0,,
13198.0,,
151192.0,,
13352.0,,
13198.0,,
696837.0,,
13294.0,,
452375.0,,
13154.0,,
665505.0,,
446826.0,,
13268.0,,
13334.0,,
396888.0,,
670482.0,,
13261.0,,
13262.0,,
696464.0,,
363820.0,,
689789.0,,
13252.0,,
13434.0,,
432862.0,,
13284.0,,
430620.0,,
13252.0,,
453476.0,,
377681.0,,
13144.0,,
687724.0,,
13434.0,,
670772.0,,
13090.0,,
407454.0,,
13248.0,,
13262.0,,
443684.0,,
385618.0,,
13299.0,,
13348.0,,
386896.0,,
13434.0,,
382325.0,,
671943.0,,
13344.0,,
671359.0,,
13058.0,,
439793.0,,
13144.0,,
451141.0,,
13450.0,,
13154.0,,
395708.0,,
445697.0,,
13112.0,,
13278.0,,
377916.0,,
458155.0,,
13262.0,,
434626.0,,
13364.0,,
358291.0,,
446416.0,,
13252.0,,
13466.0,,
387251.0,,
393770.0,,
13198.0,,
444951.0,,
13386.0,,
13262.0,,
454443.0,,
688272.0,,
13230.0,,
689824.0,,
13134.0,,
449199.0,,
13316.0,,
455205.0,,
447381.0,,
13284.0,,
668520.0,,
13143.0,,
670057.0,,
13262.0,,
443126.0,,
13208.0,,
670153.0,,
13278.0,,
663827.0,,
443579.0,,
13088.0,,
439287.0,,
13348.0,,
449408.0,,
13300.0,,
445923.0,,
13080.0,,
13316.0,,
449987.0,,
13166.0,,
388838.0,,
686423.0,,
13188.0,,
377383.0,,
13316.0,,
198364.0,,
13364.0,,
671002.0,,
13316.0,,
393664.0,,
13268.0,,
448448.0,,
13284.0,,
13296.0,,
380839.0,,
13166.0,,
386931.0,,
13364.0,,
234527.0,,
13166.0,,
693872.0,,
387411.0,,
13428.0,,
381785.0,,
13176.0,,
13248.0,,
462474.0,,
664432.0,,
13090.0,,
440226.0,,
13230.0,,
13284.0,,
694525.0,,
13220.0,,
137941.0,,
13112.0,,
360127.0,,
373804.0,,
13364.0,,
369347.0,,
6712.0,,
6712.0,,
6712.0,,
6712.0,,
6712.0,,
6776.0,,
6712.0,,
6776.0,,
6776.0,,
8326.0,,
13306.0,,
396889.0,,
13388.0,,
369227.0,,
447833.0,,
670402.0,,
13300.0,,
251220.0,,
13252.0,,
440242.0,,
13252.0,,
393479.0,,
13316.0,,
687726.0,,
13294.0,,
13090.0,,
293246.0,,
687755.0,,
13380.0,,
435255.0,,
13338.0,,
385990.0,,
13166.0,,
470155.0,,
13262.0,,
378230.0,,
13252.0,,
13198.0,,
393345.0,,
671272.0,,
13284.0,,
13337.0,,
472331.0,,
13316.0,,
662916.0,,
383055.0,,
13416.0,,
429251.0,,
13354.0,,
689553.0,,
669795.0,,
13294.0,,
13220.0,,
446030.0,,
234400.0,,
13144.0,,
671467.0,,
13134.0,,
13220.0,,
395050.0,,
670264.0,,
13284.0,,
13300.0,,
387811.0,,
13364.0,,
388938.0,,
692915.0,,
13166.0,,
670740.0,,
13348.0,,
672901.0,,
13252.0,,
438256.0,,
13198.0,,
672092.0,,
13316.0,,
452671.0,,
13316.0,,
13176.0,,
375243.0,,
669790.0,,
13220.0,,
13144.0,,
296323.0,,
669420.0,,
13198.0,,
361258.0,,
13418.0,,
13208.0,,
384625.0,,
696406.0,,
13220.0,,
391668.0,,
13262.0,,
671520.0,,
13112.0,,
13144.0,,
447234.0,,
369215.0,,
13198.0,,
670975.0,,
13198.0,,
13112.0,,
238512.0,,
13144.0,,
394378.0,,
13338.0,,
463889.0,,
137763.0,,
13166.0,,
670701.0,,
13166.0,,
670390.0,,
13402.0,,
13220.0,,
137498.0,,
437489.0,,
13300.0,,
13268.0,,
431269.0,,
454833.0,,
13262.0,,
13220.0,,
445754.0,,
474314.0,,
13262.0,,
13198.0,,
434992.0,,
13332.0,,
399147.0,,
13228.0,,
151273.0,,
454492.0,,
13300.0,,
13364.0,,
6744.0,,
406829.0,,
13450.0,,
13364.0,,
237884.0,,
689700.0,,
13330.0,,
13300.0,,
383594.0,,
396393.0,,
13176.0,,
671622.0,,
13090.0,,
452540.0,,
13284.0,,
236911.0,,
13284.0,,
694574.0,,
13552.0,,
436435.0,,
13198.0,,
432371.0,,
13364.0,,
433453.0,,
13262.0,,
688666.0,,
13262.0,,
395291.0,,
13270.0,,
671303.0,,
13176.0,,
13175.0,,
459370.0,,
393120.0,,
13402.0,,
13294.0,,
446136.0,,
237309.0,,
13198.0,,
393601.0,,
13386.0,,
13334.0,,
434839.0,,
13418.0,,
393263.0,,
13262.0,,
465929.0,,
687446.0,,
13176.0,,
695716.0,,
13154.0,,
672709.0,,
13685.0,,
378811.0,,
437213.0,,
13262.0,,
13230.0,,
451544.0,,
13262.0,,
446182.0,,
670842.0,,
13166.0,,
438354.0,,
13326.0,,
13166.0,,
432454.0,,
13208.0,,
390856.0,,
671613.0,,
13338.0,,
13358.0,,
466059.0,,
13374.0,,
374804.0,,
687936.0,,
13176.0,,
13364.0,,
693372.0,,
670199.0,,
13198.0,,
671626.0,,
13284.0,,
690315.0,,
13240.0,,
667120.0,,
13284.0,,
670004.0,,
13294.0,,
394404.0,,
13364.0,,
13236.0,,
441478.0,,
375862.0,,
13316.0,,
686285.0,,
13272.0,,
240007.0,,
13322.0,,
13248.0,,
137987.0,,
13284.0,,
696488.0,,
670572.0,,
13230.0,,
13278.0,,
456859.0,,
13230.0,,
453161.0,,
398542.0,,
13248.0,,
10905.0,,
475114.0,,
16076.0,,
10819.0,,
475156.0,,
10797.0,,
10935.0,,
473303.0,,
11119.0,,
496894.0,,
12207.0,,
15996.0,,
225580.0,,
11183.0,,
15997.0,,
10807.0,,
417457.0,,
10839.0,,
474083.0,,
10957.0,,
11116.0,,
16818.0,,
146810.0,,
10861.0,,
15980.0,,
10895.0,,
486477.0,,
10723.0,,
10999.0,,
501158.0,,
15957.0,,
10861.0,,
473885.0,,
10755.0,,
471091.0,,
4790.0,,
4900.0,,
4785.0,,
4757.0,,
4725.0,,
4765.0,,
4785.0,,
4797.0,,
4745.0,,
4849.0,,
4725.0,,
4785.0,,
4785.0,,
4785.0,,
4725.0,,
4701.0,,
4725.0,,
4745.0,,
4745.0,,
4785.0,,
4849.0,,
4785.0,,
4785.0,,
4721.0,,
4745.0,,
4725.0,,
4661.0,,
4785.0,,
4681.0,,
4785.0,,
4785.0,,
4725.0,,
4969.0,,
4757.0,,
4745.0,,
4785.0,,
4785.0,,
11001.0,,
474464.0,,
11045.0,,
474495.0,,
10927.0,,
474215.0,,
10933.0,,
440694.0,,
11021.0,,
472291.0,,
10807.0,,
473998.0,,
480875.0,,
10819.0,,
10967.0,,
474959.0,,
15927.0,,
10947.0,,
18165.0,,
11485.0,,
495886.0,,
10883.0,,
15729.0,,
10915.0,,
495585.0,,
11107.0,,
11021.0,,
16755.0,,
16271.0,,
10713.0,,
10819.0,,
500827.0,,
440919.0,,
11338.0,,
16418.0,,
121295.0,,
4625.0,,
10799.0,,
11447.0,,
474973.0,,
16130.0,,
11045.0,,
437681.0,,
10927.0,,
15916.0,,
10775.0,,
10991.0,,
474241.0,,
16213.0,,
11001.0,,
10991.0,,
437168.0,,
16273.0,,
10969.0,,
10927.0,,
15745.0,,
15956.0,,
11021.0,,
16423.0,,
11151.0,,
10883.0,,
437694.0,,
475294.0,,
11003.0,,
475349.0,,
10809.0,,
490019.0,,
11045.0,,
11021.0,,
475649.0,,
15987.0,,
10935.0,,
16062.0,,
10969.0,,
15818.0,,
10969.0,,
438869.0,,
10841.0,,
10981.0,,
15911.0,,
16149.0,,
11055.0,,
10819.0,,
480174.0,,
15939.0,,
10821.0,,
436645.0,,
11087.0,,
475390.0,,
10679.0,,
10957.0,,
15968.0,,
15805.0,,
11021.0,,
16204.0,,
10915.0,,
10955.0,,
438045.0,,
488489.0,,
10699.0,,
480927.0,,
10883.0,,
479207.0,,
11254.0,,
10882.0,,
16056.0,,
475450.0,,
12373.0,,
15559.0,,
11123.0,,
489300.0,,
10935.0,,
10999.0,,
474024.0,,
475278.0,,
16149.0,,
11055.0,,
15892.0,,
10775.0,,
10903.0,,
15927.0,,
16150.0,,
10691.0,,
476327.0,,
11117.0,,
10819.0,,
437646.0,,
11087.0,,
16025.0,,
164487.0,,
10883.0,,
10883.0,,
16010.0,,
15913.0,,
10819.0,,
11055.0,,
16488.0,,
11119.0,,
495505.0,,
474586.0,,
10797.0,,
10659.0,,
15892.0,,
10883.0,,
501496.0,,
10883.0,,
474480.0,,
437982.0,,
10969.0,,
473961.0,,
11013.0,,
11327.0,,
439813.0,,
10905.0,,
436604.0,,
438633.0,,
10957.0,,
15872.0,,
10905.0,,
15934.0,,
10843.0,,
16172.0,,
10981.0,,
489401.0,,
10733.0,,
10925.0,,
473887.0,,
438822.0,,
10883.0,,
15980.0,,
10935.0,,
15898.0,,
10915.0,,
479044.0,,
15965.0,,
10979.0,,
11009.0,,
15649.0,,
15993.0,,
10947.0,,
15793.0,,
11021.0,,
11020.0,,
15955.0,,
16172.0,,
10831.0,,
16194.0,,
10915.0,,
437275.0,,
11119.0,,
11529.0,,
474510.0,,
473938.0,,
10957.0,,
16119.0,,
11067.0,,
498607.0,,
16408.0,,
10915.0,,
15944.0,,
10991.0,,
10935.0,,
473585.0,,
474274.0,,
11107.0,,
10837.0,,
15777.0,,
15893.0,,
11021.0,,
15802.0,,
10829.0,,
11085.0,,
497540.0,,
488796.0,,
10967.0,,
473885.0,,
10969.0,,
10701.0,,
439198.0,,
10947.0,,
480972.0,,
10981.0,,
16203.0,,
10959.0,,
16110.0,,
4725.0,,
212636.0,,
4785.0,,
4725.0,,
4785.0,,
4725.0,,
4725.0,,
4745.0,,
4785.0,,
4725.0,,
4725.0,,
4785.0,,
4785.0,,
4785.0,,
4681.0,,
4785.0,,
4725.0,,
15946.0,,
10969.0,,
16258.0,,
11079.0,,
472299.0,,
10907.0,,
10743.0,,
437697.0,,
11124.0,,
504985.0,,
10883.0,,
503629.0,,
10915.0,,
16659.0,,
11077.0,,
15961.0,,
11065.0,,
11003.0,,
15913.0,,
15828.0,,
11021.0,,
16117.0,,
10849.0,,
474310.0,,
10797.0,,
10923.0,,
472913.0,,
11031.0,,
508418.0,,
16047.0,,
10883.0,,
11203.0,,
499779.0,,
126324.0,,
10993.0,,
10851.0,,
15946.0,,
473358.0,,
10979.0,,
15841.0,,
10969.0,,
473138.0,,
10883.0,,
479504.0,,
10905.0,,
16055.0,,
11055.0,,
437983.0,,
10753.0,,
475799.0,,
11283.0,,
473760.0,,
11053.0,,
500456.0,,
10841.0,,
10969.0,,
477200.0,,
15999.0,,
10809.0,,
473675.0,,
10947.0,,
16121.0,,
10883.0,,
10969.0,,
480349.0,,
489329.0,,
10745.0,,
437345.0,,
10605.0,,
473691.0,,
10915.0,,
15968.0,,
10883.0,,
10765.0,,
473996.0,,
10915.0,,
497050.0,,
487718.0,,
10625.0,,
16097.0,,
10915.0,,
15976.0,,
11055.0,,
10971.0,,
16163.0,,
472831.0,,
11131.0,,
477142.0,,
10947.0,,
10713.0,,
15863.0,,
11033.0,,
472843.0,,
11090.0,,
498870.0,,
16098.0,,
10659.0,,
16173.0,,
10969.0,,
16053.0,,
10991.0,,
16130.0,,
10957.0,,
441372.0,,
162999.0,,
10659.0,,
16185.0,,
11097.0,,
16076.0,,
10895.0,,
15849.0,,
10625.0,,
473692.0,,
10657.0,,
10819.0,,
15913.0,,
479498.0,,
11743.0,,
10797.0,,
15701.0,,
10989.0,,
488552.0,,
10819.0,,
473500.0,,
11070.0,,
438036.0,,
11001.0,,
473940.0,,
500199.0,,
10999.0,,
489609.0,,
10883.0,,
16175.0,,
10883.0,,
15991.0,,
10849.0,,
16216.0,,
11055.0,,
473115.0,,
11053.0,,
473025.0,,
10915.0,,
15806.0,,
11055.0,,
15987.0,,
10819.0,,
16076.0,,
10777.0,,
473896.0,,
10935.0,,
13370.0,,
13353.0,,
13267.0,,
13186.0,,
13221.0,,
13365.0,,
13301.0,,
13243.0,,
13409.0,,
13519.0,,
13253.0,,
13557.0,,
13297.0,,
13387.0,,
13419.0,,
13385.0,,
13317.0,,
13523.0,,
13199.0,,
13451.0,,
13313.0,,
13269.0,,
13636.0,,
13381.0,,
13252.0,,
13455.0,,
13317.0,,
13221.0,,
13493.0,,
13357.0,,
13253.0,,
13221.0,,
13403.0,,
13327.0,,
13325.0,,
13387.0,,
13253.0,,
13397.0,,
13301.0,,
13391.0,,
13215.0,,
13735.0,,
13167.0,,
13523.0,,
13381.0,,
13399.0,,
13387.0,,
14113.0,,
13453.0,,
13242.0,,
13371.0,,
13387.0,,
13496.0,,
13487.0,,
13371.0,,
13387.0,,
13355.0,,
13353.0,,
13269.0,,
13617.0,,
13519.0,,
13519.0,,
13437.0,,
13355.0,,
13387.0,,
13452.0,,
13353.0,,
14103.0,,
13369.0,,
13459.0,,
13409.0,,
13370.0,,
13523.0,,
13269.0,,
13817.0,,
13087.0,,
13365.0,,
13609.0,,
13370.0,,
13271.0,,
13607.0,,
13303.0,,
13284.0,,
13461.0,,
13177.0,,
13221.0,,
13267.0,,
13335.0,,
13579.0,,
13314.0,,
13623.0,,
13387.0,,
13403.0,,
13465.0,,
13693.0,,
13131.0,,
13689.0,,
13403.0,,
13473.0,,
13349.0,,
13335.0,,
13189.0,,
13435.0,,
13407.0,,
13931.0,,
13765.0,,
13237.0,,
13156.0,,
13263.0,,
13274.0,,
13317.0,,
13523.0,,
13285.0,,
13220.0,,
13621.0,,
13373.0,,
13345.0,,
13403.0,,
13455.0,,
14122.0,,
13487.0,,
13463.0,,
13537.0,,
13340.0,,
13303.0,,
15970.0,,
13449.0,,
13247.0,,
13267.0,,
13269.0,,
13356.0,,
13555.0,,
13605.0,,
13345.0,,
13198.0,,
13471.0,,
14397.0,,
13317.0,,
13355.0,,
14035.0,,
13253.0,,
13297.0,,
13481.0,,
13441.0,,
13339.0,,
13307.0,,
13366.0,,
13135.0,,
13347.0,,
13517.0,,
14552.0,,
13419.0,,
13487.0,,
13439.0,,
13534.0,,
13317.0,,
13371.0,,
13405.0,,
13487.0,,
13324.0,,
13403.0,,
13709.0,,
14235.0,,
13387.0,,
13741.0,,
13435.0,,
13371.0,,
13491.0,,
13253.0,,
13393.0,,
13441.0,,
13317.0,,
13519.0,,
14648.0,,
13477.0,,
13373.0,,
13284.0,,
13112.0,,
11042.0,,
13477.0,,
13499.0,,
13355.0,,
13461.0,,
13285.0,,
13487.0,,
13221.0,,
13163.0,,
13323.0,,
13189.0,,
13199.0,,
13338.0,,
13349.0,,
13687.0,,
13285.0,,
13198.0,,
13269.0,,
13391.0,,
13198.0,,
13329.0,,
13701.0,,
13221.0,,
13305.0,,
13449.0,,
13401.0,,
13145.0,,
13318.0,,
13231.0,,
13167.0,,
13307.0,,
13365.0,,
13317.0,,
13388.0,,
13487.0,,
13253.0,,
13221.0,,
13221.0,,
13199.0,,
13285.0,,
13339.0,,
13323.0,,
13215.0,,
13537.0,,
13371.0,,
13199.0,,
13419.0,,
13285.0,,
13365.0,,
13355.0,,
13301.0,,
13343.0,,
13339.0,,
13351.0,,
13285.0,,
13301.0,,
13301.0,,
13135.0,,
13221.0,,
13403.0,,
13221.0,,
13217.0,,
13285.0,,
13515.0,,
13363.0,,
13438.0,,
13229.0,,
14263.0,,
13219.0,,
13317.0,,
13451.0,,
13451.0,,
13541.0,,
13329.0,,
13307.0,,
13387.0,,
13231.0,,
13451.0,,
13647.0,,
13285.0,,
13487.0,,
13365.0,,
13199.0,,
13231.0,,
13365.0,,
13307.0,,
13451.0,,
13317.0,,
13167.0,,
13323.0,,
13510.0,,
13263.0,,
13499.0,,
13451.0,,
13505.0,,
13365.0,,
13441.0,,
13423.0,,
13401.0,,
13253.0,,
13253.0,,
13350.0,,
13401.0,,
13285.0,,
13409.0,,
13103.0,,
13371.0,,
13355.0,,
13435.0,,
13425.0,,
13371.0,,
13483.0,,
13365.0,,
13403.0,,
13487.0,,
13339.0,,
13274.0,,
13431.0,,
13413.0,,
13387.0,,
13450.0,,
13291.0,,
13231.0,,
13317.0,,
13371.0,,
13449.0,,
13761.0,,
13317.0,,
13383.0,,
13451.0,,
13359.0,,
13199.0,,
13365.0,,
13285.0,,
13231.0,,
13451.0,,
13285.0,,
13451.0,,
13285.0,,
13283.0,,
13135.0,,
13351.0,,
13297.0,,
13237.0,,
13199.0,,
13103.0,,
13199.0,,
13307.0,,
13441.0,,
13253.0,,
13267.0,,
13409.0,,
13329.0,,
13365.0,,
13452.0,,
13419.0,,
13231.0,,
13451.0,,
13305.0,,
13285.0,,
13275.0,,
13403.0,,
13231.0,,
13166.0,,
13365.0,,
13420.0,,
13215.0,,
13463.0,,
13329.0,,
13285.0,,
13487.0,,
13279.0,,
13227.0,,
13317.0,,
13387.0,,
13361.0,,
13252.0,,
13301.0,,
13286.0,,
13377.0,,
13401.0,,
13167.0,,
13487.0,,
13441.0,,
13167.0,,
13433.0,,
13301.0,,
13307.0,,
13405.0,,
13338.0,,
13285.0,,
13403.0,,
13301.0,,
13269.0,,
13285.0,,
13381.0,,
13451.0,,
13145.0,,
13365.0,,
13355.0,,
13355.0,,
13301.0,,
13285.0,,
13251.0,,
13451.0,,
13334.0,,
13385.0,,
13283.0,,
13441.0,,
13307.0,,
13409.0,,
13401.0,,
13253.0,,
13253.0,,
13289.0,,
13335.0,,
13451.0,,
13269.0,,
13295.0,,
13253.0,,
14634.0,,
13199.0,,
13415.0,,
13365.0,,
13231.0,,
13167.0,,
13409.0,,
13409.0,,
13337.0,,
179147.0,,
11018.0,,
11050.0,,
190469.0,,
513531.0,,
11180.0,,
11306.0,,
225911.0,,
157128.0,,
11210.0,,
11082.0,,
108393.0,,
11158.0,,
139771.0,,
241666.0,,
11264.0,,
106949.0,,
11254.0,,
9605.0,,
235588.0,,
11244.0,,
182742.0,,
10942.0,,
10880.0,,
52572.0,,
111194.0,,
11274.0,,
163756.0,,
9410.0,,
11200.0,,
11104.0,,
52767.0,,
146176.0,,
10910.0,,
224809.0,,
11136.0,,
119725.0,,
11222.0,,
11211.0,,
16292.0,,
193659.0,,
10964.0,,
52965.0,,
239051.0,,
10964.0,,
11222.0,,
107655.0,,
10996.0,,
158673.0,,
236756.0,,
11163.0,,
152536.0,,
11102.0,,
167378.0,,
11328.0,,
227460.0,,
10856.0,,
10976.0,,
156094.0,,
10996.0,,
146027.0,,
109347.0,,
11050.0,,
11254.0,,
140109.0,,
510302.0,,
11092.0,,
11232.0,,
227759.0,,
136393.0,,
11136.0,,
191228.0,,
11276.0,,
11094.0,,
16537.0,,
237060.0,,
11294.0,,
189993.0,,
11114.0,,
11276.0,,
134466.0,,
187421.0,,
11072.0,,
11255.0,,
196531.0,,
11148.0,,
244357.0,,
11178.0,,
147313.0,,
156353.0,,
10987.0,,
11008.0,,
140191.0,,
55729.0,,
11244.0,,
143081.0,,
11092.0,,
229442.0,,
11168.0,,
146335.0,,
11050.0,,
140945.0,,
139792.0,,
11114.0,,
109393.0,,
11104.0,,
136843.0,,
4637.0,,
11050.0,,
178701.0,,
11244.0,,
119585.0,,
11018.0,,
192467.0,,
11190.0,,
154840.0,,
132821.0,,
11146.0,,
155161.0,,
11286.0,,
11232.0,,
190930.0,,
237625.0,,
10996.0,,
141868.0,,
10942.0,,
226381.0,,
178831.0,,
10997.0,,
504959.0,,
11114.0,,
11072.0,,
141192.0,,
11168.0,,
160026.0,,
188696.0,,
11188.0,,
234640.0,,
11220.0,,
143255.0,,
11124.0,,
44370.0,,
11114.0,,
157925.0,,
11168.0,,
167424.0,,
11136.0,,
11169.0,,
225619.0,,
107245.0,,
11178.0,,
107519.0,,
138126.0,,
10942.0,,
138396.0,,
142768.0,,
11158.0,,
191158.0,,
11050.0,,
236001.0,,
11200.0,,
11102.0,,
235926.0,,
201462.0,,
11092.0,,
10986.0,,
107206.0,,
109775.0,,
11136.0,,
11082.0,,
147107.0,,
11168.0,,
182397.0,,
11178.0,,
108385.0,,
11372.0,,
270279.0,,
11104.0,,
236050.0,,
277577.0,,
11306.0,,
157168.0,,
11244.0,,
238158.0,,
510773.0,,
11082.0,,
143201.0,,
11210.0,,
11274.0,,
133777.0,,
141752.0,,
10996.0,,
11126.0,,
190632.0,,
11222.0,,
234613.0,,
226467.0,,
11038.0,,
11188.0,,
278029.0,,
11146.0,,
159083.0,,
180832.0,,
11255.0,,
226219.0,,
11082.0,,
237606.0,,
11212.0,,
10944.0,,
148695.0,,
182088.0,,
11264.0,,
143045.0,,
11134.0,,
107685.0,,
11124.0,,
11050.0,,
226037.0,,
237385.0,,
11104.0,,
171793.0,,
11124.0,,
11136.0,,
16758.0,,
11048.0,,
178600.0,,
11286.0,,
192051.0,,
146982.0,,
4625.0,,
11222.0,,
139892.0,,
11006.0,,
11180.0,,
152831.0,,
181136.0,,
11113.0,,
11200.0,,
182171.0,,
190275.0,,
11136.0,,
109655.0,,
4637.0,,
11190.0,,
11190.0,,
224772.0,,
11136.0,,
238079.0,,
228016.0,,
11252.0,,
11360.0,,
188570.0,,
228681.0,,
11082.0,,
140354.0,,
11263.0,,
10910.0,,
284223.0,,
241622.0,,
11180.0,,
11082.0,,
238537.0,,
159602.0,,
11073.0,,
11166.0,,
227050.0,,
9524.0,,
11082.0,,
140459.0,,
11242.0,,
141259.0,,
11019.0,,
180200.0,,
11274.0,,
235204.0,,
157672.0,,
11126.0,,
11159.0,,
234175.0,,
11144.0,,
152725.0,,
11276.0,,
146893.0,,
156433.0,,
10932.0,,
11136.0,,
107791.0,,
11048.0,,
192202.0,,
11080.0,,
140628.0,,
239184.0,,
11060.0,,
11168.0,,
146618.0,,
11072.0,,
154609.0,,
11274.0,,
224116.0,,
11082.0,,
227908.0,,
11084.0,,
228669.0,,
109589.0,,
11306.0,,
281563.0,,
11169.0,,
135452.0,,
11136.0,,
178462.0,,
11189.0,,
167673.0,,
11276.0,,
189183.0,,
10996.0,,
11168.0,,
247377.0,,
11254.0,,
159391.0,,
135224.0,,
9704.0,,
11168.0,,
4637.0,,
11308.0,,
53230.0,,
11008.0,,
181769.0,,
109214.0,,
11104.0,,
158620.0,,
11028.0,,
120163.0,,
10996.0,,
203559.0,,
11136.0,,
238246.0,,
11168.0,,
294754.0,,
11167.0,,
11168.0,,
241598.0,,
160782.0,,
11200.0,,
191600.0,,
11104.0,,
145782.0,,
11026.0,,
110153.0,,
10996.0,,
11124.0,,
225701.0,,
11158.0,,
291973.0,,
156619.0,,
11094.0,,
11156.0,,
178802.0,,
11136.0,,
129721.0,,
16001.0,,
11158.0,,
538211.0,,
109616.0,,
11180.0,,
11062.0,,
191615.0,,
52660.0,,
11222.0,,
16284.0,,
11050.0,,
16505.0,,
11168.0,,
11114.0,,
151885.0,,
16485.0,,
11072.0,,
11136.0,,
182620.0,,
198433.0,,
156892.0,,
10900.0,,
10910.0,,
107153.0,,
11222.0,,
167956.0,,
142940.0,,
11104.0,,
11222.0,,
200140.0,,
268882.0,,
11018.0,,
227388.0,,
11252.0,,
10888.0,,
143953.0,,
172562.0,,
187637.0,,
11188.0,,
11220.0,,
133333.0,,
156166.0,,
10942.0,,
247270.0,,
11222.0,,
235487.0,,
11308.0,,
500115.0,,
11200.0,,
179791.0,,
10996.0,,
11072.0,,
188918.0,,
151932.0,,
11222.0,,
153454.0,,
179314.0,,
10986.0,,
