trojan,vmess,shadowsocks
2303349.0,2260310.0,2299907.0
2311273.0,2269988.0,2302960.0
2319326.0,2258650.0,2313111.0
2322295.0,2248102.0,2300944.0
2303917.0,2260171.0,2305415.0
2318308.0,2250350.0,2294287.0
2416165.0,2261335.0,2303792.0
2314324.0,2259569.0,2296466.0
2328407.0,2257985.0,2298771.0
2310612.0,2249068.0,2301697.0
2298940.0,2277071.0,2306761.0
2306546.0,2259123.0,2299613.0
2317197.0,2266443.0,2369941.0
2322245.0,2260072.0,2300371.0
2313351.0,2259038.0,2309835.0
2323932.0,2255919.0,2311511.0
2304626.0,2258829.0,2308429.0
2306840.0,2248106.0,2302645.0
2303345.0,2258009.0,2306751.0
2305488.0,2272607.0,2307392.0
2358833.0,2258411.0,2308275.0
4651.0,2248821.0,2299113.0
2308324.0,2257007.0,2302702.0
2422907.0,2262695.0,2321313.0
2300165.0,2257834.0,2304748.0
2326067.0,2255902.0,2294047.0
2321560.0,2260097.0,2301057.0
2316389.0,2249027.0,2303410.0
2305069.0,2263586.0,2302007.0
2301072.0,2250645.0,2297571.0
2305357.0,2265887.0,2299258.0
2314991.0,2258800.0,2308467.0
2307898.0,2255902.0,2301241.0
2310112.0,2257089.0,2302119.0
2310959.0,2258616.0,2306765.0
2313293.0,2258745.0,2297382.0
2330068.0,2258378.0,2293593.0
2303427.0,2258053.0,2312312.0
2313694.0,2255692.0,2303105.0
2304429.0,2256098.0,2302036.0
2308631.0,2260289.0,2305359.0
2308166.0,2255943.0,2300023.0
2317402.0,2258620.0,2304060.0
2412519.0,2250720.0,2302294.0
2305546.0,2256227.0,2302635.0
2373011.0,2249057.0,2298817.0
2305853.0,2257313.0,2300694.0
2320048.0,2253531.0,2302508.0
2407907.0,2260755.0,2310787.0
2317613.0,2263005.0,2301214.0
2404952.0,2256579.0,2314716.0
2301023.0,2256918.0,2300302.0
2321421.0,2259623.0,2299167.0
2335229.0,2249333.0,2300816.0
2302628.0,2258335.0,2301631.0
2317924.0,2260173.0,2300064.0
2322508.0,2223211.0,2295894.0
2415283.0,2258297.0,2311851.0
2319497.0,2257041.0,2293912.0
2324390.0,2267737.0,2301251.0
2317603.0,2258070.0,2303164.0
2314081.0,2259635.0,2299770.0
2300941.0,2259693.0,2302316.0
2313716.0,2259137.0,2297529.0
2305192.0,2259274.0,2300393.0
2303590.0,2251993.0,2301415.0
2319159.0,2274956.0,2300003.0
2305772.0,2259046.0,2388071.0
2316908.0,2258518.0,2300258.0
2329127.0,2262920.0,2307440.0
2322107.0,2259107.0,2302987.0
2322281.0,2255277.0,2301028.0
2306576.0,2268011.0,2306863.0
2319007.0,2257877.0,2296975.0
2319903.0,2257633.0,2304374.0
2409512.0,2259235.0,2300014.0
2316678.0,2258997.0,2303231.0
2309635.0,2258273.0,2299281.0
2317488.0,2258078.0,2294969.0
2301446.0,2257797.0,2291058.0
2305072.0,2258512.0,2295441.0
2315396.0,2248039.0,2307827.0
2321871.0,2261582.0,2295764.0
2406373.0,2257218.0,2303337.0
2312213.0,2258768.0,2304863.0
2317383.0,2258938.0,2308488.0
2314531.0,2260155.0,2299056.0
2410852.0,2267135.0,2307700.0
2318119.0,2257637.0,2298080.0
2316018.0,2264696.0,2304070.0
2313631.0,2257088.0,2301427.0
2404127.0,2253114.0,2314165.0
2315178.0,2259227.0,2311933.0
2407746.0,2257115.0,2307843.0
2315786.0,2260846.0,2300085.0
2332602.0,2259682.0,2296723.0
2305815.0,2256781.0,2300477.0
2314175.0,2239174.0,2304296.0
2307617.0,2251116.0,2309913.0
2313666.0,2258973.0,2303148.0
2406666.0,2262245.0,2309307.0
2316079.0,2263164.0,2296831.0
2406399.0,2261935.0,2307406.0
2410175.0,2256338.0,2303561.0
2334530.0,2255530.0,2304731.0
2320963.0,2248830.0,2303392.0
2318199.0,2231328.0,2318565.0
2316654.0,2259438.0,2299351.0
2301878.0,2259692.0,2301331.0
2306366.0,2258121.0,2301589.0
2415143.0,2261799.0,2304807.0
2322786.0,2250680.0,2295176.0
2409325.0,2256308.0,2306942.0
2301934.0,2249888.0,2297987.0
2319527.0,2249304.0,2311040.0
2406082.0,2257126.0,2309374.0
2304163.0,2259317.0,2307832.0
2313380.0,2257967.0,2306713.0
2315019.0,2259239.0,2302231.0
2316423.0,2257908.0,2313646.0
2302424.0,2258520.0,2301401.0
2315803.0,2261920.0,2307610.0
2318493.0,2259317.0,2296050.0
2314212.0,2258886.0,2312668.0
2315379.0,2256244.0,2303937.0
2327978.0,2247224.0,2301873.0
2300406.0,2258776.0,2309077.0
2321583.0,2257158.0,2299086.0
2299707.0,2258500.0,2313874.0
2335267.0,2255613.0,2307164.0
2313707.0,2270142.0,2299330.0
2407177.0,2260400.0,2301232.0
2324040.0,2259910.0,2306649.0
2320609.0,2260927.0,2316757.0
2321910.0,2258310.0,2300228.0
2323649.0,2258235.0,2297861.0
2399784.0,2258398.0,2297147.0
2349279.0,2257735.0,2305608.0
2324343.0,2259063.0,2303003.0
2307102.0,2260058.0,2305748.0
2411725.0,2257200.0,2301671.0
2310367.0,2252579.0,2297112.0
2315886.0,2260067.0,2300217.0
2409501.0,2346862.0,2300034.0
2311302.0,2258769.0,2298532.0
2322589.0,2257687.0,2296125.0
2315193.0,2250186.0,2300569.0
2361512.0,2258130.0,2310724.0
2300866.0,2277062.0,2302974.0
2315720.0,2259144.0,2318705.0
2301997.0,2255502.0,2304268.0
2313869.0,2259845.0,2306731.0
2317282.0,2250817.0,2311749.0
2315594.0,2259066.0,2307164.0
2407801.0,2257010.0,2300640.0
2303432.0,2257603.0,2309734.0
2407237.0,2258769.0,2302964.0
2301973.0,2251190.0,2300389.0
2308210.0,2266017.0,2307683.0
2315858.0,2256744.0,2303175.0
2304097.0,2257909.0,2301608.0
2315677.0,2257860.0,2302452.0
2414995.0,2257082.0,2305910.0
2301836.0,2255381.0,2309642.0
2316907.0,2259489.0,2303899.0
2318087.0,2258021.0,2301590.0
2318415.0,2257165.0,2303962.0
2413023.0,2259362.0,2302371.0
2320353.0,2275953.0,2304733.0
2325326.0,2256676.0,2308693.0
2331532.0,2256777.0,2311162.0
2318203.0,2257416.0,2306536.0
2304297.0,2255995.0,2318454.0
2316652.0,2257801.0,2300438.0
2324536.0,2257515.0,2310989.0
2314147.0,2259875.0,2307116.0
2304504.0,2257241.0,2296968.0
2304617.0,2257797.0,2304930.0
2407792.0,2257850.0,2308103.0
2327877.0,2257284.0,2301024.0
2323470.0,2257806.0,2305233.0
2308026.0,2258945.0,2303356.0
2301820.0,2258753.0,2309075.0
2322974.0,2256595.0,2302101.0
2330248.0,2260455.0,2296386.0
2307968.0,2256083.0,2308741.0
2321824.0,2250892.0,2309453.0
2317324.0,2257925.0,2296303.0
2407886.0,2257191.0,2306412.0
2302538.0,2251126.0,2308511.0
2302387.0,2257294.0,2307037.0
2352678.0,2256531.0,2307143.0
2407539.0,2255546.0,2304522.0
2315682.0,2259288.0,2306724.0
2325912.0,2258715.0,2301085.0
2317888.0,2257885.0,2306453.0
2414705.0,2281392.0,2301188.0
2302584.0,2256491.0,2303839.0
2307388.0,2257742.0,2309752.0
2316208.0,2260105.0,2299726.0
2323949.0,2258072.0,2305388.0
2394677.0,2258361.0,2303883.0
2414417.0,2256887.0,2301065.0
2314851.0,2255417.0,2298533.0
2318207.0,2255718.0,2299829.0
2271027.0,2257665.0,2291822.0
293204.0,2257719.0,2306271.0
2267393.0,2257507.0,2301774.0
2272474.0,2255717.0,2299556.0
2271095.0,2257445.0,2305634.0
2270592.0,2259878.0,2306808.0
2271903.0,2266637.0,2300051.0
2268771.0,2248496.0,2302171.0
2273727.0,2250586.0,2294631.0
2270192.0,2261390.0,2337972.0
2270079.0,2259638.0,2313057.0
2273396.0,2259869.0,2327319.0
2271098.0,2258464.0,2324553.0
2269236.0,2264906.0,2327540.0
2272758.0,2258723.0,2326635.0
2273409.0,2271859.0,2321412.0
2282915.0,2262008.0,2321048.0
2266575.0,2258565.0,2325343.0
2266328.0,2255542.0,2347766.0
2270327.0,2258009.0,2350836.0
2268782.0,2348928.0,2346309.0
2270296.0,2257966.0,2310019.0
2312161.0,2259825.0,2316899.0
2272044.0,2260923.0,2314287.0
2270162.0,2265074.0,2321925.0
2266579.0,2262039.0,2315648.0
2270913.0,2263073.0,2316257.0
152330.0,2263738.0,2311743.0
208297.0,2261777.0,2317055.0
2156070.0,2263191.0,2338308.0
2270044.0,2265431.0,2311957.0
2272127.0,2264073.0,2315889.0
2270922.0,2262083.0,2315945.0
2271302.0,2260216.0,2334848.0
2271191.0,2260542.0,2315777.0
2269563.0,2302746.0,977846.0
2272268.0,2264235.0,2355078.0
2268991.0,2262428.0,2326836.0
2268265.0,2260663.0,2341868.0
2271439.0,2262122.0,2313846.0
2275249.0,2264726.0,5607.0
2270765.0,2267748.0,2313330.0
2272638.0,2263706.0,2409250.0
2268103.0,2262812.0,2319702.0
2285086.0,2262763.0,2350598.0
2269322.0,2292567.0,2349773.0
2277607.0,2262823.0,2351203.0
2268538.0,2260979.0,2351965.0
4779.0,2260649.0,2315257.0
2263408.0,2265114.0,2325715.0
4799.0,2262026.0,2360259.0
4799.0,2261175.0,2319415.0
4747.0,2262649.0,2321849.0
4759.0,2263564.0,777.0
4799.0,2264399.0,2319036.0
4831.0,2262736.0,2314203.0
4811.0,2263479.0,2315575.0
4695.0,2293895.0,2335956.0
4799.0,2262120.0,253620.0
4799.0,2263420.0,2329315.0
4739.0,2308954.0,2416977.0
4799.0,2261858.0,2342466.0
4735.0,2265242.0,2321161.0
2266962.0,2260453.0,2379047.0
2267715.0,2297533.0,2344206.0
2269792.0,2262874.0,2314287.0
2271937.0,2262174.0,2310627.0
2278399.0,2261300.0,2323067.0
2273087.0,2264652.0,2314282.0
2269914.0,2259106.0,2326015.0
2275041.0,2262261.0,2314598.0
2360454.0,2260555.0,2339363.0
2272742.0,2264589.0,2324707.0
2273738.0,2262550.0,2314960.0
2267037.0,2262812.0,2327465.0
2275297.0,2262689.0,2336034.0
2266954.0,2262955.0,2311175.0
2268805.0,2263410.0,2313382.0
2276048.0,2262002.0,2311169.0
2271300.0,2263641.0,2312669.0
2267163.0,2263170.0,2319951.0
2266086.0,2260603.0,2337415.0
2271847.0,2264572.0,2313668.0
2269632.0,2263941.0,2316891.0
2276964.0,2262309.0,2341080.0
2275063.0,2263656.0,2314305.0
2274586.0,2261871.0,2322571.0
2265369.0,2260619.0,2313895.0
2269771.0,2263237.0,2329013.0
2270379.0,2261313.0,2320105.0
2273660.0,2262806.0,2307681.0
2270428.0,2261974.0,2311593.0
2270406.0,2260765.0,2314175.0
2270919.0,2262581.0,2321144.0
2272183.0,2263564.0,2313964.0
2270153.0,2262272.0,2334732.0
2270285.0,2261393.0,2314550.0
2269231.0,2266143.0,2326972.0
2271816.0,2263911.0,2313236.0
2268634.0,2262166.0,2350458.0
2275363.0,2265720.0,2326981.0
2268337.0,2262741.0,2338200.0
2267302.0,2261926.0,2319517.0
2271985.0,2263527.0,2322397.0
2269251.0,2264139.0,2314494.0
2271530.0,2262190.0,2326982.0
2267156.0,2262940.0,2324985.0
2268835.0,2311656.0,2338489.0
2273492.0,2262729.0,2343513.0
2278847.0,2262296.0,2315761.0
2270938.0,2262181.0,2324028.0
2268488.0,2261792.0,2343762.0
2266241.0,2262728.0,2314765.0
2268230.0,2261399.0,2353896.0
2271776.0,2265492.0,2412584.0
2272768.0,2260115.0,2330222.0
2271089.0,2261404.0,2324191.0
2268942.0,2262006.0,2314932.0
2271929.0,2263254.0,2343693.0
2273162.0,2262098.0,2321458.0
2273273.0,2263314.0,2313042.0
2273841.0,2262632.0,2381345.0
2271324.0,2263380.0,2314048.0
2269552.0,2262922.0,2328773.0
2266700.0,2262507.0,2339646.0
2269657.0,2262624.0,2314023.0
2269510.0,2261452.0,2371642.0
2270125.0,2262223.0,2346221.0
2281487.0,2263648.0,2311747.0
2274358.0,2263958.0,2323709.0
2269780.0,2261574.0,2321169.0
42936.0,2262410.0,2312590.0
2277810.0,2261321.0,2352767.0
215898.0,2263037.0,2317366.0
2270631.0,2305286.0,2327012.0
2268214.0,2262943.0,2313052.0
2272227.0,2262281.0,2344517.0
2273027.0,2260780.0,2333592.0
2272295.0,2264975.0,2322975.0
2269111.0,2260897.0,2322336.0
2272634.0,2261566.0,2330557.0
2268405.0,2263614.0,2316639.0
2272558.0,2261600.0,2319283.0
2269395.0,2261183.0,2343178.0
36492.0,2262929.0,2343561.0
2270800.0,2263355.0,2320491.0
2273642.0,2263564.0,2314183.0
2277695.0,2264375.0,2339969.0
2270106.0,2259638.0,2412312.0
2273837.0,2263486.0,2330378.0
2271221.0,2267855.0,2314573.0
2265970.0,2263780.0,2334069.0
2277104.0,2263077.0,2314651.0
2269897.0,2262498.0,2347120.0
2268570.0,2262232.0,2343636.0
2270320.0,2262048.0,246159.0
2267989.0,2266534.0,2312057.0
2267143.0,2262629.0,2309255.0
2277444.0,2261449.0,2314437.0
2270731.0,2260840.0,2314429.0
2270831.0,2262588.0,2314778.0
2275182.0,2264016.0,2313171.0
2271715.0,2260793.0,2315895.0
2271037.0,2262821.0,2341812.0
2269899.0,2263608.0,2312621.0
2268586.0,2266774.0,2330830.0
2271071.0,2269646.0,2360798.0
2268366.0,2262481.0,2312600.0
2270938.0,2264049.0,2315596.0
2268111.0,2261815.0,2325309.0
2270534.0,2262789.0,250398.0
2275959.0,2351031.0,2347995.0
2269456.0,2261580.0,2350967.0
2271103.0,2261906.0,2322715.0
2269783.0,2263087.0,2315804.0
2272457.0,2263478.0,2385670.0
2272225.0,2261830.0,2315488.0
2275523.0,2265250.0,2308797.0
2266852.0,2264189.0,2316243.0
2267109.0,2261820.0,2314004.0
2271948.0,2267458.0,2339282.0
2270493.0,2263124.0,2339196.0
2268065.0,2264212.0,2362840.0
2272612.0,2261567.0,2319137.0
2269643.0,2262104.0,2318615.0
2275528.0,2264291.0,2313275.0
2281761.0,2296989.0,2340162.0
2269529.0,2261178.0,2318178.0
2271055.0,2265098.0,2317400.0
2322789.0,2260133.0,2314868.0
2269860.0,2262626.0,2314811.0
2269206.0,2260916.0,2336638.0
2269853.0,2303035.0,2344279.0
2268718.0,2263751.0,2325217.0
2271045.0,2261261.0,2314779.0
2269265.0,2262010.0,2310168.0
2268505.0,2265328.0,1080086.0
2270403.0,2262359.0,2315305.0
2266935.0,2262298.0,2345703.0
2273108.0,2262755.0,2310734.0
2272744.0,2264327.0,2315224.0
2271676.0,2262549.0,2342067.0
2353146.0,2263300.0,2313967.0
2272246.0,2262445.0,2316838.0
2278155.0,2261240.0,2314564.0
2287336.0,2261939.0,2321435.0
2269282.0,2262669.0,2312907.0
2266770.0,2262843.0,2326193.0
2270751.0,2263682.0,4777.0
2273199.0,2260876.0,2358124.0
2277592.0,2262208.0,2315707.0
2268437.0,2260888.0,2305922.0
2267862.0,2260135.0,2312983.0
2286605.0,2261002.0,2322520.0
2327048.0,2261154.0,2308542.0
2271858.0,2259381.0,2309125.0
2268527.0,2261046.0,777.0
2270610.0,2261228.0,325083.0
2270139.0,2265513.0,777.0
2270452.0,2262996.0,2087024.0
2273382.0,2262901.0,2309444.0
2271736.0,2260481.0,2309835.0
2271766.0,2265958.0,2307514.0
2268069.0,2260772.0,2310129.0
2272528.0,2266751.0,2311212.0
2274786.0,2261564.0,2313475.0
2271759.0,2261260.0,2308952.0
2272816.0,2261769.0,2308072.0
2271623.0,2266805.0,2319083.0
2271123.0,2262355.0,2308449.0
2317857.0,2260919.0,2308012.0
2274395.0,2261292.0,2307585.0
2269480.0,2263362.0,2318014.0
2329681.0,2266549.0,2308984.0
2270370.0,2262801.0,2307484.0
2270871.0,2262695.0,2307701.0
2336870.0,2265661.0,2309712.0
2289586.0,2260190.0,2309027.0
2295747.0,2262244.0,2309391.0
2293476.0,701327.0,2304385.0
2298689.0,1575138.0,2305753.0
2288432.0,2262770.0,2308372.0
2291247.0,2350299.0,2309157.0
2287087.0,2262345.0,2308688.0
2297593.0,2262531.0,2309852.0
2286113.0,2263929.0,2308567.0
2289877.0,2261826.0,2311848.0
2384535.0,2261773.0,2307090.0
2295923.0,2263721.0,2306836.0
2296167.0,2262437.0,2306107.0
2292998.0,2263814.0,2305437.0
2298272.0,2260090.0,2307322.0
2289141.0,2258832.0,2312175.0
2300578.0,2263672.0,2308621.0
2308934.0,2255429.0,2314687.0
2294565.0,2257603.0,2308519.0
2283852.0,2257838.0,2306436.0
2301827.0,2243522.0,2309279.0
2290151.0,2244283.0,2306978.0
2295383.0,2244313.0,2308877.0
2383292.0,2256333.0,2309982.0
2296355.0,2257884.0,2317733.0
2288880.0,2257481.0,2309268.0
2293709.0,2245463.0,2305945.0
2293632.0,2245134.0,2306230.0
2287815.0,2256855.0,2319027.0
2293059.0,2258070.0,2305272.0
2295919.0,2649263.0,2311125.0
2297869.0,2252352.0,2303719.0
2287630.0,2258548.0,2311857.0
2294953.0,2256274.0,2313140.0
2289843.0,2245830.0,2309854.0
2287150.0,2245509.0,2310256.0
2286765.0,2357190.0,2309655.0
2294323.0,2243914.0,2308475.0
2292869.0,2245888.0,2305961.0
2290029.0,2258537.0,2308128.0
2297818.0,2255659.0,2311770.0
2287313.0,2257016.0,2309731.0
2294943.0,2245743.0,2321059.0
2290419.0,2257036.0,2312573.0
2286348.0,2256245.0,2309086.0
2285572.0,2505229.0,2310910.0
2295770.0,2243289.0,2318368.0
2292756.0,2250567.0,2313614.0
2294009.0,2257577.0,2305251.0
2296197.0,2256340.0,2306614.0
2308380.0,2258372.0,2311369.0
2294371.0,2260867.0,2307843.0
2286360.0,2297588.0,2309111.0
2305856.0,2257762.0,2308985.0
2284464.0,2258121.0,2310744.0
2295565.0,2261784.0,2307404.0
2297404.0,2259738.0,2313578.0
2341620.0,2259138.0,2311073.0
2334334.0,2250429.0,2305301.0
2301052.0,2243405.0,2309430.0
2287982.0,2318088.0,2309236.0
2296274.0,731.0,2308359.0
2294994.0,2250992.0,2305557.0
2295136.0,2250347.0,2308066.0
2293030.0,2256904.0,2306859.0
2295638.0,2245263.0,2313059.0
2312383.0,2259999.0,2303110.0
2305996.0,2244131.0,2311345.0
2294280.0,2256442.0,2305768.0
2290830.0,2257670.0,2307732.0
2286529.0,2244961.0,2310642.0
2296423.0,2244132.0,2308349.0
2312488.0,2257046.0,2307345.0
2293526.0,2265466.0,2310777.0
2294722.0,2245116.0,2312031.0
2294797.0,2245090.0,2310311.0
2298995.0,2243980.0,2314635.0
2285568.0,2256665.0,2308522.0
2294356.0,2258296.0,2314345.0
2298847.0,2260734.0,2310180.0
2290605.0,2245988.0,2310912.0
2293888.0,2255870.0,2315597.0
2290861.0,2256143.0,2313102.0
2298019.0,2266242.0,2307806.0
2308639.0,2259503.0,2307145.0
2295908.0,2245411.0,2309786.0
2294023.0,2256299.0,2306961.0
2364531.0,2258346.0,2306622.0
2285408.0,2256148.0,2314764.0
2293354.0,2242687.0,2309733.0
2298451.0,2244422.0,2323214.0
2292611.0,2245365.0,2307786.0
2293454.0,2278571.0,2306355.0
2294636.0,2257752.0,2307225.0
2297531.0,2250917.0,2308280.0
4739.0,2257778.0,2311383.0
4641.0,2245905.0,2309599.0
2283047.0,2257423.0,2309991.0
5027.0,2248439.0,2308049.0
4739.0,2256615.0,2308883.0
4735.0,2244957.0,2308515.0
4759.0,2247411.0,2312209.0
4779.0,2289861.0,2312632.0
4779.0,2261395.0,2308838.0
4631.0,2249244.0,2309184.0
4739.0,2245504.0,2317876.0
4739.0,2258776.0,2309880.0
4759.0,2246528.0,2307998.0
4759.0,2256610.0,2312160.0
4695.0,2250222.0,2308675.0
4739.0,2256113.0,2310597.0
2295556.0,2252497.0,2308257.0
2300066.0,2257971.0,2310563.0
2294891.0,2257861.0,2311140.0
2288787.0,2260723.0,2310166.0
2299465.0,2245236.0,2311571.0
2288691.0,2298449.0,2310470.0
2284969.0,2249728.0,2307426.0
2307970.0,2251496.0,2320081.0
2294282.0,2248755.0,2311288.0
2302871.0,2257381.0,2309916.0
2310540.0,2260673.0,2306730.0
2293556.0,2262813.0,2309996.0
2296764.0,2252574.0,2309119.0
2293520.0,2257519.0,2308979.0
2292433.0,2250186.0,2308113.0
2295075.0,2256301.0,2312886.0
2299024.0,2249720.0,2310887.0
2297188.0,2255896.0,2318251.0
2287101.0,2259096.0,2306278.0
2288246.0,2246453.0,2316174.0
2287324.0,2248547.0,2307485.0
2286958.0,2264496.0,2310852.0
2285017.0,2252090.0,2313859.0
2293268.0,2245655.0,2310400.0
2292234.0,2245749.0,2311618.0
2298807.0,2245980.0,2305885.0
2295045.0,2260280.0,2309843.0
2288681.0,2255493.0,2309821.0
2289200.0,2245865.0,2304462.0
2292559.0,2256437.0,2310792.0
2294750.0,2256925.0,2307566.0
2293915.0,2256126.0,2310541.0
2296566.0,2258965.0,2308605.0
2301145.0,2263410.0,2309444.0
2294844.0,2258284.0,2309066.0
2294234.0,2257953.0,2308246.0
2294531.0,2244598.0,2308299.0
2295343.0,2245062.0,2306226.0
2286801.0,2248595.0,2310853.0
2293568.0,2246202.0,2311382.0
2297978.0,2245652.0,2307188.0
2286588.0,2257933.0,2305756.0
2296947.0,2257408.0,2311574.0
2289973.0,2246273.0,2310338.0
2294480.0,2244934.0,2307199.0
2289401.0,2257778.0,2314103.0
2293787.0,2258146.0,2303307.0
2308616.0,2258167.0,2321921.0
2378311.0,2254604.0,2308267.0
2287926.0,2263853.0,2306057.0
2284624.0,2246182.0,2308426.0
2300185.0,2256971.0,2308707.0
2299545.0,2244007.0,2305905.0
2293139.0,2247389.0,2311044.0
2295172.0,2257932.0,2311421.0
2296932.0,2243674.0,2322761.0
2295605.0,2244815.0,2310813.0
2298242.0,2257511.0,2306233.0
2300111.0,2245858.0,2307935.0
2293079.0,2256287.0,2313230.0
2301092.0,2255972.0,2321557.0
2303371.0,2258403.0,2311006.0
2297804.0,2247421.0,2310010.0
2301249.0,2257532.0,2310218.0
2299360.0,2260455.0,2308405.0
2288985.0,2255726.0,2310469.0
2294949.0,2258459.0,2311477.0
2296072.0,2257186.0,2307399.0
2293179.0,2248013.0,2311353.0
2301442.0,2256951.0,2310527.0
2293276.0,2247777.0,2308781.0
2296732.0,2255731.0,2311854.0
2288795.0,2257470.0,2305112.0
2306259.0,2245180.0,2312631.0
2291633.0,2243589.0,2307973.0
2300483.0,2248166.0,2307094.0
2336005.0,2258357.0,2307188.0
2292320.0,2257073.0,2308738.0
2295487.0,2250544.0,2433147.0
2291430.0,2258230.0,2432355.0
2302041.0,2248793.0,2431742.0
4739.0,2266367.0,2430474.0
2290507.0,2258378.0,2431040.0
4695.0,2257243.0,2431509.0
4739.0,2255748.0,2432164.0
4759.0,2244035.0,2432541.0
4739.0,2262916.0,2432769.0
4799.0,2258089.0,2431436.0
4739.0,2258331.0,2428894.0
4739.0,2257261.0,2428847.0
4799.0,2248104.0,2431575.0
4739.0,2257972.0,2430835.0
4799.0,2258334.0,2432295.0
4803.0,2256104.0,2430164.0
4739.0,2255680.0,2429210.0
4779.0,2242863.0,2430976.0
2294554.0,2258913.0,2430964.0
2285568.0,2265484.0,2430753.0
2319805.0,2245385.0,2428246.0
2292582.0,2249374.0,2428743.0
2294232.0,2246248.0,2431557.0
2297428.0,2245204.0,2430188.0
2382708.0,2255593.0,2418784.0
2290485.0,2247737.0,2334878.0
2295843.0,2248435.0,2428359.0
2291008.0,2250518.0,2429725.0
2298019.0,2246001.0,2426636.0
2298607.0,2258935.0,2429819.0
2289091.0,2245312.0,2431748.0
2294818.0,2257489.0,2430307.0
2292327.0,2257873.0,2434898.0
2292292.0,2243847.0,2452645.0
2298404.0,2249872.0,2430478.0
2294787.0,2259685.0,2429412.0
2296531.0,2256970.0,2430420.0
2355264.0,2246331.0,2430472.0
2299534.0,2256207.0,2431193.0
2296486.0,2247524.0,2426619.0
2285871.0,2251268.0,2431586.0
2298297.0,2245771.0,2429908.0
2284317.0,2257421.0,2429227.0
2287539.0,2255507.0,2428759.0
2302583.0,2257195.0,2453462.0
2287939.0,2246269.0,2427329.0
2297422.0,2258512.0,2427327.0
2287288.0,2250167.0,2432640.0
2459452.0,2250691.0,2429340.0
2369316.0,2259546.0,2429995.0
2354193.0,2248849.0,2428782.0
2368272.0,2258552.0,2429352.0
2361459.0,2257190.0,2446815.0
2359414.0,2245589.0,2426524.0
2363314.0,2257413.0,2429097.0
2378805.0,2259365.0,2431672.0
2369716.0,2243409.0,2432956.0
2381229.0,2267850.0,2429863.0
2370618.0,2245984.0,2428761.0
2369189.0,2230746.0,2432083.0
2440700.0,196018.0,2431916.0
2369755.0,2245853.0,2430911.0
2368243.0,196822.0,2432652.0
2358452.0,2245253.0,2431242.0
2360103.0,2257671.0,2430709.0
2364898.0,2249142.0,2431955.0
2365155.0,2245003.0,2430311.0
2363894.0,2264078.0,2431889.0
2361086.0,2247905.0,2432232.0
2367314.0,194764.0,2429252.0
2369783.0,2245782.0,2436273.0
2367296.0,2245664.0,2431198.0
2362283.0,2268709.0,2433297.0
2369382.0,2265682.0,2428765.0
2358458.0,195882.0,2432599.0
2361920.0,2264737.0,2430625.0
2370067.0,2243815.0,2431719.0
2377279.0,2265572.0,2444943.0
2362169.0,2264893.0,2430108.0
2368153.0,2265513.0,2404411.0
2367716.0,195776.0,2429911.0
2367930.0,196362.0,2429580.0
2359358.0,2265439.0,2431674.0
2367305.0,2243209.0,2427243.0
2359806.0,2256342.0,2446036.0
2363297.0,2266007.0,2430507.0
2358428.0,196312.0,2432086.0
2365471.0,2266418.0,2431710.0
2380376.0,2245298.0,2428322.0
2364470.0,2281303.0,2430051.0
2363762.0,2265891.0,2428460.0
2375592.0,2266374.0,2429843.0
2358910.0,2243225.0,2437649.0
2359744.0,2264284.0,2428352.0
2450922.0,2265262.0,2428674.0
2359224.0,2266106.0,2429956.0
2375403.0,2246101.0,2430534.0
2367493.0,2264045.0,2430595.0
2363222.0,2245085.0,2429415.0
2368573.0,196156.0,2431313.0
2373531.0,2243920.0,2428721.0
2363869.0,2265147.0,2429657.0
2359078.0,2248109.0,2434449.0
2369024.0,194725.0,2429947.0
2379679.0,2245262.0,2428138.0
6758.0,2263259.0,2434475.0
2362794.0,2265019.0,2426864.0
2369244.0,2245602.0,2429474.0
2369140.0,2244512.0,2429654.0
2359838.0,2245075.0,2430793.0
2367172.0,2245305.0,2432311.0
2354356.0,2373988.0,2431771.0
2368874.0,2268633.0,2428576.0
2360545.0,2289825.0,2429793.0
2374017.0,2245504.0,2424226.0
2368302.0,2248806.0,2430683.0
2371757.0,2265893.0,2429733.0
2364585.0,2246029.0,2428693.0
2365560.0,2267053.0,2431171.0
2357838.0,195422.0,2431248.0
2374338.0,2266532.0,2430190.0
2363232.0,2264667.0,2427913.0
2355159.0,2245603.0,2436663.0
2354843.0,2294830.0,2431537.0
2362995.0,2264112.0,2430556.0
2362134.0,2254652.0,2432637.0
2368616.0,2262963.0,2428652.0
2359322.0,2269316.0,2431958.0
2360258.0,2245725.0,2431661.0
2374352.0,2245194.0,2429811.0
2354365.0,2245372.0,2424963.0
2358158.0,196348.0,2433880.0
2356406.0,2265793.0,2433105.0
2369180.0,2266067.0,2431249.0
2361536.0,2263755.0,2434901.0
2376258.0,2265010.0,2426213.0
2359884.0,2266223.0,2426506.0
2368600.0,2266468.0,2432397.0
2381350.0,2264804.0,2430982.0
2360182.0,2297956.0,2431848.0
2363286.0,2263206.0,2395421.0
2361535.0,2256085.0,2431916.0
2453409.0,196641.0,2427330.0
2360284.0,2247017.0,2441375.0
2364314.0,194751.0,2429398.0
2364569.0,2265930.0,2430938.0
2360670.0,2243893.0,2426211.0
2374705.0,2265940.0,2429861.0
2358410.0,2266333.0,2431181.0
2371694.0,2265623.0,2431887.0
2389101.0,2266655.0,2437854.0
2366884.0,2265402.0,2429855.0
2363266.0,2256740.0,2430360.0
2359061.0,194824.0,2430123.0
2364719.0,2259084.0,2433660.0
2362763.0,2263325.0,2431806.0
2371916.0,2263500.0,2436111.0
2358417.0,2246175.0,2431057.0
2359756.0,195936.0,2443265.0
2357571.0,2258365.0,2430390.0
2364511.0,2265679.0,2453598.0
2360612.0,2266800.0,2437540.0
2363586.0,2245542.0,2426703.0
2362082.0,2247643.0,2438773.0
2363169.0,2264890.0,2430574.0
2360938.0,2232163.0,2431744.0
2365584.0,2246199.0,2429993.0
2366568.0,2248533.0,2428962.0
2358946.0,2247180.0,2427620.0
2353808.0,2266727.0,2428540.0
2359860.0,2245591.0,2429981.0
2358375.0,2245592.0,2440314.0
2355488.0,2248788.0,2431142.0
2360935.0,2246560.0,2433816.0
2357551.0,2266519.0,2434300.0
2357757.0,195382.0,2431294.0
2362392.0,2266758.0,2429592.0
2355433.0,2245584.0,2431821.0
2363741.0,2263728.0,2393198.0
2443832.0,2265404.0,2432188.0
2364101.0,2260911.0,2430896.0
2362711.0,2243641.0,2428841.0
2376744.0,2245263.0,2430985.0
2462088.0,2264728.0,2430971.0
2366595.0,2245168.0,2430740.0
2366563.0,2266255.0,2431288.0
2371622.0,2265787.0,2335475.0
2357508.0,2245560.0,2428377.0
2372235.0,2254097.0,2430184.0
2368316.0,2263641.0,2431985.0
2379316.0,2264861.0,2429915.0
2366431.0,2266381.0,2429789.0
2374269.0,2266353.0,2431507.0
2354981.0,196620.0,2432707.0
2359022.0,2264629.0,2429619.0
2359191.0,2244181.0,2428426.0
2362235.0,2244176.0,2443218.0
2363348.0,2244185.0,2436811.0
2359799.0,2266300.0,2430493.0
2361086.0,2290748.0,2428962.0
2365412.0,2243569.0,2430225.0
2357134.0,2248061.0,2432244.0
2365299.0,2244774.0,2433110.0
2359017.0,2267112.0,2429019.0
2357018.0,196196.0,2431354.0
2352993.0,2270123.0,2427650.0
2374263.0,2265081.0,2430756.0
2364578.0,2244901.0,2430985.0
2381636.0,196060.0,2431442.0
2363977.0,2265668.0,2431446.0
2361952.0,2264989.0,2432366.0
2358959.0,2245572.0,2430712.0
2358399.0,2266128.0,2428519.0
2455870.0,2268296.0,2435302.0
2367739.0,2265726.0,2429155.0
2411549.0,2243161.0,2321663.0
2357813.0,2265640.0,2328759.0
2364399.0,2263552.0,2320543.0
2364244.0,2245143.0,2321700.0
2369881.0,2264612.0,2318666.0
2363501.0,2265296.0,2329888.0
2374166.0,2244952.0,2318963.0
2364783.0,2266858.0,2320095.0
2360230.0,2245905.0,2319516.0
2369877.0,2229119.0,2328425.0
2361677.0,2274605.0,2317713.0
2355235.0,2266693.0,921412.0
2363050.0,2254039.0,2319011.0
2356986.0,2246532.0,2319312.0
2377877.0,2245314.0,1009624.0
2361237.0,2245807.0,2327632.0
2358938.0,196078.0,2326877.0
2416658.0,2229931.0,2320536.0
2362654.0,2264932.0,2319379.0
2360313.0,2245136.0,2329927.0
2364319.0,2265396.0,2339813.0
2356642.0,2265519.0,2321280.0
2358333.0,196512.0,2318252.0
2364176.0,2266384.0,2321780.0
2364294.0,2245193.0,2324898.0
2359207.0,2247758.0,2303913.0
2358464.0,2267578.0,2318613.0
2359917.0,2255061.0,2318748.0
2365375.0,2259757.0,2427012.0
2362692.0,2265616.0,2318072.0
2361306.0,196394.0,1673822.0
2365821.0,2244646.0,2320397.0
2359231.0,2263789.0,2331220.0
2368874.0,2245492.0,2322356.0
2359494.0,2266207.0,2319791.0
2358001.0,2268543.0,2319579.0
2362396.0,2749638.0,2319520.0
2369483.0,2257164.0,2318923.0
2380467.0,2264704.0,2324663.0
2459714.0,2246514.0,386545.0
2365779.0,2265270.0,2317269.0
2360631.0,2265007.0,2346365.0
2366731.0,2246227.0,2334994.0
2363481.0,2264679.0,2332660.0
2370482.0,2266637.0,1353363.0
2359840.0,196238.0,2320632.0
2360181.0,2264300.0,2321021.0
2375840.0,2245920.0,2335487.0
2419775.0,2269151.0,2320009.0
2359264.0,2267234.0,2321428.0
2362106.0,2245706.0,2332941.0
2357844.0,2265737.0,2319099.0
2359818.0,195747.0,2323587.0
2353992.0,2244697.0,2318839.0
2361453.0,2265753.0,2319154.0
2366539.0,2263477.0,2329927.0
2367287.0,2259613.0,2317265.0
2363253.0,2266409.0,2333413.0
2425301.0,2244132.0,2317348.0
2470019.0,2244715.0,2318103.0
2361862.0,2265627.0,2323053.0
2360210.0,2265219.0,2320376.0
2366320.0,2265169.0,2318516.0
2411454.0,2263050.0,2348745.0
2383784.0,2245517.0,2319775.0
2358324.0,2264109.0,2320738.0
2372533.0,2262503.0,2320159.0
2373652.0,2245048.0,2321679.0
2372589.0,195762.0,2344671.0
2410290.0,2244478.0,2317565.0
2359974.0,2266814.0,2316847.0
2404749.0,2246698.0,2319435.0
2369339.0,2251958.0,2321392.0
2360160.0,2250074.0,2320257.0
2409147.0,2261528.0,2320224.0
2375396.0,2258504.0,2328233.0
2418966.0,2245729.0,2319230.0
2388885.0,2259438.0,2334876.0
2365433.0,2264797.0,2316214.0
2407914.0,2259306.0,2323325.0
2353897.0,2247853.0,2317454.0
2360308.0,2253764.0,2325854.0
2395824.0,2258646.0,2320347.0
2421179.0,2261215.0,2321166.0
2368738.0,2263792.0,2323369.0
2415855.0,2251048.0,2317631.0
2391414.0,2259542.0,2320049.0
2460942.0,2262015.0,2333550.0
2356153.0,2249713.0,2319917.0
2361756.0,2261704.0,2329840.0
2365303.0,2259390.0,2322921.0
2373471.0,2245623.0,2323735.0
2357947.0,2259347.0,2318527.0
2369029.0,2257580.0,2323677.0
2375139.0,2244991.0,2318115.0
2429505.0,2259728.0,2330436.0
2407381.0,2260183.0,2316118.0
2439817.0,2260492.0,2322198.0
2431932.0,2245019.0,2316779.0
2359888.0,2249227.0,2317268.0
2418783.0,2248079.0,2318160.0
2365286.0,3162652.0,2321117.0
2366365.0,2256512.0,2330650.0
2353960.0,2274135.0,2331351.0
2377367.0,2261268.0,2321000.0
2461512.0,2251925.0,2319660.0
2360778.0,2245436.0,2321973.0
2442998.0,2244821.0,2315784.0
2368722.0,2254304.0,1513223.0
2368151.0,2258763.0,2317717.0
2374767.0,2301895.0,1251669.0
2372695.0,2244969.0,2315661.0
2376039.0,2249826.0,2318175.0
2431305.0,2259055.0,2325890.0
2359383.0,2308023.0,2319664.0
2370660.0,2306621.0,2331664.0
2429836.0,2259717.0,2326068.0
2444427.0,2263726.0,2316652.0
2366490.0,2259297.0,2314305.0
2368542.0,2246068.0,2402112.0
2362004.0,2246489.0,2318055.0
2432727.0,2262894.0,2320034.0
2385719.0,2250495.0,2317898.0
2360895.0,2258935.0,2321213.0
2353926.0,2249578.0,2322059.0
2448378.0,2259973.0,2433347.0
2362465.0,2260595.0,2335606.0
2360852.0,2258862.0,2320969.0
2357808.0,2244804.0,2387853.0
2355892.0,2245675.0,2320456.0
2446577.0,2252307.0,2352316.0
2362873.0,2245873.0,2401869.0
2374125.0,2259296.0,2333002.0
2357984.0,2245478.0,2320281.0
2381784.0,2258695.0,2322989.0
2359381.0,2259812.0,2323395.0
2383548.0,2257909.0,2318598.0
2357389.0,2367354.0,2330023.0
2360378.0,2242459.0,2319744.0
2443403.0,2251064.0,2320226.0
2360795.0,2252987.0,2322306.0
2456118.0,2247342.0,2320574.0
2365641.0,2251248.0,2316914.0
2422484.0,2250465.0,2317199.0
2426729.0,2257580.0,2319405.0
2361544.0,2264664.0,2321691.0
2363046.0,2257976.0,2323742.0
2362258.0,2243924.0,2318190.0
2361551.0,2249520.0,2319749.0
2377251.0,2256874.0,2423604.0
2365670.0,2244201.0,2318463.0
2366307.0,2273427.0,2316558.0
2397969.0,2246277.0,2321780.0
2371236.0,2259112.0,2319731.0
2373592.0,2261543.0,2320878.0
2354618.0,2248861.0,2316952.0
2367272.0,2246250.0,2315404.0
2424433.0,2246271.0,2323462.0
2374917.0,2259019.0,2317299.0
2452334.0,2260390.0,2323714.0
2403983.0,2244883.0,2319792.0
2358448.0,2262027.0,2396837.0
2357576.0,2247477.0,2329498.0
2359701.0,2260520.0,2322048.0
2417524.0,2257562.0,2321459.0
2434133.0,2246268.0,2316776.0
2368533.0,2245975.0,2320452.0
2360724.0,2243816.0,2334493.0
2362493.0,2259200.0,2328173.0
2371521.0,2261433.0,2319594.0
2370671.0,2257329.0,2319268.0
2407307.0,2258628.0,2328442.0
2365561.0,2259365.0,2328677.0
2376028.0,2249809.0,2321682.0
2363905.0,2247581.0,2333822.0
2359052.0,2258895.0,2318627.0
2434707.0,2246130.0,2323120.0
2439400.0,2246103.0,2325155.0
2359453.0,2244320.0,2328641.0
2394071.0,2260614.0,2318849.0
2357500.0,2244806.0,2328020.0
2357041.0,2246709.0,2320341.0
2380828.0,2247910.0,2319090.0
2365418.0,2259510.0,2324833.0
2364685.0,2259165.0,2333261.0
2360814.0,2259798.0,2319441.0
2361219.0,2244899.0,2333845.0
2382647.0,2260436.0,2321202.0
2366332.0,2284372.0,2322449.0
2354599.0,2261411.0,2318437.0
2360707.0,2260434.0,2340932.0
2358509.0,2251250.0,2317040.0
2409264.0,3163260.0,2318033.0
2361935.0,2245691.0,2319287.0
2410306.0,2261706.0,2319882.0
2372758.0,2243758.0,2319078.0
2439934.0,2246604.0,2318743.0
2363191.0,2249979.0,2319293.0
2387788.0,2256772.0,2320110.0
2439485.0,2249741.0,345806.0
2435446.0,2246181.0,2320601.0
2434101.0,2267511.0,2329707.0
2358645.0,2261463.0,2322704.0
2430172.0,2257111.0,2318435.0
2374764.0,2249838.0,2332889.0
2355016.0,2257771.0,2321714.0
2440942.0,2321857.0,2320225.0
2364651.0,2262201.0,2317630.0
2375453.0,2246118.0,2323944.0
2385836.0,2261303.0,2329884.0
2458464.0,2264411.0,2329088.0
2382521.0,2251184.0,2312663.0
2435819.0,2262182.0,2311392.0
2356364.0,2249151.0,2304308.0
2358238.0,2245742.0,2307525.0
2368208.0,2246351.0,2321422.0
2359765.0,2246255.0,2305403.0
2367413.0,2245369.0,2322291.0
2367853.0,2257626.0,2308149.0
2425517.0,2249407.0,2317592.0
2354268.0,2271976.0,2307836.0
2424690.0,2249143.0,2310414.0
2364812.0,2260365.0,2310403.0
2358986.0,2257605.0,2308013.0
2375670.0,2250504.0,2306161.0
2361257.0,2260617.0,2309622.0
2368759.0,2283291.0,2308964.0
2390936.0,2258684.0,2319664.0
2402068.0,2253669.0,2322358.0
2364810.0,2272134.0,2306755.0
2417575.0,2244460.0,2312526.0
2372001.0,2258242.0,2310101.0
2376742.0,2261158.0,2312997.0
2365978.0,2251002.0,2320709.0
2366401.0,2259252.0,2308450.0
2392258.0,2250838.0,2320049.0
2361399.0,2250204.0,2310681.0
2440760.0,2245785.0,2320471.0
2374443.0,2245534.0,2307294.0
2420763.0,2245255.0,2311882.0
2360866.0,2246204.0,2308443.0
2368795.0,2261962.0,2320594.0
2376484.0,2245661.0,2304742.0
2378431.0,2244703.0,2336858.0
2405588.0,2246570.0,2325968.0
2371224.0,2269386.0,2310366.0
2367314.0,2259788.0,2317989.0
2449240.0,2259519.0,2317190.0
2466636.0,2247121.0,2321672.0
2445971.0,2263474.0,2308565.0
2388087.0,2248310.0,2322660.0
2373064.0,2264988.0,2318947.0
2458459.0,2249909.0,2305463.0
2387816.0,2244271.0,2313074.0
2360115.0,2259155.0,2311126.0
2322108.0,2244755.0,2311907.0
2319650.0,2245379.0,2311259.0
2319991.0,2244343.0,2312250.0
2318276.0,2258791.0,2301054.0
2331068.0,2242334.0,242165.0
2317639.0,15350.0,2309618.0
2317740.0,2250440.0,2322391.0
2318221.0,2270857.0,2306828.0
2319777.0,2246110.0,2307602.0
2329420.0,2257024.0,2319532.0
2316499.0,2245457.0,2312794.0
2315764.0,2259077.0,2314721.0
2316833.0,2264260.0,2311519.0
2312893.0,2245199.0,2308910.0
2321027.0,2258724.0,2311705.0
2313945.0,2258371.0,2306457.0
2311324.0,2259033.0,2309933.0
2320306.0,2260566.0,2310810.0
2316461.0,2259677.0,2309881.0
2315155.0,2259086.0,2307181.0
2315527.0,2263444.0,2321329.0
2329691.0,2272802.0,2308045.0
2321664.0,2258350.0,2310418.0
2316787.0,2258640.0,2308239.0
2333017.0,2245944.0,2312283.0
2320369.0,2259430.0,2303220.0
2316073.0,2273141.0,2309922.0
2319087.0,2257856.0,2308921.0
2318973.0,2258994.0,2318506.0
2315672.0,2260088.0,2302005.0
2315330.0,2253187.0,2308348.0
2317521.0,2253481.0,2306418.0
2316950.0,2295027.0,2319292.0
2316410.0,2245436.0,2302415.0
2321061.0,2245899.0,2323032.0
2317504.0,2258481.0,2304564.0
2319470.0,2245449.0,2323339.0
2316495.0,2244458.0,2307042.0
2313429.0,2246030.0,2319252.0
2325635.0,2258384.0,2311186.0
2332066.0,2245552.0,2309760.0
2314817.0,2245056.0,2311626.0
2321566.0,2262070.0,2309873.0
2320117.0,2259407.0,2317818.0
2315352.0,2245248.0,2312794.0
2335611.0,2260697.0,2320671.0
2319233.0,2246259.0,2307519.0
2318142.0,2250782.0,2306412.0
2326670.0,2244517.0,2309366.0
2316116.0,2277122.0,2306818.0
2320151.0,2259158.0,2315856.0
2319962.0,2250345.0,2314303.0
2312837.0,2273070.0,2310169.0
2315647.0,201233.0,2322520.0
2314661.0,4180.0,2310849.0
2317777.0,2259068.0,2310178.0
2335318.0,2266903.0,2315920.0
2317753.0,2244576.0,2306543.0
2315395.0,2249464.0,2313187.0
2312302.0,2258864.0,2322203.0
2312707.0,2243834.0,2303772.0
2322399.0,2270696.0,2309523.0
2319805.0,2245728.0,2315101.0
2314692.0,2245685.0,2310147.0
2317203.0,2262362.0,2305218.0
2318201.0,2260525.0,2311063.0
2316863.0,2271878.0,2321247.0
2321940.0,2243477.0,2319601.0
2316195.0,2259900.0,2310469.0
2315923.0,2244809.0,2310880.0
2315691.0,2256998.0,2277009.0
2313342.0,2245507.0,2315879.0
2316116.0,2261050.0,2321312.0
2320229.0,2244741.0,2308476.0
2320187.0,2259367.0,2306979.0
2315835.0,2250610.0,2309378.0
2312943.0,2251579.0,2321422.0
2318712.0,2245874.0,2321849.0
2316748.0,2261093.0,2310748.0
2317213.0,2344417.0,2310530.0
2313314.0,2244278.0,2311771.0
2319117.0,2269474.0,2312596.0
2317629.0,2249394.0,2308143.0
2318355.0,2257468.0,2309933.0
2333361.0,2261902.0,2307894.0
2315683.0,2244755.0,2323131.0
2319856.0,2261257.0,2305089.0
2318356.0,2245491.0,2310823.0
2317818.0,2269002.0,2308992.0
2316055.0,203896.0,2307765.0
2313700.0,84720.0,2306976.0
2314791.0,1966701.0,2308153.0
2315055.0,2245298.0,2312349.0
2313385.0,202666.0,2311364.0
2312586.0,2246128.0,2310793.0
2321978.0,2261781.0,2311215.0
2325940.0,2244832.0,2308642.0
2323767.0,2245065.0,2306163.0
2316644.0,2252977.0,2306849.0
2315631.0,2259817.0,2306711.0
2321855.0,2258865.0,2322394.0
2317710.0,2245047.0,2309377.0
2324445.0,2259530.0,2311058.0
2320912.0,2251330.0,2321300.0
2317437.0,2258731.0,2310766.0
2314850.0,2267904.0,2325068.0
2328542.0,2245887.0,2310160.0
2316613.0,2281630.0,2305883.0
2324343.0,2259226.0,2311917.0
2336774.0,2260968.0,2307437.0
2316955.0,2243679.0,2309641.0
2315978.0,2245223.0,2305959.0
2321338.0,2241397.0,2310651.0
2327530.0,2260390.0,2308754.0
2318823.0,2251376.0,2306898.0
2316387.0,2260032.0,2307314.0
2320969.0,2263344.0,2307602.0
2317136.0,2389346.0,2308507.0
2317607.0,2250326.0,2320656.0
2317148.0,2244837.0,242091.0
2325385.0,2281881.0,2076558.0
2316107.0,2245147.0,2318313.0
2315685.0,204502.0,2320683.0
2329953.0,2249194.0,2306153.0
2330250.0,2249501.0,2309895.0
2321004.0,2249922.0,2323303.0
2320462.0,2214099.0,2309230.0
2315865.0,1547759.0,2309977.0
2317253.0,783.0,2312654.0
2312576.0,2261016.0,2310622.0
2320781.0,2244771.0,2318235.0
2315516.0,2260118.0,2319230.0
2322018.0,2258779.0,2308297.0
2313610.0,2261538.0,2534724.0
2315613.0,2244870.0,2309496.0
2315130.0,2260597.0,2310332.0
2322961.0,2244474.0,2323543.0
2332064.0,2259116.0,2311259.0
2316428.0,2249327.0,2308639.0
2316764.0,2260680.0,2322790.0
2321068.0,2257717.0,2321104.0
2316438.0,2250767.0,2318781.0
2319652.0,2245096.0,2304787.0
2319154.0,2258587.0,2322897.0
2328862.0,2260649.0,2320626.0
2325533.0,2258647.0,2310222.0
2319561.0,2263208.0,2310032.0
2313802.0,2257695.0,2320091.0
2312597.0,2244569.0,2305078.0
2315581.0,2249727.0,2318596.0
2321320.0,2249089.0,2311629.0
2315557.0,2247453.0,2308417.0
2336947.0,2246241.0,2319374.0
2313020.0,2248656.0,2309919.0
2317148.0,2262816.0,2315330.0
2322827.0,2258733.0,2318486.0
2320064.0,2260036.0,2305231.0
2330390.0,2245040.0,2317838.0
2318926.0,2251787.0,2307262.0
2318819.0,2242192.0,2321673.0
2318772.0,2249778.0,2304159.0
2313784.0,2259971.0,2311046.0
2328840.0,2258130.0,2319615.0
2311812.0,2245035.0,2309721.0
2319282.0,2251761.0,2304724.0
2314827.0,204280.0,2304593.0
2313251.0,2248813.0,2286267.0
2312705.0,2251815.0,243392.0
2327162.0,2261979.0,2285342.0
2325939.0,2260945.0,2305553.0
2322218.0,2259015.0,2324682.0
2311842.0,2249892.0,2288122.0
2314355.0,2249595.0,321111.0
2315342.0,2245004.0,2313617.0
2316819.0,2249189.0,2303068.0
2316690.0,2258142.0,743554.0
2322176.0,2268990.0,243792.0
2316642.0,2247013.0,741352.0
2313600.0,2257604.0,241324.0
2313195.0,2271638.0,2307257.0
2316731.0,2258770.0,702799.0
2313825.0,2262994.0,323444.0
2327146.0,2243943.0,245791.0
2324418.0,2259030.0,242371.0
2321086.0,2257596.0,2310890.0
2321592.0,2245159.0,2317413.0
2313342.0,2260010.0,2308363.0
2314853.0,2248347.0,2279853.0
2316380.0,2246556.0,324132.0
2316507.0,2246876.0,243692.0
2320784.0,2259330.0,2313881.0
2315065.0,2245363.0,744178.0
2318803.0,2256179.0,2000775.0
2317746.0,2246138.0,2309747.0
2315853.0,2246714.0,323150.0
2318555.0,2243801.0,322784.0
2314139.0,2248948.0,2310968.0
2314375.0,2245399.0,2279142.0
2315702.0,2249025.0,2286576.0
2316977.0,202476.0,320618.0
2319173.0,2257433.0,2309947.0
2313074.0,2245581.0,2282178.0
2316302.0,2245966.0,248154.0
2315951.0,2248970.0,2308546.0
2318451.0,2254890.0,739647.0
2320807.0,2260952.0,243616.0
2316202.0,2260771.0,322870.0
2327982.0,2249920.0,2282829.0
2312187.0,2258348.0,2326525.0
2318208.0,2259053.0,2306830.0
2278099.0,2249868.0,244548.0
2283868.0,2250106.0,2311110.0
2284609.0,2261683.0,2312719.0
2329194.0,2252066.0,2029432.0
2288877.0,204666.0,2100135.0
2281992.0,2249991.0,321767.0
2287688.0,2387071.0,2309662.0
2295743.0,2256511.0,2282882.0
2289903.0,2246066.0,323410.0
2377234.0,2259402.0,2290570.0
2278061.0,2247348.0,914073.0
2285637.0,2250235.0,2291938.0
2278990.0,2349070.0,2311336.0
2374810.0,2246473.0,320856.0
2290133.0,2260755.0,243127.0
2373134.0,2245557.0,2285295.0
2304723.0,2256751.0,323684.0
2281108.0,2260453.0,2308762.0
2289903.0,2244052.0,2282662.0
2283467.0,2245027.0,2309703.0
2280375.0,2263195.0,2310231.0
2365815.0,2245850.0,242544.0
2302236.0,2274552.0,324397.0
2282776.0,2250288.0,246683.0
2281066.0,2258184.0,243702.0
2283531.0,2258991.0,2304980.0
2285812.0,2281119.0,247089.0
2282525.0,2245894.0,349928.0
2332101.0,2269304.0,2313289.0
2289316.0,2248952.0,2310137.0
2308020.0,2248169.0,243912.0
4739.0,731.0,2308751.0
4799.0,2269446.0,2311657.0
4739.0,2256855.0,1518455.0
4739.0,2250606.0,244469.0
4739.0,2259413.0,1536831.0
4683.0,2260345.0,352585.0
4739.0,2272445.0,2444290.0
4739.0,2248132.0,736925.0
4739.0,2258247.0,2311720.0
4759.0,2263409.0,241516.0
2285531.0,2249373.0,320910.0
4771.0,2243155.0,2325369.0
4739.0,2250240.0,245121.0
4683.0,2260814.0,2287314.0
4759.0,2261951.0,323269.0
4911.0,2261868.0,323875.0
4739.0,2250398.0,242054.0
4759.0,2258772.0,2309721.0
4739.0,2244911.0,2305690.0
4791.0,2244434.0,2282161.0
2285679.0,2244724.0,2310709.0
2287100.0,2259529.0,2280118.0
2277678.0,2257204.0,2311295.0
2289705.0,2268704.0,2306700.0
2286177.0,2281089.0,744154.0
2280102.0,2272253.0,2280445.0
2279716.0,2260529.0,323087.0
2280166.0,2244412.0,246175.0
2291869.0,2246508.0,2306460.0
224280.0,2256960.0,322818.0
2309498.0,2261782.0,243989.0
4651.0,2242938.0,346983.0
2281449.0,2249523.0,2285761.0
2278024.0,2257323.0,2311489.0
2277518.0,2258789.0,2400504.0
2283737.0,275224.0,324094.0
2287781.0,2245591.0,2314400.0
2301484.0,2221634.0,2286802.0
2277049.0,2245043.0,323603.0
2285948.0,2247741.0,325975.0
2300177.0,2222836.0,320886.0
2290678.0,2258558.0,323419.0
2284922.0,2243265.0,738368.0
2284347.0,2244128.0,2089146.0
2278497.0,2227022.0,2292982.0
2278386.0,2273308.0,740982.0
2286237.0,2219870.0,246976.0
2279571.0,2256888.0,323011.0
2286053.0,2245278.0,241133.0
2295634.0,2259681.0,2312723.0
2277978.0,2245825.0,247287.0
2366108.0,2243868.0,2307704.0
2291329.0,2259553.0,2310287.0
2287216.0,2244741.0,2311135.0
2375053.0,2257863.0,2310051.0
2364602.0,2252272.0,2281203.0
2277532.0,2258511.0,320948.0
8386.0,2258560.0,2305233.0
305864.0,2245744.0,739243.0
2282814.0,2246078.0,324483.0
4771.0,2259138.0,325743.0
4641.0,2256894.0,323064.0
2293354.0,2258206.0,324270.0
5027.0,2257450.0,2312879.0
4759.0,2257473.0,322478.0
4759.0,2246334.0,323752.0
4739.0,2222572.0,324019.0
4739.0,2256260.0,303069.0
4759.0,2257767.0,2278453.0
4799.0,2260654.0,2308734.0
4715.0,2245813.0,2307166.0
4695.0,2258699.0,2304402.0
4715.0,2243256.0,2309911.0
4739.0,2258715.0,2285791.0
4739.0,2262310.0,2282984.0
4799.0,2222389.0,745346.0
2285891.0,2257903.0,2298106.0
2287839.0,2255999.0,2291629.0
2372523.0,2729269.0,237868.0
2283340.0,2244425.0,745602.0
2284431.0,2262054.0,2310429.0
2292696.0,2244541.0,243916.0
2283337.0,2245923.0,246181.0
2301361.0,2246438.0,327615.0
2313649.0,2257167.0,2308346.0
4759.0,2257612.0,2309084.0
4759.0,2257015.0,2308712.0
4695.0,2246905.0,2311786.0
4759.0,2244742.0,322174.0
4759.0,2258695.0,2284310.0
4759.0,2258495.0,2310173.0
2279068.0,2257430.0,320844.0
4715.0,2247406.0,2317455.0
4799.0,2222281.0,322919.0
4739.0,689127.0,2312506.0
4759.0,2259835.0,464308.0
4799.0,2256667.0,2308539.0
4759.0,2261000.0,2306672.0
4799.0,2257405.0,320743.0
4739.0,2247753.0,2308008.0
2276924.0,2245306.0,2285650.0
2280513.0,2258466.0,2278419.0
2284141.0,2258147.0,325065.0
2377939.0,2246188.0,661857.0
2283484.0,2263194.0,2303950.0
2369101.0,2261493.0,323569.0
2373454.0,2246138.0,2281776.0
2335472.0,2256562.0,2414131.0
2290285.0,2252113.0,662534.0
2285494.0,2256761.0,330004.0
2275921.0,2259065.0,740132.0
2291541.0,2244342.0,2277850.0
2289765.0,2260386.0,740834.0
2277319.0,2246509.0,2313587.0
2296931.0,2256401.0,2308691.0
2277267.0,2256719.0,323905.0
2279989.0,2257460.0,324488.0
2369050.0,2245828.0,247556.0
2297325.0,2257346.0,2276959.0
2300199.0,2261223.0,2314099.0
2289224.0,2246464.0,2308742.0
2286809.0,2246664.0,1792236.0
2277531.0,2250792.0,2309592.0
2301397.0,2243776.0,326039.0
2279215.0,2257693.0,737619.0
2364649.0,2347136.0,325761.0
2289089.0,2257797.0,352387.0
2286863.0,2226853.0,244611.0
2317212.0,2246838.0,2308355.0
2286166.0,2245202.0,2317483.0
2288474.0,2245365.0,323629.0
2284375.0,2266780.0,247711.0
2282037.0,2245111.0,323347.0
2283014.0,2222906.0,346651.0
2284276.0,2248940.0,737026.0
2288568.0,2250583.0,339267.0
243734.0,2223507.0,1778296.0
2279991.0,2257951.0,322695.0
2290039.0,2243865.0,2305610.0
2285122.0,2259234.0,2311186.0
2302175.0,2259465.0,342430.0
2280959.0,688845.0,2280666.0
2277393.0,2246651.0,2280913.0
2285019.0,2221939.0,2317641.0
2279356.0,2259521.0,2279282.0
2289637.0,2266608.0,2314246.0
2284094.0,2258172.0,2288006.0
2276763.0,2258475.0,2320014.0
2288439.0,2245376.0,2319514.0
2287106.0,2257818.0,2324844.0
2320064.0,2262239.0,2317441.0
2284726.0,2220599.0,2317506.0
2300585.0,2245179.0,2321173.0
2283343.0,2257559.0,2320947.0
2302369.0,2257291.0,2322236.0
224324.0,2257560.0,2322812.0
489372.0,2245526.0,2321488.0
2284728.0,2259236.0,2319520.0
2279984.0,2247212.0,2322413.0
2283995.0,2227795.0,2322421.0
2299444.0,2259288.0,2319666.0
2276954.0,2248889.0,2322941.0
2287109.0,2258348.0,2322843.0
2295840.0,2258990.0,2317026.0
2284965.0,2257531.0,2322423.0
2320851.0,2247705.0,2319122.0
8028.0,2258035.0,2322131.0
2277987.0,2254284.0,2316295.0
2363524.0,2259029.0,2316621.0
2302488.0,2246015.0,2318507.0
2292677.0,2456308.0,2322267.0
2289402.0,2257967.0,2321386.0
2303559.0,2245745.0,2323167.0
2287405.0,2260758.0,2326812.0
2376657.0,2222402.0,2319605.0
2285608.0,2245306.0,2323290.0
2322837.0,2248008.0,2320699.0
11541.0,2246439.0,2336283.0
2306810.0,2257981.0,2322447.0
2339853.0,2244836.0,2324670.0
10695.0,2258411.0,2328283.0
2336770.0,2247502.0,2320833.0
2330299.0,731.0,2319789.0
2280964.0,2261099.0,2320046.0
2281305.0,2258331.0,2316625.0
2277272.0,2244336.0,2337526.0
2283040.0,2246495.0,2322333.0
2285096.0,2259368.0,2332574.0
2280961.0,2261167.0,2333560.0
2285228.0,2245419.0,2333763.0
2285237.0,2262567.0,2317170.0
2288628.0,2248830.0,2323363.0
2288677.0,2243697.0,2318156.0
2279131.0,2257369.0,2320236.0
2371043.0,2246020.0,2338705.0
2290177.0,2257798.0,2321072.0
2287034.0,2262193.0,2343414.0
2300401.0,2258719.0,2322329.0
2375354.0,2257772.0,2322915.0
2286532.0,2260069.0,2322873.0
2301599.0,2256527.0,2322330.0
2284140.0,2222770.0,2321492.0
2339235.0,2259716.0,257783.0
7781.0,2246913.0,2322091.0
2290479.0,2261251.0,2317092.0
2290212.0,2243894.0,2326829.0
2293409.0,2224426.0,2322721.0
2282238.0,2257989.0,2320634.0
2366858.0,2246200.0,2321913.0
2291026.0,2246529.0,2322820.0
2289343.0,2254990.0,2319859.0
2285719.0,2246057.0,2324431.0
2279805.0,2258455.0,2323883.0
2381599.0,3499437.0,2324129.0
2277935.0,2246232.0,2319056.0
2279371.0,2258474.0,2336602.0
2286193.0,3250592.0,2335893.0
2284307.0,2258442.0,2322413.0
2277936.0,2256229.0,2323092.0
2280197.0,2246075.0,2325886.0
2300453.0,2245235.0,2334273.0
2279215.0,2246907.0,2323104.0
2280443.0,2257133.0,2322102.0
2277222.0,2222881.0,2323704.0
2305440.0,2258390.0,2323152.0
2287065.0,2256622.0,2317951.0
2369868.0,2247101.0,2335834.0
2284342.0,2258429.0,2322888.0
2281319.0,2245296.0,2339688.0
2373753.0,2244778.0,2327162.0
2283453.0,2266528.0,2322438.0
2282027.0,2257369.0,2333316.0
2277947.0,2246581.0,2316127.0
2286717.0,2259018.0,2318603.0
2374792.0,2302157.0,2320281.0
2280225.0,2264749.0,2318505.0
2288719.0,4176.0,2323124.0
2290677.0,2261644.0,2415050.0
2401831.0,687469.0,2335360.0
2410785.0,2254832.0,2320879.0
2448117.0,3263988.0,2317291.0
2423809.0,2258070.0,2319049.0
2401495.0,2363067.0,2322046.0
2463107.0,2249018.0,2332401.0
2449466.0,2259903.0,2321771.0
2395405.0,2245889.0,2322090.0
2380981.0,2220684.0,2321518.0
6630.0,2295165.0,2322512.0
2445651.0,2256440.0,2327962.0
2364697.0,2262936.0,2334968.0
2421510.0,2259177.0,2317638.0
2377302.0,2223231.0,2321076.0
2414340.0,2223031.0,2320188.0
2423346.0,2245850.0,2319078.0
2381141.0,2258066.0,2321337.0
2397291.0,2247619.0,2318808.0
2415289.0,2266273.0,2321692.0
2402541.0,2261205.0,2324919.0
2394772.0,2257805.0,2318940.0
2416118.0,2222176.0,1859840.0
2381551.0,2244860.0,2322225.0
2459391.0,2259105.0,2318887.0
2396374.0,2263500.0,2321470.0
2389556.0,2259762.0,2320113.0
2419654.0,2262490.0,2336234.0
2469534.0,2262585.0,2332594.0
2428692.0,2262183.0,2324578.0
2472270.0,2263618.0,2320925.0
2400819.0,2265249.0,2317728.0
2408758.0,2261762.0,2335847.0
2410310.0,2349343.0,2317588.0
2436535.0,2265485.0,2318941.0
2387435.0,2260160.0,2319934.0
2462836.0,2262605.0,2324444.0
2382517.0,2262008.0,2324440.0
2412705.0,2262757.0,2317467.0
2400882.0,2261482.0,2321666.0
2393542.0,2263933.0,2326564.0
2396176.0,2262396.0,2319470.0
2459443.0,2262781.0,2334162.0
2396865.0,2264149.0,2336580.0
2445525.0,2262691.0,2321402.0
2388061.0,2260831.0,2194574.0
2457571.0,2261747.0,2237780.0
2416268.0,2261969.0,2367772.0
2362875.0,2262390.0,1690450.0
2398725.0,2260915.0,2323537.0
2389694.0,2259921.0,2319658.0
2448783.0,2262811.0,2319681.0
2402432.0,2262525.0,2322870.0
2411370.0,2260145.0,2316495.0
2455392.0,2261852.0,2328690.0
2377701.0,2260387.0,2320445.0
2404110.0,2261460.0,2321768.0
2401828.0,2260583.0,2318266.0
2359131.0,2350486.0,2321665.0
2404499.0,2269869.0,2389382.0
2394476.0,2262992.0,2323495.0
2428612.0,2260797.0,2319859.0
6694.0,2262291.0,2321545.0
2456060.0,2261864.0,2320047.0
2392490.0,2354804.0,2318466.0
2406575.0,2263866.0,2335558.0
2407994.0,2350511.0,2320998.0
2439334.0,2261517.0,2318672.0
2365119.0,2262868.0,2318124.0
2423992.0,2355767.0,2322837.0
2432081.0,2356271.0,278029.0
2473979.0,2263554.0,2319572.0
2436738.0,2272783.0,2320492.0
2429626.0,2262325.0,2320995.0
2386406.0,2261265.0,2323601.0
2409161.0,2263753.0,2320334.0
2372164.0,2261117.0,2323738.0
2380377.0,2264614.0,2320249.0
2403068.0,2265482.0,2319708.0
2404891.0,2265291.0,2323069.0
2412943.0,2261384.0,2321764.0
2403980.0,2263247.0,2320655.0
2375211.0,2260479.0,2321799.0
2462160.0,2354696.0,2320502.0
2412608.0,2264372.0,2333340.0
2420246.0,2261734.0,2319607.0
2404815.0,2261074.0,2323830.0
2370384.0,2262794.0,2318604.0
2436307.0,2261730.0,2325493.0
2423485.0,2264898.0,2335282.0
2396934.0,2262441.0,2333754.0
2402776.0,2263751.0,2324690.0
2438873.0,2265838.0,2311310.0
2448398.0,2261942.0,2321503.0
2412305.0,2263725.0,2317327.0
2457255.0,2354378.0,2337929.0
2417897.0,2264872.0,2321522.0
2457401.0,2261837.0,2318288.0
2410693.0,2268230.0,2338665.0
2372694.0,2263037.0,2320574.0
2457488.0,2261417.0,2321950.0
2426847.0,2262370.0,2324815.0
2417409.0,2260526.0,2325257.0
2360956.0,2260479.0,2335791.0
2458950.0,2264083.0,2405176.0
2453473.0,2264038.0,2317674.0
2417709.0,2260461.0,2320146.0
2394031.0,2260782.0,2319261.0
2433064.0,2261132.0,2323964.0
2453360.0,2261075.0,2324496.0
2427754.0,2265418.0,2321587.0
2375217.0,2261061.0,2320360.0
2443518.0,2261946.0,2000092.0
2409400.0,2263701.0,2322252.0
2397309.0,2264073.0,2325216.0
2380793.0,2262397.0,2320018.0
2419742.0,2266568.0,1261932.0
2459999.0,2262808.0,2336132.0
2410313.0,2266417.0,2323646.0
2376944.0,2259318.0,2322941.0
2375540.0,2262800.0,2310251.0
2452324.0,2351430.0,2311828.0
2477237.0,2266138.0,2310471.0
2470168.0,2263868.0,2309453.0
2408199.0,2349332.0,2311823.0
2410536.0,2265626.0,2313079.0
2384838.0,2262833.0,2311305.0
2471522.0,2262970.0,2309914.0
2407250.0,2261783.0,2308604.0
2410694.0,2269506.0,2409399.0
2362592.0,2262649.0,2309773.0
2379658.0,2263076.0,2309600.0
2404549.0,2262596.0,2311280.0
2399222.0,2260964.0,2314015.0
2392763.0,2262823.0,2310527.0
2450104.0,2259674.0,2416971.0
2472967.0,2263906.0,2312432.0
2474050.0,2260902.0,2311547.0
2452531.0,2262310.0,2310041.0
2441556.0,2263030.0,2306977.0
2385787.0,2263423.0,2310441.0
2378609.0,2262001.0,2311130.0
2401184.0,2260441.0,2315636.0
2398279.0,2260922.0,2307450.0
2376590.0,2262642.0,2311400.0
2376406.0,2262583.0,2320946.0
2391635.0,2261049.0,2308511.0
2437255.0,2262918.0,2309766.0
2467299.0,2262761.0,2356510.0
2409640.0,2262944.0,2310387.0
2454011.0,2260345.0,2307692.0
2416422.0,2262080.0,2307833.0
2426499.0,2350063.0,2307416.0
2370672.0,2262365.0,2308896.0
2391326.0,2263493.0,2310852.0
2446247.0,2262969.0,2308067.0
2452878.0,2260777.0,2307648.0
2355458.0,2261138.0,2309507.0
2379348.0,2264700.0,2306870.0
2450828.0,2262273.0,2307360.0
2448751.0,2262614.0,2329697.0
2385597.0,2262065.0,2309077.0
2381783.0,2351907.0,2310554.0
2425006.0,2262665.0,2309407.0
2384839.0,2263092.0,2311014.0
2453324.0,2262708.0,2311248.0
2424882.0,2264775.0,2311846.0
2456957.0,2261456.0,2310123.0
2405980.0,2262023.0,2309684.0
2375279.0,2261527.0,2310688.0
2375998.0,2263970.0,2309710.0
2416380.0,2262276.0,2310008.0
2371143.0,2262030.0,2308637.0
2399810.0,2262549.0,2403116.0
2363306.0,2262958.0,2311617.0
2411203.0,2261733.0,2308960.0
2464236.0,2353004.0,2318100.0
2459768.0,2263048.0,2312367.0
2398590.0,2261791.0,2306674.0
2398992.0,2260612.0,2310606.0
2450212.0,2352007.0,2309016.0
2378857.0,2266403.0,2310436.0
2398408.0,2262535.0,2310108.0
2463807.0,2261059.0,2310186.0
2451678.0,2261997.0,2311687.0
2426775.0,2262121.0,2310325.0
2461736.0,2350892.0,2308529.0
2458809.0,2261304.0,2309421.0
2426234.0,2263055.0,2307245.0
2425788.0,2260882.0,2404507.0
2432016.0,2262951.0,2310928.0
2364726.0,2261426.0,2310658.0
2441416.0,2263049.0,2309944.0
2385278.0,2263534.0,2309453.0
2444886.0,2263541.0,2308778.0
2398477.0,2262428.0,2302702.0
2472270.0,2262399.0,2311897.0
2391580.0,2261123.0,2304647.0
2364989.0,2263258.0,2308098.0
2457742.0,2261971.0,2318032.0
2410944.0,2262300.0,2309057.0
2455351.0,2261513.0,2306420.0
2453816.0,2263006.0,2311495.0
2452153.0,2349761.0,2385800.0
2426991.0,2262578.0,2312722.0
2365461.0,2263906.0,2310234.0
2366248.0,2351590.0,2309410.0
2446866.0,2263242.0,2310842.0
2306199.0,2260510.0,2307344.0
2307718.0,2262083.0,2307299.0
2299489.0,2260494.0,2310666.0
2307554.0,2263447.0,2310048.0
2295710.0,2262380.0,2307982.0
2299697.0,2263692.0,2315270.0
2294116.0,2264364.0,2307692.0
2296495.0,2263240.0,2308682.0
2289295.0,2262556.0,2313129.0
2301472.0,2261963.0,2310134.0
2283785.0,2262108.0,2311701.0
2285166.0,2263281.0,2309382.0
2294899.0,731.0,2310219.0
2303821.0,206631.0,2311996.0
2296745.0,4609.0,2310432.0
2304397.0,2073701.0,2415347.0
2295062.0,2350342.0,2310817.0
2334881.0,2262817.0,2308511.0
2292727.0,2263047.0,2309837.0
2301720.0,2260721.0,2309903.0
2303314.0,2265469.0,2311722.0
2382990.0,2263461.0,2309192.0
2290090.0,2262887.0,2310680.0
2300364.0,2263845.0,2307720.0
2297675.0,2352751.0,2309957.0
2373929.0,2262651.0,2311718.0
2294933.0,2261282.0,2310406.0
2286331.0,2261457.0,2311501.0
4799.0,2262086.0,2308986.0
2314791.0,2262129.0,2307092.0
4771.0,2262752.0,2310698.0
4779.0,2262686.0,2311427.0
4739.0,2263707.0,2309994.0
4739.0,2264084.0,2310217.0
4715.0,2263858.0,2377906.0
4739.0,2260709.0,2306934.0
4739.0,2261482.0,2310419.0
4799.0,2262715.0,2309084.0
4799.0,2263356.0,2311138.0
4771.0,2350344.0,2312837.0
4799.0,2261135.0,2310022.0
4799.0,2351702.0,2311003.0
4715.0,2264977.0,2311740.0
2292385.0,2261723.0,2307308.0
2308043.0,2262587.0,2309071.0
2295717.0,2263432.0,2309781.0
2295487.0,2274316.0,2309686.0
2287386.0,2261295.0,2309423.0
4759.0,2261816.0,2309695.0
2306199.0,2256495.0,2306905.0
4735.0,2247199.0,2334245.0
4675.0,2253544.0,2307447.0
4695.0,3165868.0,2308793.0
4759.0,2249321.0,2375359.0
4739.0,2268620.0,2307942.0
4998.0,3164461.0,2309393.0
4739.0,2249102.0,2338522.0
4799.0,2243350.0,2309793.0
4835.0,2247699.0,2308780.0
4759.0,2248661.0,2309370.0
4735.0,2256592.0,2311264.0
4759.0,2246615.0,2311469.0
4759.0,2303584.0,4299.0
4695.0,2256132.0,242549.0
4739.0,2261650.0,2175390.0
4759.0,2258098.0,2310593.0
4735.0,2254029.0,2321533.0
2295244.0,2248108.0,2307436.0
2300254.0,2245818.0,2311386.0
2299022.0,2250252.0,2310812.0
4703.0,2258368.0,2310190.0
2286046.0,2249961.0,2308730.0
2299855.0,3160062.0,2308514.0
2295040.0,2247647.0,2309837.0
2296240.0,2257651.0,2309088.0
2291015.0,2285974.0,2311795.0
2373820.0,2243428.0,2304881.0
2293973.0,2248927.0,2313351.0
2290998.0,2250951.0,2309672.0
2297199.0,2246087.0,2310719.0
2294610.0,2261943.0,2309994.0
2293097.0,2257747.0,2310220.0
2294520.0,2259860.0,2382380.0
2295619.0,2251849.0,2314155.0
2296240.0,2258026.0,2310341.0
2317292.0,2257289.0,2308895.0
2289387.0,2247149.0,2307937.0
2288367.0,2244671.0,2308085.0
2286113.0,2258147.0,2309752.0
2313785.0,2258270.0,2310350.0
2296003.0,2263558.0,2309374.0
2297138.0,2257600.0,2308149.0
2287982.0,2258859.0,2311427.0
2285628.0,2259055.0,2308503.0
2297059.0,2260343.0,2309694.0
2287231.0,2258680.0,2310586.0
2302668.0,2259410.0,2311005.0
2286970.0,2246887.0,2298252.0
2293742.0,2259705.0,2309776.0
2289385.0,2255126.0,2309496.0
2288384.0,2246620.0,2311665.0
2292434.0,2245696.0,2310172.0
2286364.0,2251389.0,2309664.0
2299545.0,2258196.0,2308099.0
2287417.0,2258985.0,2306091.0
2297300.0,2259110.0,2307328.0
2300982.0,2246130.0,2311436.0
2304108.0,2264287.0,2306856.0
2309379.0,2247609.0,2310229.0
2288059.0,2256531.0,2309230.0
2295116.0,2258153.0,2311096.0
2302427.0,2247125.0,2309645.0
2298410.0,2245696.0,2309130.0
2292489.0,2252237.0,2309757.0
2296230.0,2244228.0,2310231.0
2300319.0,2257760.0,2306469.0
2299855.0,2246053.0,2310355.0
2295869.0,2248039.0,2310532.0
2314023.0,2247502.0,2311594.0
2289011.0,2247795.0,2311037.0
2297120.0,2260171.0,2309630.0
2304470.0,2248174.0,2308171.0
2293930.0,2248034.0,2326618.0
2304573.0,2245766.0,2360159.0
2294129.0,2258667.0,2308379.0
2290358.0,2251177.0,2389482.0
2297396.0,2246838.0,2308271.0
2290335.0,2244216.0,2310782.0
2285468.0,2259530.0,2386011.0
2293864.0,2248671.0,2352118.0
2298446.0,2256357.0,2331406.0
2288279.0,2247887.0,2378867.0
2294837.0,2259035.0,2381987.0
2289000.0,2258205.0,2379267.0
2289900.0,2257239.0,2363630.0
2286859.0,2258579.0,2388120.0
2297119.0,2246638.0,2147434.0
2295334.0,2256189.0,777.0
2299576.0,2248155.0,243537.0
2295349.0,2256266.0,2316473.0
2293479.0,2244156.0,2311122.0
2309178.0,202240.0,2363828.0
4703.0,2245912.0,2328155.0
2307332.0,2246505.0,2309612.0
2289499.0,2275878.0,2340303.0
2291389.0,2258083.0,2307968.0
2296151.0,2251185.0,2310980.0
2302426.0,2259411.0,2324688.0
2293254.0,2245483.0,2310018.0
2349316.0,2257984.0,2367872.0
2288760.0,2250198.0,2394017.0
2294037.0,2258986.0,2391113.0
2298964.0,2258027.0,2308239.0
2297024.0,2244169.0,2348407.0
2308485.0,2258313.0,2395329.0
2295180.0,2254062.0,2414167.0
2291339.0,2243225.0,2324647.0
2400306.0,2255629.0,2374736.0
2341043.0,3161240.0,2308952.0
2295258.0,2257667.0,2381336.0
2394502.0,2258280.0,2324252.0
2295263.0,2260017.0,2308445.0
2321123.0,2248987.0,2335265.0
2312523.0,2258736.0,2406624.0
2298435.0,2246537.0,2311009.0
4739.0,2258811.0,2408061.0
4735.0,2245158.0,2359852.0
4759.0,2256228.0,2368346.0
4799.0,2256732.0,2351263.0
4799.0,2243932.0,2323511.0
4739.0,2257080.0,2372435.0
4739.0,2244947.0,2350956.0
4739.0,195749.0,2381681.0
2292700.0,2975457.0,2319828.0
4733.0,2257154.0,2346995.0
5047.0,2248630.0,2403590.0
4739.0,2258274.0,2366826.0
4735.0,2252527.0,2389346.0
4759.0,2245939.0,2312301.0
4831.0,2247047.0,2387717.0
4735.0,2259417.0,2351229.0
5257.0,2268631.0,2394561.0
5122.0,2258996.0,2367265.0
4631.0,2257910.0,2379835.0
4739.0,2247068.0,2393468.0
4759.0,2256739.0,2333867.0
5476.0,2258925.0,2367067.0
2299945.0,2249495.0,2373329.0
2286645.0,2250592.0,2340622.0
2287348.0,2256077.0,2310878.0
2287645.0,2244930.0,2309624.0
2293829.0,2265939.0,2389453.0
2310666.0,2250287.0,2391998.0
2295233.0,2246019.0,2347506.0
2381698.0,2244847.0,2367355.0
2296024.0,2245878.0,2399512.0
2292193.0,2256306.0,2342006.0
2302249.0,2250868.0,2337068.0
2287930.0,2245348.0,2364959.0
2292111.0,2247392.0,2307758.0
2290114.0,2258162.0,2338534.0
2297292.0,2258158.0,2327491.0
2294571.0,2250298.0,2307939.0
2287735.0,2253541.0,2322926.0
2296189.0,2257907.0,2311824.0
2302984.0,2253397.0,2360364.0
2286632.0,2258231.0,2363860.0
2297891.0,2250336.0,2374392.0
2294395.0,2264127.0,2309622.0
2297686.0,2259237.0,2379332.0
2339718.0,2258367.0,2318988.0
2295663.0,2246842.0,2312728.0
2293811.0,2258033.0,2310485.0
2384588.0,2250159.0,2362525.0
2299988.0,2257740.0,2352185.0
2294533.0,2245470.0,2382158.0
2297518.0,2258047.0,2402104.0
2304864.0,2257391.0,2309073.0
2367582.0,2251240.0,2306014.0
2296649.0,2245269.0,2403012.0
2314872.0,2249719.0,2361203.0
2299469.0,2247177.0,2403835.0
2290024.0,2257205.0,2337886.0
2294122.0,2248060.0,2390735.0
2295680.0,2259554.0,2405747.0
2301857.0,2258062.0,2344468.0
2306116.0,2344867.0,2311189.0
2383367.0,2260316.0,2412976.0
2286963.0,2244968.0,2405756.0
2295979.0,2346900.0,2382222.0
2290074.0,3162447.0,2403488.0
2310806.0,2259561.0,2355494.0
2294415.0,2245394.0,2375217.0
2290122.0,2246482.0,2349626.0
2292147.0,2257801.0,2311066.0
2298677.0,2258148.0,2342397.0
2305694.0,2249314.0,2410190.0
2296818.0,2245320.0,2336475.0
2311164.0,2251921.0,2402865.0
2294552.0,2249484.0,2402956.0
2292238.0,2260488.0,2340413.0
2293654.0,3161849.0,2367000.0
2291187.0,2244799.0,2408211.0
2291458.0,2256039.0,2343350.0
2376610.0,2256610.0,2328847.0
2387108.0,2245377.0,2355372.0
2345503.0,2257423.0,2345504.0
2291356.0,3077528.0,2307574.0
2295111.0,2245795.0,2411968.0
2333486.0,2260537.0,2355081.0
2299584.0,2244847.0,2310797.0
2305088.0,2261196.0,2323275.0
2292533.0,2259378.0,2357500.0
2300803.0,2259833.0,2410137.0
2287354.0,2257464.0,2414118.0
2312968.0,2245595.0,2327890.0
2302162.0,2259296.0,2359604.0
2298572.0,2250760.0,2368611.0
2307849.0,2258470.0,2392594.0
2300059.0,2257002.0,2308579.0
2287337.0,2286729.0,2393515.0
2295098.0,2256975.0,2311482.0
2292662.0,2258638.0,2373600.0
2294625.0,2257786.0,2400826.0
2303802.0,2261342.0,2367148.0
2382624.0,2261606.0,2407263.0
2296291.0,2244234.0,2402503.0
2298343.0,2348705.0,2312060.0
2294679.0,2245236.0,2377911.0
2306507.0,2257171.0,2371676.0
2299622.0,2246973.0,2362340.0
2303708.0,2275377.0,2311464.0
2297444.0,2258640.0,2352203.0
2295640.0,2259560.0,2356956.0
2297108.0,3269375.0,2384976.0
2299694.0,2250651.0,2390117.0
2298049.0,2267495.0,2345139.0
2297350.0,2258518.0,2323002.0
2300829.0,2248832.0,2397615.0
2295633.0,2248240.0,2410578.0
2294451.0,2265931.0,2375295.0
2305442.0,2258331.0,2352261.0
2300581.0,2257232.0,2310016.0
2299808.0,2258736.0,2338397.0
2298597.0,2259011.0,2311013.0
2296635.0,2260360.0,2399350.0
2296909.0,2259966.0,2310898.0
2311515.0,2245085.0,2311109.0
2308705.0,2259598.0,2402335.0
2298044.0,2247187.0,2359959.0
2305642.0,2262551.0,2325089.0
2299348.0,2282896.0,2308969.0
2297073.0,2248630.0,2384622.0
2297672.0,2247432.0,2311629.0
2300444.0,2270277.0,2353788.0
2299845.0,85150.0,2375434.0
2315687.0,4637.0,2371223.0
2299221.0,194781.0,2408830.0
2303417.0,4918.0,2386092.0
2301831.0,2245601.0,2352952.0
2303929.0,2259877.0,2377582.0
2315230.0,2250399.0,2307886.0
2300963.0,2259750.0,2368940.0
2298113.0,2260314.0,2381827.0
2297243.0,2259618.0,2396846.0
2299140.0,2250147.0,2311022.0
2296057.0,2455511.0,2329771.0
2296131.0,2247724.0,2372323.0
2314412.0,2258606.0,2363742.0
2296949.0,2259001.0,2331023.0
2298699.0,2246706.0,2345914.0
2299920.0,2259847.0,2359197.0
2294934.0,2258699.0,2340000.0
2300493.0,2246439.0,2337148.0
2299472.0,2245329.0,2309000.0
2308520.0,2253412.0,2333140.0
2296022.0,2259294.0,2392335.0
2295049.0,2250320.0,2357650.0
2296117.0,2258484.0,2398031.0
2303291.0,2250047.0,2384343.0
2314982.0,2248100.0,2342742.0
2300167.0,2245333.0,2383689.0
2297901.0,2251946.0,2404708.0
2302325.0,2245615.0,2352830.0
2300247.0,2245610.0,2322838.0
2299535.0,2262687.0,2308643.0
2297278.0,2254329.0,2406278.0
2301763.0,2258237.0,2330560.0
2298887.0,2256899.0,2310287.0
2314268.0,2250601.0,2382292.0
2297657.0,2257077.0,2315513.0
2295089.0,2252662.0,2323615.0
2300291.0,2247407.0,2381042.0
2299190.0,2249161.0,2389160.0
2298570.0,2258944.0,2334319.0
2298333.0,2254481.0,2306198.0
2292582.0,2269101.0,2311971.0
2299118.0,2246086.0,2342394.0
2300505.0,2261208.0,2344740.0
2295275.0,2260062.0,2391044.0
2300641.0,2259058.0,2411754.0
2296478.0,2245088.0,2395503.0
2294791.0,2250826.0,2390890.0
2301901.0,2252744.0,2334232.0
2298579.0,2246561.0,2311626.0
2301495.0,2284249.0,2298248.0
2295028.0,2261849.0,2300562.0
2304488.0,2245998.0,2301701.0
2300660.0,2246029.0,2303815.0
2301363.0,2260026.0,2304059.0
2296095.0,2246163.0,2310716.0
2299020.0,2262704.0,2301164.0
2298233.0,2258871.0,2304115.0
2312499.0,2260693.0,2303996.0
2294015.0,2249671.0,2303371.0
2294949.0,2259198.0,2308869.0
2299235.0,2260403.0,2305620.0
2294445.0,2257976.0,2304997.0
2313814.0,2260798.0,2305599.0
2299842.0,2250207.0,2301942.0
2296348.0,2258013.0,2294742.0
2293808.0,2259193.0,2301683.0
2296862.0,2259896.0,2303982.0
2300775.0,2246433.0,2300241.0
2299100.0,2258573.0,2326603.0
2298848.0,2258780.0,2301979.0
2298859.0,2259526.0,2299460.0
2297380.0,2247592.0,2301111.0
2314422.0,2266682.0,2298418.0
2297031.0,2259930.0,2300204.0
2298100.0,2246243.0,2303217.0
2295748.0,2256432.0,2300965.0
2299305.0,2261128.0,2301385.0
2294668.0,2253816.0,2298768.0
2299651.0,2258527.0,2303277.0
2295292.0,2251048.0,2309602.0
2295331.0,2268083.0,2304125.0
2300881.0,2261058.0,2304566.0
2296059.0,2244845.0,2295080.0
2315566.0,2258868.0,2300221.0
2301101.0,2245584.0,2335186.0
2303189.0,2268482.0,2301462.0
2299938.0,2257973.0,2333760.0
2299234.0,2260099.0,2303458.0
2301516.0,2244244.0,2302740.0
2297238.0,2248519.0,2298302.0
2301564.0,2243670.0,2315444.0
2300365.0,2250193.0,2298819.0
2300844.0,2245733.0,2302225.0
2299029.0,2245368.0,2301060.0
2300537.0,2247351.0,2304406.0
2300230.0,2259295.0,2304175.0
2297197.0,2246909.0,2307992.0
2316255.0,2245941.0,2304507.0
2296198.0,2260110.0,2300867.0
2295142.0,2244584.0,2300865.0
2299567.0,2260347.0,2324156.0
2296622.0,2260049.0,2306888.0
2299741.0,2256060.0,2300903.0
2297336.0,2245730.0,2301479.0
2298727.0,2258421.0,2310048.0
2293360.0,2259838.0,2309967.0
2296358.0,2245661.0,2299985.0
2296355.0,2248162.0,2300300.0
2301440.0,2259235.0,2301619.0
2299497.0,2246379.0,2305492.0
2298655.0,2252647.0,2309011.0
2299048.0,2250742.0,2306107.0
2297781.0,2245560.0,2301247.0
2301099.0,2257478.0,2313858.0
2298892.0,2258440.0,2299251.0
2312305.0,2245889.0,2305865.0
2298059.0,2245336.0,2326049.0
2300807.0,2258940.0,2297479.0
2299327.0,2257582.0,2292513.0
2311611.0,2245989.0,2307968.0
2299281.0,2307064.0,2306037.0
2316316.0,2257554.0,2303500.0
2297838.0,2250455.0,2299738.0
2300284.0,2259143.0,2313159.0
2302279.0,3046423.0,2303852.0
2309532.0,2364512.0,2307527.0
2298407.0,2262979.0,2298526.0
2296698.0,2272727.0,2318398.0
2296568.0,2259612.0,2300523.0
2314536.0,2258451.0,2300056.0
2302254.0,2244992.0,2305216.0
2295600.0,2255516.0,2300472.0
2305588.0,2257656.0,2302548.0
2302373.0,2244633.0,2306967.0
2309107.0,2241565.0,2310923.0
2308014.0,2259100.0,2303946.0
2299677.0,2258565.0,2299474.0
2293757.0,2250631.0,2305373.0
2296149.0,2243839.0,2307231.0
2301303.0,2251232.0,2300101.0
2296566.0,2246753.0,2303791.0
2300372.0,2259460.0,2331481.0
2297055.0,2260544.0,2311079.0
2307128.0,2249692.0,2303298.0
2294669.0,2264053.0,2336724.0
2305097.0,2255104.0,2309871.0
2298654.0,2247177.0,2307838.0
2294400.0,2264595.0,2300426.0
2293775.0,2283231.0,2302794.0
2298498.0,2259390.0,2305930.0
2294779.0,2264842.0,2313898.0
2299651.0,2260865.0,2303732.0
2294728.0,2261809.0,2304504.0
2298444.0,2266652.0,2301278.0
2298688.0,2250030.0,2296480.0
2295983.0,2260835.0,2300514.0
2300136.0,2259213.0,2306011.0
2301477.0,2246325.0,2298979.0
2298299.0,2258009.0,2306162.0
2296548.0,2261372.0,2304152.0
2301301.0,2245754.0,2298513.0
2295381.0,2251939.0,2298421.0
2294984.0,2246268.0,2300663.0
2319332.0,2271352.0,2300918.0
2300041.0,2250392.0,2302531.0
2301186.0,2246269.0,2303141.0
2299276.0,2257492.0,2300595.0
2305986.0,2245465.0,2300515.0
2296921.0,2244249.0,2303336.0
2301855.0,2259707.0,2303900.0
2297276.0,2260526.0,2304243.0
2300531.0,2258515.0,2299759.0
2301153.0,2259640.0,2299513.0
2303571.0,2248169.0,2303718.0
2332915.0,2245308.0,2312007.0
2327603.0,2251253.0,2303115.0
2305019.0,2256823.0,2300508.0
2309301.0,2243626.0,2302006.0
2302900.0,2251260.0,2306341.0
2320137.0,2260299.0,2305523.0
2300382.0,2250362.0,2299404.0
2305278.0,2251029.0,2305032.0
2312678.0,2251187.0,2301555.0
2318181.0,2253937.0,2301439.0
2304705.0,2245909.0,2306522.0
2313806.0,2245585.0,2310316.0
2309097.0,2257062.0,2305559.0
2308065.0,2247390.0,2311376.0
2311392.0,2259220.0,2303004.0
2300630.0,2846235.0,2311512.0
2317154.0,2259009.0,2297461.0
2322454.0,2245952.0,2303001.0
2320805.0,2949013.0,2302692.0
2318444.0,2250163.0,2300028.0
2321930.0,2255866.0,2307025.0
2314071.0,2245265.0,2296210.0
2300012.0,2262963.0,2302924.0
2307959.0,2246844.0,2300387.0
2314897.0,2259564.0,2294488.0
2315851.0,2258942.0,2310673.0
2317978.0,2258701.0,2299896.0
2305679.0,2257245.0,2304086.0
2333362.0,2258111.0,2297902.0
2318155.0,2257324.0,2301947.0
2336045.0,2247168.0,2303375.0
2317604.0,2246540.0,2309222.0
2306836.0,2258739.0,2306327.0
2313503.0,2246131.0,2300241.0
2319586.0,2256819.0,2302366.0
2308161.0,2245387.0,2303886.0
2302419.0,2258264.0,2305262.0
2317313.0,2259408.0,2301892.0
2314050.0,2246340.0,2302843.0
2317149.0,2245620.0,2304969.0
2312356.0,2260812.0,2303715.0
2319101.0,2261417.0,2303926.0
2303837.0,2265062.0,2301371.0
2316859.0,2263678.0,2301395.0
2315967.0,2262971.0,2310101.0
2305692.0,2262402.0,2307439.0
2315008.0,2262248.0,2302417.0
2320443.0,2261242.0,2301552.0
2308105.0,2260255.0,2302667.0
2312914.0,2288715.0,2296923.0
2307705.0,2267703.0,2303404.0
2316386.0,2266870.0,2305053.0
2312528.0,2261120.0,2296624.0
2303327.0,2260508.0,2302327.0
2309181.0,2263113.0,2305725.0
2301304.0,2262142.0,2300310.0
2325966.0,2262704.0,2299756.0
2323133.0,2260444.0,2299282.0
2303247.0,2261901.0,2298026.0
2322208.0,2260495.0,2296853.0
2310639.0,2261608.0,2306052.0
2306752.0,2262141.0,2299035.0
2316465.0,2262944.0,2343604.0
2319296.0,2262594.0,2306973.0
2306215.0,2260934.0,2316293.0
2322745.0,2261221.0,2291868.0
2315127.0,2262925.0,2308951.0
2302280.0,2262050.0,2313973.0
2302095.0,2262630.0,2302553.0
2304793.0,2260392.0,2305549.0
2316643.0,2262247.0,2303581.0
2309385.0,2263992.0,2301507.0
2318895.0,2264243.0,2305745.0
2312120.0,2261992.0,2305183.0
2307910.0,2260527.0,2307452.0
2328208.0,2265739.0,2307623.0
2305034.0,2261397.0,2294893.0
2308480.0,2260702.0,2301144.0
2306637.0,2263810.0,2309793.0
2307915.0,2261928.0,2305503.0
2396296.0,2264860.0,2298319.0
2303744.0,2262672.0,2301351.0
2305067.0,206767.0,2314598.0
2303800.0,2063233.0,2298090.0
2308988.0,2263652.0,2296021.0
2319393.0,2261459.0,2294208.0
2315058.0,2260259.0,2297328.0
2312955.0,2265766.0,2297706.0
2301337.0,2262619.0,2302493.0
2321548.0,2262604.0,2307636.0
2326990.0,2262974.0,2299799.0
2302025.0,2261213.0,2307289.0
2307621.0,2263360.0,2308690.0
2319704.0,2261791.0,2302918.0
2306013.0,2262272.0,2307158.0
2305086.0,2262361.0,2310912.0
2320466.0,2265640.0,2311087.0
2320224.0,2264366.0,2318718.0
2323348.0,2264525.0,2308693.0
2313102.0,2261807.0,2308901.0
2320688.0,2264067.0,2311705.0
2325641.0,2265477.0,2314408.0
2301366.0,2262805.0,2308123.0
2316995.0,2260278.0,2309154.0
2308467.0,2267027.0,2311665.0
2322531.0,2266469.0,2310369.0
2316838.0,2262260.0,2309754.0
2303530.0,2262697.0,2307224.0
2321644.0,2264781.0,2310686.0
2306106.0,2264276.0,2308367.0
2303170.0,2261874.0,2314875.0
2310352.0,2261550.0,2310219.0
2307181.0,2281112.0,2312696.0
2310522.0,2263497.0,2308563.0
2314626.0,2264918.0,2307498.0
2308606.0,2262595.0,2306280.0
2316384.0,2260529.0,2301466.0
2309728.0,2261693.0,2309383.0
2329632.0,2262745.0,2315692.0
2311160.0,2260508.0,2305996.0
2313626.0,2262781.0,2312690.0
258537.0,2268337.0,2309104.0
2309912.0,2260287.0,2307752.0
2301823.0,2263816.0,2306678.0
2329296.0,2261268.0,2305146.0
2323846.0,2261374.0,96319.0
2313752.0,2262028.0,2311079.0
2304184.0,2263305.0,2318372.0
2305510.0,2263480.0,2309048.0
2308153.0,2260832.0,2307214.0
2309770.0,2268254.0,2308307.0
2317790.0,2261348.0,2307287.0
2308564.0,2263206.0,2308908.0
2306986.0,2261766.0,2311844.0
2313891.0,2263356.0,2314382.0
2303818.0,2262055.0,2309223.0
2309806.0,2261861.0,2311482.0
2314985.0,2262408.0,2311014.0
2313360.0,2284337.0,2320784.0
2306650.0,2261882.0,2308483.0
2307261.0,2278555.0,2321899.0
2316327.0,2266763.0,2321089.0
2303982.0,2293487.0,2307016.0
2304330.0,2264518.0,2312601.0
2311948.0,2262965.0,2307172.0
2331344.0,2262718.0,2313547.0
2301614.0,2265942.0,2311042.0
2318922.0,2261571.0,2309224.0
2315859.0,2261204.0,2311362.0
2304315.0,2286178.0,2312974.0
2305942.0,2266452.0,2307070.0
2305608.0,2263097.0,2309172.0
2315784.0,2263538.0,2307795.0
2308917.0,2261963.0,2308822.0
2318209.0,2263631.0,2308136.0
2315705.0,2288118.0,2309635.0
2300846.0,2262805.0,2311201.0
2302582.0,2261927.0,2311101.0
2316030.0,2262242.0,2310010.0
2317460.0,2263427.0,2312241.0
2301082.0,2268189.0,2306634.0
2317834.0,2262289.0,2309361.0
2313887.0,2262946.0,2310976.0
2305880.0,2262007.0,2310727.0
2304692.0,2283505.0,2311751.0
2305399.0,2271370.0,2311734.0
2319290.0,2263398.0,2309546.0
2319589.0,2264474.0,2305316.0
2305961.0,2265886.0,2309995.0
2301835.0,2260929.0,2308291.0
2318425.0,2261677.0,2310847.0
2317209.0,2264981.0,2310383.0
2337789.0,2262926.0,2308067.0
2307257.0,2263131.0,2326893.0
2315307.0,2263296.0,2305589.0
2418756.0,2261852.0,2306756.0
2313275.0,2260853.0,2310572.0
2316363.0,2264129.0,2311346.0
2306647.0,2262776.0,2312653.0
2316816.0,2262831.0,2311279.0
2307306.0,2262480.0,2315603.0
2300188.0,2267511.0,2309047.0
2304175.0,2267687.0,2304968.0
2313654.0,2263128.0,2314603.0
2315912.0,2264761.0,2309512.0
2312640.0,2264253.0,2306059.0
2315034.0,2264191.0,2310022.0
2302266.0,2262106.0,2313576.0
2305234.0,2265709.0,2318961.0
2306355.0,2263442.0,2309304.0
2304938.0,2265188.0,2309312.0
2301577.0,2261774.0,2307326.0
2315730.0,2261598.0,2308694.0
2316531.0,2262940.0,2310807.0
2308196.0,2260793.0,2308273.0
2331078.0,2266403.0,2307930.0
2300518.0,2263868.0,2308135.0
2302939.0,2262178.0,2308545.0
2301220.0,2263164.0,2309143.0
2312097.0,2262074.0,2308441.0
2322106.0,2262992.0,2307022.0
2315779.0,2262151.0,2315122.0
2313398.0,2262318.0,2313539.0
2318683.0,2261183.0,2309468.0
2309932.0,2268594.0,2308838.0
2304610.0,2263168.0,2306046.0
2320993.0,2263886.0,2310278.0
2320572.0,2261733.0,2306488.0
2322444.0,2261281.0,2311581.0
2286029.0,2260542.0,2310311.0
2293296.0,2263188.0,2309637.0
2295657.0,2262129.0,2307677.0
2301029.0,2264005.0,2325206.0
2293064.0,2263402.0,2306910.0
2295502.0,2262188.0,2306630.0
2301410.0,2263915.0,2309965.0
2310914.0,2262386.0,2311390.0
2298413.0,2263559.0,2309391.0
2296000.0,2262299.0,2321987.0
2295522.0,2265503.0,2311229.0
2296470.0,2262686.0,2310856.0
2294099.0,2261638.0,2307218.0
2288974.0,2262907.0,2311704.0
2294175.0,2262387.0,2310574.0
2305590.0,2261294.0,2308642.0
2296422.0,2260986.0,2310420.0
2288120.0,2263271.0,2318298.0
2294247.0,2263238.0,2308940.0
2292695.0,2262877.0,2306679.0
2286963.0,2263067.0,2309984.0
2296512.0,2261919.0,2311191.0
2286011.0,2263878.0,2310887.0
2301056.0,2260695.0,2310806.0
2293773.0,2261799.0,2305724.0
2299182.0,2264906.0,2319972.0
2285768.0,2267324.0,2314965.0
2299486.0,2262115.0,2311422.0
2295674.0,2261983.0,2312501.0
2291416.0,2262356.0,2320950.0
2313513.0,2260619.0,2308987.0
2287322.0,2264099.0,2310131.0
339297.0,2262764.0,2310885.0
2295796.0,2262764.0,2308562.0
2293028.0,2261647.0,2321764.0
2293997.0,2260517.0,2308099.0
99013.0,2264754.0,2306887.0
2298565.0,2262441.0,2312651.0
2298162.0,2263157.0,2306350.0
2293317.0,2263994.0,2305819.0
2297667.0,2263782.0,2308965.0
2311347.0,2264170.0,2317109.0
2298039.0,2262134.0,2311001.0
240314.0,2262437.0,2308168.0
2295774.0,2262710.0,2311893.0
5086.0,2262938.0,2310982.0
2289863.0,2263163.0,2308729.0
4609.0,2262051.0,2320286.0
5027.0,2263622.0,2322003.0
4799.0,2262494.0,2308566.0
4759.0,2266775.0,2309403.0
4759.0,2265804.0,2310559.0
4759.0,2263955.0,2308607.0
4631.0,2262340.0,2310452.0
4683.0,2260851.0,2311353.0
4727.0,2264766.0,2307405.0
4759.0,2261323.0,2307690.0
4759.0,2263093.0,2311316.0
4759.0,2262851.0,2312244.0
4739.0,2260762.0,2320783.0
4735.0,2268339.0,2309843.0
2296389.0,2263073.0,2310490.0
2295912.0,2260606.0,2308632.0
2288721.0,2266551.0,2310914.0
2288639.0,2265508.0,2309743.0
2296605.0,2265290.0,2315427.0
2296950.0,2264057.0,2308594.0
2291450.0,2265647.0,2320484.0
2286856.0,2266311.0,2313661.0
2285671.0,2264888.0,2313733.0
2288107.0,2264250.0,2309600.0
2296674.0,2264158.0,2308780.0
2290975.0,2263926.0,2309101.0
2293566.0,2266063.0,2309426.0
2288672.0,2265748.0,2308814.0
2290184.0,2264767.0,2318413.0
2297260.0,2268205.0,2313374.0
2301332.0,2266520.0,2309089.0
2296478.0,2265096.0,2307029.0
2292209.0,2265331.0,2307229.0
2294916.0,2265155.0,2312772.0
2294524.0,2264486.0,2309595.0
2296076.0,731.0,2304687.0
2293709.0,2266259.0,2309919.0
2301979.0,2266813.0,2319594.0
2291332.0,2266814.0,2309633.0
2293693.0,2265052.0,2309901.0
2303109.0,2265477.0,2309489.0
2293703.0,2265454.0,2308594.0
2296385.0,2268303.0,2309223.0
2288612.0,2265397.0,2309231.0
2295995.0,2270891.0,2308124.0
2285330.0,2265764.0,2305982.0
2296074.0,2266080.0,2310566.0
2293174.0,2264333.0,2308837.0
2294899.0,2264712.0,2311018.0
2290636.0,2263353.0,2317518.0
2294494.0,2264684.0,2319429.0
2298897.0,2265851.0,2319914.0
2316335.0,2265647.0,2315650.0
2291553.0,2267120.0,255706.0
2295790.0,2266089.0,2414913.0
2294796.0,2269325.0,2321000.0
2295272.0,2266374.0,2327073.0
2286462.0,2267038.0,2321638.0
2291071.0,2265897.0,2319350.0
2296035.0,2266167.0,2322914.0
2287084.0,2264270.0,2318760.0
2289693.0,2265829.0,2323731.0
2294259.0,2265570.0,2321762.0
2292363.0,2264705.0,2398490.0
2296950.0,2266014.0,2332712.0
2292254.0,2266481.0,2329282.0
2296719.0,2265719.0,2319280.0
2288765.0,2265869.0,2349305.0
2301971.0,2265442.0,2325772.0
2290873.0,2263823.0,2329245.0
2309893.0,2263472.0,2318311.0
2286374.0,2263579.0,2317198.0
2303400.0,2266221.0,2325957.0
2289204.0,2265233.0,2320113.0
2297778.0,2264729.0,2330058.0
2293999.0,2266629.0,2331560.0
2300608.0,2267836.0,2317632.0
2286486.0,2264854.0,2317680.0
2288464.0,2265403.0,2319636.0
2300299.0,2264591.0,1293950.0
2290194.0,2264136.0,2319268.0
2300363.0,2265452.0,2320196.0
2286797.0,2265574.0,2353451.0
2289521.0,2265579.0,2320176.0
2285690.0,2262441.0,2321036.0
2291607.0,2266205.0,2319660.0
2285490.0,2269111.0,2328664.0
2295116.0,2264671.0,2314718.0
2295923.0,2264836.0,2318689.0
2294360.0,2270099.0,2319886.0
2292165.0,2269450.0,2135185.0
2297534.0,2268914.0,2319650.0
2296422.0,2268759.0,2317152.0
2293221.0,2264679.0,2318705.0
2296054.0,2265748.0,2321225.0
2285802.0,2267379.0,2318049.0
2296915.0,2266581.0,2317984.0
2302497.0,2263898.0,2316304.0
2295523.0,2265206.0,2319251.0
2293715.0,2266422.0,2319866.0
2295223.0,2264319.0,2317559.0
2293393.0,2264049.0,2334159.0
2286444.0,2271244.0,2319642.0
2292899.0,2266166.0,2325212.0
2288352.0,2265028.0,2327711.0
2306367.0,2265565.0,2319635.0
2288731.0,2263773.0,2319587.0
2293367.0,2266503.0,2324800.0
2285241.0,2265413.0,2316526.0
2285354.0,2264621.0,289895.0
2295561.0,2264902.0,2330766.0
2295208.0,2265365.0,2319156.0
2293720.0,2263750.0,2324449.0
2293197.0,2266854.0,2317561.0
2303636.0,2266710.0,2325339.0
2308787.0,2264927.0,2422501.0
2296738.0,2265260.0,2317024.0
2294704.0,2266099.0,2377411.0
2298739.0,2264863.0,2335042.0
2298754.0,2264898.0,2319575.0
2286554.0,2266299.0,2318970.0
2297453.0,2266053.0,2318619.0
2287805.0,319157.0,2375616.0
2299545.0,391413.0,2319167.0
2304296.0,1577060.0,2317664.0
2292251.0,2263649.0,2317366.0
2299107.0,2266741.0,2326453.0
2288348.0,2266295.0,2319803.0
2293401.0,2264150.0,2320313.0
4739.0,2265997.0,2331822.0
2295926.0,2266509.0,2324723.0
4641.0,2268702.0,2320014.0
5027.0,2265895.0,2326877.0
5456.0,2265508.0,2324437.0
4707.0,2267364.0,2360145.0
4779.0,2262544.0,2316884.0
4663.0,2265689.0,2386138.0
4759.0,2267468.0,2320681.0
4695.0,2265761.0,2353238.0
4715.0,2266768.0,2319870.0
4771.0,2266185.0,2320654.0
4739.0,2265512.0,2320446.0
4759.0,2264550.0,2319445.0
4791.0,2267397.0,2318209.0
4799.0,2264225.0,2332004.0
2297269.0,2263508.0,2319258.0
2296540.0,2265405.0,2318202.0
2287249.0,2264249.0,2318142.0
2293772.0,2266715.0,2335722.0
2296919.0,2264358.0,2433947.0
2301313.0,2263768.0,2356667.0
2301400.0,2267101.0,2319291.0
2290531.0,2265848.0,2394589.0
2291778.0,2265995.0,2319803.0
2286735.0,2266856.0,2321821.0
4799.0,2266354.0,2318577.0
2289690.0,2266023.0,2319463.0
4739.0,2263862.0,2327156.0
4799.0,2267597.0,2318404.0
4799.0,2265423.0,2325440.0
4799.0,2264068.0,2318504.0
4799.0,2265368.0,2423771.0
4759.0,2266721.0,2315382.0
4735.0,2266642.0,2320626.0
4759.0,2264288.0,2320549.0
4739.0,2263356.0,2328800.0
4735.0,2270369.0,2333155.0
4675.0,2263500.0,2319357.0
4739.0,2266701.0,2317238.0
4803.0,2265514.0,2321326.0
2297843.0,2264897.0,2320262.0
2291363.0,2266380.0,2319813.0
2301452.0,2268887.0,2319506.0
2289353.0,2272704.0,2335033.0
2289014.0,2264889.0,2317945.0
2292886.0,2264547.0,2335432.0
2295077.0,2266034.0,2336184.0
2294616.0,2270828.0,2322931.0
2297583.0,2266609.0,2334340.0
2291803.0,2262563.0,2387107.0
2294808.0,2265640.0,2402991.0
2283721.0,2266847.0,2320656.0
2300999.0,2266858.0,2337885.0
2286351.0,2264967.0,2414052.0
2293769.0,2263395.0,2324292.0
2293896.0,2263659.0,2321730.0
2303434.0,2267098.0,2320927.0
2296472.0,2264215.0,2319200.0
2284665.0,2265339.0,2324049.0
2296923.0,2269318.0,2319010.0
2306059.0,2266370.0,2318651.0
2293546.0,2268709.0,2323594.0
2287052.0,2262671.0,2317480.0
2294332.0,2266333.0,2325489.0
2302809.0,2265987.0,2319607.0
2294340.0,2264834.0,2316625.0
2289888.0,2266325.0,2328515.0
2301855.0,2265238.0,2321971.0
2292725.0,2267508.0,2417360.0
257013.0,2267438.0,2318250.0
257030.0,2265582.0,2318201.0
260224.0,2265351.0,2324755.0
263400.0,2264589.0,2339791.0
2318202.0,2266932.0,2320937.0
259268.0,2265263.0,2318112.0
263064.0,2264716.0,862892.0
256707.0,2265996.0,2323829.0
263040.0,2266284.0,2322976.0
260348.0,2265823.0,2412980.0
260477.0,2264747.0,2304151.0
263016.0,2263840.0,2319112.0
2323351.0,2266733.0,2398050.0
260695.0,2266510.0,2319887.0
262950.0,2265151.0,2318472.0
260510.0,2265868.0,2380471.0
260157.0,2266522.0,2326036.0
256889.0,2265953.0,2320617.0
263160.0,2265547.0,2319535.0
261737.0,2265543.0,2339432.0
263405.0,2265160.0,2347064.0
263052.0,2268585.0,2317554.0
260520.0,2267636.0,2320223.0
2330312.0,2266550.0,2318078.0
263171.0,2265044.0,2321883.0
2323444.0,2266501.0,2324198.0
260446.0,2266104.0,2318129.0
260241.0,2266782.0,2319988.0
259287.0,2266736.0,2334018.0
260467.0,2264349.0,2327239.0
263208.0,2266589.0,2322333.0
260337.0,2244545.0,2350822.0
260362.0,2244331.0,2319189.0
261139.0,2246923.0,2323243.0
260458.0,2264762.0,2319025.0
260401.0,2250439.0,2319167.0
260673.0,2245099.0,2319255.0
262964.0,2265848.0,2322855.0
263131.0,2265892.0,2323770.0
2313359.0,2267655.0,2337044.0
263076.0,2246687.0,2350763.0
256646.0,2264132.0,2339301.0
260412.0,2263533.0,2396691.0
258333.0,2267336.0,2320750.0
260466.0,2266061.0,2324684.0
262644.0,2250278.0,2320399.0
258331.0,2290085.0,2321395.0
260376.0,2265876.0,2320571.0
256702.0,2245763.0,2320546.0
262205.0,2259308.0,2321662.0
259372.0,2264802.0,2323898.0
262781.0,2243995.0,2323256.0
260528.0,2245310.0,2316976.0
256652.0,2264437.0,2331443.0
258530.0,2266713.0,2320405.0
257715.0,2245688.0,2320051.0
260545.0,2250585.0,2323879.0
260563.0,2267229.0,2317418.0
260248.0,2250666.0,2321205.0
261619.0,2250042.0,2319445.0
258359.0,2260521.0,2314534.0
260435.0,2263620.0,2319383.0
262120.0,2248552.0,2407583.0
263239.0,2247998.0,2333921.0
260647.0,2265828.0,2318958.0
260468.0,2247727.0,2317719.0
263208.0,2265995.0,2313144.0
256618.0,2250197.0,2314083.0
262282.0,2264614.0,2391538.0
256703.0,2267452.0,2312577.0
256584.0,2265488.0,2319933.0
256919.0,2265381.0,2323230.0
262877.0,2263953.0,2335283.0
261938.0,2269485.0,2321397.0
259386.0,2265692.0,2312689.0
260849.0,2556385.0,2360550.0
260378.0,2244173.0,2317573.0
258150.0,3286867.0,2322303.0
263271.0,2250475.0,2413750.0
257687.0,2265695.0,2413724.0
263262.0,2265482.0,2417950.0
257071.0,2250868.0,2314892.0
260487.0,2264579.0,2339301.0
257228.0,2245265.0,2322277.0
263142.0,2265200.0,2364380.0
263391.0,2247954.0,2385417.0
262343.0,2265218.0,2336687.0
262038.0,2265336.0,2313241.0
260406.0,2267916.0,2312539.0
259103.0,2264603.0,2314714.0
263094.0,2249642.0,2342394.0
260594.0,2249067.0,2317350.0
263396.0,2246578.0,2340206.0
260612.0,2264298.0,2315506.0
258398.0,2265628.0,2309252.0
259426.0,2245735.0,2316089.0
262157.0,2265889.0,2331426.0
262580.0,2249191.0,2313930.0
260607.0,2263686.0,777.0
256868.0,2264934.0,2313658.0
263136.0,2251995.0,1722380.0
262308.0,2243202.0,2312341.0
260422.0,2245898.0,2311485.0
260626.0,2243220.0,2408823.0
263042.0,3249794.0,2313790.0
260411.0,2264727.0,2329169.0
261769.0,2264495.0,2409448.0
259342.0,2252543.0,2350868.0
256770.0,2266153.0,2312748.0
260520.0,2267017.0,2403157.0
259512.0,2250502.0,2326030.0
262603.0,2265000.0,2323482.0
263131.0,2247409.0,2312065.0
256650.0,2251558.0,2409861.0
257095.0,2247801.0,2419792.0
263190.0,2244581.0,2344197.0
260306.0,2242954.0,2322249.0
263240.0,2263218.0,2321184.0
258519.0,2245915.0,2382947.0
262327.0,2242281.0,2314937.0
257791.0,2267106.0,2416244.0
257828.0,2245067.0,2315223.0
260831.0,2266153.0,2317593.0
260554.0,2252641.0,2313466.0
262856.0,2263759.0,2402856.0
257602.0,2264357.0,2402925.0
263211.0,2242864.0,2407697.0
256824.0,2263815.0,2307741.0
261993.0,2276512.0,2313027.0
260449.0,2326610.0,2333366.0
260588.0,2265997.0,2319060.0
260458.0,2250310.0,2309581.0
263186.0,2246466.0,2347920.0
263154.0,2265640.0,2313801.0
259522.0,2266269.0,2339159.0
258664.0,2244627.0,2320846.0
258518.0,4589.0,2415339.0
260443.0,4653.0,2334041.0
263424.0,731.0,2315113.0
262753.0,3235750.0,2314303.0
256660.0,2249023.0,2324283.0
260381.0,2262844.0,2327515.0
256811.0,2266193.0,2325022.0
260574.0,2245008.0,2335600.0
263108.0,2248768.0,2319781.0
260595.0,2263040.0,2382201.0
260399.0,2242808.0,2344289.0
260105.0,2263782.0,2355073.0
259248.0,2245183.0,2408374.0
259341.0,2257953.0,2312063.0
260271.0,2267339.0,2321983.0
260433.0,2243095.0,2401528.0
263315.0,2244980.0,2319643.0
259396.0,2244784.0,2330843.0
259560.0,2245293.0,2404192.0
262323.0,2266753.0,2303052.0
260354.0,2251964.0,2406435.0
264209.0,2266670.0,2314349.0
263048.0,2245160.0,2314851.0
262934.0,2267528.0,2410090.0
262608.0,2245480.0,2312984.0
259531.0,2246488.0,2315003.0
263117.0,2244980.0,2313495.0
260497.0,2266244.0,230648.0
263088.0,2247839.0,2336696.0
260652.0,2243314.0,2312413.0
256686.0,2264800.0,2376446.0
256843.0,2266162.0,2314853.0
260242.0,2260135.0,2315223.0
263191.0,2244754.0,2315455.0
263260.0,2245698.0,2324790.0
259336.0,2246693.0,2422116.0
263241.0,2248178.0,2422827.0
262943.0,2247395.0,2314627.0
260650.0,2248931.0,2316467.0
259513.0,2244583.0,2307475.0
259286.0,2266171.0,2327767.0
263082.0,2246353.0,2340603.0
256722.0,2248477.0,2354829.0
262237.0,2263495.0,2315065.0
262543.0,2247243.0,2322173.0
262836.0,2354400.0,2412135.0
257723.0,2266161.0,2407612.0
260328.0,2246268.0,2323535.0
260433.0,2251290.0,2322175.0
263194.0,2245838.0,2309731.0
260362.0,2244533.0,2339801.0
260313.0,2243086.0,2323210.0
259330.0,2267339.0,2326894.0
260875.0,2249055.0,2388615.0
263197.0,2245400.0,2432517.0
260499.0,2244462.0,2326355.0
262155.0,2245241.0,2314472.0
263123.0,2301202.0,2329255.0
258987.0,2264766.0,2315033.0
262418.0,2265549.0,2326839.0
260530.0,2243931.0,2309725.0
258552.0,2265874.0,2314007.0
261835.0,2245532.0,2323251.0
261943.0,2265776.0,2364443.0
263307.0,2265563.0,2318483.0
258733.0,2264166.0,2312576.0
2275737.0,2265894.0,2394796.0
2283671.0,2263996.0,2341592.0
2267396.0,2265415.0,2342934.0
2269370.0,2271445.0,2333599.0
2270721.0,2245491.0,2388042.0
2264873.0,2263156.0,2418062.0
2267602.0,2264021.0,2314086.0
2356552.0,2265935.0,2317040.0
2273442.0,3282910.0,2336727.0
2272215.0,2888729.0,2316838.0
2271386.0,2244446.0,2322363.0
2265018.0,2267820.0,2326850.0
2267672.0,2263995.0,2319390.0
2272566.0,2247485.0,2387757.0
2268542.0,2266769.0,2314362.0
2272973.0,2263900.0,2316615.0
2269382.0,2262335.0,2313153.0
2270366.0,2265673.0,2419132.0
2271779.0,2244744.0,2411548.0
2271645.0,2257723.0,2333241.0
2268840.0,2265909.0,6465.0
2266741.0,2265745.0,2359038.0
2267503.0,2266512.0,2322403.0
2305347.0,2266006.0,2314398.0
2268672.0,2266812.0,2315160.0
2271723.0,2266283.0,2323010.0
2273304.0,2265241.0,2313405.0
2281412.0,2244184.0,2314755.0
2267483.0,2266430.0,2314403.0
2278509.0,2269666.0,2313583.0
2270565.0,2254662.0,2321203.0
2275808.0,2246123.0,2405542.0
2267538.0,2245540.0,2322438.0
2273575.0,2245365.0,2314401.0
2272501.0,2250351.0,2320858.0
2270902.0,2249363.0,2374564.0
2271013.0,2248114.0,2323358.0
2267504.0,2266965.0,2350411.0
2269809.0,2273093.0,2315840.0
2270743.0,2246901.0,2351661.0
2271064.0,2245845.0,2318471.0
2268373.0,2249660.0,2322315.0
2273140.0,2242641.0,2340519.0
2272138.0,2265529.0,2313964.0
2276236.0,2262176.0,2389026.0
2272331.0,2266342.0,2316168.0
2270513.0,2264879.0,2318883.0
2267583.0,2265739.0,2417808.0
2271229.0,2248538.0,2417754.0
2270798.0,2250069.0,2313021.0
2272758.0,2266167.0,2428146.0
2272149.0,2266438.0,2407907.0
2268322.0,2281813.0,2314201.0
2266001.0,2267926.0,2308246.0
2357848.0,2247239.0,2313041.0
2270311.0,2249478.0,2314423.0
2267515.0,2243890.0,2425969.0
2267088.0,2266793.0,2314901.0
2268972.0,2265784.0,2347892.0
2270767.0,2257150.0,2313393.0
2266791.0,2265015.0,2415102.0
2271633.0,2263394.0,2326080.0
2278776.0,2261612.0,2315374.0
2268405.0,2262351.0,2312497.0
2268831.0,2261308.0,2319331.0
2272622.0,2266478.0,2312358.0
2272179.0,2263162.0,2316004.0
2267159.0,2264872.0,2323511.0
2270388.0,2263747.0,2325941.0
2270790.0,2261962.0,12754418.0
2270224.0,2263691.0,12765658.0
2269147.0,2263056.0,12756409.0
2270086.0,2264076.0,10262595.0
2273428.0,2262048.0,2351650.0
2268849.0,2262858.0,12759352.0
2291367.0,2262750.0,12260206.0
2269013.0,2262180.0,12764269.0
2263654.0,2264618.0,12745187.0
2269312.0,2264149.0,12752944.0
2269556.0,2261902.0,12772675.0
2268980.0,2262496.0,12767107.0
2267990.0,2262968.0,12770716.0
2269447.0,2261684.0,12790539.0
2268595.0,2262824.0,12747673.0
2293453.0,2260215.0,11071275.0
2272869.0,2262293.0,12748362.0
2269503.0,2263142.0,12767640.0
2270348.0,2260770.0,12749451.0
2269027.0,2259970.0,4827896.0
2270242.0,2263061.0,12751943.0
2271352.0,2262616.0,12760494.0
2271278.0,2260727.0,12753814.0
2353019.0,2265969.0,12782869.0
2271735.0,2261104.0,12759338.0
2284987.0,2265241.0,12761009.0
2269409.0,2260916.0,12755915.0
2268743.0,2260918.0,11923300.0
2296940.0,2263292.0,12766588.0
2268721.0,2262750.0,12420469.0
2270345.0,2263092.0,10397758.0
2267968.0,2260559.0,12084153.0
2270966.0,2262148.0,12764286.0
2270451.0,2264852.0,12753451.0
2279242.0,2260461.0,9401123.0
2265550.0,2262675.0,9125697.0
2273760.0,2262232.0,12171657.0
2273093.0,2263377.0,12746403.0
2270238.0,2267281.0,12765810.0
2276187.0,2262824.0,10442459.0
2274564.0,2264358.0,12439389.0
2267841.0,2264115.0,12760856.0
2269442.0,2262639.0,12757578.0
2287648.0,2261080.0,12753676.0
2251289.0,2261252.0,12753718.0
2270261.0,2263075.0,12343961.0
2271254.0,2264803.0,11300213.0
2267698.0,2261186.0,12752608.0
2270718.0,2262786.0,9757358.0
2285579.0,2262351.0,12758349.0
2270809.0,2266207.0,12750808.0
2268482.0,2264496.0,10677373.0
2270440.0,2261910.0,10281038.0
2270133.0,2263815.0,12759831.0
2271403.0,2262278.0,12747308.0
2279115.0,2259783.0,7888466.0
2268789.0,2260960.0,12752797.0
2269985.0,2261173.0,12758094.0
2269721.0,2263134.0,12756660.0
2269906.0,2262975.0,12743566.0
2267140.0,2263120.0,8440871.0
2270977.0,2262520.0,12751327.0
2267884.0,2260355.0,11756863.0
2266848.0,2262811.0,12751602.0
2356382.0,2262188.0,12751422.0
2270708.0,2263195.0,12758206.0
2268016.0,2262968.0,12423715.0
2268432.0,2264713.0,12518895.0
2269489.0,2261966.0,12744926.0
2269427.0,2262319.0,12752342.0
2267244.0,2263015.0,12521030.0
2268490.0,2261804.0,10216529.0
2270479.0,2262504.0,12760770.0
2267091.0,2262142.0,10390300.0
2271371.0,2263062.0,2353967.0
2267582.0,2262336.0,7858000.0
2270087.0,2263086.0,12744538.0
2268349.0,2262171.0,12062100.0
2293848.0,2260286.0,12748249.0
2273176.0,2263414.0,9794216.0
2275875.0,2263078.0,10978057.0
2269076.0,2261549.0,9111447.0
2268679.0,2263365.0,12771162.0
1578014.0,2261552.0,12770698.0
2283180.0,2262695.0,11942254.0
2268546.0,2260834.0,11743012.0
2271561.0,2263727.0,12760306.0
2269566.0,2264673.0,12753847.0
2271980.0,2263507.0,12746436.0
2269229.0,2263330.0,12755626.0
2271020.0,2262512.0,10763550.0
2323548.0,2352112.0,12751671.0
2279830.0,2264267.0,12746646.0
296405.0,2264247.0,10040698.0
2269566.0,2351615.0,12756715.0
2265817.0,2263594.0,11316632.0
2272964.0,2261343.0,12762731.0
2276596.0,2261601.0,2356645.0
2268961.0,2262104.0,12768485.0
2272138.0,2261381.0,9510993.0
2268148.0,2262452.0,12757486.0
2269336.0,2262411.0,12753469.0
2269847.0,2263871.0,12753002.0
2268769.0,2261766.0,10208554.0
2274900.0,2262289.0,12045059.0
2282169.0,2262167.0,12748074.0
2270640.0,2264015.0,12752456.0
2268669.0,2263172.0,12271987.0
2269659.0,207146.0,10079840.0
2270376.0,85038.0,12755064.0
2271497.0,1985046.0,12747589.0
2277890.0,2262111.0,12755082.0
2270412.0,2264013.0,11073319.0
2272697.0,2263292.0,12744115.0
2267361.0,2264164.0,12762924.0
2266132.0,2265268.0,12766896.0
2274571.0,2260322.0,12764819.0
2284841.0,2262318.0,12745451.0
4739.0,2262892.0,12756744.0
2263516.0,2261692.0,10666643.0
4799.0,2262170.0,12278939.0
4739.0,2263254.0,771.0
4735.0,2261276.0,12761820.0
4799.0,2263772.0,12752393.0
4739.0,2261382.0,12755529.0
4799.0,2261093.0,12765366.0
4799.0,2262391.0,10665018.0
4739.0,2264112.0,12760172.0
4799.0,2259855.0,12758428.0
4739.0,2264222.0,12759799.0
4739.0,2262091.0,12517579.0
4771.0,2262704.0,9390164.0
4739.0,2262552.0,12758792.0
2269318.0,2263239.0,12750868.0
2272580.0,2264343.0,12754828.0
2271731.0,2264721.0,8242462.0
2268386.0,2261560.0,12346498.0
2273992.0,2263288.0,12768550.0
2272220.0,2261042.0,12755965.0
2268380.0,2262095.0,9924053.0
2274684.0,2263470.0,12749121.0
2268501.0,2264257.0,12765462.0
2269787.0,2262695.0,11899512.0
2269098.0,2262262.0,10769853.0
2269435.0,2262272.0,11912140.0
2277921.0,2260690.0,12767163.0
2269017.0,2266273.0,10048220.0
2276525.0,2258072.0,771.0
2271034.0,2268760.0,12753016.0
2269457.0,2262527.0,12745567.0
2272660.0,2261241.0,12751592.0
2271042.0,2263880.0,12756142.0
2283438.0,2263628.0,9812242.0
2270086.0,2262769.0,12760286.0
2270920.0,2262094.0,12764146.0
2269873.0,2264928.0,12765372.0
2270266.0,2261882.0,12512988.0
2268952.0,2264301.0,12768862.0
2272201.0,2261621.0,12777669.0
2269171.0,2353147.0,12778392.0
2271246.0,2265552.0,2350647.0
2271710.0,2262950.0,12747467.0
2271066.0,2259512.0,12751176.0
2353394.0,2262757.0,12756688.0
2272366.0,2262963.0,12759892.0
2268377.0,2263333.0,12755450.0
2274330.0,2259584.0,12759982.0
2269726.0,2262441.0,12764466.0
12265433.0,2264627.0,12775967.0
11474813.0,2262296.0,12271466.0
10673931.0,2263756.0,12756916.0
11902585.0,2264814.0,10774989.0
10094972.0,2272765.0,9509101.0
12355033.0,2264720.0,12754296.0
12298560.0,2263827.0,12752586.0
11335795.0,2262195.0,12758701.0
12264925.0,2261545.0,8675255.0
12254647.0,2262563.0,12772393.0
12268422.0,2264154.0,12753729.0
9508967.0,2261389.0,12758430.0
11888225.0,2260866.0,10267067.0
10358889.0,2261361.0,12762400.0
12250311.0,2262197.0,12755336.0
12286279.0,2263704.0,9495120.0
12094895.0,2263373.0,9872741.0
12335906.0,2263502.0,10964953.0
10349584.0,2263416.0,12758338.0
10662229.0,2262705.0,10460893.0
12258774.0,2260904.0,12761558.0
12247491.0,2265452.0,12755894.0
10961076.0,2266561.0,12763124.0
12274041.0,2263215.0,12751125.0
12254797.0,2262432.0,12762006.0
11081604.0,2263385.0,12772742.0
9934513.0,2263412.0,12768886.0
7254685.0,2263314.0,12758084.0
10769354.0,2263853.0,12755545.0
12260593.0,2262380.0,12757810.0
12249751.0,2264623.0,12788947.0
12273999.0,2262207.0,12271363.0
10960069.0,2263426.0,3934247.0
10364747.0,2262585.0,12752190.0
12154207.0,2264886.0,12750985.0
10454651.0,2261420.0,12756121.0
12240097.0,2262216.0,12770394.0
12265093.0,2262117.0,12752531.0
12258903.0,2262812.0,10185982.0
10120850.0,2267565.0,12761460.0
5905743.0,2261755.0,12759306.0
11891453.0,2262701.0,12750934.0
12249505.0,2261902.0,10962456.0
10770264.0,2262956.0,12763486.0
10661011.0,2261089.0,10946482.0
12268899.0,2262251.0,2304397.0
12280570.0,2235818.0,2342907.0
12048614.0,34030.0,2346635.0
12259596.0,2261897.0,2406341.0
10968882.0,2262173.0,2345028.0
10162722.0,2265700.0,2347525.0
10518566.0,2262126.0,2386644.0
11504551.0,2260291.0,2346709.0
12249763.0,2264608.0,2403147.0
12259160.0,2262124.0,2341449.0
9796275.0,2264583.0,2349495.0
12300993.0,2246764.0,2347641.0
12279760.0,2242793.0,2308280.0
12163139.0,2269943.0,2335918.0
11050994.0,2250769.0,2408142.0
9790311.0,2268007.0,2310449.0
12038495.0,2265705.0,2409745.0
11899264.0,2244681.0,2339329.0
7967057.0,2265831.0,2407829.0
6896071.0,2260007.0,2353585.0
10097803.0,2246697.0,2343629.0
8917005.0,2249022.0,2332967.0
9085571.0,2246603.0,2344876.0
12256584.0,2260153.0,2403575.0
12244806.0,2264440.0,2404713.0
12152956.0,2267698.0,2402261.0
9809374.0,2264649.0,2310384.0
10657379.0,2248962.0,2405826.0
11323345.0,2247596.0,2309689.0
10204339.0,2269221.0,2330252.0
12277754.0,2258465.0,2326598.0
11744034.0,2245625.0,2413810.0
7713347.0,2265343.0,2311540.0
11331174.0,2247015.0,2399816.0
10340531.0,2266296.0,2309864.0
12242948.0,2277435.0,2352697.0
12266585.0,2246704.0,2400906.0
10034127.0,2246985.0,2342966.0
10291039.0,2249489.0,2332163.0
12269733.0,2267213.0,2347215.0
12269018.0,2265853.0,2408573.0
12239599.0,2246409.0,2356489.0
9402976.0,2246003.0,2350185.0
10976847.0,2266215.0,2403660.0
10282538.0,2261744.0,2348635.0
12261543.0,2250333.0,2310119.0
11910787.0,2267651.0,2352160.0
11740753.0,2265416.0,2341515.0
12245821.0,2265105.0,2387590.0
10784903.0,2245570.0,2308349.0
11897994.0,2266067.0,2309414.0
10196707.0,2260178.0,2412723.0
10055568.0,2281652.0,2326950.0
12357203.0,2268250.0,2326123.0
10038569.0,2243309.0,2355120.0
12262399.0,2265882.0,2404663.0
12275352.0,2255867.0,2350394.0
8680309.0,2245124.0,2345875.0
10265783.0,2246341.0,2337719.0
12266015.0,2245291.0,2404664.0
12251844.0,2264940.0,2340781.0
9800022.0,2265576.0,2335632.0
12288946.0,2245394.0,2310615.0
8141029.0,2248236.0,2402778.0
12252098.0,2266741.0,2359817.0
10339933.0,2266698.0,2414769.0
6688.0,2265763.0,2398168.0
12291493.0,2270221.0,2337778.0
10101747.0,2269624.0,2341994.0
12265370.0,2267364.0,2399162.0
12269529.0,2247325.0,2336251.0
8947168.0,2246310.0,2314210.0
7829467.0,2246624.0,2345320.0
11466850.0,2266054.0,2350111.0
10439584.0,2265647.0,2305702.0
8960705.0,3254550.0,2340261.0
11465424.0,2315921.0,2310610.0
12248722.0,2265831.0,2327329.0
12259709.0,2245519.0,2313092.0
10275976.0,2251339.0,2406595.0
11485452.0,2250609.0,2409166.0
10314887.0,2257546.0,2344390.0
7668977.0,2257958.0,2331930.0
12253133.0,2250341.0,2351818.0
11074688.0,2330830.0,2405092.0
12255279.0,2266008.0,2355012.0
7695775.0,2247432.0,2344958.0
12247211.0,2265680.0,2350939.0
12269867.0,2265325.0,2309462.0
12253963.0,2266566.0,2416203.0
12334653.0,2299855.0,2312384.0
12268364.0,2265519.0,2310308.0
11485196.0,2249198.0,2309878.0
12264528.0,3161271.0,2309637.0
11301818.0,2266148.0,2387650.0
12274400.0,2265221.0,2310908.0
12249583.0,2248574.0,2376399.0
12340545.0,2268848.0,2345642.0
12042917.0,2246737.0,2310201.0
12154387.0,2266742.0,2373528.0
10456602.0,2263884.0,2406891.0
6752.0,2246278.0,2324914.0
12270131.0,2264341.0,2402675.0
10378190.0,2248509.0,2362346.0
10125728.0,2246558.0,2311143.0
11763074.0,2264450.0,2404156.0
8913412.0,2266746.0,2344803.0
10277236.0,2246744.0,2401917.0
12249634.0,2267345.0,2348126.0
12258227.0,2254730.0,2398501.0
7715923.0,2245810.0,2345951.0
12276538.0,2264735.0,2332322.0
12255578.0,2264904.0,2307353.0
12324124.0,2251016.0,2340607.0
10973641.0,2266770.0,2344288.0
12259027.0,2248682.0,2350090.0
12287253.0,2253885.0,2415310.0
8655717.0,2267375.0,2310742.0
12271771.0,2266829.0,2336440.0
12048392.0,2263834.0,2406274.0
9501099.0,2244878.0,2411216.0
7784309.0,2245090.0,2348854.0
12248627.0,2245608.0,2310662.0
12245662.0,2251302.0,2351869.0
12282450.0,2268335.0,2402103.0
12250443.0,2246561.0,2335577.0
10105017.0,2246367.0,2346713.0
12242908.0,2289339.0,2344626.0
12288303.0,2264425.0,2358187.0
12259266.0,2246021.0,2312164.0
12255503.0,2267347.0,2314570.0
12264764.0,2268861.0,2350990.0
12274032.0,2266096.0,2407996.0
12263430.0,2266553.0,2422416.0
7995383.0,2250547.0,2402726.0
12050102.0,2249881.0,2355602.0
11489543.0,2244045.0,2391151.0
12256969.0,2264529.0,2310736.0
12242621.0,2270965.0,2353342.0
12240986.0,2267793.0,2343226.0
11061143.0,2249998.0,2348623.0
12245948.0,2250084.0,2306056.0
7229802.0,2266977.0,2309529.0
12239261.0,2264451.0,2305714.0
11899467.0,2265513.0,2354803.0
12244400.0,2250136.0,2310436.0
10660256.0,2245080.0,2350836.0
7800210.0,2265306.0,2337779.0
11505434.0,2293720.0,2340583.0
9937090.0,2250512.0,2353352.0
12253505.0,2266610.0,2405882.0
12276897.0,2240857.0,2344118.0
10653225.0,2244206.0,2355312.0
7025855.0,2265740.0,2346422.0
9115750.0,2246095.0,2403438.0
12250511.0,2252108.0,2332498.0
12268805.0,2244839.0,2373400.0
2288826.0,2267857.0,2162441.0
2333293.0,2254904.0,777.0
2291336.0,2265336.0,243793.0
2278814.0,2245304.0,2342970.0
2283792.0,2264719.0,2308756.0
2283575.0,2252566.0,2353942.0
2289868.0,2266684.0,2309795.0
2286458.0,2249882.0,2308644.0
2285693.0,2264975.0,2309320.0
2286776.0,2267419.0,2381902.0
2288029.0,2264377.0,2409883.0
2287063.0,2266110.0,2309684.0
2284832.0,2250713.0,2347982.0
2276779.0,2267150.0,2402877.0
2291724.0,2244982.0,2343781.0
4759.0,2265868.0,2309496.0
4799.0,2265761.0,2394186.0
4739.0,2260945.0,2376639.0
4739.0,2247171.0,2312441.0
4799.0,3249109.0,2337980.0
4739.0,2258961.0,2372199.0
4759.0,2250385.0,2343231.0
4739.0,2265769.0,2309703.0
2295755.0,2264412.0,2370104.0
4653.0,2249063.0,2350647.0
5047.0,2269891.0,2326619.0
4759.0,2265823.0,2351332.0
4907.0,2247114.0,2401237.0
5297.0,2246920.0,2336630.0
4739.0,2246610.0,244225.0
4779.0,2245460.0,2402558.0
2281191.0,2266109.0,2407429.0
2280946.0,2265418.0,2308101.0
2367384.0,2254111.0,2309824.0
2281760.0,2263823.0,2371831.0
2285906.0,2243168.0,2400477.0
2280791.0,2266970.0,2409281.0
2287563.0,2246134.0,2411177.0
2277593.0,3252032.0,2309371.0
2288320.0,2251054.0,2402333.0
2276963.0,2269076.0,2308579.0
2288768.0,2267853.0,2308760.0
2287909.0,2264089.0,2371102.0
2289007.0,2270851.0,2409275.0
2285021.0,2249402.0,2309902.0
2279999.0,2247096.0,2338954.0
2276338.0,2476264.0,2340906.0
2278691.0,2245157.0,2360486.0
2287997.0,2244267.0,2400151.0
2290527.0,2264531.0,2339092.0
2290816.0,2245207.0,2382998.0
2284974.0,2250139.0,2341887.0
2284698.0,2251272.0,2410507.0
2277035.0,2261896.0,2310957.0
2279326.0,2246024.0,2310425.0
2395444.0,2257535.0,2310137.0
2281564.0,2244620.0,2377204.0
2286388.0,2266948.0,2311909.0
2276743.0,2257250.0,2383009.0
2365883.0,2246431.0,2377498.0
2278013.0,2271916.0,2309252.0
2278293.0,2268325.0,2362731.0
2279901.0,2265968.0,2339617.0
2286229.0,2244325.0,2346176.0
2279285.0,2266652.0,2307790.0
2278010.0,2245226.0,2311000.0
2285385.0,2263713.0,2309566.0
2288125.0,2297535.0,2321357.0
2283661.0,2266686.0,2310814.0
2285572.0,2248537.0,2308427.0
2374036.0,2251251.0,2318898.0
2287398.0,2268528.0,2317717.0
2292032.0,2244387.0,2289865.0
2285100.0,2265425.0,2313039.0
2299785.0,2247283.0,2320770.0
4759.0,2249804.0,2319800.0
2283436.0,2265876.0,2309355.0
4831.0,2250202.0,2310024.0
5257.0,2266173.0,2306880.0
4675.0,2243719.0,2314142.0
4631.0,2248090.0,2323752.0
4759.0,2266362.0,446556.0
4759.0,2248665.0,2321441.0
4735.0,2258847.0,2308127.0
4739.0,2247724.0,2309231.0
4759.0,2257524.0,2320259.0
4695.0,2245803.0,2309529.0
4759.0,2246132.0,2309101.0
4759.0,2249842.0,2307538.0
4739.0,2276311.0,2309215.0
2279578.0,2270067.0,2301366.0
2387855.0,2259280.0,2324472.0
2279126.0,2257611.0,2307426.0
2281988.0,2258275.0,2304785.0
2281513.0,2245740.0,2323191.0
2378837.0,2248500.0,2414302.0
2280932.0,2257400.0,2292727.0
2275094.0,2256310.0,2402816.0
2281417.0,2253973.0,742614.0
2284541.0,2245733.0,2322178.0
2278415.0,2250343.0,2322248.0
2295696.0,2246578.0,2335690.0
2365288.0,2258832.0,2349633.0
2283524.0,2249234.0,2307752.0
2288359.0,2258536.0,2322927.0
2285340.0,2246299.0,2310966.0
2287352.0,2246485.0,2309597.0
2284684.0,2257961.0,2306755.0
2282122.0,2245856.0,2312452.0
2279910.0,2258143.0,2306581.0
2287294.0,2258165.0,2387169.0
2367320.0,2245946.0,2308728.0
2290121.0,2257524.0,2310818.0
2280915.0,2244831.0,2320710.0
2286857.0,2257144.0,2308240.0
2291304.0,2245937.0,2313377.0
2281677.0,2258979.0,2331044.0
2287054.0,2245347.0,2310037.0
2288196.0,2243417.0,2310054.0
2281782.0,2248963.0,2308915.0
2278093.0,2257099.0,2308240.0
2288671.0,2251998.0,2306715.0
2286782.0,2259538.0,247044.0
2294874.0,2258499.0,2391995.0
2289396.0,2250123.0,2311476.0
2378403.0,3249504.0,2403950.0
2284698.0,2250054.0,2309387.0
2377910.0,2245860.0,2308313.0
2287490.0,2258330.0,2309832.0
2281092.0,2258922.0,247108.0
2281132.0,2258412.0,2318786.0
2288718.0,2245058.0,2377475.0
2284581.0,2257244.0,2318891.0
2279008.0,2258819.0,2315133.0
2287729.0,2258817.0,2310558.0
2278120.0,2245785.0,2321559.0
2293690.0,2246742.0,2380169.0
2278404.0,2248181.0,2312561.0
2290830.0,2257871.0,2304218.0
2288053.0,2245820.0,2311215.0
2299664.0,2246652.0,2306127.0
2287742.0,2258843.0,2308132.0
2280870.0,2258309.0,2309024.0
2278109.0,2258704.0,2309582.0
2291243.0,2258812.0,2310399.0
2277413.0,2258617.0,2312305.0
2368399.0,2280477.0,2310920.0
2299159.0,2246449.0,2304187.0
2278051.0,2258657.0,2308132.0
2294026.0,2246190.0,2308121.0
2281035.0,2246615.0,2319918.0
2285867.0,2257320.0,2320352.0
2280371.0,2247586.0,2305388.0
2286957.0,2245740.0,2304652.0
2290157.0,2258781.0,746096.0
2280384.0,2259262.0,2296901.0
4739.0,2249866.0,2390620.0
2280978.0,2251616.0,2309125.0
4727.0,2258891.0,2309328.0
4695.0,2257943.0,2313153.0
4735.0,2259039.0,2306348.0
4759.0,2246230.0,2306699.0
4675.0,2262702.0,2322482.0
4671.0,2247362.0,2321411.0
4739.0,2258407.0,2308220.0
4695.0,2248471.0,2308674.0
4759.0,2258632.0,2310902.0
4779.0,2251019.0,2321534.0
4739.0,2246727.0,2317580.0
4735.0,2255488.0,2318901.0
4759.0,2247495.0,2311150.0
2297619.0,2281526.0,2311269.0
2290074.0,2251527.0,2321443.0
2289087.0,2258889.0,2307602.0
2297927.0,2257250.0,2305736.0
2286332.0,2260304.0,2311863.0
2277326.0,2259193.0,2308322.0
2305985.0,2258623.0,2321480.0
2286627.0,2245699.0,2316296.0
2297299.0,2249480.0,2309316.0
2297721.0,2258671.0,2310653.0
2286894.0,2258854.0,2317771.0
2404761.0,2248109.0,2416447.0
2288021.0,2245218.0,2310188.0
2287659.0,2256472.0,2319862.0
2278732.0,2245514.0,2305432.0
2283515.0,2260618.0,2712578.0
2285801.0,2246445.0,2322745.0
2285599.0,2259917.0,2311485.0
2284646.0,2257647.0,2308483.0
2288253.0,2257913.0,245790.0
2281329.0,2249051.0,2311523.0
2279500.0,2257425.0,2322205.0
2280600.0,2245874.0,2314826.0
2285347.0,2258850.0,2320192.0
2278855.0,2257525.0,2309222.0
2278351.0,2249807.0,2311420.0
2377130.0,2250785.0,2417574.0
2281456.0,2256931.0,2309107.0
2287138.0,2246223.0,2284979.0
2287079.0,2246197.0,2320342.0
2286394.0,2246787.0,2311416.0
2275220.0,2249528.0,2309780.0
2286551.0,2259217.0,2310605.0
2283698.0,2252642.0,2309998.0
2283129.0,2259061.0,2311531.0
2295868.0,2245844.0,2307493.0
2286613.0,2250152.0,2319230.0
2277376.0,2245417.0,2319424.0
2279021.0,2248260.0,2308078.0
2288264.0,2260463.0,2309092.0
2283872.0,2247608.0,2310522.0
2389000.0,2245794.0,2410544.0
2281306.0,2251419.0,2308758.0
2289962.0,2250040.0,2309423.0
2285104.0,2246584.0,2321412.0
2278136.0,2279239.0,2353591.0
2317271.0,2247644.0,2322174.0
2282692.0,2256545.0,2317024.0
2293115.0,2259759.0,2416903.0
2318729.0,2246682.0,2318680.0
2290689.0,2246972.0,2311409.0
2284840.0,2258532.0,2332357.0
2280597.0,2257523.0,2320624.0
2292938.0,2259166.0,245612.0
2287315.0,2256018.0,2305370.0
2365191.0,2257694.0,2342434.0
2278623.0,2259391.0,2312872.0
2285733.0,2267475.0,2404455.0
2279831.0,2251534.0,2334049.0
2279820.0,2250588.0,2305053.0
2278291.0,2250794.0,2323358.0
2301020.0,2258275.0,2311804.0
2367028.0,2247878.0,2310228.0
2308477.0,2250037.0,2317300.0
2284694.0,2251694.0,2308318.0
2287626.0,2245212.0,2307861.0
2286715.0,2259031.0,2310256.0
2281122.0,2246385.0,2310263.0
2289828.0,2257969.0,2309932.0
2294647.0,2262063.0,2334165.0
2285938.0,2245267.0,2303633.0
2280325.0,2259505.0,2318238.0
2276701.0,2257323.0,2304664.0
2278181.0,2250117.0,2304884.0
2278311.0,2246095.0,2319994.0
2288862.0,2258366.0,2302638.0
2279535.0,2258169.0,2405038.0
2371239.0,2246249.0,2308719.0
2290780.0,2258287.0,2309733.0
2285968.0,2258831.0,2320081.0
2288281.0,2259423.0,2310652.0
2285370.0,2245315.0,2317890.0
2320809.0,2249192.0,2313294.0
2316851.0,2246598.0,2312258.0
2313986.0,2247010.0,2322305.0
2325089.0,2247299.0,2293481.0
2404993.0,2258411.0,2308377.0
2317367.0,2259184.0,2333260.0
101797.0,2247107.0,2286906.0
2315403.0,2257087.0,2310399.0
2347091.0,2246838.0,2308244.0
2311458.0,2259653.0,2390310.0
2408638.0,2270196.0,2310830.0
2409777.0,2260028.0,2308320.0
2327505.0,2246231.0,2306429.0
2415962.0,3255369.0,2321618.0
2405189.0,2246301.0,2311196.0
2349404.0,2257781.0,2317968.0
2318529.0,2258981.0,2400721.0
2411576.0,2258090.0,2328951.0
2407732.0,2246377.0,2318828.0
2410743.0,2256931.0,2319388.0
2323874.0,2259253.0,2307476.0
2317916.0,2258374.0,2310129.0
2363744.0,2256177.0,2312507.0
2407546.0,2245479.0,2307578.0
2329318.0,2259130.0,2310719.0
2317856.0,2249377.0,2311148.0
2374778.0,2258337.0,2310908.0
2419188.0,2257636.0,2313566.0
2314164.0,2245900.0,2306714.0
2327034.0,2245486.0,2310674.0
2313609.0,2246681.0,2352158.0
2420556.0,2256368.0,2310682.0
2317041.0,2258337.0,2306995.0
2326628.0,2245990.0,2316630.0
2413798.0,2246765.0,2322956.0
2409265.0,2249960.0,2318139.0
2417365.0,2245696.0,2320006.0
2313149.0,2245102.0,2356067.0
2424489.0,2246553.0,2320678.0
2316243.0,2246744.0,2362057.0
2316833.0,2257881.0,2306609.0
2415175.0,2260980.0,2322625.0
2318300.0,2257951.0,2332334.0
2324322.0,2248778.0,2310623.0
2318256.0,2267094.0,2318065.0
2342202.0,2249768.0,2311175.0
2412659.0,2245190.0,2321784.0
2411138.0,2257068.0,2331871.0
2320475.0,2244544.0,2379015.0
2315021.0,2251918.0,2321077.0
2373216.0,2257278.0,2310280.0
2407327.0,2259661.0,2308417.0
2412983.0,2258085.0,2321398.0
2320955.0,2257832.0,2308702.0
2314707.0,2249513.0,2303688.0
2410705.0,2258781.0,2310802.0
2317682.0,2258215.0,2308425.0
2315226.0,2246366.0,2307365.0
2412681.0,3258241.0,2403579.0
2420535.0,2259739.0,2319689.0
2332310.0,2247468.0,2597240.0
2320098.0,2260036.0,2343420.0
2432474.0,2259314.0,2314478.0
2313671.0,2348534.0,2307776.0
2362411.0,2350599.0,2304862.0
2407597.0,2258449.0,2309867.0
2315586.0,2254068.0,2309116.0
2411394.0,2270595.0,2307116.0
2372793.0,2259258.0,2313966.0
2317724.0,2266708.0,2313417.0
2413369.0,2233132.0,2320866.0
2315381.0,2259068.0,2314527.0
2412833.0,2259004.0,2312825.0
2407072.0,2259466.0,2316940.0
2420822.0,2260222.0,2323144.0
2406936.0,2259048.0,2315135.0
2314661.0,3250229.0,2311791.0
2408615.0,2262054.0,2311224.0
2315180.0,2248897.0,2310536.0
2404267.0,2258960.0,2315257.0
2411959.0,2297273.0,2329250.0
2407782.0,2259159.0,2311670.0
2314573.0,2259104.0,2307253.0
2319967.0,2265666.0,2322794.0
2409524.0,2248272.0,2307967.0
2405977.0,3209511.0,2341344.0
2318184.0,2259907.0,2344575.0
2411057.0,2259841.0,2313758.0
2322709.0,2273282.0,2323876.0
2320051.0,2258524.0,2310922.0
2408855.0,2249647.0,2314373.0
2322001.0,3170718.0,2307927.0
2404275.0,2248581.0,2307033.0
2409201.0,2316681.0,2322166.0
2314873.0,2258839.0,2305291.0
2314717.0,2257267.0,2353678.0
2314910.0,2266570.0,2312782.0
2315152.0,2249171.0,2337691.0
2407672.0,2260116.0,2355489.0
2409007.0,2259922.0,2313054.0
2318766.0,2258568.0,2312110.0
2413777.0,2259448.0,2311581.0
2407381.0,2260234.0,2309486.0
2312632.0,2257965.0,2307869.0
2320619.0,2266839.0,2310107.0
2367907.0,2209289.0,2319865.0
2314723.0,2261461.0,2313096.0
2406514.0,2270371.0,2337831.0
2431228.0,2348824.0,2307851.0
2405328.0,2258946.0,2312692.0
2316846.0,2255762.0,2307940.0
2410285.0,2305377.0,2343257.0
2398509.0,2267376.0,2308790.0
2413942.0,2259630.0,2318882.0
2317218.0,2261684.0,2334428.0
2319197.0,2259637.0,2305218.0
2314421.0,2250537.0,2309846.0
2314582.0,2259935.0,2308283.0
2326181.0,2264423.0,2306559.0
2425712.0,2261789.0,2309734.0
2326038.0,2261035.0,2315435.0
2416455.0,2258669.0,2308095.0
2317723.0,2260616.0,2340747.0
2313849.0,2258780.0,2309503.0
2323161.0,2258839.0,2309717.0
2416883.0,2249688.0,2313920.0
2322772.0,2261512.0,2336717.0
2412115.0,2248940.0,2332006.0
2322189.0,2261734.0,2353970.0
2413526.0,2259789.0,2315987.0
2410104.0,2260601.0,2303892.0
2363209.0,2258982.0,2307061.0
2385605.0,2259180.0,2450149.0
2319044.0,2260243.0,2308177.0
2419214.0,2348266.0,2324547.0
2410629.0,2262329.0,2314422.0
2406049.0,2258456.0,2338661.0
2406053.0,2257864.0,2310300.0
2404845.0,2248571.0,2308085.0
2413641.0,2308526.0,2303760.0
2422209.0,2266461.0,2305541.0
2372634.0,2258417.0,2309598.0
2410152.0,2258820.0,2313435.0
2365631.0,2259682.0,2307680.0
2322885.0,2262623.0,2307665.0
259947.0,2265613.0,2321386.0
2315621.0,2258200.0,2307275.0
2316149.0,2261591.0,2308759.0
2413958.0,5560.0,2336510.0
2324158.0,2258635.0,2320711.0
2324051.0,2263261.0,2307666.0
2413616.0,2272109.0,2310461.0
2369177.0,2249790.0,2334931.0
2319095.0,2249282.0,2318191.0
2315872.0,2251094.0,2317243.0
2408540.0,2259373.0,2337551.0
2407439.0,2259187.0,2318480.0
2321054.0,2259877.0,2308587.0
2327622.0,2258360.0,2312659.0
2400438.0,2258348.0,2308472.0
2315858.0,2259792.0,2312924.0
2414646.0,2260815.0,2322114.0
2413742.0,2262636.0,2380958.0
2406142.0,3256252.0,2318519.0
2324827.0,2260815.0,2346482.0
2411142.0,2260283.0,2309888.0
2319229.0,2357959.0,2311215.0
2311976.0,2259411.0,2312478.0
2414757.0,2271693.0,2312056.0
2318824.0,2261679.0,2309258.0
2321632.0,1691641.0,2319105.0
2408846.0,2259266.0,2303176.0
2407013.0,2260249.0,2325943.0
2329186.0,2360239.0,2311251.0
2390005.0,2269252.0,2310370.0
2317449.0,2261363.0,2319990.0
2322268.0,2250433.0,2308151.0
2315224.0,2260136.0,2319105.0
2407083.0,2259359.0,2314191.0
2324798.0,2259856.0,2307886.0
2316680.0,2259216.0,2349521.0
2400796.0,2259790.0,2308333.0
2328616.0,2260344.0,2319702.0
2336707.0,2261416.0,2305170.0
2326967.0,2267431.0,2339603.0
2320026.0,2348084.0,2307769.0
2318070.0,2259106.0,2309834.0
2420940.0,2273150.0,2321135.0
2328147.0,2258644.0,2311935.0
2412963.0,2269873.0,2305135.0
2313082.0,2251498.0,2325848.0
2413346.0,2250478.0,2070343.0
2314472.0,2249475.0,242660.0
2410073.0,2259620.0,2357935.0
2403694.0,2260853.0,2385885.0
2324931.0,2259703.0,2315515.0
2405269.0,2257922.0,2313860.0
2421846.0,2259031.0,2308489.0
2412148.0,2258909.0,2341054.0
2405468.0,2258777.0,2483541.0
2411258.0,2258653.0,2314517.0
2317549.0,2260686.0,2314756.0
2319731.0,3256711.0,2304958.0
2329543.0,2261136.0,2327158.0
2314781.0,2262411.0,2316834.0
2332218.0,2261726.0,2305369.0
2409309.0,2258629.0,2320904.0
2320086.0,2345824.0,2311949.0
2421266.0,2270523.0,2322328.0
2409308.0,2236613.0,2303800.0
2317443.0,2350241.0,2304770.0
2314802.0,2262034.0,2318072.0
2411005.0,1533725.0,2319679.0
2410608.0,2257666.0,2308881.0
2320211.0,2350443.0,2305998.0
2406685.0,2258173.0,2302394.0
2316079.0,204396.0,2331312.0
2413141.0,731.0,2384608.0
2412036.0,1363462.0,2409718.0
2313446.0,2259423.0,2306080.0
2398397.0,2259653.0,2318814.0
2410922.0,2260275.0,2321807.0
2405125.0,2258072.0,2310827.0
2408387.0,1857473.0,2309699.0
2413305.0,1865899.0,2334472.0
2314504.0,2257420.0,2306974.0
2414745.0,2345152.0,2315038.0
2411630.0,2278903.0,2307934.0
2327847.0,2347557.0,2309367.0
2313632.0,2250464.0,2308263.0
2316978.0,2258591.0,2312976.0
2407033.0,2261203.0,2308582.0
2411527.0,2257987.0,2327152.0
2416312.0,2311150.0,2306224.0
2319573.0,2258886.0,2308251.0
2314846.0,2252888.0,2311235.0
2408484.0,68740.0,2306697.0
2407966.0,200457.0,2317367.0
2409451.0,4653.0,1601063.0
2405557.0,2151183.0,2310238.0
2317348.0,2259854.0,2304035.0
2397149.0,202566.0,2307374.0
2318925.0,2356016.0,2305372.0
2410387.0,2268166.0,2311422.0
2416359.0,2260435.0,623640.0
2319264.0,2259339.0,2312931.0
2408724.0,2258279.0,2313375.0
2314155.0,2250601.0,2305070.0
2320418.0,2266044.0,2309524.0
2410419.0,2258598.0,2305619.0
2320449.0,2259405.0,2285503.0
2319625.0,2250681.0,2307759.0
2325099.0,2272510.0,2295301.0
2411158.0,2262236.0,2403382.0
2414025.0,2260006.0,2304187.0
2298985.0,2346405.0,2312604.0
2404931.0,2258776.0,2304932.0
2406754.0,2258741.0,2294459.0
2409171.0,2266914.0,739641.0
2320119.0,2259581.0,1119491.0
2311862.0,2247791.0,2311813.0
2321065.0,2259122.0,2314631.0
2317310.0,2250796.0,2317836.0
2321453.0,311824.0,2313606.0
2318404.0,2250023.0,2297511.0
2321191.0,2260214.0,2284746.0
2320457.0,2257277.0,2307498.0
2312665.0,2126920.0,2299732.0
2323690.0,2258593.0,2298134.0
2315314.0,456645.0,2306642.0
2317508.0,2257550.0,2310341.0
2334353.0,2262503.0,2289393.0
2317750.0,2259083.0,2325348.0
2388695.0,2346718.0,244116.0
2314499.0,3251290.0,2300707.0
2321580.0,2259184.0,2304971.0
2321988.0,2260449.0,2314499.0
2316601.0,2249373.0,2402938.0
2321421.0,731.0,2308187.0
2312706.0,2259655.0,1591032.0
2319812.0,2249878.0,2308920.0
2311966.0,2274642.0,2307614.0
2314381.0,2258596.0,2286470.0
2317114.0,2358148.0,2316637.0
2323049.0,2336205.0,2280050.0
2318407.0,2245531.0,2306409.0
2317474.0,2302863.0,2309705.0
2317053.0,2246680.0,2309888.0
2315714.0,2249171.0,2307002.0
2322668.0,2250598.0,2309788.0
2315242.0,2247936.0,2286489.0
2319437.0,2307464.0,2314487.0
2322413.0,2310642.0,2287096.0
2315870.0,2309928.0,2307861.0
2327317.0,2260851.0,2305800.0
2321399.0,2244835.0,2310983.0
2320031.0,2261993.0,2209310.0
2321042.0,2250713.0,2282791.0
2319446.0,2275126.0,2310181.0
2331213.0,2259359.0,2308087.0
2319373.0,2257782.0,2285311.0
2316289.0,2282418.0,974540.0
2334316.0,2296035.0,2302739.0
2320497.0,2246024.0,2279191.0
2317181.0,2263076.0,2308923.0
2371362.0,2249958.0,2308126.0
2322540.0,2306568.0,2307103.0
2322110.0,2307398.0,2309837.0
2314337.0,2257705.0,595865.0
2314537.0,2250645.0,2311176.0
2315186.0,2310089.0,2309051.0
2321400.0,2315026.0,2308781.0
2314196.0,2291131.0,247028.0
2312908.0,2299083.0,2277122.0
2407138.0,2306314.0,2307184.0
2323997.0,2245244.0,2294271.0
2326187.0,2244605.0,2301267.0
2337887.0,2261517.0,2312276.0
2334644.0,2255907.0,2318835.0
2313664.0,2245998.0,2303976.0
2317287.0,2249040.0,2306360.0
2327671.0,2251365.0,2306386.0
2322742.0,2246108.0,2319625.0
2316693.0,2245361.0,703664.0
2313690.0,2268904.0,2290071.0
2371673.0,2247674.0,2287437.0
2317091.0,2260458.0,2307383.0
2313867.0,2252415.0,2407769.0
2319799.0,2298174.0,2288898.0
2322523.0,2244450.0,2311718.0
2324577.0,2246871.0,246305.0
2324468.0,2310655.0,2308637.0
2320003.0,202530.0,2308230.0
2316025.0,2265102.0,2288676.0
2319253.0,2243472.0,2307801.0
2331185.0,2244135.0,2309175.0
2330774.0,2298422.0,2310044.0
2317585.0,2270834.0,2306956.0
2322022.0,2250292.0,2309385.0
2318171.0,2313361.0,2311564.0
2318259.0,2348117.0,2305011.0
2333418.0,2259051.0,2312343.0
2312843.0,2250767.0,2286835.0
2315785.0,2249806.0,2307445.0
2380464.0,2249915.0,2291430.0
2319787.0,2281505.0,2308643.0
2322953.0,2289183.0,2308085.0
2314388.0,2300253.0,2286809.0
2318746.0,795.0,2312963.0
2313783.0,4621.0,2305313.0
2327168.0,2073682.0,745235.0
2318374.0,4180.0,2289384.0
2330208.0,281214.0,2314263.0
2322930.0,2337332.0,2306284.0
2321917.0,2244741.0,2292280.0
2331683.0,2244876.0,4299.0
2324281.0,2247652.0,243953.0
2321483.0,2248568.0,2306873.0
2317529.0,2262988.0,2305688.0
2319899.0,2244974.0,2316537.0
2323622.0,2250435.0,2304277.0
2314638.0,2246462.0,2409603.0
2330576.0,2300136.0,2309100.0
2312711.0,2251667.0,2287949.0
2327932.0,2277349.0,2308494.0
2320104.0,2491439.0,2308903.0
2330332.0,2266641.0,242402.0
2326608.0,2295069.0,2304648.0
2314196.0,2284880.0,744038.0
2314366.0,2259649.0,2310733.0
2335736.0,2312128.0,2313176.0
2326300.0,2281753.0,2306873.0
2316894.0,2247193.0,2288631.0
2315695.0,2248177.0,2308019.0
2318537.0,2321397.0,2278746.0
2312804.0,2249710.0,2308770.0
2319077.0,2299269.0,2285830.0
2313322.0,2249423.0,2322629.0
2321767.0,2245814.0,2306748.0
2322424.0,2260648.0,2292371.0
2333418.0,2295773.0,2318075.0
2321600.0,2289991.0,2308704.0
2322522.0,2246916.0,2311591.0
2311889.0,2266912.0,2312198.0
2324136.0,2282898.0,1478529.0
2320564.0,2253915.0,2290168.0
2320618.0,2301476.0,2283108.0
2322657.0,2255259.0,2304919.0
2326170.0,2294014.0,2308001.0
2317679.0,2303524.0,2310537.0
2317411.0,2246257.0,2278503.0
2325072.0,2244205.0,2304480.0
2313550.0,2407230.0,2292018.0
2317403.0,2261592.0,2307906.0
2318273.0,2243637.0,323325.0
2320480.0,2245371.0,2329883.0
2316308.0,2244132.0,2308745.0
2313882.0,2251489.0,2306913.0
2317831.0,2347719.0,2312009.0
2318899.0,2272047.0,2312489.0
2325711.0,2245062.0,2306298.0
2317728.0,2318408.0,2307286.0
2315283.0,2293073.0,2289784.0
2316002.0,2247979.0,2294919.0
2318618.0,2271858.0,2309726.0
2319767.0,2293210.0,2290450.0
2332053.0,2293570.0,2309363.0
2313993.0,2250542.0,2315800.0
2423579.0,2250574.0,2310406.0
2319253.0,2245340.0,457551.0
2312371.0,2245514.0,2310810.0
2317545.0,2300791.0,2279947.0
2320367.0,2243730.0,247709.0
2322753.0,2263130.0,2303041.0
2316669.0,2246710.0,2308398.0
2334780.0,2299822.0,247757.0
2316790.0,204456.0,2309171.0
2317134.0,2245530.0,2309140.0
2312816.0,2244894.0,2306048.0
2316847.0,2245353.0,2305297.0
2319512.0,2250570.0,2309662.0
2312227.0,2245729.0,2316079.0
2318020.0,2269445.0,2281154.0
2321183.0,2310955.0,2307493.0
2320297.0,2245812.0,2308267.0
2320534.0,2277818.0,2311010.0
2319332.0,2249869.0,2308874.0
2328990.0,2349814.0,2294766.0
2313940.0,731.0,2327818.0
2324512.0,815.0,2305009.0
2317487.0,202401.0,2296329.0
2316974.0,2249862.0,2306920.0
2319350.0,2249451.0,2307806.0
2325487.0,2247784.0,2315251.0
2314366.0,2267639.0,2308498.0
2323618.0,2249564.0,2412548.0
2313925.0,2250659.0,2293650.0
2332729.0,2274438.0,2307407.0
2319067.0,2263423.0,2287452.0
2326351.0,2247968.0,2305494.0
2318507.0,2247751.0,2290043.0
2332038.0,2284436.0,2311003.0
2318319.0,2336549.0,2289479.0
2326607.0,2275165.0,2284605.0
2322368.0,2310843.0,2105255.0
2324859.0,2243728.0,2310087.0
2323268.0,2245979.0,2312597.0
2320565.0,2247207.0,2306003.0
2323880.0,2243993.0,2290805.0
2314766.0,2244828.0,1708376.0
2328858.0,2261482.0,2306027.0
267849.0,2255270.0,2284850.0
2339468.0,2270358.0,2278075.0
2316535.0,2320619.0,2308186.0
2324269.0,2246316.0,2312605.0
2399905.0,2271582.0,2319226.0
2326133.0,2247174.0,2323024.0
2341367.0,2272976.0,2352663.0
2317177.0,2243700.0,2307637.0
2320484.0,2309274.0,2313027.0
2327518.0,2247959.0,2322355.0
2314983.0,204660.0,2301013.0
2315025.0,2277785.0,2314105.0
2310180.0,3163556.0,2326031.0
2327521.0,2265108.0,2311985.0
2320952.0,2245484.0,2327851.0
2325963.0,2295955.0,2326881.0
2323417.0,2246917.0,1130018.0
2316158.0,2244551.0,2317161.0
2327474.0,202514.0,2314177.0
2315697.0,2060858.0,2302001.0
2285500.0,699.0,2324606.0
2375023.0,2247037.0,2319934.0
2310227.0,2270440.0,2331881.0
2377239.0,2245856.0,2321594.0
2286017.0,2249170.0,2329594.0
2312682.0,2244379.0,2318957.0
2377234.0,2273287.0,750086.0
2367747.0,2261181.0,2315661.0
2368809.0,2320816.0,2313490.0
2299961.0,2251704.0,2405141.0
2378323.0,2286672.0,2409124.0
2285849.0,2249035.0,2298514.0
2295695.0,2249647.0,2315795.0
2296814.0,2259374.0,2316116.0
2285050.0,2245901.0,2341626.0
2372834.0,2276327.0,2320506.0
2362206.0,2243148.0,2323016.0
2281853.0,2301732.0,2314563.0
2280179.0,2272219.0,2305526.0
2286872.0,2248062.0,2303111.0
2290862.0,2287641.0,2298904.0
2376561.0,2243175.0,2300858.0
2298723.0,2329500.0,2176862.0
2371315.0,2269536.0,2326931.0
2378253.0,2260220.0,2309407.0
2366629.0,2259034.0,2294121.0
2304120.0,2299615.0,2321084.0
2374491.0,2255069.0,2313830.0
2374812.0,731.0,2310381.0
2278024.0,202382.0,2311479.0
2283195.0,2068141.0,2317183.0
2380719.0,84970.0,2315443.0
2365529.0,2246613.0,1256934.0
2286948.0,2272452.0,2334471.0
2279986.0,2282269.0,2320696.0
2284626.0,2304614.0,2319394.0
2284023.0,3008982.0,2314580.0
2363698.0,2300082.0,2310497.0
2373532.0,2246135.0,2299600.0
2278045.0,2247248.0,2316272.0
2363949.0,2245217.0,2314397.0
2366910.0,2244031.0,2320410.0
2364666.0,2244721.0,2325965.0
2369929.0,2248330.0,2320054.0
2285458.0,2246680.0,2313854.0
2379268.0,2256126.0,2316339.0
2285940.0,2257626.0,2320856.0
2366023.0,2269745.0,2309176.0
2377720.0,2258879.0,2309231.0
2385509.0,2267460.0,2330910.0
2373888.0,2345315.0,2331034.0
2288105.0,2255909.0,356433.0
2279021.0,2257807.0,2311421.0
2281392.0,2328150.0,777.0
2295353.0,2352175.0,2316473.0
2410612.0,2256685.0,2311402.0
4715.0,2256999.0,2314931.0
228669.0,2257996.0,2310967.0
2040906.0,2259363.0,2321637.0
2379051.0,2260209.0,2333428.0
2281878.0,2263332.0,2312686.0
2394912.0,2278777.0,2314511.0
2377823.0,2258716.0,2294031.0
2376587.0,2258714.0,2315272.0
2383447.0,2257335.0,255194.0
2375143.0,2284317.0,747932.0
2367556.0,202310.0,2316810.0
2280071.0,2062968.0,2309713.0
2256185.0,2258458.0,2304564.0
2285380.0,2257931.0,2319727.0
2393459.0,2251231.0,2315104.0
2386666.0,2260639.0,2313800.0
2277439.0,2257433.0,2326698.0
2295653.0,2248822.0,2319016.0
4803.0,2260134.0,2322587.0
2291621.0,2255930.0,362959.0
4739.0,2257976.0,2359422.0
4759.0,2260081.0,2315629.0
4739.0,2258811.0,2300508.0
4683.0,2250573.0,334120.0
4831.0,2346197.0,2314604.0
4759.0,2256461.0,2314993.0
4739.0,2259007.0,2299587.0
4759.0,2259069.0,2322222.0
4675.0,2258887.0,2347192.0
4675.0,2257342.0,2316713.0
4735.0,2263879.0,2330846.0
4739.0,2256399.0,2312983.0
4675.0,2256067.0,2309536.0
4739.0,2259163.0,2292884.0
4791.0,2262974.0,2296150.0
4739.0,2266611.0,2312914.0
4739.0,3251669.0,2313083.0
4739.0,2257954.0,2292410.0
4759.0,2258694.0,2408543.0
4695.0,2256645.0,254128.0
4739.0,2255815.0,2312133.0
4759.0,2258482.0,1230504.0
2378242.0,2279233.0,1289746.0
2395694.0,2258538.0,2292325.0
2282100.0,2258145.0,2310658.0
2288128.0,2259259.0,2312966.0
2286580.0,2257508.0,349702.0
2284270.0,2347112.0,251858.0
2280719.0,2260847.0,2320817.0
2285470.0,2257080.0,2314053.0
2298167.0,2259464.0,2319865.0
2289060.0,2255598.0,2372842.0
2357020.0,2247832.0,2316578.0
4651.0,2258822.0,2293903.0
2364247.0,2345998.0,2293391.0
2377889.0,2256142.0,2308042.0
2372832.0,2256195.0,2427607.0
2282827.0,2258259.0,2401640.0
2279336.0,2251083.0,2322485.0
2286943.0,2273502.0,2318585.0
2284557.0,2256423.0,2319554.0
2370493.0,2250905.0,2314512.0
2366747.0,2250579.0,2306245.0
2365870.0,2248182.0,247890.0
2374018.0,2259494.0,935079.0
2369464.0,2258813.0,750088.0
2363341.0,2267486.0,2318157.0
2368063.0,2249218.0,2313604.0
2279697.0,2259168.0,2316639.0
2373683.0,2258240.0,2313526.0
2368393.0,2259703.0,2315686.0
2371708.0,2257534.0,2311906.0
2365971.0,2258192.0,2316222.0
2334321.0,2249543.0,2326555.0
2278473.0,2257282.0,2409332.0
2365482.0,2259308.0,2311705.0
2284789.0,2259037.0,2324087.0
2375933.0,2257167.0,2319004.0
2286314.0,2259077.0,2314519.0
2278651.0,2255450.0,748814.0
2302557.0,2258487.0,2312295.0
2363337.0,2249351.0,2323521.0
2367131.0,2344719.0,2315031.0
2278053.0,2256703.0,2323079.0
2286346.0,2268680.0,2322143.0
2373460.0,2258233.0,2309527.0
2392329.0,2258067.0,2314721.0
2366297.0,2263657.0,2311162.0
2365298.0,2255661.0,253394.0
2286913.0,2250700.0,2314295.0
2277445.0,2257223.0,2314688.0
2369581.0,3251661.0,1545052.0
2379163.0,2258009.0,2354350.0
2367461.0,2259147.0,2318641.0
2365727.0,2258464.0,2313469.0
2367872.0,2259971.0,2297292.0
2303935.0,2256355.0,2306373.0
2374106.0,2252071.0,2325759.0
2399941.0,2260501.0,2316741.0
2366827.0,2266180.0,2318248.0
2289089.0,2259110.0,2320176.0
2364385.0,2257833.0,2328299.0
2285814.0,2247809.0,2317461.0
2373668.0,2250711.0,2312641.0
2283509.0,2257851.0,2315531.0
2362091.0,2257858.0,336881.0
2363959.0,2250091.0,2319556.0
2390906.0,2259534.0,2313037.0
2284098.0,2257648.0,2312777.0
2372111.0,2258787.0,2323713.0
2281461.0,2260085.0,2309867.0
2365975.0,2261574.0,2312549.0
2288658.0,2258387.0,2302074.0
2374548.0,2257141.0,2317764.0
2370076.0,2256158.0,2309149.0
2375348.0,2260429.0,2332384.0
2287625.0,2258866.0,2316529.0
2374570.0,2259131.0,2299170.0
2279792.0,2259520.0,2316243.0
2277531.0,2247889.0,2309565.0
2368851.0,2346795.0,2312789.0
2374982.0,2255931.0,2316359.0
2284025.0,2345689.0,2317509.0
2370159.0,2346768.0,2318387.0
2351133.0,2272814.0,2306007.0
2290227.0,2259083.0,2402019.0
2375030.0,2257968.0,2320306.0
2287785.0,2256351.0,2325940.0
2280491.0,2265670.0,2312665.0
2375226.0,2249960.0,957943.0
2280424.0,2256089.0,2299480.0
2364491.0,2259086.0,2313700.0
2317883.0,2259032.0,2326095.0
2393235.0,2349889.0,2318715.0
2337182.0,2251341.0,351243.0
2366214.0,2260683.0,2307196.0
2320859.0,3232468.0,2462479.0
2377994.0,2257653.0,2432604.0
2289456.0,2259673.0,2451269.0
2375059.0,2259049.0,2431686.0
2310169.0,2264741.0,2429423.0
2325244.0,2261495.0,2433884.0
2376148.0,2257267.0,2429932.0
2288397.0,3249274.0,2442312.0
2362452.0,2262071.0,2427532.0
2288804.0,2250282.0,2449966.0
2278377.0,2258693.0,2450186.0
2365981.0,2259900.0,2448881.0
2308030.0,2257326.0,2430813.0
2366585.0,2258255.0,2432303.0
2306855.0,2259081.0,2426244.0
2366776.0,2345783.0,2429505.0
2362099.0,2257157.0,2431530.0
2286573.0,2256854.0,2443380.0
2301607.0,2260436.0,2429810.0
2308905.0,2256357.0,2430037.0
2319739.0,2259075.0,2436513.0
2370179.0,206455.0,2430518.0
2369140.0,2298329.0,2434996.0
2286559.0,2258329.0,2430284.0
2372926.0,2249737.0,2453951.0
2279823.0,2259452.0,2455809.0
2358722.0,2258550.0,2446345.0
2307357.0,2255691.0,2416953.0
2278806.0,2259182.0,2450204.0
2390002.0,2259855.0,2435391.0
2355649.0,2257088.0,2434044.0
2368642.0,2258272.0,2449779.0
2280538.0,2259927.0,2452330.0
2392513.0,2331546.0,2445263.0
2367780.0,2347601.0,2445482.0
2364756.0,2269847.0,2424676.0
2376277.0,2251180.0,2447854.0
4759.0,2338594.0,2430634.0
4663.0,2269976.0,2451598.0
4799.0,2260694.0,2449880.0
4675.0,2260015.0,2432418.0
4799.0,2248912.0,2446047.0
4799.0,2258553.0,2436220.0
4675.0,2255420.0,2430955.0
722187.0,2258621.0,2448982.0
2298833.0,2256986.0,2430677.0
2284258.0,2258030.0,2448046.0
2269517.0,2259437.0,2444368.0
2271359.0,2345967.0,2432473.0
2267471.0,2259525.0,2447812.0
2279580.0,2260846.0,2429353.0
2271068.0,2249634.0,2436538.0
2272763.0,2258923.0,2452870.0
2271238.0,2259574.0,2429168.0
2266472.0,2255889.0,2451440.0
2275951.0,2250122.0,2444298.0
2270547.0,2256324.0,2457338.0
2267510.0,2258074.0,2429420.0
2270374.0,2258000.0,2432964.0
4467.0,2264072.0,2430882.0
2267443.0,2259666.0,2447152.0
2272887.0,2258897.0,2427722.0
2270887.0,2259338.0,2427970.0
2269394.0,2257956.0,2450393.0
2270069.0,2257224.0,2431647.0
2270860.0,2258537.0,2432633.0
2273543.0,2248849.0,2448048.0
2270124.0,2259646.0,2431887.0
2272200.0,2257528.0,2428745.0
2268377.0,2346388.0,2440306.0
2276744.0,2259485.0,2429921.0
213400.0,2346650.0,2428992.0
2265750.0,2264536.0,2437712.0
2267923.0,2259333.0,2429454.0
2272773.0,2265695.0,2450264.0
2287786.0,2256695.0,2435422.0
2265779.0,2260066.0,2430271.0
2272235.0,2258348.0,2428730.0
2268700.0,2255070.0,2429627.0
2274135.0,2256321.0,2431946.0
2268633.0,2243428.0,2452189.0
2352806.0,2250680.0,2431722.0
2267329.0,2256144.0,2433709.0
2272972.0,2244845.0,2433311.0
2277887.0,2250050.0,2442563.0
2269971.0,2290465.0,2455455.0
2278129.0,2245152.0,2459144.0
2274140.0,2240292.0,2433361.0
2272086.0,2255971.0,2426616.0
2288966.0,2256485.0,2450019.0
2268220.0,2221607.0,2433445.0
2270780.0,2233378.0,2439823.0
2268267.0,2245672.0,2447575.0
2272652.0,2257241.0,2438100.0
2273811.0,2248005.0,2431443.0
2269838.0,2252139.0,2428916.0
2267441.0,2249222.0,2454164.0
2270851.0,2245616.0,2452200.0
2292306.0,2246740.0,2445969.0
2265617.0,2249650.0,2440100.0
2269904.0,2245789.0,2429107.0
2269803.0,2256509.0,2431782.0
2270891.0,2235087.0,2447910.0
2273378.0,2235658.0,2449399.0
2274375.0,2244485.0,2434497.0
2269237.0,2256571.0,2439362.0
2267273.0,2227545.0,2449389.0
2268910.0,2253573.0,2430106.0
2268898.0,2236826.0,2428133.0
2264949.0,2228646.0,2454139.0
2270940.0,2255753.0,2456284.0
2269119.0,2245776.0,2430743.0
2269294.0,2249354.0,2436557.0
2267934.0,2248530.0,2429907.0
2272409.0,2235361.0,2428612.0
2276517.0,2245913.0,2431912.0
2274320.0,2227931.0,2428328.0
2272492.0,2249716.0,2432342.0
2268796.0,2255849.0,2429401.0
2277267.0,2257133.0,2447798.0
2265597.0,2271944.0,2429891.0
2357166.0,2247476.0,2436830.0
2268817.0,2243246.0,2432971.0
2267097.0,2232133.0,2452827.0
2269964.0,2257874.0,2446896.0
2326232.0,2245002.0,2426980.0
2258081.0,2258470.0,2431502.0
2270226.0,2257174.0,2430027.0
2361475.0,2253244.0,2454148.0
2270476.0,2262987.0,2450953.0
2274381.0,2246221.0,2429005.0
2357862.0,2245144.0,2430566.0
2288983.0,2247947.0,2427488.0
2268965.0,2249483.0,2430824.0
2268587.0,2245347.0,2458161.0
2269852.0,2255873.0,2454529.0
2270124.0,2256606.0,2431088.0
2272165.0,2237095.0,2437745.0
2270483.0,2240891.0,2430787.0
2271626.0,2259302.0,2451171.0
2268845.0,2294873.0,2430457.0
2269400.0,2251262.0,2429516.0
2269888.0,2246935.0,2443137.0
2274710.0,2250906.0,2443620.0
2270402.0,2228414.0,2447477.0
2277452.0,2256842.0,2432261.0
2356121.0,2245291.0,2433107.0
2270653.0,2246165.0,2429920.0
2268923.0,3251800.0,2435452.0
2272801.0,2234041.0,2429521.0
2271822.0,2240091.0,2465629.0
2271956.0,2235868.0,2455261.0
2268775.0,2245377.0,2430925.0
2272772.0,2254746.0,2447669.0
2271215.0,2246344.0,2432734.0
2276352.0,2256824.0,2440537.0
2269678.0,2237878.0,2445492.0
2268212.0,2462501.0,2434847.0
2271559.0,2245771.0,2431018.0
214101.0,2227564.0,2428967.0
2269429.0,2228242.0,2430063.0
2270733.0,2255852.0,2449619.0
2270831.0,2244982.0,2451695.0
2272650.0,2256538.0,2459019.0
2289421.0,2255666.0,2428693.0
2271772.0,2246821.0,2447981.0
2268154.0,2248181.0,2439357.0
2358269.0,2240571.0,2452121.0
2267059.0,2257280.0,2453887.0
2270967.0,2231572.0,2463536.0
2270188.0,2244869.0,2430323.0
2272312.0,2246383.0,2450542.0
2270730.0,2287675.0,2449381.0
2354254.0,2243706.0,2430068.0
2270952.0,2247137.0,2450991.0
2269359.0,2257173.0,2445337.0
2273589.0,2249874.0,2429612.0
4799.0,2248577.0,2428546.0
2263291.0,2245978.0,2442924.0
4799.0,2256052.0,2448918.0
4799.0,2236743.0,2446368.0
4739.0,2251278.0,2430890.0
4791.0,2245788.0,2430408.0
4735.0,2247363.0,2430123.0
4799.0,2252502.0,2446025.0
4739.0,2248192.0,2442915.0
4799.0,2246581.0,2436185.0
4779.0,2245269.0,2448234.0
4799.0,2246301.0,2428946.0
4799.0,2250504.0,2429216.0
4739.0,2244695.0,2431135.0
4759.0,2244585.0,2445129.0
2276074.0,2254029.0,2429149.0
2277505.0,2239218.0,2427126.0
2267378.0,2250970.0,2429829.0
2269359.0,2232044.0,2428033.0
2269505.0,2260601.0,2435636.0
2268738.0,2228286.0,2447532.0
2271226.0,2237800.0,2463447.0
2268888.0,2235312.0,2429106.0
2265291.0,2239979.0,2453285.0
2285410.0,2261464.0,2452564.0
2268367.0,2232222.0,2455256.0
2273577.0,2246069.0,2430110.0
2287995.0,2253974.0,2451965.0
2268171.0,2243699.0,2414630.0
2267366.0,2245826.0,2447089.0
2280359.0,2246176.0,2446345.0
2358541.0,2244154.0,2444701.0
2269198.0,2250630.0,2458846.0
2268764.0,2250747.0,2439859.0
2278989.0,2244034.0,2311154.0
2269566.0,2246893.0,2312657.0
2271216.0,2237358.0,2309177.0
2266703.0,2239375.0,2305007.0
2269368.0,2220639.0,2307120.0
2270767.0,2225620.0,2309827.0
2268153.0,2245006.0,2304895.0
2273752.0,2281288.0,2310207.0
2270862.0,2243878.0,2311483.0
2268156.0,2229334.0,2311029.0
2269765.0,2228453.0,2318366.0
2269380.0,3258177.0,2306812.0
2275107.0,2226857.0,2308104.0
2279873.0,2246509.0,2303660.0
2266773.0,2256967.0,2305843.0
2273643.0,2256838.0,255955.0
2267622.0,2264589.0,84445.0
2267755.0,2256483.0,777.0
2269766.0,2246263.0,12227.0
2269619.0,2243758.0,2308886.0
2268920.0,2249830.0,2308667.0
2269645.0,2255504.0,2307302.0
2270642.0,2262083.0,2308587.0
2271781.0,2245841.0,2306766.0
2270310.0,2243474.0,2306050.0
2265888.0,2234919.0,2306980.0
2270856.0,2250130.0,2313960.0
2274544.0,2255685.0,2307731.0
2270557.0,2245485.0,2309733.0
2267688.0,2229920.0,2308809.0
2268129.0,2240862.0,2306586.0
2282097.0,2247169.0,2314535.0
2267433.0,2256355.0,2310167.0
2269952.0,2256166.0,2317349.0
2269343.0,2245345.0,2309958.0
2267956.0,2244506.0,2312187.0
2271018.0,2225492.0,2310717.0
2278230.0,2228811.0,2306163.0
2268775.0,2247033.0,2309009.0
2252839.0,2228628.0,2313540.0
2283912.0,2254997.0,2323327.0
2284382.0,2228177.0,2310895.0
2270926.0,2234643.0,2310670.0
2276588.0,2249541.0,2310046.0
2346512.0,2243897.0,2310776.0
2272494.0,2249094.0,2309080.0
2269674.0,2245846.0,2306982.0
2269715.0,2256842.0,2307445.0
2271676.0,2257594.0,2310756.0
2286646.0,2243307.0,2310835.0
2278026.0,2227065.0,2308189.0
2268213.0,2228414.0,2309600.0
2271725.0,2256717.0,2307800.0
2275868.0,2245930.0,2311484.0
2267727.0,2259720.0,2312832.0
2267278.0,2246975.0,2308349.0
2267970.0,2261144.0,2308118.0
2268281.0,2248849.0,2307727.0
2269473.0,2244655.0,2305539.0
2359368.0,2268843.0,2308638.0
2272503.0,2246650.0,342805.0
2268656.0,2231649.0,2308481.0
2269478.0,2251140.0,2305253.0
2267580.0,2244700.0,2319730.0
2268778.0,2244150.0,2306379.0
2431457.0,2261829.0,2308792.0
2435890.0,2235805.0,2305086.0
2435166.0,2265833.0,2309408.0
2440959.0,2278348.0,2305224.0
2434628.0,2256416.0,2307963.0
2435495.0,2233003.0,2309387.0
2433186.0,2236589.0,2314949.0
2445368.0,2247334.0,2310003.0
2453575.0,2235266.0,2313334.0
2452687.0,2269868.0,2308975.0
2461691.0,2236201.0,2309777.0
2467876.0,2255583.0,2329599.0
2435696.0,2236021.0,2328957.0
2440951.0,2259210.0,2307569.0
2436196.0,2243101.0,2311929.0
2430622.0,689797.0,2311101.0
2435536.0,2250143.0,2312309.0
2444047.0,2250214.0,2310142.0
2442634.0,2247626.0,2311008.0
2436890.0,2246195.0,2311381.0
2439957.0,2250717.0,2308005.0
2438816.0,2229835.0,2307720.0
2428295.0,2227097.0,2307780.0
2434347.0,2246284.0,2311473.0
2450658.0,2230083.0,2307988.0
2451361.0,2245820.0,2322662.0
2436422.0,2251001.0,2308905.0
2441789.0,2249569.0,2320029.0
2432395.0,2262859.0,2312852.0
2433227.0,2245692.0,2310347.0
2442067.0,2245367.0,2311716.0
2439792.0,2244095.0,2314953.0
2438832.0,2423560.0,2305298.0
2436692.0,2315198.0,2306193.0
2435062.0,2479753.0,2307392.0
2433890.0,2440797.0,2307697.0
2435170.0,2459404.0,2307703.0
2436487.0,2431870.0,2307488.0
2434709.0,2443221.0,2307717.0
2439412.0,2422178.0,2309565.0
2429246.0,2435612.0,2308098.0
2437311.0,2416739.0,2311033.0
2430003.0,2449605.0,2300663.0
2451484.0,2432642.0,2311023.0
2433023.0,2520671.0,2310251.0
2434397.0,2462991.0,2310327.0
2435789.0,2443810.0,2313848.0
2434574.0,2461391.0,2303654.0
2436579.0,2472721.0,2308736.0
2429712.0,2444919.0,2312383.0
2430809.0,2442270.0,2310414.0
2453647.0,2351883.0,2306925.0
2433462.0,2481990.0,2310881.0
2435104.0,2458521.0,2309711.0
2428964.0,2450807.0,2310984.0
2433374.0,2447821.0,2405258.0
2448040.0,2483870.0,2310199.0
2429882.0,2454590.0,2309317.0
2446733.0,2429156.0,2306128.0
2434431.0,2455293.0,2306513.0
2433938.0,2439228.0,2308127.0
2432162.0,2454586.0,2313191.0
2441185.0,2431750.0,2310577.0
2430494.0,2440551.0,2310792.0
2431850.0,2434999.0,2310344.0
2433662.0,2422758.0,2308693.0
2432403.0,2515608.0,2311143.0
2453010.0,2450012.0,2307095.0
2439111.0,2492918.0,2311680.0
2444264.0,2442414.0,2312382.0
2442410.0,2445867.0,2308630.0
2440615.0,2439187.0,2308099.0
2458123.0,2433909.0,2308504.0
2441017.0,2434802.0,2311475.0
2428558.0,2547751.0,2312316.0
2455279.0,2457698.0,2306746.0
2436637.0,2436043.0,2311318.0
2437501.0,2413826.0,2307420.0
2430518.0,2422470.0,2311437.0
2431839.0,2572528.0,2314398.0
2435701.0,2455976.0,2306190.0
2437759.0,2436315.0,2307040.0
2436038.0,2458644.0,2307696.0
2453749.0,141915.0,2305428.0
2435147.0,2449875.0,2307277.0
2438586.0,2455330.0,2312285.0
2438455.0,2421513.0,2304636.0
2439997.0,2429001.0,2319902.0
2431135.0,2436438.0,2308009.0
2444906.0,2419522.0,2309582.0
2445645.0,2441915.0,2307892.0
2444336.0,2433514.0,2312537.0
2443391.0,2413210.0,2310122.0
2437701.0,2434206.0,2307487.0
2440793.0,2423523.0,2312365.0
2439187.0,2444066.0,2308513.0
2438190.0,2456034.0,2317969.0
2429502.0,2448957.0,2305712.0
2429028.0,2422688.0,2308903.0
2444213.0,2454642.0,2320322.0
2431345.0,2470965.0,2311207.0
2442288.0,2443065.0,2308646.0
2449164.0,2437303.0,2311684.0
2433120.0,2424593.0,2317305.0
2442351.0,2434795.0,2312044.0
2435503.0,2472187.0,2306676.0
2452399.0,2464479.0,2306364.0
2437079.0,2451412.0,2304435.0
2449250.0,2451031.0,2311461.0
2441412.0,2435782.0,2308271.0
2436975.0,2426560.0,2318531.0
2434570.0,2441202.0,2310278.0
2446544.0,2465995.0,2325224.0
2441614.0,2427700.0,2309056.0
2445891.0,2442116.0,2309002.0
2436168.0,2448561.0,2310688.0
2434268.0,2441202.0,2321202.0
2432662.0,2426698.0,2309818.0
2427975.0,2427035.0,2306245.0
2432784.0,2438426.0,2309769.0
2436481.0,2456123.0,2310186.0
2428264.0,2422744.0,2306628.0
2432481.0,2469027.0,2309184.0
2435663.0,2446735.0,2314030.0
2442388.0,2459672.0,2320703.0
2437327.0,2461857.0,2304564.0
2439967.0,2431589.0,2314894.0
2448998.0,2445758.0,2309141.0
2446940.0,2441226.0,2311515.0
2444143.0,2456628.0,2307501.0
2428561.0,2364390.0,2312622.0
2433260.0,2443893.0,2308515.0
2445053.0,2437588.0,2310890.0
2437197.0,2429933.0,2325013.0
2436590.0,2381723.0,2312376.0
2459154.0,2445252.0,2304400.0
2433470.0,2462566.0,2307223.0
2436339.0,2457888.0,2306632.0
2456849.0,2499604.0,2313204.0
2443161.0,2433103.0,2305467.0
2438504.0,2437258.0,2309371.0
2441435.0,2442461.0,2308309.0
2434520.0,2465430.0,2307239.0
2427545.0,2458269.0,2309089.0
2433000.0,2435950.0,2309972.0
2442568.0,2423990.0,2308170.0
2446575.0,2421030.0,252249.0
2438332.0,2360389.0,1659430.0
2466286.0,2423238.0,2317736.0
2439916.0,2525340.0,2316687.0
2440656.0,2453995.0,2309941.0
2434336.0,2441164.0,2352252.0
2440092.0,2444972.0,2318036.0
2434043.0,2446889.0,2333418.0
2437618.0,2452286.0,2325208.0
2438753.0,2424059.0,2331325.0
2434386.0,2467254.0,254944.0
2450299.0,2454594.0,2317176.0
2435392.0,2461649.0,2323013.0
2448207.0,2541278.0,2320364.0
2438280.0,2445501.0,2319914.0
2442859.0,2442935.0,2318561.0
2437314.0,276484.0,2319796.0
2447031.0,2474739.0,2359779.0
2428311.0,2440226.0,2330718.0
2441801.0,2457239.0,2320282.0
2437315.0,2430992.0,2319473.0
2439013.0,2423333.0,2316386.0
2455461.0,2421775.0,2334785.0
2445666.0,2431808.0,2320924.0
2439814.0,2419863.0,2307377.0
2434733.0,2456513.0,2318747.0
2458320.0,2452772.0,2319252.0
2450628.0,2422730.0,2321476.0
2435809.0,2425068.0,2305926.0
2441639.0,310626.0,2324051.0
2443800.0,2422708.0,2323010.0
2433008.0,2452557.0,2336407.0
2430126.0,2448319.0,2324413.0
2437372.0,2456638.0,2416897.0
2437265.0,2568103.0,2316841.0
2436350.0,2458954.0,2318412.0
2449790.0,2447534.0,2318314.0
2435279.0,2485176.0,2321587.0
2433241.0,278691.0,2318082.0
2433490.0,2436305.0,2320771.0
2441640.0,2502443.0,2317068.0
2447077.0,2430397.0,2318778.0
2436490.0,2422530.0,2317894.0
2451359.0,2529416.0,2319466.0
2442767.0,2425470.0,2320866.0
2437809.0,2468407.0,2320770.0
2433391.0,2425934.0,727362.0
2428236.0,2450497.0,2331092.0
2436894.0,2446549.0,2322469.0
2432544.0,1074.0,2318536.0
2437499.0,274959.0,2321164.0
2436554.0,2435802.0,2317618.0
2431907.0,2442885.0,362638.0
2443681.0,2440514.0,2321030.0
2440050.0,2431478.0,2318562.0
2435865.0,2464924.0,2325648.0
2427537.0,2438356.0,2319933.0
2435171.0,2424249.0,334147.0
2433721.0,2432581.0,2311373.0
2438530.0,2425106.0,2319396.0
2442949.0,2446370.0,2320472.0
2426262.0,2456424.0,2328303.0
2435464.0,2506651.0,2320475.0
2456973.0,2434915.0,2321213.0
2294773.0,2437102.0,2330370.0
2293736.0,2451304.0,255958.0
2298284.0,2446791.0,992768.0
2297432.0,2443707.0,2318739.0
2385581.0,2443789.0,253906.0
2295974.0,2421563.0,2314916.0
2297842.0,2412547.0,2320093.0
2376289.0,2441347.0,2325502.0
2298189.0,2445813.0,1931993.0
2295835.0,2425720.0,2317321.0
2295661.0,2452828.0,2318871.0
2294544.0,2438268.0,2318333.0
2300634.0,2463712.0,2319894.0
2289716.0,2635840.0,2316666.0
2294420.0,2536639.0,1280511.0
2291886.0,2440532.0,2332284.0
2295236.0,2437577.0,2315511.0
2394838.0,2459383.0,2320856.0
2384580.0,2444455.0,2318408.0
2302762.0,2424145.0,2299250.0
2373142.0,2434980.0,2320434.0
2396467.0,2459820.0,2309758.0
2380860.0,2432754.0,2319151.0
2299290.0,2422474.0,2322301.0
4739.0,2437869.0,2318406.0
4739.0,2439596.0,2292785.0
4739.0,2423278.0,2316748.0
4759.0,2422613.0,2334711.0
4759.0,2435443.0,2317598.0
4799.0,2449392.0,2301076.0
4739.0,2425941.0,2317748.0
4739.0,2539284.0,2318692.0
4759.0,2471255.0,2330969.0
4759.0,2444482.0,2335447.0
4675.0,2450263.0,2330786.0
5476.0,2442844.0,2318169.0
4759.0,2422197.0,2293583.0
4735.0,2437696.0,2320848.0
4739.0,2455540.0,2317723.0
4739.0,2464324.0,2323042.0
4695.0,2456524.0,2320560.0
4759.0,2443446.0,2319794.0
4759.0,2464440.0,2321179.0
4739.0,2261122.0,1071163.0
4759.0,2258749.0,2331032.0
4695.0,275868.0,2304597.0
4779.0,2258598.0,593138.0
4675.0,2251030.0,2065101.0
4695.0,2258653.0,2318296.0
4739.0,3251008.0,2330853.0
4739.0,2258266.0,2319932.0
4759.0,2259009.0,2323294.0
4759.0,2267165.0,2316215.0
4799.0,2258942.0,2318774.0
4759.0,2259185.0,2321577.0
4695.0,2257990.0,2318050.0
4759.0,275784.0,2321993.0
4759.0,2257228.0,2428989.0
4759.0,2247624.0,1414190.0
4799.0,2255321.0,2320799.0
4759.0,2258849.0,2331956.0
4759.0,2259189.0,2315635.0
2362245.0,2229757.0,2320670.0
4719.0,2265465.0,2323094.0
4735.0,2249231.0,2323818.0
4695.0,2259352.0,2319934.0
4739.0,2258219.0,2316486.0
4695.0,2265103.0,2324934.0
4739.0,2241327.0,2320920.0
4739.0,2257950.0,2320843.0
4799.0,2258534.0,2321137.0
4759.0,2260488.0,2320265.0
4759.0,2260625.0,2299402.0
4759.0,2258585.0,2319734.0
4739.0,2258074.0,1387721.0
2295651.0,2258092.0,1527946.0
2287157.0,2259919.0,2321889.0
2387454.0,2249983.0,2321154.0
2383141.0,2250122.0,2291292.0
2289585.0,3253845.0,351372.0
2374998.0,2258619.0,2316865.0
2293586.0,2258757.0,714035.0
2381465.0,2258535.0,2320659.0
2286765.0,2258518.0,254323.0
2301797.0,2258571.0,2319754.0
2288618.0,2258325.0,2313397.0
2303617.0,2258572.0,2291279.0
2293905.0,2251267.0,2322639.0
2289115.0,2265558.0,2319660.0
2293639.0,2256254.0,354711.0
2286426.0,2259591.0,2320402.0
2295781.0,2258475.0,2317559.0
2309757.0,3158614.0,2148196.0
2290852.0,688714.0,363419.0
2394390.0,294057.0,874190.0
2290130.0,2259277.0,2318129.0
2383971.0,2264494.0,2319856.0
2295869.0,2262514.0,2319250.0
2303850.0,2249367.0,2321916.0
2297287.0,2258921.0,2316040.0
2381283.0,293805.0,2330643.0
2293323.0,2264610.0,2316805.0
2298337.0,2258771.0,2318195.0
2386652.0,2250125.0,2316317.0
2385548.0,2229459.0,2319001.0
2353499.0,2280932.0,752413.0
2379550.0,2231992.0,253363.0
2297267.0,2263455.0,2317880.0
2299074.0,2261705.0,2331746.0
2291279.0,2259567.0,2320524.0
2297097.0,2261688.0,253370.0
2293438.0,2241664.0,2304395.0
2298616.0,2257093.0,2331274.0
2389458.0,2222160.0,2336326.0
2378857.0,2258499.0,2318626.0
2285651.0,2257905.0,2296307.0
2287281.0,2273958.0,2319676.0
2294166.0,2282493.0,361493.0
2297783.0,2256562.0,2319352.0
2287388.0,2260547.0,2318821.0
2374781.0,2254862.0,255915.0
2292359.0,2249977.0,2319394.0
2295487.0,2261442.0,1743626.0
2296214.0,2258753.0,257435.0
2292816.0,2255240.0,2316054.0
4759.0,2247459.0,2319281.0
2287728.0,2231345.0,2357089.0
4641.0,2279588.0,2318841.0
5047.0,2258552.0,2319493.0
4739.0,2266412.0,2292292.0
4739.0,2260192.0,362215.0
4739.0,2260375.0,2325129.0
4727.0,2260243.0,2318486.0
4739.0,2258527.0,2297744.0
4759.0,2269088.0,2317870.0
4739.0,2259612.0,2304847.0
4695.0,2263193.0,2334134.0
4739.0,1626525.0,2331090.0
4759.0,2258635.0,2324095.0
4759.0,2258084.0,2319679.0
4759.0,2249960.0,2290506.0
2294098.0,2256594.0,2318430.0
2290304.0,2256950.0,2321534.0
2319091.0,2263299.0,2318180.0
2288014.0,2260142.0,2346798.0
2296906.0,2260828.0,2325661.0
2294075.0,196408.0,2322861.0
2313072.0,2278663.0,254755.0
2295539.0,2259352.0,2327144.0
2298395.0,2259207.0,2331892.0
2287952.0,2258292.0,2319166.0
2386594.0,2262658.0,2322160.0
2378297.0,2260794.0,997183.0
2297544.0,3257596.0,2325852.0
2374297.0,2259209.0,2321462.0
2289209.0,2255235.0,2320025.0
2293837.0,275972.0,2321155.0
2293235.0,2248999.0,2378032.0
4739.0,2259084.0,542688.0
4739.0,2248704.0,2416293.0
4675.0,2259510.0,2326161.0
4823.0,2266976.0,2323744.0
4739.0,2221817.0,2410180.0
4799.0,2231220.0,2323633.0
4759.0,2261352.0,2319769.0
4739.0,2260971.0,2321215.0
4803.0,2259479.0,2319554.0
4799.0,2262290.0,2323319.0
4799.0,2255388.0,2319582.0
4739.0,294253.0,2383797.0
4675.0,2259040.0,2322115.0
4831.0,2260721.0,2332747.0
4739.0,2255113.0,2321018.0
4759.0,2259249.0,2316502.0
4759.0,2255658.0,5671.0
4823.0,2250245.0,2331132.0
4759.0,2274078.0,2316476.0
4739.0,2263575.0,2364900.0
4739.0,2258024.0,2333826.0
4863.0,2259036.0,2316608.0
4759.0,2259478.0,2332427.0
4791.0,2221846.0,2414158.0
4695.0,2261643.0,2323707.0
4739.0,2256570.0,2320292.0
4735.0,2252007.0,2329058.0
4715.0,2257678.0,2324853.0
4739.0,197277.0,2320411.0
4803.0,2259801.0,2402911.0
4799.0,2232176.0,2417896.0
4739.0,2227339.0,2329148.0
4799.0,2258224.0,2320100.0
4739.0,2265734.0,2326506.0
4739.0,2258501.0,2330656.0
4799.0,2261656.0,2315810.0
4799.0,2259167.0,2320729.0
4799.0,2258846.0,2326368.0
4799.0,2265981.0,2323431.0
4759.0,2258021.0,1761697.0
4799.0,2274642.0,2325393.0
4759.0,2248918.0,2321524.0
4799.0,2257720.0,2425009.0
4803.0,2273823.0,2317632.0
4739.0,274083.0,2316204.0
4739.0,195992.0,2320555.0
2379243.0,2226213.0,2323099.0
4739.0,2257913.0,2331629.0
4771.0,2249240.0,2321216.0
4799.0,2275681.0,2316858.0
4727.0,2260655.0,2322409.0
4739.0,2272712.0,2428054.0
4739.0,2258943.0,2330022.0
4831.0,2250439.0,2319779.0
4739.0,2258469.0,2321262.0
4799.0,2259419.0,2322316.0
4799.0,2258036.0,2414564.0
4727.0,2261260.0,2330633.0
4735.0,2266492.0,2330145.0
4707.0,2259149.0,2379666.0
2285935.0,2240009.0,2369192.0
2296467.0,2264108.0,2317997.0
2284635.0,2274682.0,2319821.0
2292409.0,2248411.0,2321132.0
2292676.0,2267231.0,2332134.0
2288217.0,2239725.0,2384174.0
2376233.0,2262404.0,2375271.0
2314936.0,2249074.0,2319529.0
2384602.0,2263029.0,2320395.0
2309107.0,2268347.0,2319004.0
2376896.0,2266885.0,2326560.0
2382720.0,2255355.0,2359120.0
2294285.0,2259302.0,2319376.0
2383371.0,2258985.0,2318138.0
2299569.0,2255151.0,2323608.0
2300951.0,2276845.0,2323454.0
2288364.0,2258686.0,2322887.0
2387286.0,2272072.0,2321265.0
2384627.0,196490.0,2379176.0
2287932.0,206312.0,2326159.0
2327091.0,2265068.0,2318626.0
2306286.0,2260443.0,2416110.0
2291286.0,2259893.0,2334853.0
2297151.0,2270452.0,2363972.0
2294044.0,2258184.0,2320173.0
2313107.0,2253608.0,2325836.0
2384833.0,2259096.0,2330892.0
2287851.0,2279001.0,252476.0
2296430.0,2258697.0,2321795.0
2293788.0,2259754.0,2347432.0
2288042.0,2259486.0,2320033.0
2296488.0,2266325.0,2326345.0
2299705.0,2259494.0,2316593.0
2310489.0,2259127.0,2323980.0
2291747.0,2259312.0,2325119.0
2307354.0,2353973.0,253649.0
2352726.0,2265877.0,2330680.0
2298207.0,2248698.0,2326179.0
2386281.0,2261831.0,2353102.0
2292089.0,2258999.0,2320013.0
2289911.0,2265411.0,2417856.0
2299752.0,2267310.0,2416176.0
2297139.0,2277034.0,2320878.0
2295184.0,2259869.0,2362307.0
2293081.0,2258919.0,2316887.0
2322708.0,2261977.0,2417106.0
2294375.0,2268872.0,2318928.0
2286739.0,2261842.0,2347262.0
2387346.0,2264192.0,2359435.0
2293222.0,2250648.0,2320131.0
2286206.0,2260191.0,2399892.0
2399918.0,2264062.0,2416162.0
2297369.0,2260528.0,2320016.0
2295688.0,2357230.0,2330565.0
2374605.0,2264328.0,2326410.0
2295329.0,2266484.0,2317883.0
2290491.0,2264057.0,2325039.0
2377763.0,2259428.0,2319920.0
2298900.0,2250266.0,2324536.0
2288782.0,2265733.0,2342450.0
2296117.0,2269196.0,611211.0
2297876.0,2263733.0,2320739.0
2290050.0,2260637.0,2342318.0
2385211.0,2265640.0,2318450.0
2384608.0,2360728.0,2325482.0
2404092.0,2266395.0,2319905.0
2295953.0,2264572.0,2320900.0
2357238.0,2258991.0,2321459.0
2297042.0,2267972.0,2344456.0
2384305.0,2259877.0,2318778.0
2295263.0,2249142.0,2333787.0
2298205.0,2264702.0,2347830.0
2293301.0,2259376.0,2323586.0
2387466.0,2269084.0,2338674.0
2292210.0,2285787.0,2321763.0
2298085.0,2350537.0,2324691.0
2293825.0,2274234.0,2333019.0
2381866.0,2262868.0,2325907.0
2332459.0,2248294.0,2352163.0
2382247.0,2256847.0,2430817.0
2288141.0,2249363.0,2330952.0
2290558.0,2264848.0,2318818.0
2294094.0,2258432.0,2374486.0
2296848.0,2259173.0,2324330.0
2379467.0,2262149.0,2324324.0
2385138.0,2265572.0,2342114.0
2298399.0,2267367.0,2349425.0
2376645.0,2264372.0,2334590.0
2383312.0,2246898.0,2317914.0
2292251.0,2265305.0,2342928.0
2308725.0,2265579.0,2341999.0
2288280.0,2263451.0,2414551.0
2294776.0,2253293.0,2325311.0
2387938.0,2257778.0,2351634.0
2392406.0,2266321.0,2358687.0
2292369.0,2266025.0,2316886.0
2289057.0,2258342.0,2342592.0
2381713.0,2354970.0,2416783.0
2288245.0,2265399.0,2330446.0
2380901.0,2258630.0,2321727.0
2295566.0,2264185.0,2315763.0
2296251.0,2264348.0,2124883.0
2387548.0,2251676.0,2325112.0
2293096.0,2255804.0,2318732.0
2383931.0,2354724.0,2328416.0
2292635.0,2263653.0,2327043.0
2297650.0,2261580.0,2325454.0
2286223.0,2357160.0,2073297.0
2344151.0,2259535.0,2399838.0
2292870.0,2263463.0,2315683.0
2294925.0,2259683.0,2331452.0
2297279.0,2259090.0,2323321.0
2296733.0,2259245.0,2417170.0
2392365.0,2269924.0,2340317.0
2288314.0,2259501.0,2339677.0
2295068.0,2261953.0,2320185.0
2420613.0,2258770.0,2319874.0
2406029.0,2264036.0,2332541.0
2466282.0,2265177.0,2324039.0
2419482.0,2265803.0,2343742.0
2366742.0,2264731.0,2319544.0
2394822.0,2249683.0,2317267.0
2391748.0,2354621.0,2315696.0
2464990.0,2259511.0,2320301.0
2413219.0,2258945.0,2322109.0
2453384.0,2259755.0,2331550.0
2403068.0,2259141.0,2320497.0
2369650.0,2356005.0,2413507.0
2413926.0,2356169.0,2326722.0
2398929.0,2265184.0,2322118.0
2401017.0,2258653.0,2419521.0
2428845.0,2259632.0,2324442.0
2425144.0,2289557.0,2342563.0
2404317.0,2250464.0,2320087.0
2395024.0,2258825.0,2321010.0
2405719.0,2260418.0,2454349.0
2409921.0,2265491.0,2428433.0
2463859.0,2259133.0,2444103.0
2403627.0,2249320.0,2428606.0
2374830.0,2259168.0,2448420.0
2379363.0,2264264.0,2429378.0
2372036.0,2353011.0,2427491.0
2449512.0,2352790.0,2430323.0
2448108.0,2265925.0,2432681.0
2381355.0,2259891.0,2448552.0
2403461.0,2259396.0,2429614.0
2466712.0,2258116.0,2438066.0
2472409.0,2259331.0,2430019.0
2365746.0,2355072.0,2429554.0
2393461.0,2261026.0,2454428.0
2365984.0,2317611.0,2430315.0
2401374.0,2259933.0,2429579.0
2412015.0,2261532.0,2460436.0
2364810.0,2261198.0,2431558.0
2394559.0,2264467.0,2446548.0
2364740.0,2355196.0,2448778.0
2370743.0,2249097.0,2448242.0
2363258.0,2267881.0,2427305.0
2423275.0,2259438.0,2449554.0
2459253.0,2266066.0,2429128.0
2363242.0,2259634.0,2430545.0
2382812.0,2250017.0,2421049.0
2394259.0,2264237.0,2428800.0
2416761.0,2266259.0,2444131.0
2426743.0,2257984.0,2429691.0
2447180.0,2259151.0,2422037.0
2393724.0,2258640.0,2445528.0
2385296.0,2259219.0,273437.0
2459846.0,2266167.0,2161235.0
2387939.0,2266103.0,2448940.0
2374100.0,2265708.0,2444271.0
2460518.0,2257794.0,2423582.0
2455494.0,2266480.0,2444671.0
2388667.0,2264707.0,2428113.0
2409760.0,2258749.0,2428995.0
2411715.0,2265345.0,2429337.0
2455799.0,2250136.0,2427835.0
2459146.0,2265211.0,2435884.0
2407074.0,2258403.0,2429439.0
2456453.0,2272035.0,2430763.0
2464427.0,2264750.0,2428187.0
2460079.0,2259184.0,2428898.0
2427084.0,2258403.0,2431398.0
2364066.0,2266343.0,2446992.0
2399421.0,2356413.0,2430272.0
2398481.0,2248716.0,2442385.0
2442977.0,2266539.0,2438144.0
2366667.0,2351228.0,2449552.0
2413547.0,2266440.0,2427711.0
2365600.0,2259759.0,2433182.0
2402864.0,2355746.0,2436519.0
2396037.0,2354382.0,2448175.0
2457901.0,2249584.0,2429317.0
2464985.0,2265947.0,2430298.0
2383810.0,2264688.0,2427379.0
2365228.0,2260325.0,2430414.0
2393694.0,196324.0,2449230.0
2448323.0,2265231.0,2446099.0
2464332.0,2259291.0,2450611.0
2382108.0,2265909.0,2431390.0
2454660.0,2262392.0,2427987.0
2466717.0,2266387.0,2425839.0
2411623.0,2251088.0,2426157.0
2397563.0,2267579.0,2431202.0
2393211.0,2251395.0,2431731.0
2459000.0,2258498.0,2445178.0
2415690.0,2354981.0,2430034.0
2382364.0,2265459.0,2428635.0
2444723.0,2259850.0,2448421.0
2360421.0,2265326.0,2429352.0
2416581.0,2263240.0,2430945.0
2401601.0,2265425.0,2432133.0
2398266.0,2258453.0,2433945.0
2450255.0,2265015.0,2430002.0
2418043.0,2265203.0,2426243.0
2408049.0,2258768.0,2429980.0
2390851.0,2257278.0,2460135.0
2424937.0,2264559.0,2427754.0
2364677.0,2259151.0,2422695.0
2364693.0,2248391.0,2427272.0
2420148.0,2258918.0,2430759.0
2411927.0,2259831.0,2427955.0
2427515.0,2252071.0,2432598.0
2451469.0,2361253.0,2428706.0
2462664.0,2261406.0,2457702.0
2365977.0,2356041.0,2427858.0
2460963.0,2249754.0,2428274.0
2378172.0,2259634.0,2427566.0
2401029.0,2264930.0,2448714.0
2463104.0,2273736.0,2438111.0
2365440.0,2258339.0,2428124.0
2370525.0,2345962.0,2453940.0
2418417.0,2263823.0,2447264.0
2403123.0,2267228.0,2426465.0
2361932.0,2261360.0,2431513.0
33311.0,2258161.0,2429371.0
2364632.0,2258190.0,2427945.0
2373245.0,2268174.0,2425063.0
2457369.0,2247551.0,2428188.0
2440032.0,2266210.0,2430051.0
2378856.0,2265082.0,2432489.0
2364471.0,2258939.0,2424984.0
2391592.0,2258357.0,2424022.0
2397184.0,2264645.0,2429376.0
2466012.0,2358981.0,2422377.0
2445644.0,2258472.0,2426099.0
2365864.0,2264772.0,152184.0
2409486.0,2258552.0,2428973.0
2422499.0,2250318.0,2445174.0
2363010.0,2261647.0,2423184.0
2396475.0,2268796.0,2451825.0
2409208.0,2359010.0,2453341.0
2401562.0,2341259.0,2443578.0
2419195.0,2249448.0,2440185.0
2399390.0,2260206.0,2429399.0
2361192.0,2250473.0,2426420.0
2367365.0,2273868.0,2447844.0
2409230.0,2267844.0,2442660.0
2392932.0,3251236.0,2426350.0
2409532.0,2258070.0,2448258.0
2390717.0,2250877.0,2427864.0
6758.0,2248246.0,2426817.0
2397503.0,2256906.0,2449124.0
2366450.0,2283103.0,2430696.0
2379069.0,2271545.0,2435915.0
2413323.0,3170760.0,2429923.0
2409668.0,2250463.0,2435545.0
2364793.0,2255434.0,2429174.0
2388599.0,2279074.0,2430906.0
2412955.0,2249143.0,2428714.0
2466322.0,2259382.0,2424872.0
2396864.0,2248638.0,2453445.0
2411928.0,2353829.0,2430264.0
2396276.0,3253463.0,2427014.0
2405749.0,2248283.0,2428523.0
2414066.0,3170949.0,2433896.0
2413919.0,2251211.0,2425782.0
2391262.0,2258487.0,2430888.0
2370634.0,2248878.0,2436488.0
2374004.0,2258792.0,2428821.0
2365972.0,2250601.0,2423050.0
2407305.0,3257637.0,2431041.0
2398143.0,2254939.0,2427664.0
2435731.0,3172650.0,2421570.0
2443658.0,3248936.0,2453246.0
2367349.0,3179931.0,2441197.0
2399233.0,3256806.0,2443569.0
2458004.0,2260877.0,2430700.0
2401021.0,3170198.0,2432629.0
2455906.0,2259944.0,2429617.0
2382295.0,2273362.0,2446471.0
2393109.0,194940.0,2451617.0
2459328.0,84801.0,2451486.0
2406648.0,1954573.0,2443621.0
2399399.0,2249757.0,2431418.0
2456865.0,2257727.0,2429199.0
2453536.0,2258817.0,2431526.0
2451624.0,2259113.0,2424000.0
2461684.0,2259082.0,2449995.0
2418945.0,2257929.0,2447678.0
2403740.0,2258254.0,2445872.0
2363567.0,3172510.0,2425176.0
2395775.0,3169844.0,2427951.0
2455163.0,2261555.0,2446177.0
2394212.0,3170490.0,2422874.0
2367039.0,3173156.0,2447441.0
2396887.0,2260177.0,2443080.0
2394955.0,2259135.0,2427074.0
2364346.0,2258901.0,2428296.0
2456156.0,2258494.0,2427039.0
2385437.0,2273914.0,2448403.0
2463040.0,3169786.0,2436266.0
2459663.0,2265054.0,2431008.0
2418194.0,2249512.0,2429411.0
2460155.0,2257933.0,2428349.0
2399770.0,2266716.0,2430864.0
2384699.0,2256316.0,2441455.0
2455334.0,2261390.0,2434436.0
2452656.0,3170123.0,2428150.0
2436042.0,3170849.0,2422213.0
2362624.0,3170922.0,2439783.0
2466066.0,2260651.0,2446437.0
2397641.0,2343200.0,2434027.0
6694.0,2264672.0,2422604.0
2464789.0,2257988.0,2424981.0
2406018.0,2259019.0,2423613.0
2403822.0,2268472.0,2430239.0
2453377.0,2250469.0,2425748.0
2375043.0,2258714.0,2432295.0
2444250.0,2254996.0,2450371.0
2362576.0,3169375.0,2422036.0
2446368.0,3251172.0,2452185.0
2429193.0,3181254.0,2429078.0
2446555.0,3170572.0,2428428.0
2359738.0,2258306.0,2429357.0
2404942.0,2258220.0,2438706.0
2459044.0,2272334.0,2426850.0
2457487.0,3171677.0,2447480.0
2445426.0,2270343.0,2446579.0
2375228.0,3168548.0,2428010.0
2360952.0,2255152.0,2426794.0
2438301.0,2255772.0,2458005.0
2465739.0,2259162.0,2428347.0
2409307.0,2265276.0,2432545.0
2445217.0,2255024.0,2447889.0
2465299.0,2259051.0,2433264.0
2363535.0,2274609.0,2440861.0
2403395.0,2355421.0,2317347.0
2401271.0,2259264.0,2306161.0
2457328.0,3256204.0,2417000.0
2393917.0,2254296.0,2386902.0
2368420.0,2254870.0,2418338.0
2464065.0,2251789.0,2308249.0
2372749.0,2249701.0,2311253.0
2374445.0,3186615.0,2304338.0
2414544.0,2256564.0,2308208.0
2366545.0,2259161.0,2306250.0
2401095.0,2262451.0,2306696.0
2450080.0,2259877.0,2310208.0
2366155.0,2257535.0,2310988.0
2387416.0,2259247.0,2321162.0
2434624.0,3170484.0,2309025.0
2392371.0,2249863.0,2414113.0
2352555.0,2260827.0,2303333.0
2366532.0,3171231.0,2306852.0
2460841.0,3251665.0,2315063.0
2458537.0,2250392.0,2311950.0
2389326.0,3170623.0,2320623.0
2457479.0,2259440.0,2307066.0
2452093.0,2258255.0,2312551.0
2396243.0,3179243.0,2319780.0
2449718.0,2259349.0,2305626.0
2448121.0,2256106.0,2312063.0
2427126.0,2288631.0,2321954.0
2381313.0,3171776.0,2311510.0
2454451.0,2259292.0,2308655.0
6694.0,2259287.0,2307360.0
2385227.0,2258907.0,2309608.0
2466849.0,2258524.0,2306555.0
2443169.0,2270179.0,2312041.0
2375567.0,2258077.0,2309993.0
2416186.0,3170660.0,2320585.0
2448951.0,2289228.0,2415114.0
2427034.0,3168129.0,2313169.0
2457790.0,2254768.0,2307147.0
2363862.0,3168569.0,2307677.0
2401537.0,2260995.0,2320435.0
2406397.0,2306751.0,2358710.0
2456139.0,3169737.0,2314127.0
2364313.0,3249261.0,2305422.0
2458084.0,2249616.0,2320607.0
2379903.0,3170295.0,2319010.0
2474056.0,2249890.0,2332672.0
2420418.0,2260240.0,2320423.0
2395936.0,2250529.0,2313275.0
2378247.0,2259653.0,2403776.0
2428930.0,2264482.0,2308345.0
2446997.0,2269884.0,2407757.0
2400471.0,2259671.0,2307738.0
2418399.0,2258859.0,2317098.0
2390941.0,3249845.0,2310264.0
2366587.0,3169135.0,2317215.0
2362860.0,2259552.0,2305900.0
2365340.0,2250710.0,2309587.0
2453918.0,2350678.0,2322468.0
2452472.0,3168688.0,2304133.0
2416263.0,2259960.0,2309783.0
2362463.0,2249375.0,2320178.0
2366892.0,3180928.0,2306679.0
2383905.0,2264619.0,2416764.0
2413689.0,2255370.0,2312203.0
2406092.0,3250207.0,2311201.0
2402597.0,2259796.0,2304608.0
2461255.0,3169213.0,2319771.0
2426651.0,2258523.0,2306651.0
2371545.0,3168641.0,2311320.0
2450238.0,2250366.0,2303448.0
2415700.0,2249658.0,2310318.0
2364736.0,2260727.0,2309202.0
2436388.0,2259314.0,2319882.0
2414651.0,2250064.0,2307853.0
2469817.0,3169912.0,2403054.0
2362858.0,2254809.0,2309019.0
2375277.0,3256103.0,2402209.0
2463847.0,2259190.0,2322750.0
2439798.0,2257814.0,2309486.0
2440520.0,2273779.0,2318739.0
2458689.0,2257958.0,2307632.0
6694.0,2250150.0,2312834.0
2373392.0,2250440.0,2344086.0
2458092.0,2250475.0,2348699.0
2364408.0,3257676.0,2322919.0
2410701.0,2257934.0,2376116.0
2370681.0,2261759.0,2318362.0
2371743.0,2263909.0,2308092.0
2456595.0,3171277.0,2348080.0
2401425.0,2249689.0,2401556.0
2378296.0,2358028.0,2321939.0
2446228.0,2268753.0,2305983.0
2365518.0,3279380.0,2308562.0
2438940.0,2295014.0,2353496.0
2424142.0,2249329.0,2373601.0
2462156.0,3172719.0,2313275.0
2407570.0,2249824.0,2308631.0
2459694.0,2250278.0,2304398.0
2460915.0,3170171.0,2330443.0
2458059.0,3257794.0,2310784.0
2352559.0,2272029.0,2369046.0
2401379.0,2267402.0,2415439.0
2447112.0,2257845.0,2309140.0
2468840.0,2258491.0,2324181.0
2388312.0,2257809.0,2417263.0
2414699.0,2260007.0,2310758.0
2402216.0,3258789.0,2310329.0
2362807.0,2256935.0,2318038.0
2375243.0,2251239.0,2318898.0
2450621.0,2242962.0,2354798.0
2366624.0,2250332.0,2311300.0
2438162.0,3178753.0,2305630.0
2360387.0,3169498.0,2312453.0
2365123.0,2271078.0,2322127.0
2449605.0,2252301.0,2310947.0
2401072.0,2443676.0,2308592.0
2368789.0,2417426.0,2304693.0
2453095.0,2421168.0,2309493.0
2365485.0,2423210.0,2306897.0
2449797.0,2417497.0,2308694.0
2410148.0,2436244.0,2320921.0
2374031.0,2434962.0,2320632.0
2416322.0,2435931.0,2306250.0
2436752.0,2416853.0,2319748.0
2383173.0,2417095.0,2312184.0
2461643.0,2443507.0,2380898.0
2461433.0,2421444.0,2313941.0
2464147.0,2416051.0,2406123.0
2468286.0,2436485.0,2354923.0
2376864.0,2423118.0,2310030.0
2468278.0,2419163.0,2320707.0
2367733.0,2421059.0,2311256.0
2361771.0,2438031.0,2307270.0
2450598.0,2419537.0,2332835.0
2407668.0,2425460.0,2312441.0
2364031.0,2432038.0,2315235.0
2476045.0,2418593.0,2314788.0
2427297.0,2420396.0,2310747.0
2406413.0,2416763.0,2320147.0
2449548.0,2425900.0,2317877.0
2463943.0,2421396.0,2321586.0
2457885.0,2426062.0,2312293.0
2403063.0,2423622.0,2321762.0
2386252.0,2438258.0,2316408.0
2401306.0,2443791.0,2368644.0
2401449.0,2421921.0,2311438.0
2396209.0,2423513.0,2309936.0
2422854.0,2420420.0,2317661.0
2384507.0,2421129.0,2310314.0
2455419.0,2422787.0,2312071.0
2367443.0,2420138.0,2312248.0
2367419.0,2423849.0,2398905.0
2459885.0,2432071.0,2310782.0
2387418.0,2421585.0,2313121.0
2452808.0,2443149.0,2319757.0
2375879.0,2418397.0,2407869.0
2364438.0,2422900.0,2317672.0
2449906.0,2425844.0,2343073.0
2451612.0,2417921.0,2329130.0
2390990.0,2435264.0,2314086.0
2379864.0,2422349.0,2399859.0
2433240.0,2421322.0,2318472.0
2363875.0,2422080.0,2308097.0
2395011.0,2442216.0,2308235.0
2435677.0,2415733.0,2319191.0
2453544.0,2424612.0,2318425.0
2470318.0,2426816.0,2311015.0
2359843.0,2436121.0,2322038.0
2384916.0,2437804.0,2319407.0
2385987.0,2410219.0,2308854.0
2450037.0,2418371.0,2318038.0
2397639.0,2434403.0,2307323.0
2456355.0,2422591.0,2308636.0
2428437.0,2415544.0,2312170.0
2366548.0,2437978.0,2307143.0
2401778.0,2436437.0,2309882.0
2458859.0,2418464.0,2309885.0
2365663.0,2423045.0,2320472.0
2399683.0,2426691.0,2309314.0
2457034.0,2431237.0,2307440.0
2475469.0,2423021.0,2321829.0
2364198.0,2416726.0,2305879.0
2468201.0,2433929.0,2329739.0
2452950.0,2422118.0,2376389.0
2382820.0,2426748.0,2311384.0
2455147.0,2420179.0,2322045.0
2470066.0,2424440.0,2322278.0
2426634.0,2422597.0,2305851.0
2434890.0,2425400.0,2412343.0
2364563.0,2429604.0,2309366.0
2467428.0,2422713.0,2405622.0
2370428.0,2421616.0,2310930.0
2372828.0,2421010.0,2320410.0
2441658.0,2416811.0,2309959.0
2364715.0,2421210.0,2308961.0
2409112.0,2423192.0,2307802.0
2375429.0,2433713.0,2308829.0
2363994.0,2424709.0,2321162.0
2377843.0,2436129.0,2308160.0
2454709.0,2428037.0,2312122.0
2453908.0,2424368.0,2308683.0
2373670.0,2422381.0,2310056.0
2455744.0,2421785.0,2415060.0
2463358.0,2415745.0,2324246.0
2483228.0,2433790.0,2322833.0
2464974.0,2425299.0,2307422.0
2484697.0,2421728.0,2334335.0
2471161.0,2435894.0,2317070.0
2481442.0,2422365.0,2322904.0
2465009.0,2435827.0,2320182.0
2454668.0,2424021.0,2325316.0
2488596.0,2424845.0,2323162.0
290905.0,2439097.0,2320824.0
2482129.0,2433697.0,2319534.0
2449758.0,2440191.0,2322836.0
2462932.0,2415930.0,2321391.0
2490155.0,2448287.0,2317642.0
2495820.0,2417012.0,2322540.0
2433843.0,2343312.0,2336128.0
2455411.0,2439729.0,2328617.0
2467783.0,2441581.0,2324515.0
289227.0,2424877.0,2333214.0
2451645.0,2423580.0,2320581.0
2436595.0,2425153.0,2316671.0
2448994.0,2415172.0,2321456.0
290810.0,2420438.0,2320328.0
2454292.0,2424067.0,2330364.0
2453926.0,2420642.0,2320386.0
2446037.0,2420978.0,2321268.0
2462848.0,2423021.0,2334631.0
2477312.0,2421480.0,2318636.0
2459765.0,2421527.0,2318862.0
2438708.0,2420768.0,2323131.0
2486875.0,2421280.0,2320033.0
2473485.0,2421947.0,2328326.0
2473698.0,2420666.0,2360591.0
2447849.0,2431025.0,2322764.0
2443198.0,2425798.0,894173.0
2458710.0,2421228.0,2321289.0
289155.0,2417703.0,2320030.0
2470443.0,2429181.0,2322892.0
288587.0,2424144.0,2331788.0
2474223.0,2422791.0,2321787.0
2465952.0,2424257.0,2339243.0
2474119.0,2422932.0,2319564.0
2430171.0,2442597.0,2321968.0
289735.0,2422412.0,2323873.0
2450417.0,2422351.0,2323237.0
2477691.0,2427549.0,878007.0
2471293.0,2417176.0,2319913.0
2474528.0,2436321.0,2338368.0
2459078.0,2421650.0,2320894.0
2456062.0,2416790.0,2334859.0
2461142.0,2421120.0,2324642.0
2463929.0,2437951.0,2322309.0
2468217.0,2422406.0,2334104.0
2436323.0,2421949.0,2320216.0
2456624.0,2423144.0,2324489.0
2459290.0,2421267.0,2319949.0
2451718.0,2427494.0,2320247.0
2473003.0,2424659.0,2324382.0
2474058.0,2436241.0,2323296.0
2442131.0,2426989.0,2320937.0
2448373.0,2421024.0,2318599.0
2449485.0,2421794.0,2320093.0
2491333.0,2441637.0,2317226.0
2445607.0,2418442.0,2319026.0
2445352.0,2413626.0,2334036.0
2499373.0,2420886.0,2320880.0
2462795.0,2425297.0,2320207.0
2461776.0,2421388.0,2318704.0
2464657.0,2415625.0,2320469.0
2468892.0,2417035.0,2318609.0
2485631.0,2425226.0,2318367.0
2435877.0,2425242.0,2318360.0
2495391.0,2421868.0,2321504.0
2465702.0,2424377.0,2327148.0
2461507.0,2424571.0,2316618.0
2486112.0,2426020.0,2313991.0
2487234.0,2424228.0,2322857.0
2463778.0,2426126.0,2323525.0
2478606.0,2421756.0,2323928.0
2437118.0,2423920.0,2317438.0
2441532.0,2429291.0,2322435.0
2477404.0,2437746.0,2320642.0
2465108.0,2420838.0,2321526.0
2459855.0,2436369.0,2318957.0
2446197.0,2427847.0,2338865.0
2453737.0,2421958.0,2321102.0
2437299.0,2421107.0,2321966.0
2478207.0,2423071.0,2316905.0
2459060.0,2428210.0,2326030.0
2431359.0,2421379.0,2354124.0
2438839.0,2438624.0,2336394.0
2448220.0,2439761.0,2322780.0
2450671.0,2421327.0,2319464.0
811824.0,2419059.0,2324250.0
2447842.0,2416140.0,2320224.0
291897.0,2419220.0,2320771.0
2445247.0,2442362.0,2318075.0
292839.0,2417595.0,2318656.0
291635.0,2425523.0,2322629.0
2481172.0,2427218.0,2316889.0
2445818.0,2422146.0,2415201.0
2456274.0,2418224.0,2320826.0
2475305.0,2422756.0,2323435.0
2497043.0,2416801.0,2336593.0
2456216.0,2421182.0,2324007.0
2436458.0,2417534.0,2335379.0
2461216.0,2423187.0,2321288.0
291519.0,2426469.0,2324658.0
2507431.0,2430159.0,2325808.0
2466774.0,2422568.0,2320560.0
2486360.0,2421824.0,2319828.0
2437728.0,2449714.0,2317740.0
2469522.0,2437843.0,2337953.0
2472209.0,2426061.0,2319891.0
2474939.0,2432417.0,2322830.0
2437358.0,2416999.0,2327354.0
2467573.0,2269087.0,2318718.0
2445063.0,2257830.0,2319345.0
2467812.0,2260964.0,2321517.0
2446797.0,3178832.0,2316972.0
2489672.0,2348195.0,2318101.0
2457667.0,2327581.0,2319725.0
2461895.0,3169981.0,2320537.0
2473068.0,2249384.0,2320402.0
2445188.0,2360964.0,2317590.0
2500611.0,2261110.0,2319303.0
2498073.0,2260490.0,2318618.0
2453192.0,3258552.0,2362580.0
290051.0,2259119.0,2321572.0
2494828.0,2347995.0,2318981.0
2479153.0,2250063.0,2320944.0
2439436.0,2306295.0,2321748.0
2466377.0,2274863.0,2320882.0
2432213.0,3171240.0,2321400.0
2453885.0,3170400.0,2318467.0
2444224.0,2258830.0,2335311.0
2474426.0,2348524.0,2321051.0
2430263.0,2351476.0,2319272.0
288775.0,3186750.0,2321562.0
2494305.0,3162069.0,2326865.0
2469207.0,2300271.0,2317270.0
2467743.0,2259462.0,2320343.0
2476595.0,2251803.0,2412880.0
2493728.0,2349056.0,2320928.0
2438127.0,2259104.0,2336548.0
2445395.0,2259307.0,2324491.0
2462339.0,2261982.0,2319273.0
2462175.0,2261304.0,2319361.0
2486382.0,3256834.0,2322224.0
2499742.0,2353934.0,2333940.0
2478264.0,2259143.0,2354376.0
2456505.0,2350388.0,2330968.0
2445634.0,2258502.0,2323650.0
2483681.0,2261653.0,2326599.0
2490787.0,3169631.0,2325873.0
2491220.0,3175399.0,2320874.0
2465068.0,2276249.0,2321171.0
2479265.0,2337494.0,2321613.0
2457558.0,2258949.0,2321390.0
2469794.0,2258464.0,2322766.0
2484277.0,2316306.0,2316331.0
2489988.0,2250884.0,2319881.0
2494692.0,2258642.0,2318905.0
2447068.0,2265426.0,2321346.0
2474025.0,2343328.0,2319001.0
2432821.0,3257361.0,2322331.0
289409.0,2262179.0,2320953.0
2472972.0,2280548.0,2331433.0
292401.0,3169842.0,2398677.0
2468379.0,2263560.0,2321658.0
2479829.0,2249774.0,2316737.0
2441847.0,2249326.0,2323082.0
2453460.0,2247366.0,2317048.0
2467837.0,2300442.0,2335069.0
2439952.0,2272284.0,2322734.0
2434517.0,2261651.0,2323488.0
2469449.0,2258930.0,2321048.0
2465838.0,2338673.0,2316479.0
2500400.0,3256718.0,482419.0
2439489.0,2268668.0,2321224.0
2453649.0,3170653.0,2339264.0
2443387.0,2156148.0,2320318.0
2485413.0,795.0,2324761.0
2453362.0,202374.0,2321713.0
2440241.0,2313650.0,2333377.0
2442201.0,2350731.0,2319856.0
2461947.0,2346292.0,2333874.0
2478614.0,2260837.0,2321939.0
2503239.0,2354327.0,2339431.0
2476966.0,2248114.0,2337128.0
2477105.0,2258577.0,2325018.0
291060.0,3169575.0,2337990.0
2436509.0,2259861.0,2317477.0
2467969.0,2265762.0,2337841.0
2431500.0,2261694.0,2330805.0
2498846.0,3170678.0,2313360.0
2457345.0,3172304.0,2321955.0
2493435.0,2259543.0,2320541.0
287598.0,3171364.0,2321320.0
2495211.0,3169235.0,2342561.0
2482900.0,2263315.0,2305512.0
2449384.0,2270638.0,2316513.0
2464036.0,2352170.0,2326024.0
2451765.0,2348949.0,2332527.0
2482521.0,2258461.0,2323630.0
2449360.0,2350895.0,2321425.0
2451452.0,2296166.0,2323029.0
2458073.0,3216424.0,2363308.0
2476503.0,2258448.0,2321787.0
2329115.0,2258601.0,2337010.0
2404592.0,3171382.0,2321735.0
2417320.0,2258707.0,1532575.0
2367733.0,2257372.0,2321542.0
2412586.0,3159063.0,2308966.0
2411139.0,2259663.0,2319918.0
2411489.0,2348596.0,2309686.0
2408838.0,3170069.0,2308978.0
2413495.0,2261268.0,2310236.0
2411761.0,731.0,2311861.0
2412185.0,202889.0,2323893.0
2410605.0,2248610.0,2306681.0
2314269.0,2285287.0,2309562.0
2329483.0,2268169.0,2307942.0
2411335.0,4212.0,2304902.0
2330626.0,201585.0,2306207.0
2317240.0,2061141.0,2310759.0
2412513.0,2350377.0,2310219.0
2409799.0,3174354.0,2325688.0
2411429.0,2250179.0,2310732.0
2333558.0,2347078.0,2305685.0
2359503.0,2348431.0,2318986.0
2313993.0,2257487.0,2308646.0
2407911.0,2261366.0,2309341.0
2410557.0,2349084.0,2306896.0
2367012.0,2259671.0,2307702.0
2411215.0,3162252.0,2352993.0
2413348.0,2350084.0,2308524.0
2414531.0,2258702.0,2309523.0
2367789.0,2259579.0,2309717.0
2407095.0,2262216.0,2308387.0
2424200.0,3170231.0,2325226.0
2410224.0,3241289.0,2306463.0
2409272.0,2274064.0,2310570.0
2406462.0,2264391.0,2317423.0
2405045.0,2312161.0,2303826.0
2408820.0,3171661.0,2309262.0
2409397.0,2308728.0,2327253.0
2409588.0,3179984.0,2306096.0
2411916.0,3171959.0,2305511.0
2418958.0,2326461.0,2305656.0
2410635.0,3170940.0,2321957.0
2336003.0,731.0,2306150.0
2423913.0,202273.0,2302472.0
2409139.0,2323069.0,2315257.0
2315019.0,2269735.0,2306297.0
2403773.0,2258557.0,2315573.0
2412644.0,3177311.0,2313693.0
2409326.0,2249578.0,2311933.0
2415273.0,2348393.0,2308515.0
2408197.0,2250917.0,2309839.0
2407705.0,2347187.0,2306599.0
2421146.0,2259982.0,2308881.0
2405856.0,2269794.0,2309487.0
2315035.0,2057432.0,2310013.0
2406259.0,731.0,2307402.0
2422866.0,203037.0,2307087.0
2408195.0,3172773.0,2307315.0
2404415.0,2331503.0,2309299.0
2362658.0,699.0,2307734.0
2398498.0,2071536.0,2306952.0
2410159.0,795.0,2311626.0
2405545.0,283018.0,2310625.0
2405635.0,2261260.0,2309766.0
2319605.0,2250041.0,2306625.0
2431258.0,2259391.0,2305535.0
2408318.0,2258800.0,2310222.0
2420908.0,2258663.0,2307019.0
2410239.0,2272542.0,2314746.0
2406397.0,2250217.0,2307520.0
2412130.0,3170408.0,2307031.0
2411767.0,2259399.0,2380400.0
2321680.0,2259169.0,2309140.0
2421254.0,2348965.0,2312321.0
2411835.0,2259675.0,2317466.0
2410932.0,3254892.0,2314826.0
2322052.0,2349005.0,2308048.0
2410978.0,2348221.0,2309959.0
2315533.0,2273432.0,2312099.0
2419262.0,3253018.0,2315010.0
2410620.0,3172482.0,2305760.0
2411429.0,2259890.0,2302783.0
2407777.0,2348557.0,2309813.0
2406867.0,2357033.0,2305646.0
2406801.0,3171024.0,2310932.0
2362203.0,3169800.0,2309405.0
2319639.0,2337207.0,2308475.0
2405905.0,2258822.0,2308853.0
2329534.0,3161809.0,2310553.0
2406787.0,2248050.0,2303237.0
2412572.0,2250373.0,2305797.0
2420077.0,2255286.0,2309400.0
2367419.0,3252130.0,2307254.0
2406842.0,2347170.0,2304337.0
2439006.0,2271456.0,2312197.0
2409275.0,2258744.0,2305135.0
2414724.0,2263025.0,2313296.0
2413401.0,203738.0,2309812.0
2361534.0,2276744.0,2308880.0
2408646.0,2261595.0,2305128.0
2406185.0,699256.0,2305665.0
2417478.0,2350119.0,2312246.0
2407360.0,2264644.0,2309239.0
2329070.0,2253144.0,2305633.0
2413432.0,2349271.0,2312635.0
2356209.0,2259781.0,2307680.0
2417938.0,2259507.0,2309051.0
2391241.0,2260891.0,2313085.0
2350189.0,3251085.0,2312075.0
2410919.0,2293755.0,2308693.0
2412394.0,2258966.0,2309692.0
2407506.0,2350558.0,2313505.0
2324500.0,2260974.0,2302730.0
2321204.0,2259875.0,2311345.0
2414429.0,3257639.0,2308829.0
2408896.0,2278683.0,2310366.0
2412166.0,2283295.0,2305892.0
2413009.0,2347471.0,2308107.0
2358878.0,3171305.0,2310492.0
2412648.0,3170754.0,2305827.0
2411675.0,2276592.0,2313187.0
2407936.0,3169881.0,2303128.0
2405248.0,2346461.0,2311322.0
2407113.0,3256245.0,2305079.0
2342657.0,2315772.0,2306675.0
2417841.0,2249997.0,2307341.0
2404789.0,2261756.0,2305843.0
2414516.0,2258451.0,2309820.0
2407759.0,2245525.0,2311658.0
2411109.0,2260196.0,2308537.0
2312752.0,2305913.0,2310618.0
2337401.0,2262250.0,2304112.0
2412502.0,2258908.0,2310344.0
2414811.0,2261514.0,2313373.0
2407087.0,2244690.0,2312585.0
2316771.0,2273332.0,2306628.0
2325980.0,2243287.0,2323132.0
2319602.0,2245507.0,2306641.0
2417653.0,2273261.0,2311814.0
2410204.0,2253147.0,2318858.0
2331115.0,2248072.0,2308115.0
2407972.0,2246946.0,2305466.0
2416228.0,2246137.0,2301769.0
2373019.0,2258324.0,2310549.0
2322792.0,2259108.0,2309191.0
2420693.0,2249374.0,2306740.0
2331027.0,3262391.0,2309666.0
2407291.0,2246219.0,2305142.0
2396019.0,2259379.0,2310262.0
2413617.0,2249108.0,2302334.0
2406668.0,2257720.0,2309766.0
2405735.0,2250091.0,2310023.0
2408921.0,2245774.0,2307600.0
2408865.0,2270694.0,2310544.0
2408460.0,2259949.0,2313851.0
2412455.0,2258856.0,2306535.0
2421211.0,2246552.0,2307438.0
2409717.0,2260006.0,2311521.0
2422253.0,2245457.0,2309641.0
2408468.0,2245598.0,2303571.0
2408378.0,3248785.0,2313607.0
2411708.0,3301824.0,2315174.0
2408260.0,2246502.0,2321424.0
2408820.0,3159074.0,2318764.0
2316245.0,2244953.0,2308845.0
2316688.0,2258433.0,2313809.0
2408193.0,3160659.0,2311652.0
2393443.0,2262134.0,2306916.0
2410139.0,3175450.0,2304879.0
2410444.0,2246714.0,2307204.0
2406053.0,2276804.0,2305683.0
2410087.0,2262093.0,2310834.0
2413103.0,2257056.0,2310162.0
2393749.0,3249154.0,2313081.0
2419416.0,2243425.0,2308939.0
2343181.0,3326742.0,2308999.0
2408963.0,2259233.0,2313165.0
2411200.0,2244554.0,2312733.0
2405694.0,2250207.0,2307406.0
2414304.0,2259044.0,2309138.0
2405056.0,2245402.0,2306953.0
2414620.0,2272498.0,2304501.0
2411942.0,2259623.0,2319004.0
2416857.0,2258907.0,2414316.0
2409969.0,2347128.0,2313158.0
2416685.0,2245154.0,2312442.0
2412180.0,2250179.0,2314743.0
2317005.0,2245956.0,2324111.0
2412285.0,2255353.0,2318777.0
2322367.0,2245957.0,2311650.0
2406997.0,2258832.0,2313151.0
2419186.0,2257066.0,2313407.0
2421290.0,3164190.0,2306646.0
2413661.0,2260668.0,2304126.0
2399491.0,2259705.0,2310931.0
2318404.0,81346.0,2314562.0
2418809.0,2259944.0,2314804.0
2415162.0,3160584.0,2308868.0
2384770.0,2248022.0,2311456.0
2377250.0,2259491.0,2306861.0
2409380.0,2258079.0,2310661.0
2410673.0,2258487.0,2309401.0
2419544.0,2249139.0,2309517.0
2410178.0,2262596.0,2306977.0
2314838.0,2247722.0,2328557.0
2355666.0,2264855.0,2325472.0
2409760.0,2260044.0,2305458.0
2412061.0,2260280.0,2314080.0
2417135.0,2250216.0,2310690.0
2315778.0,2257879.0,2306920.0
2314081.0,2245052.0,2309315.0
2407892.0,2260316.0,2305801.0
2406323.0,2244228.0,2305024.0
2411799.0,3253314.0,2313992.0
2390427.0,2244830.0,2320201.0
2378467.0,3163093.0,2303723.0
2322781.0,2245009.0,2313409.0
2408198.0,2244564.0,2307042.0
2408507.0,2262646.0,2308589.0
2317582.0,2249348.0,2304766.0
2410437.0,2250339.0,2307826.0
2422607.0,2244262.0,2303598.0
2405937.0,2245361.0,2306865.0
2413043.0,2260039.0,2311602.0
2405267.0,2258922.0,2306555.0
2314530.0,2246018.0,2313853.0
2325338.0,2250044.0,2406251.0
2406774.0,3222532.0,2403079.0
2413981.0,2259386.0,2309920.0
2413040.0,2259039.0,2311216.0
2405840.0,2259316.0,2310386.0
2419390.0,2259376.0,2297312.0
2315186.0,3189442.0,2312810.0
2316496.0,2250529.0,2308497.0
2311252.0,2243833.0,2316078.0
2413581.0,203845.0,2307108.0
2408738.0,2245249.0,2406107.0
2407386.0,2258094.0,2307958.0
2401239.0,2259844.0,2307546.0
2464373.0,2257901.0,2306054.0
2468309.0,2245065.0,2312252.0
2392900.0,3203099.0,2309284.0
2429085.0,2347807.0,2308335.0
2399693.0,2260836.0,2310112.0
2405936.0,3161221.0,2309010.0
2450062.0,2242974.0,2307549.0
6694.0,2262249.0,2318139.0
2401595.0,2258479.0,2308743.0
2467916.0,2259046.0,2315390.0
2447469.0,2246134.0,2311005.0
2415837.0,2258383.0,2309759.0
2426645.0,2246433.0,2306204.0
2455366.0,2262088.0,2309066.0
2424507.0,2261500.0,2314521.0
2468648.0,2256592.0,2306277.0
2456708.0,3252317.0,2309801.0
2413637.0,2258072.0,2309122.0
2428460.0,2258655.0,2306675.0
2441467.0,2263052.0,2307323.0
2453974.0,2244728.0,2313392.0
2469283.0,2249288.0,2318307.0
2455082.0,2259785.0,2306974.0
2414309.0,2258909.0,2313728.0
2470177.0,3245802.0,2309080.0
2433875.0,2244922.0,2308458.0
2431545.0,2249473.0,2315360.0
2397279.0,2260211.0,2310754.0
2430553.0,2274744.0,2321778.0
2461952.0,2245578.0,2310656.0
2423537.0,2261798.0,2306604.0
2427321.0,2249307.0,2307150.0
2451710.0,2268573.0,2309612.0
2450817.0,2258861.0,2312792.0
2450934.0,2260760.0,2309621.0
12534.0,2249937.0,2313233.0
2447508.0,2259160.0,2309287.0
2419735.0,2244421.0,2307572.0
2438465.0,2251970.0,2323448.0
2446927.0,2259603.0,2306374.0
2425272.0,2261219.0,2305947.0
2458313.0,2259254.0,2305993.0
2404913.0,2249200.0,2307303.0
2444155.0,2262067.0,2308947.0
2473724.0,2249429.0,2308742.0
2431339.0,3163364.0,2308526.0
2451810.0,2249128.0,2313848.0
2455111.0,2260033.0,2307520.0
2457508.0,3157425.0,2304556.0
2433540.0,2258703.0,2331308.0
2471610.0,2257596.0,2322065.0
2412158.0,2242979.0,2307158.0
2439771.0,3163892.0,1423054.0
2462833.0,2259004.0,2309992.0
2443473.0,2243377.0,2308638.0
2453818.0,2246677.0,2303300.0
2454918.0,2249859.0,2307982.0
2464351.0,2259846.0,2312528.0
2459262.0,2258960.0,2306283.0
2447957.0,2249653.0,2309601.0
2465202.0,2250408.0,574794.0
2417161.0,2257513.0,2307251.0
2458041.0,2259279.0,2313951.0
2433162.0,2243694.0,2318157.0
2442885.0,3249240.0,2321905.0
2410013.0,3244806.0,2405002.0
2375469.0,2261960.0,2306500.0
2432424.0,3241397.0,2308454.0
2414687.0,2259248.0,2309167.0
2421771.0,3789589.0,2308656.0
2423956.0,2271230.0,2313165.0
2413473.0,2258932.0,2311194.0
2425892.0,2244571.0,2374237.0
2451146.0,2257705.0,2311307.0
2444629.0,2257767.0,2315269.0
2460171.0,2246909.0,2308350.0
2455352.0,2259979.0,2305786.0
2433087.0,2253692.0,2309195.0
2387204.0,2258024.0,2317978.0
2405673.0,190816.0,2305518.0
2462352.0,3085445.0,2309265.0
6694.0,2285249.0,2307605.0
2448264.0,2247500.0,2310820.0
2397555.0,2258604.0,2310001.0
2423588.0,2245028.0,2307917.0
2456554.0,2258658.0,2319661.0
2453918.0,2252593.0,2403623.0
2450422.0,2258366.0,2310358.0
2455113.0,2259596.0,2317403.0
2461791.0,2247777.0,2305431.0
2460496.0,2246284.0,2309613.0
2454270.0,2245493.0,2310593.0
2440427.0,3246429.0,2306977.0
2440134.0,2258196.0,2305421.0
2418761.0,2241391.0,2401027.0
2368333.0,2245293.0,2310241.0
2451424.0,2245956.0,2307805.0
2450412.0,2245624.0,2317641.0
2427813.0,2259492.0,2307234.0
2455311.0,2262218.0,2315921.0
2455540.0,2254935.0,2408092.0
2405260.0,3178737.0,2307553.0
2454307.0,2274287.0,2380980.0
2411795.0,3180872.0,2308143.0
2448835.0,2257753.0,2308997.0
2460701.0,3245911.0,2308023.0
2451602.0,3157843.0,2308433.0
2422089.0,2260608.0,2310453.0
2416787.0,2244771.0,2309477.0
2460130.0,2359525.0,2307665.0
2392492.0,3160980.0,2310595.0
2456915.0,2247663.0,2315861.0
2453139.0,2244598.0,2309959.0
2416503.0,2260348.0,2313172.0
11450.0,2259538.0,2306291.0
2466190.0,2244439.0,2310075.0
2396356.0,2249829.0,2308038.0
2458497.0,2262363.0,2307752.0
2453059.0,2256740.0,2311337.0
2452843.0,2249584.0,2308650.0
2423249.0,2258101.0,2392925.0
11299.0,2279014.0,2309845.0
2462937.0,2249856.0,2307634.0
2461759.0,2244988.0,2309813.0
2464813.0,2245539.0,2306733.0
2456652.0,2249901.0,2314309.0
2396830.0,2249087.0,2308996.0
2433339.0,2245299.0,2311631.0
2437907.0,2245493.0,2309734.0
2411735.0,2245369.0,2309066.0
2465453.0,2256582.0,2342068.0
2424257.0,2256249.0,2308559.0
2413644.0,2249827.0,2305149.0
2424079.0,2256567.0,2309650.0
2448120.0,2267974.0,2315551.0
2455494.0,2245716.0,2308937.0
2455021.0,2255073.0,2305083.0
2455420.0,2256487.0,2308854.0
2455476.0,2250159.0,2309965.0
2464239.0,2244353.0,2312567.0
2440397.0,2245661.0,2306739.0
2417942.0,2250215.0,2313183.0
14839.0,2246048.0,2315828.0
2454749.0,2256733.0,2349995.0
2411463.0,2261347.0,2310271.0
2411821.0,2249372.0,2323640.0
2422096.0,2274932.0,2309457.0
2439309.0,2245123.0,2309739.0
2464638.0,2255526.0,2308657.0
2439059.0,2250166.0,2307748.0
2453231.0,2256166.0,2309298.0
2457204.0,2249103.0,2308073.0
2418792.0,2256215.0,2316405.0
2438602.0,2243727.0,346577.0
2447624.0,2248943.0,2307772.0
2412125.0,2250234.0,2343972.0
2459076.0,2248482.0,2376754.0
2463502.0,2245282.0,2312389.0
2459387.0,2244802.0,2308290.0
2414839.0,2245229.0,2319607.0
2409909.0,2249678.0,2310415.0
2411322.0,2246822.0,2407225.0
2457748.0,2255658.0,2323783.0
2456743.0,2245062.0,2324917.0
2458861.0,2244655.0,2309130.0
2453722.0,2248069.0,2305416.0
2474261.0,2259640.0,2311951.0
2453336.0,2256169.0,2304263.0
2369302.0,2255844.0,2312908.0
2439185.0,2248351.0,2306342.0
2463028.0,2255194.0,2308665.0
2446457.0,2305378.0,2314356.0
11332.0,2251019.0,2308591.0
2405610.0,2243415.0,2315510.0
2436779.0,2251982.0,2306727.0
2435661.0,2255829.0,2317757.0
2461609.0,2265404.0,2308154.0
2474445.0,2256765.0,2313008.0
2398263.0,2254491.0,2308229.0
2445318.0,2242910.0,2303229.0
2452080.0,2253719.0,678661.0
2408380.0,2262457.0,2312950.0
2456521.0,2254738.0,2319595.0
2465871.0,2254864.0,2307244.0
2381040.0,2248780.0,2310986.0
2446809.0,2249385.0,2318037.0
2451047.0,2251097.0,2310296.0
2409572.0,2256293.0,2320573.0
2409170.0,2246877.0,2308276.0
2457813.0,2248665.0,2310480.0
2464868.0,2258950.0,2317297.0
2456335.0,2250832.0,2309899.0
2453603.0,2245758.0,2311818.0
2463189.0,2259087.0,2346947.0
2413771.0,2256542.0,2308432.0
2455997.0,2244459.0,2319082.0
2468813.0,2254277.0,2313425.0
2456490.0,2257063.0,2074419.0
2464429.0,2258417.0,2308436.0
2376014.0,2250163.0,2313077.0
2452329.0,2249494.0,2306512.0
2469631.0,2248244.0,2294445.0
2477217.0,2246651.0,2305819.0
2451118.0,2249013.0,2303118.0
2454404.0,2254728.0,2306736.0
2403014.0,2256212.0,2299960.0
2450095.0,2312437.0,2305073.0
2412765.0,2248616.0,2302292.0
2460395.0,2250251.0,2305870.0
2421441.0,2248918.0,2302701.0
2417303.0,2256319.0,2309220.0
2281985.0,2262361.0,2296748.0
2300379.0,2248381.0,2313654.0
2288282.0,2256489.0,2301948.0
2278296.0,2248151.0,2319622.0
2277560.0,2245364.0,2300413.0
2282148.0,2254659.0,2305596.0
2279135.0,2250119.0,2302423.0
2286367.0,2248052.0,2317001.0
2287585.0,2267087.0,2306877.0
2282211.0,2248872.0,2314492.0
2290208.0,2249918.0,2307529.0
2290259.0,2255975.0,2300375.0
2287092.0,2261117.0,2307160.0
2279044.0,2258917.0,2303683.0
2284722.0,2243574.0,2295958.0
4739.0,2244910.0,2309858.0
2285177.0,2255662.0,2301854.0
4759.0,2244823.0,2308209.0
4739.0,2255548.0,2304007.0
4739.0,2259436.0,2296953.0
4703.0,2254263.0,2308699.0
4811.0,2285950.0,2299163.0
4791.0,2246970.0,2301488.0
4739.0,2247086.0,2305330.0
4811.0,2257565.0,2302129.0
4799.0,2258098.0,2297500.0
4759.0,2245913.0,2305408.0
4759.0,2253895.0,2309407.0
4759.0,2248387.0,2308214.0
4759.0,2257155.0,2318480.0
2279623.0,2245179.0,2302548.0
2289401.0,2256404.0,2299480.0
2286534.0,2245405.0,2305283.0
2285449.0,2245323.0,2304369.0
2287834.0,2244701.0,2307877.0
2277230.0,2259873.0,2295603.0
2297113.0,2252597.0,2302998.0
2278503.0,2247590.0,2302289.0
2280283.0,2249657.0,2302437.0
2286617.0,2244026.0,2295301.0
2290723.0,2249663.0,2303710.0
2293855.0,2244125.0,2325281.0
2300330.0,2754630.0,2304882.0
2282473.0,2251044.0,2335032.0
2289386.0,2271103.0,2299429.0
2275314.0,2243914.0,2298222.0
2294900.0,2256052.0,2301843.0
2284581.0,2253996.0,2301985.0
2288742.0,2256789.0,2298846.0
2279566.0,2252098.0,2312607.0
2287172.0,2245357.0,2302471.0
2279937.0,2256157.0,2307849.0
1564555.0,2249816.0,2301262.0
2287734.0,2267503.0,2310151.0
2279893.0,2256334.0,2311432.0
2282702.0,2294722.0,2315411.0
2281271.0,2250582.0,2305395.0
2283040.0,2244919.0,2303861.0
2293039.0,2245411.0,2306686.0
2295743.0,2256659.0,2301778.0
2287473.0,2249983.0,2296236.0
2281538.0,2254554.0,2303033.0
2279929.0,2245230.0,2305203.0
2282160.0,2243671.0,2307181.0
2277512.0,2255563.0,2298675.0
4683.0,2254285.0,2299166.0
2273676.0,2244131.0,2298731.0
4739.0,2252736.0,2301968.0
4759.0,2246385.0,2301438.0
4759.0,2243817.0,2302982.0
4759.0,2249555.0,2313018.0
4759.0,2257904.0,2298673.0
4739.0,2256348.0,2296873.0
4695.0,2257121.0,2302179.0
4739.0,2267281.0,2304997.0
4739.0,2260702.0,2296862.0
4695.0,2243890.0,2296966.0
4759.0,2250498.0,2299536.0
4759.0,2245274.0,2306212.0
4799.0,2248436.0,2302191.0
2279887.0,2248044.0,2304044.0
2282097.0,300146.0,2300616.0
2277972.0,2248796.0,2305738.0
2282888.0,2244727.0,2303811.0
2288355.0,2242883.0,2307022.0
2287247.0,2254878.0,2322364.0
2284854.0,2251236.0,2322832.0
2300643.0,2245097.0,2302880.0
2285133.0,2249593.0,2303390.0
2279051.0,2256164.0,2302486.0
2276662.0,2255480.0,2300953.0
2276572.0,2250862.0,2302298.0
2302594.0,2250272.0,279314.0
2288317.0,2262916.0,2306955.0
2285178.0,2244744.0,2301491.0
2284381.0,2677696.0,2295733.0
2283936.0,2244117.0,2307412.0
2287034.0,2246283.0,2300277.0
2282453.0,2244145.0,2309396.0
2285112.0,2246598.0,2306771.0
2284132.0,2249549.0,2297692.0
2287489.0,2246166.0,2304866.0
2278992.0,2248293.0,2299061.0
2284811.0,2258572.0,2306809.0
2287161.0,2248279.0,2298754.0
2276611.0,2255246.0,2304545.0
2286144.0,2257304.0,2301758.0
2287415.0,2245502.0,2306210.0
2282634.0,2246417.0,2299821.0
2283301.0,2245861.0,2305785.0
2286164.0,2245623.0,2322521.0
2277928.0,2246020.0,2302058.0
2275683.0,2249348.0,2305970.0
2285943.0,2245652.0,2311772.0
2277269.0,209579.0,2303517.0
2286732.0,84735.0,2305765.0
2279103.0,783.0,2307200.0
2294352.0,2250087.0,2301513.0
2276845.0,2245168.0,2301273.0
2281270.0,2244716.0,2300495.0
2277681.0,2249132.0,2311537.0
2278523.0,2244396.0,2318651.0
2284244.0,2250800.0,2305616.0
4759.0,2256308.0,2304714.0
2274818.0,2256190.0,2305685.0
4739.0,2834809.0,2312335.0
4683.0,2243723.0,2299347.0
4675.0,2254503.0,2301486.0
4799.0,2243555.0,2308921.0
4739.0,2244104.0,2306881.0
4675.0,2257256.0,2299387.0
4695.0,2245249.0,2294913.0
4759.0,2243324.0,2302588.0
4759.0,2245454.0,2305941.0
4675.0,2249826.0,2305955.0
4791.0,2254826.0,2300518.0
4759.0,2250864.0,2299218.0
4759.0,2248601.0,2299226.0
2367305.0,2251856.0,2296574.0
2287590.0,2266357.0,2298016.0
2285727.0,2247794.0,2303702.0
2280236.0,2254399.0,2301556.0
2281136.0,2256580.0,2295574.0
2285421.0,2255254.0,2304794.0
2276083.0,3168629.0,2301320.0
2300532.0,2256066.0,2302362.0
2291762.0,2255588.0,2302762.0
2281514.0,2245772.0,2308471.0
2289610.0,2248740.0,2302269.0
2276794.0,2257099.0,2310217.0
2279694.0,3166871.0,2295937.0
2278456.0,2256931.0,2301993.0
2289058.0,2250030.0,2298241.0
2290393.0,2254779.0,2309827.0
2279049.0,2256003.0,2312696.0
2282837.0,3247885.0,2298136.0
2284469.0,3170332.0,2301788.0
2292552.0,3252383.0,2303825.0
2278228.0,2257388.0,2302176.0
2280602.0,2248732.0,2301606.0
2279302.0,2249375.0,2305971.0
2287878.0,2266214.0,2306249.0
2287687.0,3170001.0,2313052.0
2280741.0,2258810.0,2307424.0
2284313.0,2244796.0,2314449.0
2288854.0,2246211.0,2303824.0
2286043.0,3246994.0,2303007.0
2283084.0,2251192.0,2299239.0
2288301.0,2249272.0,2302165.0
2278679.0,2256143.0,2299857.0
2288613.0,3256268.0,2308236.0
2285629.0,2256238.0,2308810.0
2285678.0,2249167.0,2302223.0
2285025.0,2250127.0,2299366.0
2280882.0,2250597.0,2300570.0
2283179.0,2245500.0,2300803.0
2286813.0,3231929.0,2302814.0
2278527.0,2361047.0,2302763.0
2282804.0,3274051.0,2344392.0
2287306.0,2255636.0,2301373.0
2290390.0,2256818.0,2304236.0
2278797.0,3221751.0,2301576.0
4675.0,2258130.0,2302294.0
228744.0,2254284.0,2302626.0
4703.0,3178954.0,2311115.0
2309437.0,3154813.0,2303657.0
2284545.0,2250394.0,2306402.0
2276799.0,2255707.0,2307513.0
2288358.0,2243078.0,2312509.0
2289404.0,2253263.0,2302775.0
2278765.0,2244885.0,2325873.0
2278988.0,2256006.0,2299771.0
2280159.0,2256390.0,2303512.0
2277495.0,2243364.0,2298012.0
2286393.0,2249290.0,2299419.0
2278668.0,2250019.0,2300359.0
2279514.0,2288942.0,2304230.0
2279231.0,2246235.0,2295265.0
2281623.0,2249128.0,2301563.0
2284684.0,2249466.0,2309440.0
2287210.0,2255617.0,2298885.0
2290452.0,2248795.0,2301462.0
2287031.0,2247315.0,2298890.0
2277962.0,2249930.0,2293094.0
2275781.0,2256019.0,2299049.0
2279181.0,2248998.0,2300103.0
2278525.0,2246707.0,2296487.0
2280123.0,2256876.0,2299927.0
2304153.0,2246741.0,2307861.0
2289366.0,2267335.0,2307781.0
2286421.0,3158250.0,2310655.0
2283390.0,2254949.0,2311417.0
2282035.0,2250457.0,2320399.0
2284097.0,3249978.0,2324842.0
2278090.0,2256661.0,2305440.0
2277292.0,2248321.0,2319926.0
2282000.0,2255990.0,727569.0
2376148.0,2255591.0,2309076.0
2290807.0,3163877.0,2308680.0
2279209.0,2245236.0,2320225.0
2284203.0,2246997.0,2320107.0
2284042.0,3318146.0,2307686.0
2280002.0,2248888.0,2304658.0
2288254.0,2248765.0,2307627.0
2282703.0,2255367.0,2309010.0
2279551.0,2251556.0,2319688.0
2277933.0,2249883.0,2317998.0
2289265.0,2247293.0,588226.0
2289090.0,3163026.0,2308653.0
2286465.0,2290647.0,2308273.0
2286029.0,2250207.0,2308745.0
2287299.0,2248492.0,2319674.0
2278891.0,2247288.0,2309383.0
2293869.0,2250007.0,2308546.0
2288192.0,3161763.0,2306332.0
2277988.0,2245124.0,2308989.0
2284398.0,2256042.0,2306654.0
2286604.0,2249836.0,2316096.0
2281937.0,2249366.0,2318590.0
2289538.0,2255501.0,2318212.0
2284198.0,3256740.0,2312818.0
2280875.0,2246530.0,2308974.0
2278839.0,3168784.0,2321967.0
2280086.0,2256456.0,2310750.0
4739.0,2255219.0,2310787.0
2285424.0,2256444.0,2307067.0
4609.0,2060389.0,2331927.0
5003.0,4674.0,2302043.0
4799.0,200895.0,2310164.0
4759.0,2247943.0,2321394.0
4759.0,2254287.0,2309790.0
4715.0,2250431.0,2309396.0
4663.0,3248115.0,2308852.0
4739.0,2255080.0,2328715.0
4695.0,2247441.0,2321590.0
4739.0,2256494.0,2308866.0
4735.0,2244621.0,2320086.0
4695.0,2243471.0,2319815.0
4759.0,2243442.0,2303917.0
4759.0,2244278.0,2306124.0
2299489.0,2243092.0,2311300.0
2284834.0,2270060.0,2319971.0
2287082.0,2247463.0,2311147.0
2286725.0,2250392.0,2310476.0
2283122.0,2246756.0,2308488.0
2278749.0,2244479.0,2318527.0
2284000.0,3263398.0,2311272.0
2287504.0,2251371.0,1935529.0
2285711.0,2261763.0,2309634.0
2280653.0,2250651.0,2310016.0
2294056.0,2245098.0,2304938.0
2280350.0,2250916.0,2308167.0
2298601.0,2249894.0,2311193.0
2285962.0,2253769.0,2321274.0
2279320.0,3267453.0,2305892.0
2293372.0,3238098.0,2309443.0
2284503.0,2252471.0,2309465.0
2282699.0,2254322.0,2319812.0
2284717.0,3258319.0,2307929.0
2288609.0,2250842.0,2317985.0
2396273.0,2250656.0,2311471.0
2289876.0,2255521.0,1519743.0
2287229.0,2262570.0,2309274.0
2307985.0,2253994.0,2311710.0
2279508.0,2246590.0,2319172.0
2282755.0,2248015.0,2309310.0
2285592.0,2247573.0,2310676.0
2281900.0,3179703.0,2306431.0
2287223.0,2249806.0,2321178.0
2377769.0,2249676.0,2312419.0
2285790.0,2250696.0,2308961.0
2280230.0,2255675.0,2313170.0
2277940.0,3189099.0,2310867.0
2285221.0,3258313.0,2310517.0
2278839.0,3246063.0,2320434.0
2300477.0,3247729.0,2306499.0
2285629.0,2256730.0,2320984.0
2289205.0,2255694.0,2311252.0
2388787.0,2251346.0,2309724.0
2281811.0,2244832.0,2306883.0
2300343.0,2249460.0,2312804.0
2284034.0,2254832.0,2292742.0
2283022.0,2256235.0,632848.0
2282165.0,2246931.0,2306792.0
2281266.0,3300488.0,2308519.0
2281079.0,2249075.0,2312639.0
2282677.0,2254362.0,2309678.0
2305432.0,2244545.0,2321350.0
2287819.0,2247531.0,2320533.0
2282443.0,2246393.0,2309887.0
2285856.0,2250260.0,2309046.0
2278551.0,2246549.0,2310894.0
2284320.0,2249339.0,2373302.0
2281550.0,2250601.0,2323003.0
2289952.0,2250927.0,2308634.0
2277456.0,2248191.0,2322618.0
2296407.0,2250384.0,2322312.0
2278219.0,2246631.0,2306006.0
2280702.0,2263429.0,2293369.0
2277806.0,3157433.0,2311223.0
2299979.0,2256217.0,2310010.0
4759.0,3168130.0,2322256.0
2273382.0,2244599.0,2311053.0
4739.0,2256673.0,2307661.0
4695.0,2254001.0,2310350.0
4771.0,2255573.0,2308185.0
4799.0,3247391.0,2311425.0
4799.0,2255739.0,2414296.0
4735.0,2243797.0,2320351.0
4799.0,2245606.0,2306908.0
4739.0,2250889.0,2311370.0
4739.0,2257374.0,2303486.0
4799.0,2245708.0,2307972.0
4675.0,3156547.0,2310093.0
4799.0,2248606.0,2308322.0
4779.0,3167235.0,2322992.0
2321416.0,3250476.0,2354712.0
2313101.0,3156040.0,2311860.0
2280157.0,2255860.0,2317782.0
2286650.0,2246814.0,2319123.0
2375533.0,2249189.0,2308518.0
2281944.0,2257373.0,2307418.0
2287552.0,2250819.0,2310369.0
2284975.0,2245106.0,2312039.0
2379660.0,2243575.0,2307314.0
2285320.0,3247912.0,2304119.0
2331792.0,2243607.0,2312223.0
2292805.0,2247163.0,2322154.0
2276650.0,3250648.0,2323017.0
2302258.0,2257504.0,2308746.0
2297467.0,2257353.0,2318199.0
4799.0,2257206.0,2322299.0
4799.0,2250843.0,2312267.0
4695.0,2258700.0,2305919.0
4739.0,2245084.0,2320274.0
4799.0,2245788.0,2319620.0
4835.0,2246814.0,2284227.0
4799.0,2259005.0,2309416.0
4779.0,3194898.0,2311598.0
4739.0,2245147.0,2308913.0
4739.0,3223382.0,2320265.0
2331457.0,2246456.0,2309509.0
4707.0,3257907.0,2314146.0
4799.0,3254422.0,2309970.0
4739.0,2506464.0,2323527.0
4759.0,2256581.0,2320416.0
4739.0,2256569.0,2313328.0
4759.0,2249613.0,2320278.0
4675.0,2245378.0,2304442.0
4759.0,2253725.0,2312590.0
4695.0,2258039.0,2320981.0
4675.0,2245435.0,2308310.0
4739.0,2257854.0,2316526.0
4759.0,2257848.0,2308319.0
4759.0,2250345.0,2321282.0
4735.0,2249158.0,2307863.0
4675.0,2258577.0,1454928.0
4799.0,2341735.0,2322005.0
4707.0,2248947.0,2308162.0
4735.0,2245328.0,2778901.0
4803.0,2250716.0,2315118.0
4759.0,2248692.0,2318387.0
4759.0,2257924.0,2320364.0
4735.0,2248982.0,2309879.0
4735.0,2259773.0,2320389.0
4739.0,2250749.0,2308518.0
4739.0,2257036.0,2311087.0
4739.0,2249793.0,2323325.0
2278842.0,2256775.0,2319758.0
2364197.0,2245857.0,2305615.0
2311098.0,2260106.0,2305619.0
2284671.0,2247960.0,2310196.0
2278233.0,2274106.0,2310187.0
2277039.0,2249637.0,2310175.0
2279220.0,2258472.0,2304613.0
2290147.0,2245819.0,2311335.0
2287492.0,2854013.0,2308683.0
2287117.0,2256034.0,2317490.0
2282359.0,2250393.0,2308800.0
2295845.0,2251183.0,2321668.0
2279369.0,2249831.0,2302017.0
2281549.0,2306280.0,245156.0
2325084.0,2250159.0,2307322.0
2282098.0,2259042.0,2307043.0
2283415.0,2257969.0,2320238.0
2285761.0,2257364.0,2317821.0
2291254.0,2257773.0,2307517.0
2282477.0,2248820.0,2308563.0
2285126.0,2246745.0,2313620.0
2279995.0,2257358.0,2311324.0
2283916.0,2259911.0,2306903.0
2277657.0,2245888.0,2303751.0
2288016.0,2257974.0,2325859.0
2278271.0,2258244.0,2309970.0
2290949.0,2262630.0,2321272.0
2280348.0,2245160.0,2311364.0
2314440.0,2244588.0,2312681.0
2284576.0,2256727.0,2315397.0
2282941.0,2257411.0,2312426.0
2295709.0,2248203.0,2321805.0
2285436.0,2245482.0,2317780.0
2279403.0,2256708.0,2316006.0
2281053.0,2259834.0,2316551.0
2311402.0,2248356.0,2312561.0
2308843.0,2245129.0,247391.0
7828.0,2259878.0,2313352.0
2287667.0,2244053.0,153031.0
4799.0,2256790.0,2311813.0
5129.0,2258384.0,2388156.0
4739.0,2267051.0,2409117.0
4739.0,2246047.0,2317434.0
5137.0,2258743.0,2315641.0
4739.0,2247703.0,2311571.0
4735.0,2244533.0,2310099.0
4739.0,2246637.0,2336380.0
4739.0,2249805.0,2313601.0
4799.0,3250716.0,2409129.0
4799.0,2249790.0,2323469.0
4799.0,2247393.0,253072.0
4739.0,2245461.0,2322529.0
2286915.0,2260719.0,2332817.0
2314321.0,2257435.0,2326592.0
2288224.0,2255917.0,777.0
2372984.0,2249139.0,253209.0
2282551.0,2245385.0,253753.0
2290241.0,2256609.0,253573.0
2286127.0,2258226.0,252744.0
2278975.0,2244997.0,251591.0
2285944.0,2245193.0,2321667.0
2297384.0,2323269.0,2452417.0
2365179.0,2248735.0,2313182.0
2289428.0,2255455.0,2329665.0
2296463.0,2298423.0,2317641.0
2278174.0,2245294.0,253876.0
2377562.0,2249372.0,2331975.0
2280238.0,2257752.0,253387.0
2281680.0,2257606.0,253585.0
2301322.0,2250347.0,2314614.0
2288231.0,2244855.0,2311503.0
2376102.0,2245663.0,254024.0
2277685.0,2257779.0,2312255.0
2295031.0,2258169.0,2318767.0
2289314.0,2245358.0,2309883.0
2291451.0,2245620.0,249744.0
2280083.0,2248495.0,2327505.0
2384742.0,2259491.0,253301.0
2281744.0,2249976.0,602205.0
2277909.0,2259469.0,2391963.0
2287398.0,2248522.0,2315875.0
2356975.0,2261446.0,2317553.0
2293601.0,2256116.0,251570.0
2287947.0,2245710.0,2313545.0
2293501.0,2243372.0,248073.0
2286475.0,731.0,254040.0
2286979.0,94079.0,251244.0
2277471.0,2248386.0,253162.0
2291255.0,2246152.0,252159.0
2286602.0,2467638.0,2315833.0
2280773.0,2257435.0,2308619.0
2287184.0,2244816.0,2314348.0
2277864.0,2258686.0,2309409.0
2287221.0,2257650.0,251757.0
2293460.0,2246683.0,251732.0
2279988.0,2258024.0,2318912.0
2374921.0,2257931.0,254529.0
2365825.0,2257696.0,2320265.0
2289674.0,2245681.0,254231.0
2285813.0,2256536.0,253589.0
2282899.0,2257566.0,4777.0
2280194.0,2246786.0,252030.0
2363102.0,2244529.0,2314057.0
2279842.0,2258091.0,2315927.0
2286845.0,2261395.0,2315520.0
2335956.0,2259625.0,2310687.0
2290125.0,2259331.0,253875.0
2340099.0,2245030.0,2326120.0
2278902.0,2243935.0,252754.0
2278799.0,2257768.0,2317947.0
2287012.0,2245750.0,253461.0
2282128.0,2244725.0,2316423.0
2281862.0,2257205.0,2312065.0
2279511.0,2261775.0,253755.0
2284090.0,2248827.0,2318565.0
2288005.0,2259798.0,2384076.0
2277309.0,2257671.0,251789.0
2363929.0,2257835.0,2313162.0
2277966.0,2256269.0,253066.0
2286930.0,2260151.0,255374.0
2281713.0,2250318.0,2315307.0
4695.0,2249260.0,253291.0
4557.0,2257577.0,251341.0
2296158.0,2248150.0,247061.0
5047.0,2255585.0,2167987.0
4771.0,2258428.0,2316088.0
4771.0,2257952.0,2410895.0
4735.0,2257103.0,253202.0
4847.0,2256013.0,2311840.0
4791.0,2257561.0,2315855.0
4799.0,2256977.0,2329381.0
4695.0,2257510.0,2319111.0
4695.0,2245558.0,251344.0
4799.0,2250235.0,252022.0
4739.0,2257457.0,251760.0
4735.0,2243895.0,2314742.0
4739.0,2257960.0,253109.0
2299157.0,2257928.0,2319563.0
2372377.0,2258907.0,798648.0
2280509.0,2243628.0,253454.0
2282098.0,2245150.0,2324939.0
2299836.0,2259635.0,253383.0
2277954.0,2257953.0,253832.0
2279465.0,2245938.0,2325704.0
2361247.0,2248442.0,251383.0
4695.0,2258318.0,2318079.0
2273705.0,2256864.0,254172.0
4831.0,2247247.0,254248.0
4831.0,2251013.0,2317307.0
4831.0,2243745.0,2316456.0
4831.0,2257884.0,2313520.0
4799.0,2244359.0,2319526.0
4831.0,2247750.0,253887.0
4739.0,2247341.0,252815.0
4739.0,2257610.0,2324289.0
4799.0,2245115.0,345225.0
4799.0,2248174.0,2332469.0
4759.0,2247896.0,255404.0
4739.0,2415991.0,2324564.0
4799.0,2258196.0,2317722.0
2278488.0,2256893.0,2314782.0
2291083.0,2257461.0,2356402.0
2371125.0,2245780.0,2313580.0
2281816.0,2259587.0,253834.0
2300489.0,2263493.0,2323148.0
2341180.0,2258383.0,2312996.0
2298919.0,2249557.0,253299.0
2362075.0,2258626.0,2314040.0
2286341.0,2257203.0,2324883.0
2305124.0,2251231.0,2314700.0
2279136.0,2247469.0,253092.0
2373708.0,2247001.0,2321163.0
2293656.0,2246237.0,2315817.0
2303903.0,2257512.0,251741.0
2290516.0,2256607.0,2313797.0
2380026.0,2249866.0,2317607.0
2281996.0,2250506.0,2320297.0
2282394.0,2439123.0,256245.0
2370331.0,2258884.0,2320454.0
2286826.0,2250057.0,2327703.0
2323345.0,2260791.0,2312585.0
2323523.0,2248902.0,2317891.0
2328093.0,2245302.0,253624.0
2311649.0,2257390.0,2317637.0
2308499.0,2245498.0,2316141.0
2300999.0,2258068.0,2350614.0
2310543.0,2256690.0,2336327.0
2330086.0,2258974.0,253546.0
2321747.0,2246800.0,2385716.0
2317917.0,2258441.0,2315469.0
2301486.0,2261918.0,253580.0
2330882.0,2246094.0,253659.0
2317318.0,2257333.0,2327007.0
2308237.0,2259167.0,253708.0
2314997.0,2258882.0,2400034.0
2305644.0,2346861.0,2316611.0
2349596.0,2245953.0,2316541.0
2305790.0,2257646.0,2324096.0
2310058.0,2260682.0,2315345.0
2318420.0,2259339.0,2326449.0
2304424.0,2247298.0,2317604.0
2306322.0,2250546.0,2321246.0
2314027.0,2262014.0,253503.0
2308663.0,2245245.0,2327419.0
2306073.0,2262037.0,2321531.0
2315313.0,2247410.0,2319440.0
2316702.0,2244780.0,2319408.0
2317871.0,2243856.0,2314942.0
2320076.0,2261620.0,253875.0
2310550.0,2243879.0,2374051.0
2323969.0,2258283.0,2330418.0
2308276.0,2262701.0,2318769.0
2309338.0,2263841.0,2318076.0
2315484.0,2265002.0,2321265.0
2305332.0,2265825.0,2315151.0
2305160.0,2264198.0,2317659.0
2319172.0,2263435.0,2315531.0
2313723.0,2260870.0,2408005.0
2309236.0,2263000.0,253338.0
2311739.0,2262878.0,254024.0
2301750.0,2262501.0,252590.0
2316200.0,2262572.0,253709.0
2319721.0,2262832.0,253322.0
2307178.0,2262501.0,2330374.0
2299762.0,2261979.0,253464.0
2317734.0,2263254.0,2315088.0
2300238.0,2262445.0,2330295.0
2323049.0,2263130.0,251730.0
2302196.0,2263018.0,2316751.0
2324071.0,2261767.0,2317313.0
2321148.0,2260837.0,253848.0
2320940.0,2262255.0,253874.0
2305530.0,2349519.0,254198.0
2319123.0,2262768.0,2312538.0
2309504.0,2263824.0,2320134.0
2318027.0,2262592.0,2313887.0
2314110.0,2263198.0,253388.0
2304564.0,2262282.0,2310495.0
2309268.0,2265083.0,2309225.0
2304854.0,2264139.0,2308808.0
2306854.0,2263506.0,2288606.0
2310244.0,2263097.0,2309129.0
2318148.0,2264242.0,2306229.0
2304734.0,2261012.0,2398251.0
2315708.0,2265567.0,2306111.0
2330017.0,2263278.0,2303379.0
2324998.0,2261436.0,2305629.0
2304670.0,2263938.0,2308349.0
2307369.0,2262325.0,2323140.0
2313200.0,2261913.0,2310176.0
2303770.0,2260809.0,2308056.0
2311886.0,2260486.0,2314491.0
2321841.0,2264035.0,2304867.0
2317725.0,2262343.0,2312878.0
2303983.0,2261435.0,2304223.0
2307348.0,2263762.0,2305427.0
2305946.0,2271771.0,2310072.0
2304696.0,2261183.0,2308752.0
2305526.0,2262706.0,2310157.0
2319208.0,2263186.0,2309103.0
2299664.0,2262169.0,2402621.0
2329482.0,2261252.0,2407609.0
2318650.0,2261522.0,2288392.0
2394410.0,2261904.0,2311136.0
2307734.0,2261154.0,2311663.0
2303864.0,2264214.0,2302259.0
2313431.0,2261698.0,2308704.0
2307059.0,2261209.0,2304877.0
2313949.0,2265652.0,2319113.0
2317083.0,2263347.0,2313695.0
2308333.0,2260356.0,2315381.0
2317285.0,2265104.0,2309445.0
2312030.0,2349522.0,2307098.0
2333544.0,2260591.0,2311176.0
4683.0,2263109.0,2312661.0
2308082.0,2261906.0,2317442.0
2305607.0,2262984.0,2312418.0
2311518.0,2261463.0,2307681.0
2316211.0,2262636.0,2307944.0
2314811.0,2262447.0,2310633.0
2307422.0,2260729.0,2307459.0
2303130.0,2265999.0,2309200.0
2319669.0,2264716.0,2395209.0
2308362.0,2262462.0,2306349.0
2301662.0,2263012.0,2307776.0
2305446.0,2259871.0,2309717.0
2312243.0,2266573.0,2312101.0
2318023.0,2265544.0,2322312.0
2302918.0,2261384.0,2309430.0
2317956.0,2262035.0,2308982.0
2333849.0,2261199.0,2308481.0
2331189.0,2263738.0,2307994.0
2306798.0,2351883.0,2313499.0
2302548.0,2265757.0,2311815.0
2309494.0,2264454.0,2309858.0
2300665.0,2262344.0,2308129.0
2311826.0,2263123.0,2318287.0
2304320.0,2261180.0,2303801.0
2307686.0,2264933.0,2316502.0
2313970.0,2262737.0,2315879.0
2314314.0,2263906.0,2317111.0
2308016.0,2264076.0,1231523.0
2314399.0,2261405.0,2315488.0
2315883.0,2263773.0,2310420.0
2312786.0,2262719.0,2303088.0
2329496.0,2262291.0,2308425.0
2320827.0,2263436.0,2305502.0
2307954.0,2265408.0,2310464.0
2316670.0,2261916.0,2306442.0
2313574.0,2262144.0,2304836.0
2300907.0,2262577.0,2308346.0
2305720.0,2262046.0,2308901.0
2321873.0,2262158.0,2311213.0
2306004.0,2263139.0,2312095.0
2325554.0,2262941.0,2310711.0
2303627.0,2262345.0,2310697.0
2307525.0,2260699.0,2307942.0
2325181.0,2262231.0,2306043.0
2314504.0,2263490.0,1965523.0
2304126.0,2260742.0,2309036.0
2303438.0,2261830.0,2309440.0
2313842.0,2263151.0,2305151.0
2306443.0,2260373.0,2307988.0
2315876.0,731.0,2406704.0
2312994.0,2262210.0,2306223.0
2317203.0,2263082.0,2309622.0
2313915.0,2262209.0,2309061.0
2322463.0,2263092.0,2309548.0
2321664.0,2264341.0,2314358.0
2315736.0,2262415.0,2305800.0
2317013.0,2267834.0,2401863.0
2320923.0,2261301.0,2311968.0
2315317.0,4125.0,2316531.0
2320933.0,208361.0,2309898.0
2317008.0,827.0,2342512.0
2307542.0,787.0,2314178.0
2310006.0,2261003.0,2313527.0
2300180.0,2262109.0,2306613.0
2309474.0,2262093.0,2307731.0
2318161.0,2265899.0,2310917.0
2313785.0,2263143.0,2302855.0
2303657.0,2261534.0,2305466.0
2306704.0,2263708.0,2311961.0
2304656.0,2262886.0,2307023.0
2306578.0,2262313.0,2307980.0
2397471.0,2261555.0,2383111.0
2322470.0,2263933.0,2307334.0
2316706.0,2262254.0,2308651.0
2312730.0,2262489.0,2309879.0
2318263.0,2261899.0,2307290.0
2312651.0,2262419.0,2313333.0
2314306.0,2262188.0,2306444.0
2319927.0,2264746.0,2408880.0
2302979.0,2264093.0,2404748.0
2325210.0,2260997.0,2297529.0
2319490.0,2265542.0,2309386.0
2325003.0,2352251.0,2310358.0
2313725.0,2262019.0,2307806.0
2317106.0,2268026.0,2306237.0
2300835.0,2264458.0,2309799.0
2302509.0,2262410.0,2313443.0
2305359.0,2261179.0,2310584.0
2316104.0,2260526.0,2308780.0
2302146.0,2260871.0,2311190.0
2319903.0,2265036.0,2305066.0
2316325.0,2262980.0,2309523.0
2333560.0,2264815.0,2306155.0
2310616.0,2262731.0,2307251.0
2311929.0,2261736.0,2306991.0
2300843.0,2264524.0,2307758.0
2318599.0,2263531.0,2308095.0
2324520.0,2262359.0,2315305.0
2313746.0,2261799.0,2303892.0
2322842.0,2262832.0,2307979.0
2331802.0,2262217.0,2307155.0
2306970.0,2263214.0,2309344.0
2310212.0,2266966.0,2330931.0
2316528.0,2262613.0,2303783.0
2318273.0,2262105.0,2307513.0
2304636.0,2262652.0,2307543.0
2321735.0,2262247.0,2311886.0
2304758.0,2260885.0,2311316.0
2307780.0,2350759.0,2400720.0
2303892.0,2262452.0,2309885.0
2305706.0,2263082.0,2322274.0
2300993.0,2261904.0,2316337.0
2328425.0,2262393.0,2315264.0
2329775.0,2262334.0,2310320.0
2311994.0,2285438.0,2309917.0
2304352.0,2262953.0,2309251.0
2317998.0,2262650.0,2282444.0
2330912.0,2260965.0,2312261.0
2330569.0,2261390.0,2300395.0
2329866.0,2262338.0,2305686.0
2316714.0,2354378.0,2308886.0
2315754.0,2260365.0,2305753.0
2319503.0,205490.0,2307118.0
2322676.0,2262739.0,2307750.0
2311309.0,2260124.0,2310366.0
2316926.0,2263475.0,2308432.0
2335661.0,2264088.0,2309986.0
2313246.0,2262842.0,2308547.0
2315938.0,2262134.0,2311071.0
2326276.0,2262743.0,2309210.0
2316257.0,2265056.0,2310159.0
2316337.0,2262068.0,2308660.0
2314331.0,2350970.0,2305197.0
2312710.0,2264104.0,2307058.0
2315982.0,2263663.0,2316579.0
2379762.0,2262926.0,2305365.0
2313722.0,2262676.0,2310320.0
2317313.0,2353277.0,2306275.0
2313662.0,2262423.0,2310474.0
2319869.0,2262546.0,2311095.0
2317352.0,2269171.0,2307943.0
2317105.0,2263295.0,2307509.0
2315329.0,2261560.0,2311460.0
2318157.0,2259887.0,2320956.0
2314118.0,2264902.0,2307219.0
2318146.0,2265025.0,2320507.0
2322815.0,2262352.0,2312929.0
2319082.0,2262559.0,2309334.0
2320303.0,2262432.0,2306649.0
2319909.0,2262766.0,2306973.0
2318233.0,2262589.0,2364241.0
2322021.0,2261055.0,2312739.0
2319419.0,2263415.0,2306129.0
2321504.0,2261583.0,2309694.0
2313849.0,2263125.0,2306309.0
2333623.0,2264942.0,2308128.0
2317142.0,2262089.0,2306299.0
2317877.0,2263654.0,2311124.0
2318226.0,2262029.0,2309955.0
2325172.0,2260379.0,1354362.0
2312128.0,2263081.0,2307660.0
2312138.0,2262770.0,2305426.0
2319528.0,2261324.0,2305545.0
2313102.0,2264353.0,2318153.0
2315231.0,2353481.0,2310005.0
2317054.0,2262154.0,2406003.0
2311898.0,2266571.0,2320731.0
2317991.0,2263373.0,2307734.0
2324530.0,2262477.0,2308119.0
2319750.0,2264665.0,2312762.0
2316028.0,2263979.0,2306084.0
2317890.0,2265733.0,2311639.0
2329591.0,2260976.0,2307927.0
2313913.0,2261668.0,2306687.0
2322053.0,2263308.0,2305596.0
2329730.0,2264917.0,2311789.0
2318375.0,2266764.0,2303446.0
2319859.0,2262550.0,2306248.0
2334189.0,2268349.0,2400798.0
2315719.0,2261858.0,2309355.0
2314449.0,2262380.0,2318814.0
2315155.0,2263393.0,2310409.0
2322628.0,2265760.0,2405464.0
2321028.0,2262223.0,2314823.0
2315057.0,2264428.0,2413419.0
2318867.0,2261290.0,2321737.0
2334968.0,206610.0,2421110.0
2316814.0,2267177.0,2391234.0
2323235.0,2260375.0,2377984.0
2316236.0,2264755.0,2415102.0
2316546.0,2261355.0,2416846.0
2317594.0,2260385.0,2412247.0
2316461.0,2260877.0,2382834.0
2329498.0,206822.0,2349009.0
2334099.0,2264689.0,2415086.0
2317899.0,2267217.0,2409075.0
2323942.0,2264725.0,2330950.0
2321119.0,2262853.0,2411815.0
2313972.0,2263342.0,2424794.0
2319469.0,2261866.0,2407714.0
2315691.0,2262470.0,2397688.0
2312265.0,2259824.0,2321739.0
2324110.0,2264340.0,2413044.0
2318768.0,2261698.0,2409335.0
2324566.0,2260994.0,2318958.0
2323370.0,2263740.0,2413217.0
2317268.0,2262500.0,2425089.0
2317916.0,2262444.0,2373718.0
2327792.0,2265541.0,2314342.0
2326942.0,2262526.0,2410077.0
2318920.0,2262994.0,2418132.0
2316663.0,2262235.0,2404473.0
2318515.0,2262585.0,2314794.0
2316906.0,2262861.0,2417268.0
2316140.0,2262915.0,2437303.0
2314802.0,2263103.0,2316817.0
2316875.0,2263929.0,2317168.0
2319264.0,2262051.0,2415867.0
2319729.0,2261385.0,2415765.0
2313195.0,2263461.0,2417585.0
2315747.0,2263602.0,2436668.0
2316493.0,2259320.0,2319327.0
2322556.0,2265936.0,2415211.0
2322545.0,2265927.0,2434919.0
2329222.0,2263551.0,2426056.0
2312827.0,2263858.0,2419936.0
2327223.0,2261413.0,2420335.0
2340846.0,2261610.0,2408987.0
2318320.0,2262662.0,2323723.0
2317333.0,2262225.0,2329484.0
2327605.0,2261950.0,2418041.0
2327331.0,2262762.0,2420060.0
2316855.0,2260950.0,2415195.0
2319357.0,2264522.0,2403968.0
2319698.0,2260492.0,2410584.0
2316133.0,2259650.0,2423070.0
2315011.0,2262899.0,2316701.0
2315233.0,2262631.0,2328387.0
2327185.0,2264653.0,2393151.0
2316665.0,2265986.0,2419938.0
2323652.0,2262868.0,2407690.0
2317814.0,2262787.0,2418417.0
2313216.0,2263256.0,2314037.0
2315004.0,2262637.0,2321426.0
2324180.0,2262946.0,2410597.0
2326448.0,2262676.0,2414766.0
2318421.0,2262355.0,2436426.0
2315476.0,2264252.0,2320077.0
2318232.0,2262083.0,2317305.0
2330173.0,2264438.0,2412329.0
2318402.0,2264071.0,2391666.0
2329938.0,2263421.0,2319355.0
2316501.0,2263610.0,2422526.0
2312478.0,2261557.0,2316394.0
2323613.0,2266642.0,2407790.0
2323359.0,2262112.0,2320949.0
2320469.0,2261024.0,2420139.0
2323119.0,2262497.0,2360705.0
2325129.0,2268723.0,2404780.0
258191.0,2263151.0,2311919.0
84696.0,2260755.0,2409228.0
1989936.0,2260998.0,2418332.0
2314976.0,2262679.0,2402115.0
2315400.0,2262647.0,2330716.0
2322400.0,2262488.0,2413801.0
2319261.0,2264009.0,2410828.0
2314629.0,2265877.0,2434707.0
2327551.0,2264146.0,2406948.0
2321684.0,2262305.0,2314314.0
2318741.0,2264843.0,2409063.0
2314159.0,2261448.0,2313278.0
2319537.0,2262990.0,2358727.0
2335006.0,2271375.0,2407170.0
2322679.0,2264765.0,2412387.0
2318668.0,2262909.0,2408171.0
2320270.0,2263951.0,2420551.0
2327307.0,2262647.0,2317884.0
2314256.0,2262880.0,2413388.0
2319436.0,2264606.0,2321122.0
2318509.0,2262405.0,2408461.0
2316158.0,2262556.0,2409461.0
2319478.0,2262134.0,2440030.0
2312767.0,2259944.0,2417418.0
2325927.0,2263493.0,2321757.0
2312458.0,2263675.0,2407891.0
2313832.0,2261322.0,2357899.0
2325609.0,2261182.0,2408610.0
2316311.0,2262228.0,2406077.0
2320723.0,2263063.0,2313849.0
2320011.0,2262805.0,2408069.0
2323530.0,2262636.0,2410934.0
2315594.0,2263200.0,2427237.0
2321601.0,2262348.0,2419401.0
2322834.0,2260543.0,2410873.0
2313305.0,2263494.0,2408263.0
2318368.0,2263733.0,2359080.0
2323019.0,2261390.0,2423839.0
2321171.0,2265210.0,2318044.0
2315269.0,2264643.0,2410932.0
2312580.0,2263104.0,2380022.0
2315771.0,2263245.0,2315651.0
2310349.0,2262665.0,2413968.0
2314685.0,2262907.0,2416729.0
2313337.0,2261799.0,2417962.0
2316041.0,2262653.0,2420615.0
2325713.0,2262919.0,2414833.0
2324579.0,2262414.0,2407881.0
2316247.0,2264636.0,2365526.0
2322445.0,2261977.0,2417378.0
2314918.0,2263077.0,2427000.0
2326423.0,2263137.0,2418623.0
2319916.0,2263262.0,2417692.0
2317960.0,2264284.0,2326442.0
2325308.0,2263234.0,2424898.0
2314361.0,2263396.0,2412348.0
2313584.0,2262580.0,2408766.0
2313700.0,2261727.0,2419707.0
2322436.0,2263392.0,2415550.0
2328956.0,2263129.0,2312643.0
2308831.0,2265013.0,2429038.0
2316751.0,2264237.0,2317860.0
2317823.0,2260590.0,2418620.0
2317658.0,2265886.0,2364532.0
2317299.0,207120.0,2404531.0
2320997.0,2063205.0,2317511.0
2329187.0,2262866.0,2412140.0
2331025.0,2263782.0,2313927.0
2315160.0,2262257.0,2428623.0
2269651.0,2258660.0,2314455.0
2279608.0,2263104.0,2411834.0
2270372.0,2262644.0,2423942.0
2269214.0,2259090.0,2430493.0
2271196.0,2262549.0,2376750.0
2268559.0,2261144.0,2414852.0
2272476.0,2262853.0,2407086.0
2273763.0,2264641.0,2320768.0
2267380.0,205515.0,2312097.0
2268995.0,2265768.0,2431073.0
2273917.0,2263714.0,2411478.0
2267940.0,2264525.0,2408018.0
2271049.0,2261006.0,2323266.0
2272836.0,2264492.0,2405421.0
2270223.0,2260234.0,2429991.0
2270736.0,2261059.0,2421462.0
2269575.0,2277242.0,2314204.0
2266929.0,2262969.0,2414623.0
2267856.0,2261676.0,2413659.0
2269939.0,2260249.0,2408279.0
2268780.0,2265782.0,2408793.0
2266721.0,2263616.0,2426522.0
2270607.0,207150.0,2409535.0
2271858.0,2263753.0,2414075.0
2280903.0,2263144.0,2419492.0
214313.0,2262729.0,2327855.0
2269183.0,2261070.0,2409897.0
2275037.0,2266584.0,2437523.0
2270085.0,2261856.0,2410278.0
2270526.0,2261601.0,2405705.0
2269235.0,2262041.0,2317325.0
2272618.0,2267274.0,2422162.0
2281574.0,2261456.0,2419456.0
2268141.0,2264795.0,2409433.0
2273785.0,2263695.0,2317175.0
2269629.0,206353.0,2408832.0
2269205.0,2266848.0,2407411.0
2268320.0,2262037.0,2417305.0
2269121.0,2263373.0,2410031.0
2268526.0,2265530.0,2318618.0
2273163.0,2262179.0,2418568.0
2270711.0,2265058.0,2417155.0
2270477.0,2263850.0,2403527.0
2271855.0,2262223.0,2366345.0
2267160.0,2264385.0,2422376.0
2270951.0,2261131.0,2443579.0
2272073.0,2262137.0,2411571.0
2272458.0,2263067.0,2418030.0
1120544.0,2263294.0,2422328.0
2280153.0,205530.0,2415965.0
2270205.0,2263215.0,2411494.0
2267605.0,2261588.0,2413695.0
2268634.0,2261930.0,2419382.0
2269111.0,2264565.0,2314780.0
2275065.0,2262918.0,2422037.0
2268652.0,2261846.0,2414259.0
2271253.0,2263869.0,2405485.0
2271075.0,2265020.0,2417049.0
2268045.0,2261853.0,2334867.0
2268529.0,2265820.0,2322018.0
2294013.0,2261430.0,2408034.0
2264945.0,2305180.0,2416304.0
2285475.0,2259356.0,2406229.0
2268455.0,2263910.0,2299829.0
2269491.0,2262665.0,2302786.0
2264769.0,2265683.0,2304770.0
2267571.0,2263477.0,2296902.0
2271969.0,2263768.0,2302156.0
2270668.0,2261773.0,2310977.0
2272552.0,2263279.0,2302405.0
2265861.0,2262128.0,2300277.0
2264668.0,2263551.0,2302313.0
2272249.0,2265429.0,2301891.0
2270275.0,2261210.0,2304067.0
2270649.0,2351654.0,2313860.0
2267576.0,2262789.0,2305790.0
2273405.0,2262728.0,2300196.0
2269522.0,2262690.0,2301920.0
2271207.0,2350341.0,2312482.0
2266945.0,2260648.0,2306553.0
2281443.0,2263076.0,2293415.0
2263423.0,2351324.0,2300094.0
2271785.0,2262113.0,2305074.0
2267803.0,2262597.0,2297768.0
2270318.0,2263336.0,2304371.0
2270317.0,2262270.0,2305997.0
2268715.0,2352680.0,2299294.0
2270661.0,2262572.0,2305823.0
2269535.0,2262490.0,2305120.0
2270032.0,2351221.0,2368738.0
2270097.0,2351910.0,2340644.0
2271655.0,2262195.0,2297233.0
2270569.0,2263696.0,2304784.0
2270067.0,2260833.0,2305783.0
2270138.0,2264100.0,2305188.0
2271072.0,2263399.0,2299549.0
2271528.0,2262101.0,2300763.0
2271571.0,2263110.0,2298097.0
2267784.0,2262166.0,2300958.0
2267587.0,2263085.0,2302122.0
2265899.0,2261967.0,2296437.0
2274524.0,2262723.0,2301470.0
2285232.0,2264247.0,2304478.0
2272006.0,2353998.0,2303318.0
2270831.0,2266850.0,2302448.0
4799.0,2263211.0,2306708.0
4663.0,2272825.0,2302968.0
4799.0,2352188.0,2301896.0
4799.0,2264940.0,2299816.0
4831.0,2262435.0,2302812.0
4831.0,2262106.0,2306633.0
4799.0,2263048.0,2303552.0
2244028.0,2262296.0,2307440.0
4735.0,2260746.0,2303497.0
4735.0,2261791.0,2300748.0
4799.0,2361596.0,2304069.0
2272083.0,2262170.0,2304478.0
2257450.0,2264841.0,2302648.0
2270064.0,2262853.0,2327085.0
2268644.0,2263992.0,2301920.0
2283600.0,2263922.0,2301230.0
2267795.0,2351384.0,2298334.0
2271194.0,2263212.0,2305837.0
2267109.0,2351757.0,2304120.0
2269444.0,2351433.0,2311447.0
2270824.0,2260765.0,2298604.0
2272028.0,2263155.0,2298380.0
2270829.0,2262442.0,2302133.0
2268572.0,2262519.0,2300910.0
2271749.0,2262935.0,2301850.0
2250713.0,2259655.0,2305887.0
2269669.0,2352377.0,2296937.0
2269380.0,2352436.0,2302317.0
2270410.0,2352694.0,2312604.0
2269568.0,2353060.0,2300543.0
2268407.0,2262026.0,2306397.0
2270665.0,2260956.0,2301368.0
2269646.0,2265635.0,2304117.0
2276389.0,2350892.0,2338347.0
2269300.0,2351930.0,2335278.0
2281054.0,2262979.0,2300696.0
2271550.0,2260420.0,2310663.0
2269878.0,2262439.0,2305870.0
2269463.0,2260915.0,2306428.0
2269595.0,2351579.0,2304772.0
2267046.0,2350750.0,2303680.0
2268582.0,2265860.0,2308947.0
2285508.0,2261893.0,2302181.0
2267536.0,2261454.0,2299400.0
2268251.0,2262659.0,2298128.0
2268185.0,2262858.0,2300483.0
2270100.0,2350735.0,2303608.0
2269293.0,2263910.0,2313584.0
2272663.0,2262730.0,2308393.0
2267503.0,2264679.0,2292765.0
2271294.0,2264347.0,2298391.0
2269808.0,2262266.0,2313524.0
2279740.0,2260822.0,2305715.0
2268596.0,2262048.0,2310838.0
2272853.0,2350292.0,2298292.0
2270072.0,2262398.0,2314802.0
2270119.0,2260521.0,2301586.0
2265198.0,2263754.0,2298999.0
2270177.0,2260039.0,2304818.0
2287052.0,2262283.0,2306095.0
2271721.0,2355112.0,2304202.0
2268332.0,2262081.0,2311533.0
2274849.0,2262729.0,2303814.0
2270812.0,2260446.0,2304973.0
2270557.0,2329549.0,2304071.0
2271309.0,2266449.0,2303689.0
2273409.0,2262183.0,2306352.0
2268792.0,2351594.0,2300002.0
2268238.0,2263487.0,2312487.0
97091.0,2274883.0,2310776.0
2268826.0,2264254.0,2301012.0
2268917.0,2261868.0,2302299.0
2300995.0,2266454.0,2305006.0
2268950.0,2352265.0,2297286.0
2273068.0,2262207.0,2304155.0
2269902.0,2263038.0,2305648.0
2266961.0,2263770.0,2315360.0
2269775.0,2260702.0,2294967.0
2268739.0,2261616.0,2300524.0
2272060.0,2354997.0,2311351.0
2268050.0,2262369.0,2292758.0
2268655.0,2262880.0,2300382.0
2274675.0,2351279.0,2302758.0
2267081.0,2352160.0,2299743.0
2269512.0,2262762.0,2305537.0
2269492.0,2262929.0,2300648.0
2264348.0,2261651.0,2309126.0
2283286.0,2262611.0,2300720.0
2270551.0,2262328.0,2299410.0
2269644.0,2352323.0,2305157.0
2272658.0,2261895.0,2289677.0
2268265.0,2351293.0,2304204.0
2270230.0,2262696.0,2291253.0
2269051.0,2268160.0,2316807.0
2279608.0,2266067.0,2294232.0
2266049.0,2262597.0,2306842.0
2273712.0,2262610.0,2305866.0
2267795.0,2354932.0,2315421.0
2271721.0,2262318.0,2309326.0
2268570.0,2265629.0,2305146.0
2272063.0,2263665.0,2302438.0
2269659.0,2264141.0,2298276.0
2268777.0,2351412.0,2303175.0
2271184.0,2262311.0,2299502.0
2272785.0,2263725.0,2306374.0
2269173.0,2261548.0,2294151.0
2268875.0,2261500.0,2301779.0
2270170.0,2318827.0,2299030.0
2276458.0,2263004.0,2297583.0
2270685.0,2261838.0,2315588.0
299138.0,2263145.0,2309909.0
2267948.0,2351586.0,2320449.0
2270217.0,2268393.0,2302605.0
2271145.0,2261762.0,2300067.0
2268237.0,2265013.0,2300323.0
2268017.0,2260792.0,2299364.0
2265877.0,2262524.0,2303628.0
2271372.0,2261907.0,2300573.0
2267597.0,2267098.0,2304883.0
2333394.0,2349925.0,2312226.0
2269203.0,2263164.0,2304854.0
2267205.0,2268009.0,2305647.0
2267799.0,2262730.0,2305220.0
2270189.0,2262663.0,2309797.0
2269616.0,2262162.0,2308564.0
2272096.0,2266055.0,2310520.0
2272917.0,2354101.0,2302312.0
2267925.0,2261658.0,2302747.0
2272284.0,2263153.0,2305821.0
2269519.0,2261829.0,2308095.0
2269142.0,2263185.0,2303685.0
2354778.0,2262750.0,2302005.0
2287751.0,2306094.0,2300327.0
2275176.0,2351890.0,2307891.0
2269917.0,2262654.0,2299938.0
2355338.0,2263041.0,2307238.0
2354230.0,2351385.0,2300661.0
2366764.0,2262172.0,2300519.0
2268548.0,2263198.0,2301041.0
2353074.0,2261743.0,2300638.0
2351988.0,2263883.0,2306040.0
2313111.0,2263127.0,2309718.0
2267288.0,2266052.0,2305939.0
2321978.0,2352025.0,2301597.0
214273.0,2352170.0,2297701.0
2359002.0,2262934.0,2302381.0
21826.0,2352042.0,2297673.0
2266502.0,2263659.0,2299797.0
2356724.0,2263417.0,2304985.0
2270770.0,2262953.0,2303750.0
2354739.0,2265925.0,2308734.0
2269637.0,2261658.0,2311479.0
2274005.0,2262464.0,2305400.0
2357881.0,2262830.0,2306993.0
4799.0,2258973.0,2313506.0
4863.0,2263230.0,2310032.0
4799.0,2262649.0,2303704.0
4799.0,2349961.0,2300213.0
4799.0,2262735.0,2310225.0
4803.0,2264090.0,2303533.0
4759.0,2262710.0,2319128.0
4619.0,2262150.0,2315303.0
4739.0,2264099.0,2303679.0
4863.0,2262067.0,2304239.0
4739.0,2352377.0,2301538.0
4895.0,2261374.0,2296568.0
4739.0,2263441.0,2298467.0
4739.0,2261830.0,2297169.0
4863.0,2263594.0,2302531.0
4843.0,2261091.0,2310408.0
4799.0,2260802.0,2305947.0
4803.0,2261057.0,2307437.0
4739.0,2260591.0,2303654.0
4799.0,2263260.0,2300558.0
4715.0,2262950.0,2300653.0
4831.0,2263711.0,2308834.0
4799.0,2265447.0,2302980.0
4799.0,2261562.0,2297241.0
4739.0,2263708.0,2307741.0
4619.0,2260877.0,2299661.0
2351477.0,2262991.0,2303487.0
4759.0,2262405.0,2301611.0
4799.0,2262679.0,2297748.0
4779.0,2263077.0,2308877.0
4759.0,2262430.0,2323460.0
4799.0,2352324.0,2306140.0
4695.0,2261372.0,2312508.0
4799.0,2261887.0,2302564.0
4831.0,2350880.0,2304595.0
4715.0,2351326.0,2305049.0
4739.0,2262212.0,2306591.0
4863.0,2263697.0,2297795.0
4779.0,2352978.0,2298584.0
4739.0,2261130.0,2301192.0
4767.0,2264284.0,2307536.0
4831.0,2357842.0,2307179.0
4799.0,2262951.0,2306223.0
4799.0,2261022.0,2305886.0
4739.0,2265176.0,2319222.0
4799.0,2261559.0,2302328.0
4799.0,2350452.0,2306940.0
4799.0,2262767.0,2308218.0
4799.0,2353980.0,2300673.0
4735.0,2261758.0,2301385.0
4779.0,2260983.0,2298992.0
4739.0,2262699.0,2300785.0
4739.0,2350312.0,2304775.0
4799.0,2351877.0,2301183.0
4739.0,2262085.0,2302265.0
4663.0,2263956.0,2300059.0
4683.0,2355881.0,2304521.0
4739.0,2261531.0,2305005.0
4779.0,2267774.0,2305525.0
2271182.0,2261931.0,2300074.0
2268988.0,2263206.0,2296683.0
2355334.0,2352223.0,2303915.0
2272783.0,2265011.0,2305493.0
2270979.0,2351933.0,2301869.0
2354145.0,2262584.0,2305843.0
2267994.0,2260538.0,2297838.0
2270983.0,2260924.0,2305029.0
2270743.0,2261186.0,2298907.0
2352896.0,2259947.0,2304720.0
2290078.0,2260998.0,2306959.0
2271857.0,2349661.0,2303252.0
2357075.0,2263357.0,2296667.0
2272540.0,2262690.0,2303426.0
2271793.0,2354681.0,2303498.0
2270042.0,2264585.0,2307843.0
10742.0,2262374.0,2290388.0
2267681.0,2350861.0,2297960.0
2269459.0,2267219.0,2300550.0
2272764.0,2262768.0,2301078.0
2356283.0,2262062.0,2305504.0
2267794.0,2262533.0,2300783.0
2270963.0,2263814.0,2296984.0
2265912.0,2260903.0,2307266.0
2270666.0,2265938.0,2303873.0
2359615.0,2265056.0,2296408.0
2266474.0,2266651.0,2307625.0
2268725.0,2351577.0,2308291.0
2268723.0,2264928.0,2299115.0
2366695.0,2264103.0,2305588.0
2354877.0,2353840.0,2302954.0
2357054.0,2262808.0,2300075.0
2357874.0,2352626.0,2327551.0
2271272.0,2265153.0,2301911.0
2269926.0,2261480.0,2305065.0
2341884.0,2353408.0,2301615.0
2361024.0,2262535.0,2326642.0
2268599.0,2260601.0,2304723.0
2356364.0,2262680.0,2307631.0
2267378.0,2261741.0,2318433.0
2284690.0,2261157.0,2298358.0
2270114.0,2261752.0,2302840.0
2282514.0,2262202.0,2305434.0
2272926.0,2263897.0,2301999.0
2363576.0,2265569.0,2300558.0
2322260.0,2265042.0,2308447.0
2364036.0,2263916.0,2305500.0
2274055.0,2261737.0,2302039.0
2273478.0,2355168.0,2303825.0
2271935.0,2262706.0,2303316.0
2273004.0,2260352.0,2298915.0
2271976.0,2264458.0,2303956.0
2268783.0,2262832.0,2298501.0
2359037.0,2264408.0,2302283.0
2269124.0,2261547.0,2303731.0
2272091.0,2262176.0,2300177.0
2356980.0,2263496.0,2304319.0
2355894.0,2352111.0,2308867.0
2272901.0,2262676.0,2303962.0
2269256.0,2262592.0,2301321.0
2355728.0,2261958.0,2304567.0
2354997.0,2264193.0,2311298.0
2363168.0,2261364.0,2311515.0
2354931.0,2350763.0,2295203.0
2271068.0,2262264.0,2306779.0
2272869.0,2352591.0,2299759.0
2354245.0,2261776.0,2297320.0
2355906.0,2261737.0,2304128.0
2356011.0,2262663.0,2299307.0
2328946.0,2261878.0,2302618.0
2267736.0,2263009.0,2303698.0
2353655.0,2262295.0,2299168.0
2267372.0,2261765.0,2300081.0
2269840.0,2263333.0,2304159.0
2269585.0,2262161.0,2310447.0
2270875.0,2261026.0,2301820.0
2268707.0,2261226.0,2304868.0
2355762.0,2265838.0,2294809.0
2358174.0,2261697.0,2302118.0
2269164.0,2355041.0,2304760.0
2357828.0,2262560.0,2301563.0
2271808.0,2351365.0,2314830.0
2303081.0,2263406.0,2303257.0
2275775.0,2262266.0,2312298.0
2267675.0,2263879.0,2312146.0
2269419.0,2264288.0,2302931.0
2274817.0,2261843.0,2302572.0
2354767.0,2266520.0,2312083.0
2273833.0,2263394.0,2305526.0
2270079.0,2262698.0,2300584.0
2374684.0,2352077.0,2303110.0
2277244.0,2262029.0,2304063.0
2272577.0,2264392.0,2301498.0
2275875.0,2263295.0,2304132.0
2340204.0,2294045.0,2300797.0
2268471.0,2263055.0,2297941.0
2270254.0,2260494.0,2297933.0
2356452.0,2262054.0,2296301.0
2272008.0,2260927.0,2307479.0
2269116.0,2262144.0,2299804.0
2357281.0,2260964.0,2303698.0
2271709.0,2268762.0,2299216.0
2354785.0,2260448.0,2302004.0
2276731.0,2352287.0,2301571.0
2358794.0,2350498.0,2302330.0
2268828.0,2350639.0,2306348.0
2356946.0,2261399.0,2305305.0
2354690.0,2352316.0,2307722.0
2272634.0,2262292.0,2302795.0
2266642.0,2264144.0,2301753.0
2268567.0,2262242.0,2300106.0
2276966.0,2353010.0,2302096.0
2358950.0,2261466.0,2302969.0
2356294.0,2260729.0,2304692.0
2310603.0,2261548.0,2298841.0
2357964.0,2352886.0,2303043.0
2272216.0,2262877.0,2297222.0
2269800.0,2261660.0,2299662.0
2328613.0,2262418.0,2300308.0
2358033.0,2357014.0,2301504.0
2268575.0,2264122.0,2301433.0
2273504.0,2262428.0,2315520.0
2360630.0,2263011.0,2303797.0
2267685.0,2262888.0,2315609.0
2271404.0,2351222.0,2299296.0
2270416.0,2262894.0,2304771.0
2354942.0,2262854.0,2303740.0
2272972.0,2263957.0,2297231.0
2268399.0,2261077.0,2297163.0
2285087.0,2263067.0,2306693.0
2270937.0,2262380.0,2305678.0
2357710.0,2264099.0,2300665.0
2358906.0,2353684.0,2305866.0
2278042.0,2261183.0,2312437.0
2279016.0,2263223.0,2304546.0
2270666.0,2263538.0,2305819.0
2268365.0,2303437.0,2303264.0
2268847.0,2352094.0,2307519.0
2271161.0,2266402.0,2313511.0
2269610.0,2262530.0,2297948.0
2272353.0,2262078.0,2304764.0
2353375.0,2264159.0,2334832.0
2273441.0,2280747.0,2301651.0
2275695.0,2261550.0,2301959.0
2268531.0,2261642.0,2298892.0
2270730.0,2261088.0,2305362.0
2265099.0,2264232.0,2303631.0
2359704.0,2264789.0,2303251.0
2356043.0,2265555.0,2301323.0
2360861.0,2263016.0,2301618.0
2269599.0,2263638.0,2298759.0
2267453.0,2352395.0,2313335.0
2280861.0,2264890.0,2305169.0
2266312.0,2352069.0,2312290.0
2355215.0,2351047.0,2302568.0
2269288.0,2261726.0,2325931.0
2359724.0,2351896.0,2299971.0
2357460.0,2262995.0,2304839.0
2350481.0,2260956.0,2293938.0
2270937.0,2264301.0,2298351.0
2334732.0,2350883.0,2304763.0
2265145.0,2352142.0,2339352.0
2271056.0,2261361.0,2304883.0
2269110.0,2262121.0,2307962.0
2268107.0,2351991.0,2304655.0
2359881.0,289305.0,2303606.0
2270895.0,21667.0,2305636.0
2357501.0,4665.0,2299066.0
2269836.0,2057183.0,2298170.0
2353115.0,2262656.0,2300810.0
2357439.0,2270233.0,2296823.0
2268334.0,2273651.0,2298232.0
2269341.0,2263433.0,2320296.0
2289060.0,2259530.0,2304134.0
2284626.0,2262215.0,2299201.0
2357551.0,2260272.0,2305063.0
2356910.0,2262234.0,2308982.0
2271585.0,2360352.0,2303779.0
2271998.0,2261868.0,2302992.0
2268084.0,2263844.0,2302671.0
2271130.0,2262315.0,2303854.0
2358363.0,2352175.0,2302741.0
2361918.0,2262637.0,2302801.0
2271307.0,2262167.0,2371115.0
2357501.0,2263002.0,2391521.0
2270204.0,2265031.0,2386202.0
2267691.0,2261400.0,2379035.0
2357796.0,2265231.0,2421836.0
2282558.0,2263382.0,2379821.0
2358980.0,2261317.0,2366846.0
2271209.0,2351224.0,2389356.0
2270227.0,2268262.0,2409084.0
2278309.0,2263013.0,2361710.0
2270467.0,2262008.0,2396302.0
2268184.0,2350644.0,2348181.0
2272463.0,2262743.0,2402852.0
2356033.0,2263300.0,2404300.0
2356419.0,2352725.0,2310015.0
1574901.0,2260342.0,2394916.0
4641.0,2260794.0,2392809.0
2286438.0,2259492.0,2393459.0
2355200.0,2263950.0,2352577.0
2356369.0,2350533.0,2312812.0
2279634.0,2263035.0,2397419.0
2271437.0,2262510.0,2402921.0
2272384.0,2261422.0,2418388.0
2364068.0,2262616.0,2399597.0
2276600.0,2263121.0,2401669.0
2357217.0,2263044.0,2139542.0
2358675.0,2351823.0,777.0
2368414.0,2351764.0,247118.0
2268870.0,2255854.0,2397552.0
2359519.0,2255918.0,2404998.0
2357063.0,2259398.0,2390982.0
2355631.0,2246650.0,2307823.0
2352199.0,2260160.0,2307364.0
2299574.0,2258241.0,2406338.0
2287267.0,2256261.0,2402157.0
2280231.0,2270717.0,2311286.0
24472.0,2345672.0,2401177.0
4661.0,2302957.0,2311164.0
2353629.0,2258080.0,2374124.0
2357355.0,2249704.0,2401696.0
2358760.0,3162913.0,2310406.0
2360368.0,2244852.0,2408527.0
2358123.0,2253173.0,2399478.0
2357620.0,2250075.0,2389285.0
2359111.0,2255531.0,2404873.0
2355904.0,2244771.0,2408940.0
2266518.0,2245902.0,2401886.0
2356041.0,3160701.0,2311351.0
2370100.0,2248189.0,2390007.0
2358123.0,2258165.0,2383204.0
2265656.0,2250715.0,2412439.0
2279593.0,3245281.0,2391303.0
2354290.0,2257993.0,2386368.0
2271732.0,2243997.0,2310462.0
2356117.0,2245015.0,2358538.0
2276760.0,2247237.0,2395506.0
2355011.0,2245718.0,2402999.0
2268240.0,2250411.0,2402005.0
2268508.0,2258602.0,2304931.0
2356211.0,2258076.0,2351838.0
2334519.0,2256582.0,2398015.0
2355677.0,3163405.0,2347280.0
2267974.0,2256266.0,2411058.0
2268945.0,3254297.0,2398174.0
2269570.0,2258337.0,2308018.0
2288621.0,2245918.0,2405903.0
2352538.0,2246420.0,2342150.0
2358695.0,2258430.0,2311772.0
2359025.0,2244318.0,2337086.0
2362305.0,2257815.0,2387320.0
2323520.0,2347194.0,2401659.0
2354939.0,2257621.0,2396310.0
2358065.0,2250261.0,2404556.0
2355393.0,2250360.0,2404022.0
2268525.0,2345556.0,2406613.0
2358997.0,2257110.0,2378429.0
2352911.0,2247466.0,2383458.0
2270475.0,2347482.0,2386220.0
2355804.0,2251088.0,2403102.0
2268166.0,2244631.0,2309479.0
2276942.0,2249918.0,2401121.0
2362750.0,2257494.0,2410742.0
2357835.0,2257697.0,2386568.0
2269751.0,2245228.0,2397217.0
2356335.0,2250535.0,2310612.0
2298844.0,2246740.0,2402434.0
2365344.0,2250210.0,2394324.0
2358702.0,2255943.0,2328797.0
2362313.0,2261651.0,2313715.0
2355223.0,2256717.0,2369706.0
2354740.0,2246264.0,2403332.0
2272528.0,201074.0,2385615.0
2275737.0,86687.0,2306663.0
2360391.0,1986402.0,2373394.0
2322499.0,2256334.0,2401474.0
2356220.0,2243751.0,2361079.0
2356032.0,2245534.0,2389360.0
2376985.0,2250963.0,2399346.0
2316594.0,2246539.0,742976.0
2266302.0,2245758.0,2399183.0
2355082.0,2403535.0,2400316.0
2269522.0,2257865.0,2348653.0
4639.0,2257238.0,2403515.0
2286247.0,2594031.0,2403025.0
2265610.0,2292056.0,2322997.0
2355082.0,2259474.0,2356828.0
2370280.0,203104.0,2398176.0
2360441.0,2257252.0,2359114.0
2338647.0,2244115.0,2407127.0
2355104.0,2244211.0,2401031.0
2358795.0,2249256.0,2398156.0
2357901.0,2258005.0,2382942.0
2360585.0,2249792.0,2350558.0
23426.0,2245389.0,2400751.0
4609.0,2245116.0,2363963.0
2357161.0,2245205.0,2401321.0
2353423.0,2250804.0,2404575.0
2359737.0,2245740.0,2399594.0
2374654.0,2257827.0,2390782.0
2353681.0,2255660.0,2400024.0
2361463.0,2257371.0,2309787.0
2270736.0,2256596.0,2309275.0
2361607.0,2271076.0,2364439.0
2264956.0,2257753.0,2412249.0
2271868.0,2251345.0,2401090.0
2356536.0,2256298.0,2356820.0
2286241.0,2245151.0,2307059.0
2363172.0,2256109.0,2396788.0
2269785.0,2245530.0,2404656.0
2357195.0,2257945.0,2406211.0
2345040.0,2256924.0,2410586.0
2353554.0,2250733.0,2370685.0
2364908.0,2243623.0,2374060.0
2320190.0,2245726.0,2309780.0
2355259.0,2261908.0,2411877.0
2358945.0,2251179.0,2317711.0
2271276.0,2254029.0,2405039.0
2269689.0,2254605.0,2401309.0
2358817.0,2247665.0,2368257.0
2271082.0,2257055.0,2400425.0
2289056.0,2257184.0,2383569.0
2272104.0,2256479.0,2414238.0
2358841.0,2245537.0,2397354.0
2272116.0,2255558.0,2399011.0
2361019.0,2256307.0,2311763.0
2361074.0,2259025.0,2406498.0
2268888.0,2249429.0,2311044.0
2354588.0,2257862.0,2309763.0
2358376.0,2257099.0,2402996.0
2307238.0,2257560.0,2308525.0
2356241.0,2254692.0,2396368.0
2268088.0,2245664.0,2409453.0
2278552.0,2698680.0,2407347.0
28551.0,3012226.0,2402956.0
2346455.0,2256568.0,2402198.0
2270849.0,2244071.0,2397689.0
2358252.0,2257679.0,2305476.0
2354259.0,2246948.0,2399107.0
2366059.0,2256378.0,2352693.0
2360278.0,2257975.0,2385053.0
2355882.0,2245505.0,2403433.0
2279758.0,2253219.0,2314725.0
2359844.0,2256467.0,2306646.0
2286760.0,2259781.0,2400722.0
2357429.0,2260307.0,2399338.0
2284504.0,2246691.0,2404499.0
2358954.0,2258816.0,2397079.0
2296770.0,2243846.0,2392737.0
2358944.0,2259256.0,2406407.0
2274073.0,2334069.0,2389441.0
4651.0,2245099.0,2405372.0
2343919.0,2346163.0,2375370.0
2270804.0,2245556.0,2402217.0
2269559.0,2245226.0,2396280.0
2368538.0,2258318.0,2412308.0
2362746.0,2257660.0,2410938.0
2357269.0,2257613.0,2311667.0
2363179.0,2244586.0,2393235.0
2365097.0,2257357.0,2308886.0
2326542.0,2245556.0,2379743.0
2365357.0,2255875.0,2397238.0
2271599.0,2256966.0,2379139.0
2287216.0,2258100.0,2402811.0
2365059.0,2256013.0,2312271.0
2344579.0,2256656.0,2310458.0
2355580.0,2250277.0,2404964.0
2267108.0,2257089.0,2398941.0
2360679.0,2258421.0,2308596.0
2289905.0,2256965.0,2389273.0
2354791.0,2248622.0,2374614.0
2357060.0,2257309.0,2390410.0
2371811.0,2259403.0,2395414.0
2350532.0,2247146.0,2404120.0
2356583.0,2245149.0,2398662.0
2356783.0,2256273.0,2403490.0
2370222.0,2257109.0,2367264.0
2269041.0,2250729.0,2405151.0
2358084.0,2256234.0,2314294.0
2314197.0,2258583.0,2380318.0
2359438.0,2256263.0,2310110.0
2354756.0,2257095.0,2393852.0
2353419.0,2256938.0,2408190.0
2348100.0,2249090.0,2387050.0
2276098.0,2345377.0,2310446.0
2269250.0,2258491.0,2403355.0
2355241.0,2260338.0,2383712.0
2355274.0,2246782.0,2400889.0
2356057.0,2256930.0,2363397.0
2365130.0,2257125.0,2393277.0
2361573.0,2251896.0,2402350.0
2354709.0,2250722.0,2309030.0
2269386.0,2252179.0,2387480.0
2358661.0,2257878.0,2311716.0
2265819.0,2257067.0,2310140.0
2372244.0,2247693.0,2408893.0
2350532.0,2260508.0,2405387.0
2362429.0,2244753.0,2313843.0
2357399.0,2245935.0,2392530.0
2356159.0,2245869.0,2312688.0
2268262.0,2671968.0,2307148.0
2365047.0,2250584.0,2343293.0
2346064.0,2258894.0,2398426.0
2353628.0,2245817.0,2400503.0
2340042.0,2274337.0,2407939.0
500164.0,2249164.0,2308072.0
2265052.0,3265134.0,2309628.0
2270986.0,2244077.0,2408401.0
2354204.0,2256882.0,2405525.0
2267687.0,2258094.0,2307701.0
2359512.0,2257472.0,2313568.0
2269611.0,2257226.0,2306500.0
2279558.0,2260645.0,2304843.0
2358245.0,2258157.0,2306990.0
2364093.0,2258090.0,2308322.0
2309575.0,2255989.0,2313602.0
2356588.0,2244352.0,2314669.0
2371928.0,2260760.0,2311929.0
2357427.0,2248384.0,2305977.0
2290368.0,2249090.0,2306953.0
2359021.0,2256061.0,2337837.0
2305263.0,2286098.0,2310723.0
2303345.0,2258340.0,2305328.0
2320812.0,2244215.0,2308687.0
2302469.0,2246481.0,2327589.0
2304601.0,2247179.0,2310959.0
2303299.0,2258146.0,2363315.0
2302468.0,2258612.0,2309754.0
637710.0,2248452.0,2304308.0
2308874.0,2245021.0,2385713.0
2304702.0,2249445.0,2398566.0
2308340.0,2246520.0,2307309.0
2306877.0,2257560.0,2307687.0
2301481.0,2247604.0,2313987.0
2314968.0,2260947.0,2309289.0
2298885.0,2250420.0,2312080.0
2303491.0,2252247.0,2361504.0
2326103.0,3391182.0,2304138.0
2303104.0,2250418.0,2309116.0
2327971.0,2256024.0,2303885.0
2323652.0,2262133.0,2401684.0
2307140.0,2248563.0,2316677.0
2324053.0,2256020.0,2305624.0
2307268.0,2246689.0,2306488.0
2301846.0,2264118.0,2309838.0
2307973.0,2257869.0,2316440.0
2316948.0,2245086.0,2312552.0
2317283.0,2258774.0,2347795.0
2323186.0,2257212.0,2308179.0
2303811.0,196252.0,2306368.0
2306480.0,2256291.0,2311347.0
60531.0,2258583.0,2305188.0
2305779.0,2246237.0,2310008.0
2304971.0,2256819.0,2355356.0
2323462.0,2257953.0,2307101.0
2321343.0,2246052.0,2401462.0
2314180.0,2246994.0,2307534.0
2311603.0,2258742.0,2307139.0
2312097.0,2260254.0,2304915.0
2304602.0,2256888.0,2320259.0
2316970.0,2257431.0,2309058.0
2306568.0,2256973.0,2305727.0
2314839.0,195836.0,2366792.0
2308168.0,2252679.0,2304828.0
2316899.0,2243178.0,2312653.0
2308589.0,194746.0,2307321.0
2404457.0,2255928.0,2405737.0
2319913.0,2259999.0,2402804.0
2335995.0,2248269.0,2306316.0
2313854.0,2247653.0,2400065.0
2303631.0,2256105.0,2312411.0
2307759.0,2246366.0,2411715.0
2306823.0,196174.0,2309298.0
2317274.0,688660.0,2307660.0
2313104.0,2257578.0,2306240.0
2310332.0,2245806.0,2305707.0
2325200.0,2267460.0,2307144.0
2306460.0,2246890.0,2307901.0
2304516.0,196718.0,2408164.0
2315986.0,2257232.0,2408653.0
2319041.0,2273210.0,2308368.0
2310118.0,2243617.0,2401955.0
2309111.0,2246027.0,2307382.0
2313822.0,2257004.0,2319504.0
2311486.0,2253945.0,2311797.0
2303275.0,2255536.0,2308725.0
2316642.0,2243030.0,2308341.0
2324499.0,2255775.0,2318034.0
2307920.0,2245348.0,2311352.0
2304430.0,2255508.0,2300356.0
2305334.0,196420.0,2311450.0
2304363.0,2257312.0,2320107.0
2324895.0,2246575.0,2309447.0
2315500.0,2251817.0,2307278.0
2302173.0,196182.0,2309738.0
2303814.0,2256629.0,2316979.0
2307431.0,2257620.0,2305466.0
2305477.0,2244469.0,2309667.0
2319054.0,2245395.0,2311004.0
2308808.0,2257964.0,2307061.0
2312960.0,2258974.0,2338421.0
2316467.0,2247152.0,2310099.0
2308157.0,2247696.0,2312362.0
2305046.0,2257707.0,2311037.0
2307539.0,194887.0,2327951.0
2307308.0,2258271.0,2417032.0
2315040.0,2259013.0,2340853.0
2317095.0,3049312.0,2307095.0
2309982.0,2244822.0,2310871.0
2312887.0,2245989.0,2322491.0
2318260.0,2257391.0,2311741.0
2305124.0,2245647.0,2303794.0
2306252.0,195764.0,2310887.0
2320741.0,2257966.0,2282592.0
2314982.0,2245713.0,2309538.0
2323117.0,194898.0,2308817.0
2318809.0,2256696.0,2330066.0
2317528.0,2258307.0,2310465.0
2320300.0,195862.0,2309854.0
2313575.0,2275423.0,2347665.0
2309925.0,196024.0,2309222.0
2330111.0,196718.0,2305345.0
2318134.0,2255791.0,2307561.0
2322334.0,2256160.0,2310609.0
2304458.0,2257614.0,2400688.0
2305817.0,2240647.0,2311307.0
2307668.0,2244980.0,2311623.0
2302004.0,2247118.0,2401336.0
2314864.0,2258295.0,2304834.0
2309356.0,2258712.0,2345149.0
2304019.0,2258152.0,2336194.0
2304749.0,278062.0,2310480.0
2299636.0,2258192.0,2311374.0
2306586.0,2257588.0,2404780.0
2305883.0,2249004.0,2403458.0
2307579.0,2245931.0,2318771.0
2305277.0,2258321.0,2313346.0
2309606.0,2246658.0,2309325.0
2334976.0,2257764.0,2307136.0
2301275.0,2258459.0,2312940.0
2303434.0,2245677.0,2304864.0
2311519.0,2257711.0,2306269.0
2325188.0,274886.0,2307352.0
2313938.0,2259103.0,2309317.0
2322670.0,2259588.0,2334965.0
2319767.0,2247291.0,2370939.0
2333051.0,2249383.0,2407962.0
2321269.0,2257148.0,2306773.0
2311113.0,2246237.0,2313512.0
2311300.0,2260341.0,2305696.0
2304863.0,2469389.0,2404522.0
2322365.0,2250883.0,2311345.0
2316543.0,2256871.0,2388519.0
2302440.0,2245514.0,2403519.0
2306817.0,202044.0,2307423.0
2302533.0,2257237.0,2309402.0
2311272.0,2258462.0,2311222.0
2303047.0,2245667.0,2308425.0
2305746.0,2258179.0,2322728.0
2328501.0,194698.0,2318194.0
2316153.0,2258744.0,2313287.0
2322787.0,2258675.0,2307013.0
2314046.0,2245387.0,2302737.0
2329619.0,2256798.0,2311811.0
2324508.0,196142.0,2405184.0
2308104.0,2258189.0,2307162.0
2302963.0,194770.0,2305719.0
2307181.0,2245946.0,2306958.0
2303406.0,2257605.0,2368975.0
2323810.0,2257352.0,2328243.0
2302502.0,2256580.0,2310515.0
2300241.0,196282.0,2308062.0
2302375.0,2245590.0,2309902.0
2332371.0,2286327.0,2306995.0
2314606.0,196061.0,2308609.0
2311375.0,2253825.0,2308041.0
2316082.0,2255290.0,2307077.0
2314640.0,2246109.0,2316703.0
2306766.0,196230.0,2304149.0
2318373.0,2257512.0,2309216.0
2308471.0,2255693.0,2308121.0
2318961.0,2246607.0,2399467.0
2332776.0,2245983.0,2307791.0
2305417.0,2246045.0,2307812.0
2322363.0,2257817.0,2308564.0
2311182.0,2258010.0,2305272.0
2298685.0,2257760.0,2307478.0
2302851.0,2245968.0,2329063.0
2314532.0,2258142.0,2420726.0
2306857.0,2243734.0,777.0
2369632.0,2258941.0,243853.0
2308617.0,2256573.0,2170772.0
2323516.0,2256947.0,2312099.0
2336749.0,2257088.0,2310129.0
2314504.0,2258210.0,2305049.0
2314077.0,2257493.0,2307945.0
2315696.0,2262393.0,2312631.0
2318571.0,2245689.0,2306614.0
2315705.0,2260750.0,2414627.0
2314340.0,2259558.0,2321137.0
2322932.0,2257479.0,2310837.0
2318777.0,2319784.0,2310265.0
2322697.0,2244840.0,2312734.0
2313669.0,196634.0,2308269.0
2323215.0,2245963.0,2311020.0
2304864.0,2256495.0,2307681.0
2308090.0,2255789.0,2359098.0
2317200.0,2257607.0,2321022.0
2314942.0,2246443.0,2290310.0
2305818.0,2257510.0,360172.0
2349381.0,2257673.0,255634.0
2319327.0,2245341.0,2322431.0
2305236.0,2246124.0,2316900.0
2320028.0,2255339.0,352171.0
2320085.0,2247170.0,2307024.0
2301140.0,2258476.0,2296596.0
2335426.0,2246251.0,360921.0
2308615.0,2255836.0,752501.0
2324803.0,2256009.0,253788.0
2321941.0,2247403.0,334301.0
2317444.0,2257654.0,253624.0
2306824.0,2257673.0,2317243.0
2312430.0,2267068.0,255792.0
2329571.0,2257428.0,2298714.0
2304542.0,2244982.0,2316214.0
2321396.0,196164.0,251990.0
2327931.0,195908.0,2316725.0
2319457.0,2278744.0,254788.0
2307006.0,2257291.0,2320532.0
2303298.0,2257120.0,2321590.0
2315231.0,2257457.0,2320566.0
2306544.0,2259083.0,2301149.0
2319329.0,2252130.0,2323556.0
2324364.0,2245921.0,2326898.0
2319265.0,2244243.0,2297363.0
2304872.0,196060.0,256055.0
2305527.0,2241845.0,255008.0
2306909.0,2256706.0,2321171.0
2325470.0,2245010.0,2306856.0
2301587.0,2250087.0,253411.0
2305825.0,196257.0,2314879.0
2303658.0,2257191.0,2318652.0
2303275.0,2258553.0,254889.0
2321457.0,2258875.0,334566.0
2316789.0,2245282.0,2416751.0
2306578.0,2246083.0,754376.0
2324929.0,2244967.0,2288298.0
2304133.0,731.0,360919.0
2368894.0,2257929.0,750071.0
2311582.0,2258849.0,335524.0
2315621.0,2245634.0,2412091.0
2302914.0,2257496.0,2320206.0
2308709.0,2256514.0,2329131.0
2305499.0,2246363.0,253711.0
2307462.0,2247315.0,273182.0
2314488.0,2245332.0,2418084.0
2313315.0,2245383.0,363591.0
2299799.0,2247516.0,2320554.0
2317213.0,2257940.0,2113934.0
2315104.0,2249478.0,2332872.0
2332475.0,2258479.0,2305842.0
2313447.0,273963.0,1542495.0
2308930.0,2295417.0,1887975.0
2306956.0,2257796.0,2209287.0
2305578.0,2247730.0,255803.0
2303797.0,2246021.0,2292824.0
2304243.0,195954.0,2325257.0
2303344.0,2259489.0,2330526.0
2304282.0,2245844.0,2321408.0
2301097.0,2247885.0,2320916.0
2307460.0,2245221.0,2319599.0
2299909.0,2259179.0,2332669.0
2329535.0,2256146.0,365561.0
2329868.0,2249552.0,2321388.0
2326081.0,2258019.0,2416214.0
2306982.0,2244646.0,332741.0
2305990.0,2245805.0,2289619.0
2300218.0,2256200.0,2321259.0
2318907.0,2249791.0,2318001.0
2305542.0,2269125.0,2318575.0
2335218.0,2256215.0,2317842.0
2323809.0,2256872.0,2321609.0
2302332.0,2258059.0,753240.0
2318042.0,2264156.0,2319706.0
2320486.0,2248400.0,2412800.0
2317925.0,2245002.0,253976.0
2304052.0,2246372.0,2297265.0
2306057.0,2257553.0,2291178.0
2320371.0,2259423.0,2316746.0
2319444.0,2245222.0,334001.0
2315585.0,2245874.0,2320661.0
2315078.0,2249910.0,2102010.0
2319653.0,2261166.0,2322012.0
2307725.0,2244916.0,2338967.0
2309711.0,2248006.0,336230.0
2315868.0,2256027.0,2297648.0
2317741.0,2252354.0,255221.0
2304636.0,2244175.0,2318409.0
2308532.0,2262266.0,290259.0
2304114.0,2246904.0,2321073.0
2308320.0,2256980.0,254226.0
2307490.0,2243522.0,2319856.0
2316370.0,202431.0,2320772.0
2309816.0,2257945.0,2310370.0
2317000.0,2257812.0,2321440.0
2305432.0,2252570.0,2293004.0
2305698.0,2257251.0,2296203.0
2313273.0,2258879.0,253081.0
2311406.0,2246396.0,2289747.0
2318740.0,2247944.0,2297933.0
2306464.0,2259910.0,2317719.0
2319125.0,2258339.0,2321266.0
2325021.0,2245815.0,2334506.0
2304118.0,2258391.0,2331262.0
2305944.0,2294535.0,253909.0
2318876.0,2257607.0,2319236.0
2310296.0,2257681.0,2317193.0
2309378.0,2250173.0,2294425.0
2301170.0,2257848.0,2319062.0
2308474.0,2255412.0,2321070.0
2304702.0,2273818.0,2318364.0
2310008.0,2249662.0,252620.0
2301188.0,2257548.0,2321276.0
2318258.0,2244717.0,2320938.0
2308928.0,2279147.0,2296959.0
2319255.0,2257791.0,2004742.0
2316124.0,2244746.0,2310083.0
2316475.0,2250606.0,2317449.0
2315579.0,2257961.0,254578.0
2300438.0,2258040.0,2301137.0
2300675.0,2249687.0,2288866.0
2317394.0,2245652.0,2035234.0
2305846.0,2244803.0,2301689.0
2302538.0,2274800.0,253429.0
2310428.0,2255729.0,2291509.0
2318980.0,2246137.0,2411308.0
2314991.0,2256875.0,2297848.0
2304807.0,2256840.0,2318032.0
2320081.0,2253142.0,336823.0
2312707.0,2259662.0,2319336.0
2322844.0,2257839.0,2318699.0
2318449.0,2258277.0,253908.0
2309294.0,2244742.0,2318489.0
2324216.0,2256816.0,2298114.0
2308291.0,2245474.0,2321857.0
2323232.0,2255972.0,2319040.0
2307819.0,667.0,253697.0
2328429.0,195422.0,2417003.0
2319634.0,2720196.0,2416399.0
2319722.0,2257931.0,2317000.0
2314268.0,2257332.0,2310615.0
2302423.0,2250344.0,2320795.0
2320393.0,2243811.0,2326865.0
2313387.0,2250516.0,333534.0
2308016.0,2256341.0,2309200.0
2332746.0,2257176.0,360555.0
2315959.0,2255924.0,2323367.0
2305993.0,2256227.0,254520.0
2321527.0,2249750.0,2299893.0
2304736.0,2244792.0,2290396.0
2320990.0,2258400.0,2318367.0
2307672.0,2249950.0,362876.0
2317306.0,2243875.0,1322049.0
2323642.0,2257666.0,2319440.0
2304063.0,2251249.0,2298784.0
2308660.0,2245719.0,2332272.0
2305351.0,2257472.0,2315855.0
2324786.0,2246403.0,255420.0
2311092.0,2257326.0,2292955.0
2304357.0,2252441.0,434169.0
2308834.0,2245604.0,363560.0
2307324.0,2248660.0,334755.0
2304581.0,2245482.0,2317032.0
2300038.0,2259804.0,361541.0
2307190.0,2247521.0,2328738.0
2301309.0,2256536.0,2301186.0
2318205.0,2250645.0,2301071.0
2313371.0,2256343.0,2294034.0
2322486.0,2257676.0,750986.0
2316600.0,2257532.0,2318259.0
2314224.0,2258581.0,1750844.0
2307848.0,2258266.0,2319954.0
2311706.0,2256803.0,255111.0
2330619.0,2245061.0,2324255.0
2320366.0,2247171.0,2319862.0
2298173.0,2261656.0,2316831.0
2307812.0,2249678.0,252079.0
2307987.0,2256771.0,253848.0
2301351.0,2242796.0,2320067.0
2314110.0,2244432.0,2299117.0
2305426.0,2248365.0,2318595.0
2314438.0,2257648.0,2307220.0
2304437.0,2244502.0,749923.0
2304165.0,2261401.0,353472.0
2314340.0,2257666.0,752832.0
2309256.0,2244371.0,2292243.0
2316384.0,2263512.0,2319902.0
2316032.0,2253512.0,252484.0
2314807.0,2258704.0,2289869.0
2314581.0,2249991.0,751099.0
2316909.0,2255912.0,350286.0
2316362.0,2244267.0,2286957.0
2318403.0,2246110.0,2318707.0
2305412.0,2246179.0,2413798.0
2302065.0,2250429.0,253760.0
2313989.0,2241568.0,2322603.0
2305138.0,2243927.0,331540.0
2304048.0,2254672.0,253853.0
2319054.0,2244988.0,2319462.0
2315461.0,2257028.0,2319160.0
2304998.0,2247275.0,2292366.0
2305736.0,2246616.0,2326148.0
2308934.0,2246198.0,2317921.0
2316158.0,2257676.0,2318945.0
2303927.0,2257182.0,2399649.0
2314323.0,2246280.0,2397590.0
2317981.0,2256439.0,2355188.0
2307067.0,2243689.0,2397387.0
2314664.0,2254614.0,2393326.0
2317749.0,2250889.0,2394434.0
2306559.0,2245372.0,2390050.0
2316563.0,2256175.0,2391191.0
2304929.0,2256715.0,2400161.0
2314611.0,2303804.0,2401247.0
2320616.0,2238376.0,2396538.0
2329870.0,2255489.0,2394439.0
2322882.0,2259462.0,2394832.0
2304257.0,2257101.0,2395155.0
2307936.0,2257490.0,2398304.0
2316892.0,2244441.0,2397727.0
2311129.0,2249936.0,2399418.0
2304413.0,2256589.0,2394430.0
2301351.0,2251118.0,2398363.0
2315171.0,2260121.0,2399190.0
2329166.0,2249951.0,2409690.0
2320120.0,2252218.0,2401051.0
2305000.0,2257738.0,2398227.0
2320502.0,2258005.0,2395682.0
2319537.0,2246159.0,2397296.0
2279343.0,2258481.0,2402629.0
2282887.0,2260124.0,2394589.0
2379913.0,2256606.0,2399280.0
2277286.0,2249814.0,2409407.0
2288284.0,2256527.0,2396965.0
2278097.0,2257043.0,2393559.0
2278597.0,2243955.0,2411461.0
2280915.0,2251052.0,2395725.0
2286323.0,2257809.0,2395733.0
2290334.0,2258032.0,2401617.0
2288971.0,2257955.0,2397586.0
2291831.0,2249809.0,2402784.0
2353141.0,2246743.0,2395827.0
2284343.0,2256830.0,2407735.0
2378394.0,2257136.0,2392780.0
2285166.0,2248069.0,2395241.0
2328611.0,2284835.0,2397021.0
2308746.0,2257677.0,2399218.0
2280630.0,2257273.0,2400332.0
2282018.0,2250732.0,2395981.0
2367717.0,2256215.0,2394382.0
2294355.0,2246337.0,2395455.0
2286781.0,2257595.0,2391946.0
2284185.0,2245946.0,2372782.0
2293186.0,2267054.0,2397161.0
2282664.0,2258000.0,2409252.0
2288071.0,2255198.0,2399526.0
2282207.0,2247953.0,2412133.0
2293010.0,2256666.0,2398278.0
2278717.0,2244952.0,2401041.0
2285173.0,2269163.0,2394975.0
2293890.0,2244825.0,72626.0
2275424.0,2256222.0,34067.0
2280960.0,2249331.0,2299201.0
2279872.0,2257409.0,2402051.0
2289734.0,2258731.0,2395713.0
2286885.0,2247386.0,2399577.0
2280164.0,2244707.0,2399724.0
2290449.0,2243575.0,2398321.0
2281360.0,2256762.0,2364608.0
2278664.0,2257657.0,2328490.0
2287358.0,2276401.0,2433931.0
2289819.0,2256510.0,2400144.0
2281916.0,2244835.0,2404173.0
2277731.0,2244263.0,2390478.0
2277755.0,2258277.0,2395702.0
2281019.0,2250015.0,2396473.0
2282493.0,2259450.0,2398602.0
2289819.0,2257053.0,2397670.0
2294299.0,2255183.0,2404111.0
2278524.0,2244891.0,2409857.0
2283468.0,2257125.0,2359207.0
2276172.0,2245767.0,2397885.0
2280493.0,2247622.0,2371846.0
2280298.0,2245982.0,2399516.0
2296950.0,2244994.0,2401604.0
2287775.0,2255788.0,2395725.0
2373679.0,2245245.0,2406120.0
2278381.0,2257776.0,2400273.0
2282747.0,2257223.0,2397406.0
2287779.0,2321348.0,2402652.0
2288319.0,2307074.0,2392374.0
2284546.0,2258214.0,2400930.0
2282679.0,2347126.0,2402499.0
2380796.0,2347126.0,2387304.0
2279591.0,2255970.0,2401067.0
2288154.0,2258832.0,2401267.0
2280458.0,2256357.0,2400941.0
2375477.0,2260210.0,2396588.0
2284257.0,2261762.0,2391924.0
2290396.0,2257248.0,2359315.0
2393090.0,2256333.0,2413542.0
2371394.0,2256532.0,2393356.0
2278513.0,2346462.0,2399926.0
2366900.0,2249453.0,2419405.0
2372446.0,2284373.0,2393258.0
2372890.0,2348091.0,2396221.0
2290288.0,2297522.0,2397174.0
2281420.0,2349280.0,2405686.0
2284728.0,2348624.0,2400510.0
2283093.0,2255538.0,2395901.0
2284216.0,2257232.0,2396132.0
2287682.0,2257425.0,2395839.0
2299749.0,2251587.0,2394979.0
2281043.0,2259707.0,2396636.0
2283908.0,2257690.0,2425539.0
2288184.0,2349549.0,2397153.0
2281829.0,2258421.0,2399181.0
2317601.0,2257239.0,2399533.0
2286162.0,2257410.0,2395053.0
2297683.0,2347183.0,2395356.0
2280892.0,2257235.0,2399435.0
4739.0,2268573.0,235696.0
2276110.0,2256349.0,2166681.0
4739.0,3251653.0,2395996.0
4739.0,2347881.0,2394022.0
4799.0,2257931.0,2407680.0
4799.0,2257395.0,2397880.0
4759.0,2257407.0,2401955.0
4707.0,2326905.0,2393451.0
4759.0,2257466.0,2403030.0
4739.0,2346583.0,2397083.0
4739.0,2346465.0,2398805.0
4695.0,2346589.0,2395157.0
4695.0,2260781.0,2395382.0
4739.0,2346877.0,2409310.0
4695.0,2345698.0,2397601.0
2277257.0,2250689.0,2408254.0
2283865.0,2346293.0,2396198.0
2284284.0,2256208.0,2405655.0
2280416.0,3163572.0,2396215.0
2278352.0,2257730.0,4299.0
2279795.0,2257497.0,238328.0
2285431.0,2257389.0,2167546.0
2370599.0,2289819.0,2399084.0
2281066.0,2275990.0,2397706.0
2280753.0,2258337.0,2396185.0
4799.0,2348979.0,2397975.0
4739.0,2256235.0,2394990.0
4695.0,2347070.0,2404864.0
4759.0,2257891.0,2401567.0
4739.0,2344488.0,2397052.0
4803.0,2347490.0,2393070.0
4675.0,2256951.0,2403389.0
4739.0,2257794.0,2386113.0
4759.0,2257311.0,2412694.0
4727.0,2257290.0,2396250.0
4799.0,2257402.0,2392156.0
4739.0,2256119.0,2395918.0
731481.0,2345321.0,2401761.0
2286432.0,2256385.0,2400532.0
2330346.0,2250826.0,2398727.0
2369163.0,2256724.0,2399377.0
2277590.0,2258502.0,2396894.0
2285681.0,2347312.0,2401064.0
2282488.0,2276054.0,2396982.0
2283415.0,2257657.0,2392993.0
2276880.0,2256034.0,2393811.0
4675.0,2258586.0,2389777.0
4641.0,2325147.0,2396946.0
228808.0,2257339.0,2392892.0
2071432.0,2258635.0,2401146.0
2280142.0,2345315.0,2389946.0
2277596.0,2257621.0,2398971.0
2291537.0,2351915.0,2394800.0
2283551.0,2346821.0,2393426.0
2279293.0,2258618.0,2400021.0
2283684.0,2345064.0,2398268.0
2334745.0,2254616.0,2391192.0
2357239.0,2255639.0,2393397.0
2290918.0,2261537.0,2403112.0
2364157.0,2250472.0,2402191.0
2278521.0,2259996.0,2397155.0
2278734.0,2257596.0,2405176.0
2365741.0,2257379.0,2397663.0
2330903.0,2260461.0,2401281.0
2374686.0,2257613.0,2399632.0
2317031.0,2251566.0,2425156.0
2277193.0,2257940.0,2345715.0
2286663.0,2257715.0,2399223.0
2290841.0,2267056.0,2396910.0
2289684.0,2344206.0,2395769.0
2279672.0,2346625.0,2397003.0
2294870.0,2258110.0,100583.0
2292571.0,2310195.0,2303362.0
2277796.0,2346357.0,2402091.0
2285692.0,2256866.0,2362132.0
2281788.0,2258530.0,2400032.0
2372168.0,2284626.0,2395697.0
2295521.0,2257921.0,2391163.0
2284709.0,2315808.0,2396122.0
2276732.0,2267925.0,2396295.0
2280780.0,2258276.0,2397805.0
2367748.0,23900.0,2396767.0
2283226.0,2348126.0,2362697.0
2291120.0,2292957.0,2394630.0
2278437.0,2345474.0,2405479.0
2285699.0,2344498.0,2405054.0
2283594.0,2256747.0,2400259.0
2288044.0,3162365.0,2395926.0
2288782.0,2256169.0,2400683.0
2280170.0,2258116.0,2408760.0
2291776.0,3253875.0,2402207.0
2283125.0,2347550.0,2396976.0
2306871.0,2348885.0,2399015.0
2295314.0,3252024.0,2393039.0
2366476.0,2248422.0,2394682.0
2276675.0,2248813.0,2400398.0
2281899.0,2257546.0,2398587.0
2367668.0,2249081.0,2395197.0
2289193.0,2257848.0,2396874.0
2279465.0,2259036.0,2393321.0
2284196.0,2267993.0,2394028.0
2284489.0,2345014.0,2393069.0
2293882.0,2345720.0,2397232.0
2286162.0,2250708.0,2391259.0
2280589.0,2257723.0,2384813.0
2289764.0,2255703.0,2417740.0
2286635.0,2257671.0,2363243.0
2286863.0,2327328.0,2412509.0
2377315.0,2346557.0,2323529.0
2281543.0,2346939.0,2320706.0
2285351.0,2257025.0,2319515.0
2286823.0,2257556.0,2336227.0
2281397.0,2321015.0,2319191.0
2281681.0,2268818.0,2325510.0
2278450.0,2257504.0,2320978.0
2281074.0,2257345.0,2323495.0
2287020.0,2348193.0,2334428.0
2287699.0,3250464.0,2321638.0
2285310.0,3250278.0,2337102.0
2279999.0,2256868.0,2321754.0
2289057.0,2317503.0,2334445.0
2287361.0,3258641.0,2326040.0
2281589.0,2305417.0,2319385.0
2364443.0,2261322.0,2320461.0
2290185.0,2347360.0,2324351.0
2284850.0,2257645.0,2317345.0
4791.0,2248359.0,2328356.0
4675.0,2251024.0,2319216.0
4759.0,3251342.0,2322526.0
4739.0,2346669.0,2318263.0
2311239.0,2346558.0,777.0
4601.0,2258963.0,254358.0
5087.0,2256047.0,88090.0
4747.0,2346532.0,2302322.0
4739.0,2345295.0,2303701.0
4759.0,3254943.0,2319199.0
4759.0,2258536.0,2319340.0
5237.0,2263164.0,1227995.0
4739.0,2257726.0,2335330.0
5126.0,2348407.0,2324411.0
4683.0,2347435.0,2321266.0
4631.0,2345004.0,2322335.0
2287411.0,2346767.0,2335579.0
2286933.0,2349613.0,2323020.0
2279661.0,2251324.0,2319439.0
2278150.0,2257603.0,2340522.0
2286084.0,3250687.0,2336865.0
2385157.0,2257965.0,2321208.0
2281447.0,2257444.0,2322010.0
2285575.0,2347059.0,2318549.0
2281259.0,2257768.0,331611.0
2291630.0,2257443.0,2328346.0
11756.0,2347488.0,2323292.0
2289874.0,2303611.0,2320065.0
2285539.0,2348233.0,2321669.0
2292180.0,2256694.0,2318909.0
2279503.0,2249482.0,2322240.0
2281965.0,2255245.0,2319496.0
2284431.0,2256247.0,2321344.0
2350847.0,2302874.0,2323090.0
2287137.0,2324481.0,352489.0
2287622.0,731.0,2317006.0
2285131.0,2346635.0,2336875.0
2285287.0,2347338.0,1155047.0
2279018.0,2335503.0,2321577.0
2288972.0,2274625.0,1112335.0
2318541.0,2347189.0,2320373.0
2383003.0,2249292.0,2337248.0
2280384.0,2343111.0,2323669.0
2363723.0,2347392.0,2321923.0
2365973.0,2345590.0,2318608.0
2365123.0,2346740.0,2336735.0
2381260.0,2346777.0,2308514.0
2277343.0,2309222.0,2325255.0
2365716.0,2334989.0,2334139.0
2372530.0,2346715.0,2319093.0
2307369.0,2257097.0,2318793.0
2374009.0,2258278.0,2319973.0
2376328.0,2250178.0,2321407.0
2379689.0,2347300.0,2317462.0
2286159.0,2257710.0,2320826.0
2375229.0,2343645.0,2317859.0
2367549.0,2250202.0,351991.0
2321654.0,2257112.0,2318594.0
2289340.0,94916.0,2327132.0
2279658.0,2346237.0,2332988.0
2373506.0,2257247.0,2319445.0
2369448.0,94520.0,2317682.0
2277370.0,2257819.0,2317789.0
2281244.0,2347931.0,2323766.0
2278437.0,2257529.0,2319008.0
2369297.0,2250771.0,2317287.0
2373223.0,2255936.0,2321531.0
2358812.0,2256770.0,2318158.0
2380264.0,2260108.0,2319034.0
2368782.0,2255342.0,2319153.0
2365851.0,2259263.0,2321774.0
2286895.0,2347776.0,2319726.0
2276367.0,2255526.0,2420578.0
2376973.0,2257245.0,2317637.0
2388113.0,2260826.0,2327835.0
2285101.0,2264387.0,2331592.0
2393562.0,2259821.0,2320819.0
2370546.0,2262693.0,2326158.0
2324159.0,2261043.0,2322386.0
2429305.0,2260654.0,2319484.0
2318465.0,2260845.0,2319824.0
2375021.0,2263334.0,2295920.0
2278421.0,2260327.0,2318318.0
2278982.0,2261990.0,2321108.0
2372615.0,2267644.0,2335258.0
2387722.0,2262126.0,2319038.0
2367925.0,2263993.0,2333643.0
2399998.0,2262096.0,1839748.0
2403423.0,2260943.0,2320240.0
2378704.0,2262700.0,2319229.0
2281356.0,2263298.0,2334419.0
2374179.0,2261479.0,2322211.0
2367307.0,2264621.0,2320469.0
2374614.0,2270875.0,2323592.0
2398203.0,2262274.0,2318053.0
2369601.0,2262865.0,2319381.0
2279891.0,2262145.0,2322919.0
2381860.0,2261782.0,2319309.0
2363916.0,2262126.0,2319878.0
2297576.0,2265849.0,2318275.0
2371424.0,2261778.0,2320505.0
2363957.0,2263090.0,2320941.0
2397612.0,314708.0,2320895.0
2377882.0,2262156.0,1697160.0
2285276.0,2260766.0,2324660.0
2275730.0,2262141.0,2320545.0
2372165.0,2353599.0,2323219.0
2374872.0,2262613.0,2322252.0
2369566.0,2261459.0,2310637.0
2282137.0,2260490.0,2321042.0
2400647.0,2261214.0,2336263.0
2405334.0,2261601.0,2320114.0
2373813.0,2262801.0,2324141.0
2379819.0,2263857.0,2319749.0
2365631.0,2260734.0,2317384.0
2365734.0,2262205.0,2338729.0
2378360.0,2262879.0,2317589.0
2280967.0,2267088.0,2319907.0
2365905.0,2275104.0,2322114.0
2390128.0,2261397.0,2323295.0
2276915.0,2262669.0,2301087.0
2374665.0,2263773.0,2327684.0
2373825.0,2263198.0,2318669.0
2394667.0,2262586.0,2298705.0
2393832.0,2262786.0,2335548.0
2277402.0,2262131.0,2332183.0
2370593.0,2262445.0,2322868.0
2406563.0,2262245.0,2323113.0
2377830.0,2261831.0,2334931.0
2365550.0,2260504.0,2343134.0
2364654.0,2261033.0,2334915.0
4831.0,2262524.0,2323069.0
4739.0,2262937.0,2328213.0
4823.0,2261890.0,2319208.0
4799.0,2233649.0,2319960.0
4759.0,2260801.0,2321851.0
4735.0,2262494.0,2316169.0
4759.0,2262437.0,2335427.0
4739.0,2263045.0,1479443.0
4759.0,2263535.0,2323207.0
4715.0,2260131.0,2320112.0
4735.0,2261371.0,2326624.0
4759.0,2263042.0,2321305.0
2290410.0,2262509.0,2321886.0
4661.0,2262098.0,2297859.0
6160.0,2260895.0,2334868.0
4675.0,2262437.0,2334319.0
4799.0,2248275.0,2314253.0
4759.0,2266155.0,2319802.0
4739.0,2263304.0,2318814.0
4771.0,2263201.0,2320969.0
2288123.0,2260369.0,2311410.0
2402530.0,2262536.0,2341472.0
2377640.0,2261476.0,680242.0
2284280.0,2263803.0,2320424.0
2370763.0,2262125.0,2293220.0
2364776.0,2264395.0,2320262.0
2380944.0,2262777.0,2321335.0
2364079.0,2261681.0,2319283.0
2276833.0,2261661.0,753847.0
2375094.0,2262510.0,2422438.0
2288361.0,2262639.0,2321763.0
2279366.0,2261327.0,2316821.0
2366938.0,2261858.0,2324548.0
2399792.0,2263416.0,2332890.0
2286002.0,2262556.0,2323762.0
2277914.0,2262428.0,2336713.0
2366087.0,2263012.0,2320290.0
2375637.0,2260660.0,2320117.0
2350057.0,2263588.0,2323731.0
2381906.0,2266788.0,2328325.0
2387148.0,2261217.0,2320763.0
2390220.0,2260269.0,2320941.0
2284211.0,2261522.0,2332958.0
2282948.0,2262230.0,2319841.0
2278399.0,2262632.0,2319447.0
2370584.0,2262305.0,2318512.0
2285396.0,2265189.0,2318830.0
2366924.0,2264732.0,2320302.0
2285795.0,2262601.0,2325437.0
4675.0,2263229.0,2320621.0
4651.0,2261901.0,2324079.0
4759.0,2264407.0,2321332.0
2300045.0,2260485.0,2318658.0
4703.0,2262940.0,2321424.0
4799.0,2266167.0,2320335.0
4707.0,2259967.0,2411037.0
4695.0,2263363.0,2319470.0
4739.0,2262856.0,1880413.0
4759.0,2261894.0,2322381.0
4695.0,2259861.0,2320019.0
4695.0,2261232.0,2321911.0
4759.0,2264784.0,2318558.0
4675.0,2270253.0,2322675.0
4663.0,2261874.0,2314595.0
4727.0,2263790.0,2340922.0
4739.0,2263588.0,2336758.0
4779.0,2265774.0,2322770.0
4715.0,2261868.0,2319828.0
4739.0,2261463.0,2307192.0
4759.0,2260911.0,2405357.0
4675.0,2264441.0,2306801.0
4695.0,2262201.0,2309200.0
4695.0,2262149.0,2308623.0
4695.0,2262694.0,1144482.0
4739.0,2261812.0,2306013.0
4759.0,2262218.0,2416333.0
4675.0,2243629.0,2311256.0
4651.0,2262399.0,2406949.0
4695.0,2261311.0,2321466.0
4695.0,2260750.0,2417029.0
2377157.0,2262034.0,2312576.0
2373570.0,2261746.0,2406975.0
2275981.0,2262732.0,2311609.0
2279161.0,2271792.0,2318183.0
2373038.0,2262721.0,2321046.0
2370296.0,2261025.0,2310438.0
2349941.0,2264425.0,2322333.0
2365458.0,2264775.0,2321373.0
2365160.0,2262412.0,2309867.0
2374731.0,2262628.0,2312390.0
2377013.0,2263000.0,2308963.0
2369228.0,2264040.0,2313454.0
2374614.0,2261039.0,2319981.0
2367324.0,2265177.0,2309268.0
2374909.0,2263999.0,2309013.0
2374131.0,2262045.0,2305409.0
2398929.0,2262649.0,2317645.0
2281977.0,2261412.0,2308532.0
2286347.0,2259746.0,2323671.0
2358761.0,2261486.0,2308047.0
2286854.0,2263625.0,2307932.0
2278479.0,2262363.0,2305880.0
2285931.0,2262387.0,2304827.0
2376940.0,2260854.0,2305940.0
2286457.0,2262687.0,2405636.0
2376633.0,2266033.0,2303282.0
2371717.0,2260709.0,2292927.0
2383643.0,2264730.0,2302198.0
2366111.0,2262425.0,2322392.0
2377513.0,2264314.0,2312412.0
2390234.0,2263999.0,2303089.0
2281152.0,2261406.0,2321502.0
2397042.0,2262865.0,2301765.0
2366557.0,2262126.0,2416770.0
2375073.0,2261413.0,2312760.0
2377201.0,2263330.0,2305585.0
2376997.0,2261660.0,2308529.0
2374284.0,2262451.0,2320706.0
2367496.0,2261005.0,2314837.0
2286269.0,2263377.0,2307561.0
2392080.0,2261863.0,2320885.0
2393477.0,2262613.0,2310554.0
2287520.0,2260117.0,2308382.0
2374701.0,2262449.0,2307605.0
2284693.0,2264323.0,2309536.0
2278375.0,2261875.0,2310996.0
2375363.0,2267134.0,2315217.0
2365201.0,2263956.0,2312786.0
2291497.0,2264956.0,2317729.0
2288222.0,2263289.0,2310902.0
2378471.0,2263840.0,2308372.0
2279977.0,2261847.0,777.0
2283258.0,2261913.0,246255.0
2367519.0,2261012.0,7563.0
2374910.0,2263037.0,2175967.0
2279915.0,2261183.0,2329035.0
2386688.0,2262390.0,2306903.0
2365931.0,2265274.0,2323205.0
2278656.0,2261348.0,2321744.0
2280951.0,2262488.0,2319334.0
2280533.0,2263471.0,2410901.0
2375310.0,2263210.0,2309898.0
2372471.0,2263443.0,2308239.0
2372146.0,2264143.0,2416105.0
2365311.0,2257882.0,2309970.0
2286578.0,2265613.0,2320540.0
2377018.0,2263809.0,2308633.0
2374295.0,2263492.0,2308528.0
2399076.0,2260618.0,2415985.0
2399469.0,2264955.0,2308421.0
2280076.0,2261837.0,2321170.0
2389381.0,2262174.0,2309909.0
2364327.0,2264632.0,2312582.0
2365546.0,2263617.0,2320109.0
2366274.0,2261945.0,2311452.0
2378347.0,2262731.0,2399561.0
2281297.0,2262244.0,2314997.0
2372820.0,2264299.0,2401537.0
2364913.0,2266345.0,2320006.0
2291811.0,2264150.0,2306589.0
2401765.0,2262469.0,2319178.0
2297380.0,2260492.0,2313109.0
2284105.0,2262980.0,2305970.0
2278566.0,2263261.0,2308990.0
2395903.0,2261897.0,2321501.0
2388100.0,2264419.0,2323456.0
4739.0,2352515.0,2307798.0
4739.0,2263686.0,2308036.0
4739.0,2261338.0,2316051.0
4739.0,2265911.0,777.0
4759.0,2263795.0,2297933.0
4739.0,2260961.0,2308840.0
4759.0,2256393.0,2312933.0
4739.0,2259530.0,2319412.0
4739.0,2267874.0,2317168.0
4759.0,2262421.0,2308795.0
4799.0,2258280.0,2323552.0
4759.0,2259664.0,2307487.0
4695.0,2258707.0,2306526.0
4695.0,3171009.0,2313287.0
4695.0,2259938.0,2306290.0
4739.0,2256932.0,2320120.0
4759.0,2258326.0,2306233.0
4735.0,2260933.0,2318091.0
4631.0,3250926.0,2311943.0
4671.0,3258085.0,2321907.0
4715.0,2259178.0,2317424.0
4643.0,2257991.0,2312295.0
4799.0,2260043.0,2318282.0
4695.0,2247907.0,2309976.0
4799.0,2257291.0,2319666.0
4739.0,2259274.0,2414340.0
4739.0,2261354.0,2308596.0
4779.0,2264702.0,2308103.0
4759.0,2259301.0,2304946.0
4735.0,2258755.0,2307012.0
4803.0,2249371.0,2309027.0
4791.0,2257568.0,2319494.0
4759.0,2259674.0,2311949.0
4823.0,2250139.0,2309778.0
4863.0,2260537.0,2318002.0
4831.0,2250093.0,2308155.0
4759.0,2258912.0,2310806.0
4739.0,2257284.0,2308907.0
4779.0,2346294.0,2318501.0
4739.0,2268614.0,2312082.0
4759.0,2258086.0,2310420.0
4675.0,2261053.0,2312061.0
4759.0,2257325.0,2415646.0
4791.0,2345197.0,2312071.0
4739.0,2257123.0,2307596.0
4695.0,2271440.0,2320349.0
4695.0,2257665.0,2309528.0
4695.0,2257671.0,2319582.0
4695.0,3257447.0,2321525.0
4739.0,2257738.0,2313812.0
4695.0,2250499.0,2401736.0
4759.0,2256937.0,2309823.0
4739.0,2258636.0,2407152.0
4759.0,2257378.0,2305375.0
4739.0,2259765.0,2308697.0
4771.0,2258744.0,2318658.0
2367654.0,2256108.0,2307544.0
4739.0,2287394.0,2309986.0
4739.0,2257237.0,2311468.0
2373856.0,2257694.0,2319233.0
2369049.0,2258305.0,2311095.0
2373810.0,2248551.0,2312576.0
2367879.0,2255336.0,2311046.0
2376146.0,2259642.0,2319749.0
2360748.0,3257472.0,2310748.0
2398908.0,2259856.0,2310726.0
2378093.0,2259432.0,2407205.0
2363635.0,2260109.0,2315353.0
2368538.0,2257770.0,2312011.0
2416921.0,2254945.0,2308132.0
2362973.0,2346256.0,2405881.0
2361322.0,2250757.0,2311837.0
2392370.0,2272166.0,2310437.0
2361678.0,2258262.0,2305164.0
2373809.0,2257244.0,2306621.0
2375970.0,2258833.0,1160464.0
2373843.0,2356629.0,2415618.0
2365317.0,2257858.0,2306294.0
2376346.0,2260245.0,2312136.0
2365246.0,2250338.0,2321566.0
2398588.0,2258988.0,2305530.0
2374977.0,2256494.0,2308540.0
2364373.0,2354333.0,2404756.0
2372327.0,2286276.0,2323664.0
2401086.0,2250648.0,2320581.0
2364106.0,2257871.0,2322399.0
2454876.0,2259193.0,1868680.0
2359912.0,2258366.0,2309708.0
2372108.0,2250554.0,2306164.0
2360853.0,2256117.0,2311856.0
2370864.0,2251084.0,2310836.0
2366808.0,2257634.0,2307454.0
6694.0,2263609.0,2308344.0
2385594.0,2267777.0,2401531.0
2364809.0,3169939.0,2306069.0
2365279.0,2258206.0,2320976.0
2383446.0,2257824.0,2311876.0
2364538.0,2259034.0,2408043.0
2354322.0,2256551.0,2310663.0
2364132.0,2260472.0,2406289.0
2367050.0,2257496.0,2307585.0
2371314.0,2258210.0,1837043.0
2359950.0,2259202.0,2311041.0
2372893.0,2258859.0,2311544.0
2367441.0,2258304.0,2310475.0
2450819.0,2259907.0,2412939.0
2367803.0,2259620.0,2307070.0
2367176.0,2257097.0,2316271.0
2376690.0,74934.0,2321816.0
2375729.0,2258428.0,2402332.0
2370066.0,2256993.0,2405930.0
2371014.0,2261072.0,2401476.0
2369082.0,2259032.0,2419442.0
2376113.0,2259473.0,2401951.0
2449579.0,2257778.0,2402704.0
2368018.0,2267475.0,2399858.0
2361758.0,2260347.0,2416790.0
2361624.0,2251373.0,2399103.0
2375195.0,2255428.0,2415253.0
2370456.0,2259553.0,2415635.0
2379788.0,2259974.0,2410577.0
2360553.0,2259960.0,2390978.0
2370390.0,2258710.0,2403289.0
2367815.0,2258665.0,2415894.0
2452006.0,2256389.0,2412170.0
2414855.0,2257426.0,2407857.0
2379425.0,2262717.0,2401858.0
6694.0,2258454.0,2385038.0
2367279.0,2257940.0,2402689.0
2373645.0,2259451.0,2414988.0
2408373.0,2255472.0,2403472.0
2356785.0,2257548.0,2393522.0
2389975.0,2258048.0,2404423.0
2378403.0,2346767.0,2391647.0
2371066.0,2261491.0,2403844.0
2366259.0,2255251.0,2399953.0
2368690.0,2259887.0,2404271.0
2373252.0,2248734.0,2402061.0
2364824.0,2256699.0,2400504.0
2363553.0,2257385.0,2363239.0
2374663.0,2259779.0,2403415.0
2370935.0,2259859.0,2402864.0
2357815.0,2257138.0,2407316.0
2364061.0,2251268.0,2414542.0
2366493.0,2306003.0,2403337.0
2365712.0,2249799.0,2369607.0
2416442.0,2250099.0,2401106.0
2398477.0,2259566.0,2419737.0
2371650.0,2251259.0,2398495.0
2367008.0,2257197.0,2417908.0
2398755.0,2259374.0,2401449.0
2369010.0,2257775.0,2402166.0
2389896.0,2250110.0,2402170.0
2362465.0,2257640.0,2409545.0
2365681.0,2250832.0,2361915.0
2395453.0,2248718.0,2405772.0
2374248.0,2257139.0,2307134.0
2358603.0,2256900.0,2416223.0
2409630.0,2272292.0,2405164.0
2380121.0,2257696.0,2416583.0
2363953.0,2263221.0,2403681.0
2364924.0,2259018.0,2405888.0
2369202.0,2334545.0,2410865.0
2362700.0,2256947.0,2353982.0
2382463.0,2266029.0,2378016.0
2409739.0,2351323.0,2404201.0
2374007.0,2255674.0,2413209.0
2377361.0,2258427.0,2407872.0
2405067.0,2256552.0,2403461.0
2375534.0,2258039.0,2405940.0
2374412.0,2260421.0,2406364.0
2372612.0,2259058.0,2416795.0
6758.0,2350603.0,2406085.0
2364938.0,2262936.0,2401171.0
2369565.0,2258433.0,2405909.0
2403051.0,2259056.0,2405183.0
2363286.0,2259968.0,2393052.0
2358227.0,2261322.0,2414367.0
2379960.0,2346374.0,2403009.0
2371428.0,2256455.0,2412633.0
2353851.0,2272578.0,2424376.0
2370111.0,2256380.0,2402759.0
2354209.0,2257824.0,2405648.0
2452477.0,2256890.0,2400073.0
2360671.0,2259545.0,2412417.0
2383322.0,2258645.0,2404004.0
2402438.0,2259201.0,2406212.0
2460706.0,2264991.0,2405710.0
2365485.0,2258078.0,2416552.0
2450529.0,2259126.0,2402532.0
2408647.0,2255535.0,2401346.0
2451410.0,2257599.0,2404395.0
2415765.0,2248079.0,2405893.0
2372870.0,2257129.0,2309426.0
2364141.0,2250847.0,2402966.0
2396003.0,2249165.0,2413669.0
298908.0,2256180.0,2423217.0
2120296.0,2257179.0,2399297.0
2358976.0,2257992.0,2416276.0
2442201.0,2257880.0,2381507.0
2359169.0,2260417.0,2415558.0
2372419.0,3164693.0,2406239.0
2383999.0,2258633.0,2440715.0
2371309.0,2259025.0,2410007.0
2378386.0,2259118.0,2416502.0
2364517.0,2348373.0,2416946.0
2365379.0,2292140.0,2404431.0
2365098.0,2258931.0,2403270.0
2367462.0,2258659.0,2413665.0
2369223.0,2263416.0,2402180.0
2415325.0,2260768.0,2412447.0
2363990.0,3257413.0,2406785.0
2393635.0,2257728.0,2403011.0
2367845.0,2256263.0,2417429.0
2381702.0,2260194.0,2406929.0
2389388.0,2248403.0,2403304.0
2359504.0,2255987.0,2418775.0
2373385.0,2273850.0,2403823.0
2368397.0,2259502.0,2417100.0
2361134.0,2339114.0,2407221.0
2373911.0,3256670.0,2402095.0
2358560.0,2248727.0,2404751.0
2459496.0,2258907.0,2414050.0
2409678.0,2259542.0,2409039.0
2368265.0,2278253.0,2403863.0
2373274.0,2260522.0,2417774.0
2365064.0,2259359.0,2407605.0
2369069.0,2257190.0,2411999.0
2372203.0,2254624.0,2403442.0
2366836.0,2249527.0,2403770.0
2391007.0,2256292.0,2400328.0
2366475.0,2258117.0,2417132.0
2366615.0,2262504.0,2416901.0
2442547.0,2263673.0,2404417.0
2458866.0,2264264.0,2413766.0
2363930.0,2265089.0,2404189.0
2377313.0,2263240.0,2403805.0
2393010.0,2266180.0,2415969.0
2358508.0,2266496.0,2338019.0
2364301.0,2261802.0,2413192.0
2367127.0,2264022.0,2406240.0
2366261.0,2262035.0,2402054.0
2360497.0,2354010.0,2400681.0
2364109.0,2263396.0,2402455.0
2394107.0,2262726.0,2417056.0
2378691.0,2281120.0,2429067.0
2390894.0,2264111.0,2411192.0
2387221.0,2265420.0,2403204.0
2379326.0,2264994.0,2407048.0
2354411.0,2263475.0,2401569.0
2367018.0,2264602.0,2396235.0
2364249.0,2263590.0,2406670.0
2358853.0,2262646.0,2401653.0
2368592.0,2263289.0,2416284.0
2428588.0,2263167.0,2404311.0
2394509.0,2063591.0,2395783.0
2423195.0,206511.0,2409234.0
2366004.0,2265817.0,2403460.0
2397344.0,2263484.0,2403220.0
2389782.0,2262117.0,2403515.0
2462050.0,2266486.0,2399969.0
2366291.0,2267534.0,2403878.0
2465443.0,2265153.0,2353550.0
2390592.0,2349995.0,2405256.0
2363228.0,2261692.0,2382391.0
2361726.0,2262735.0,2405118.0
2369503.0,2260278.0,2420065.0
2379502.0,2260567.0,2416850.0
2436391.0,2260841.0,2409756.0
2367274.0,206710.0,2404035.0
2382905.0,2266228.0,2405124.0
2364695.0,2350935.0,2371988.0
2362981.0,2264143.0,2416727.0
2301230.0,2261832.0,2366596.0
2300385.0,2353327.0,2402188.0
2320473.0,2351633.0,2396982.0
2333880.0,2351010.0,2421114.0
2316002.0,2264808.0,2413867.0
2421830.0,2264510.0,2399542.0
2406124.0,2263489.0,2404157.0
2318851.0,2261602.0,2397540.0
2426869.0,2260985.0,2412531.0
2406341.0,2262475.0,2396110.0
2394748.0,2264138.0,2401921.0
2408834.0,2261621.0,2403160.0
2304488.0,2263854.0,2404781.0
2304797.0,2262978.0,2413959.0
2369455.0,2263048.0,2408051.0
2303758.0,2263831.0,2404402.0
2406077.0,2269656.0,2402125.0
2308243.0,2261357.0,2406781.0
2305896.0,2261401.0,2387136.0
2304238.0,2265233.0,2403056.0
2317726.0,2262364.0,2413661.0
2317053.0,2260200.0,2403294.0
2304047.0,2264530.0,2397723.0
2411374.0,2263606.0,2405624.0
2316475.0,2263474.0,2408964.0
2402305.0,2264576.0,2401272.0
2330245.0,2263889.0,2406272.0
2307050.0,2261998.0,2398037.0
2309621.0,2264856.0,2401323.0
2301284.0,2260949.0,2402488.0
2378756.0,2262773.0,2415865.0
2411876.0,2260432.0,2405387.0
2320772.0,2262628.0,2401760.0
2408567.0,2264531.0,2359993.0
2317761.0,2263005.0,2396589.0
2355827.0,2264797.0,2402938.0
2311937.0,2262089.0,2358098.0
2319454.0,2263196.0,2401736.0
2355979.0,2261731.0,2404379.0
2305363.0,2350397.0,2416399.0
2410633.0,2261068.0,2412095.0
2396445.0,2261881.0,2390475.0
2345070.0,2263570.0,2415232.0
2396216.0,2260855.0,2410622.0
2313162.0,2262405.0,2416066.0
2309950.0,2264543.0,2416726.0
2307027.0,2263611.0,2417128.0
2397100.0,2262934.0,2321483.0
2376500.0,2270466.0,2317550.0
2406066.0,2266177.0,2318521.0
2409710.0,2353847.0,2326676.0
2305606.0,2261067.0,2321240.0
2320902.0,2263262.0,2319120.0
2410947.0,2263092.0,2427129.0
2302117.0,2261739.0,2328057.0
2413928.0,2265825.0,2318186.0
2306187.0,2263190.0,2321815.0
2397279.0,2261832.0,2335180.0
2323742.0,2264135.0,2323223.0
2308764.0,2263656.0,2317141.0
2303443.0,2264050.0,2323945.0
2316043.0,2261750.0,2317645.0
2315266.0,2267332.0,2320361.0
2303019.0,2264002.0,2323366.0
2347352.0,2262788.0,2322078.0
2302027.0,2263972.0,2321843.0
2309270.0,2266277.0,2353371.0
2396403.0,2265361.0,2316631.0
2302139.0,2264823.0,2321126.0
2389575.0,2262617.0,2322299.0
2315059.0,2276811.0,2318523.0
2318457.0,2263276.0,2327275.0
2369055.0,2260747.0,2318834.0
2314991.0,2262582.0,2323760.0
2301742.0,2262080.0,2326452.0
2318418.0,2352969.0,2321332.0
2411957.0,2264754.0,2419966.0
2405750.0,2263164.0,2317835.0
2309340.0,2262014.0,2414326.0
2319027.0,2349071.0,2321586.0
2319604.0,206876.0,2343278.0
2308190.0,2260402.0,2325153.0
2314790.0,2264381.0,2321644.0
2321842.0,2263066.0,2338082.0
2397227.0,2267918.0,2321362.0
2305680.0,2266178.0,2321751.0
2396630.0,2263272.0,2319062.0
2305587.0,2266221.0,2321461.0
2318415.0,2266449.0,2323369.0
2407982.0,2352037.0,2320044.0
2319524.0,2263100.0,2322569.0
2314014.0,2262133.0,2321796.0
2408041.0,2263197.0,2341659.0
2317849.0,2264448.0,2319475.0
2312544.0,2260115.0,2324371.0
2313427.0,2260483.0,2318869.0
2306537.0,2262174.0,2335959.0
2315464.0,2262044.0,2316074.0
2308138.0,2352172.0,2318558.0
2338033.0,2262687.0,2333189.0
2309363.0,2266151.0,2318355.0
2403351.0,2349965.0,2337671.0
2319217.0,2262448.0,2359242.0
2303101.0,731.0,2316947.0
2311820.0,2264824.0,2429629.0
2328874.0,2263196.0,2321624.0
2327283.0,2280617.0,2418894.0
2306194.0,2351484.0,2320299.0
2304897.0,2266213.0,2317920.0
2321624.0,2263414.0,2362171.0
2307253.0,2263588.0,2318171.0
2398610.0,2262592.0,2321217.0
2305313.0,2262427.0,2319253.0
2324470.0,2264114.0,2322360.0
2349092.0,2264900.0,2320504.0
2336080.0,2263561.0,2329328.0
2312472.0,2263471.0,2334668.0
2315916.0,2262705.0,2355208.0
2323378.0,2263150.0,2323329.0
2312429.0,2264452.0,2320845.0
2307410.0,2276034.0,2317194.0
2314826.0,2263730.0,2320306.0
2320480.0,2262132.0,2323110.0
2321962.0,2262158.0,2322134.0
2412949.0,2352104.0,2320834.0
2307362.0,2263630.0,2331420.0
2408354.0,2264310.0,2323317.0
2399160.0,2265465.0,2335738.0
2330508.0,2266168.0,2319187.0
2417069.0,2262107.0,2317586.0
2356723.0,2355376.0,2322718.0
2321740.0,2262775.0,2323806.0
2315767.0,2353386.0,2319080.0
2415978.0,2264279.0,2322365.0
2316752.0,2262784.0,2321682.0
2322387.0,2265566.0,2322170.0
2386253.0,2264169.0,2322719.0
2429049.0,2263339.0,2318285.0
2346941.0,2262767.0,2335031.0
2324325.0,2265808.0,2323245.0
2322160.0,2262533.0,2322455.0
7325.0,2263597.0,2321361.0
10499.0,2263962.0,2320749.0
2308239.0,2355586.0,2319584.0
2410914.0,2266577.0,2336456.0
2313441.0,2351236.0,2321755.0
2327898.0,2265155.0,2319557.0
2305129.0,2266342.0,2319345.0
2301943.0,2261969.0,2319214.0
2330056.0,2261250.0,2395620.0
2329745.0,2352677.0,2323211.0
2391937.0,2263903.0,2322362.0
2305922.0,207228.0,2320031.0
2414201.0,85524.0,2319074.0
2364489.0,1984688.0,2320614.0
2307505.0,2265643.0,2319672.0
2305778.0,2263763.0,2345305.0
2307760.0,2263984.0,2365518.0
2308488.0,2264393.0,2322534.0
2319095.0,2262197.0,2317038.0
2328603.0,2265158.0,2317139.0
2305094.0,2262227.0,2334021.0
2312057.0,2262429.0,2319465.0
2411993.0,2262908.0,2318673.0
2303375.0,2263303.0,2319602.0
2412419.0,2263723.0,2319475.0
2392747.0,2261539.0,2323134.0
2306238.0,2263239.0,2319749.0
2298062.0,2263666.0,2323542.0
2333596.0,2350729.0,2335395.0
2393278.0,2264271.0,2324926.0
2330682.0,2268532.0,2434061.0
2306202.0,2263024.0,2329317.0
2382674.0,2264474.0,2317640.0
2337702.0,2265520.0,2312930.0
2334983.0,2264670.0,2319809.0
2319857.0,2265642.0,1940461.0
2327572.0,2264509.0,2318764.0
2321874.0,2263453.0,2331326.0
2314049.0,2262509.0,2319600.0
2420908.0,2265088.0,2331520.0
2316008.0,2262509.0,2321262.0
2391676.0,2263469.0,2320272.0
2396236.0,2263098.0,2323335.0
2299444.0,2263409.0,2329498.0
2309635.0,2263768.0,2323290.0
2365324.0,2265061.0,2334373.0
2306701.0,2263855.0,2319195.0
2377288.0,2263166.0,2319383.0
2304640.0,2259490.0,2319819.0
2315021.0,2269217.0,2330826.0
2308137.0,2348103.0,2319870.0
2304824.0,2347327.0,2335965.0
2312948.0,2259713.0,2318922.0
2308629.0,2259395.0,2319370.0
2307092.0,2281502.0,2318764.0
2414892.0,2248382.0,2319923.0
2304994.0,2250074.0,2320823.0
2300376.0,2250490.0,2334356.0
2305352.0,2258692.0,2319672.0
2344314.0,2347633.0,2337680.0
2404369.0,2272585.0,2382045.0
2303127.0,2275959.0,2329730.0
2309168.0,2353805.0,2344277.0
2393585.0,2257850.0,2336457.0
2316423.0,2347560.0,2318247.0
2353370.0,2321035.0,2318372.0
2354239.0,2348588.0,2324807.0
2364392.0,2258835.0,2321822.0
2351709.0,2350650.0,2328052.0
2355198.0,2266263.0,2399586.0
2374979.0,2352539.0,2317247.0
2352177.0,2263097.0,2326233.0
2370330.0,2257069.0,2317243.0
2357230.0,2259341.0,2319633.0
2366605.0,2258773.0,2318364.0
2350574.0,2249689.0,2324862.0
2364524.0,2259263.0,2335818.0
2371754.0,2258813.0,2338838.0
2361921.0,2249086.0,2321952.0
2364059.0,2260977.0,2317697.0
2347515.0,2258519.0,2335242.0
2356810.0,2259444.0,2319442.0
2390946.0,2259787.0,2330433.0
2349910.0,2348122.0,2322182.0
2354215.0,2309125.0,2321745.0
2365406.0,2250124.0,2328262.0
2368280.0,2259179.0,2329374.0
2357652.0,2347169.0,2339586.0
2369040.0,2346893.0,2406086.0
2348121.0,2349357.0,2320375.0
2366982.0,2347712.0,2320198.0
2380374.0,2348598.0,2319181.0
2358832.0,2341933.0,2323859.0
2377136.0,2350172.0,2337172.0
2381254.0,2259334.0,2324978.0
2370550.0,2258842.0,2348606.0
2368280.0,2346845.0,2324733.0
2377346.0,2248277.0,2357428.0
2375776.0,2259676.0,2320707.0
2370500.0,3227796.0,2327614.0
2354470.0,2258338.0,2322877.0
2371363.0,94513.0,2320733.0
2369003.0,2259583.0,2324160.0
2383100.0,2259210.0,2320207.0
2385432.0,2250473.0,664860.0
2355359.0,2259059.0,2424675.0
2355313.0,2257964.0,2319218.0
2354733.0,2295681.0,2322884.0
2372985.0,2285741.0,2434619.0
2385513.0,3252292.0,2338606.0
2358287.0,2258176.0,2332486.0
2360531.0,2261826.0,2322490.0
2350645.0,2352377.0,2414304.0
2379647.0,2257662.0,2321782.0
2350762.0,2258721.0,2327254.0
2352697.0,3252064.0,2322128.0
2351189.0,2259472.0,2423239.0
2371704.0,2296374.0,2424635.0
2352931.0,2348172.0,2423752.0
2374616.0,2259214.0,2423558.0
2365493.0,2348115.0,2424284.0
2372084.0,2258622.0,2424810.0
2367486.0,2259809.0,2421930.0
2395231.0,2258633.0,2423541.0
2360707.0,2346150.0,2425675.0
2349699.0,2258441.0,2444643.0
2374783.0,2271178.0,2423517.0
2352328.0,2259203.0,2424630.0
2353853.0,2257345.0,2424060.0
2382612.0,2261577.0,2420723.0
2355770.0,2258721.0,2421960.0
2355315.0,2287659.0,2423252.0
2369628.0,3257037.0,2448910.0
2354756.0,2259621.0,2438771.0
2379674.0,2348645.0,2423341.0
2356005.0,2266152.0,2431418.0
2368080.0,2258597.0,2424688.0
2225947.0,2347935.0,2422799.0
2363039.0,200465.0,2425486.0
2372311.0,4661.0,2427487.0
2373328.0,4180.0,2424665.0
2366300.0,2259159.0,2424895.0
2379072.0,2257670.0,2424957.0
2355563.0,3250525.0,2423867.0
2370978.0,2259927.0,2426414.0
2364842.0,2259683.0,2422891.0
2352320.0,2258532.0,2424250.0
2363459.0,2259376.0,2424438.0
2373934.0,2359356.0,2423832.0
2355982.0,2350281.0,2428029.0
2365034.0,3250108.0,2422817.0
2362557.0,2347125.0,2425365.0
2354086.0,2259166.0,2426129.0
2365346.0,2328452.0,2426026.0
2365433.0,2259830.0,2423433.0
2348493.0,2262123.0,2424860.0
2355021.0,2258595.0,2421997.0
2368176.0,2262176.0,2430244.0
2356602.0,2354081.0,2424480.0
2386635.0,2258652.0,2424654.0
2380114.0,2258916.0,2423760.0
2369201.0,2259640.0,2427368.0
2365614.0,2249725.0,2424508.0
2367928.0,2261940.0,2424355.0
2352129.0,2267510.0,2425120.0
2354735.0,2263845.0,2427756.0
2370911.0,2260123.0,2424523.0
2372516.0,2258989.0,2419291.0
2371198.0,2257672.0,2423103.0
2354660.0,2312484.0,2422586.0
2378581.0,2259108.0,2425016.0
2348583.0,186419.0,2426285.0
2350424.0,2273224.0,2424617.0
2446531.0,2258861.0,2423770.0
2365611.0,2250117.0,2423510.0
2351648.0,2259252.0,2422476.0
2357414.0,2349308.0,2330903.0
2378855.0,2262158.0,2430490.0
2352183.0,2258716.0,2422810.0
2379879.0,2348784.0,2422651.0
2349158.0,2259630.0,2429856.0
2352560.0,2258981.0,2424447.0
2372547.0,2261085.0,2422938.0
2363235.0,2347732.0,2425649.0
2389661.0,2259301.0,2423292.0
2368793.0,2250234.0,2424200.0
2354413.0,2257664.0,2424558.0
2364368.0,2250367.0,2424750.0
2353504.0,2261739.0,2422011.0
2369557.0,2349183.0,2423646.0
2363030.0,2342960.0,2423955.0
2364844.0,2270798.0,2424747.0
2357014.0,2258273.0,2423499.0
2351686.0,2271498.0,2424945.0
2353775.0,2347329.0,2422918.0
2351832.0,3252808.0,2424662.0
2369260.0,2281539.0,2421803.0
2354010.0,2257899.0,2426777.0
2374368.0,2349014.0,2423855.0
2362178.0,2259326.0,2421750.0
2353609.0,2262416.0,2418499.0
2363586.0,2347389.0,2426048.0
2355200.0,2303055.0,2420188.0
2371994.0,2321248.0,2423595.0
2374551.0,2261100.0,2424836.0
2352436.0,2294603.0,2425005.0
2409214.0,2261245.0,2422903.0
2355191.0,2259974.0,2420069.0
2357645.0,2259529.0,2423444.0
2356536.0,2347747.0,2424827.0
2354024.0,2258772.0,2423805.0
2363949.0,2257259.0,2424332.0
2354825.0,2355377.0,2378774.0
2379180.0,2259686.0,2424959.0
2380057.0,2259562.0,2424812.0
2354208.0,2264198.0,2423453.0
2353752.0,2351415.0,2427826.0
2374568.0,763.0,2425336.0
2353242.0,2287442.0,2423022.0
2365174.0,2347673.0,2429428.0
2372174.0,2260987.0,2423591.0
2356574.0,2262755.0,2421393.0
2351881.0,2259137.0,2424566.0
2391433.0,202792.0,2423629.0
2352004.0,2261404.0,2422259.0
2353257.0,2259907.0,2424506.0
2372536.0,2360054.0,2424624.0
2382247.0,2258801.0,2420809.0
2350677.0,2249267.0,2424988.0
2354580.0,2248624.0,2423145.0
2365688.0,2339837.0,2423596.0
2366715.0,2258958.0,2422782.0
2366282.0,2358146.0,2424269.0
2371925.0,2346180.0,2422651.0
2385766.0,2252218.0,2430483.0
2354175.0,2258480.0,2425318.0
2357384.0,2261006.0,2424494.0
2353532.0,2250148.0,2423963.0
2371044.0,2248520.0,2424186.0
2351006.0,3251027.0,2424832.0
2360638.0,2259425.0,2429613.0
2362337.0,2258680.0,2422988.0
2353774.0,2259288.0,2430455.0
2376458.0,2261206.0,2424324.0
2363848.0,2258105.0,2426091.0
2347105.0,2249519.0,2425662.0
2367261.0,2248945.0,2422996.0
2349292.0,2360028.0,2426042.0
2349194.0,2270846.0,2429166.0
2366835.0,2249962.0,2424279.0
2382403.0,2251842.0,2423839.0
2350023.0,2260383.0,2423022.0
2351064.0,2348521.0,2423996.0
2350134.0,3251691.0,2423070.0
2356784.0,2257847.0,2422994.0
2371622.0,2319230.0,2423513.0
2368238.0,2271491.0,2426790.0
2361894.0,2260050.0,2425557.0
2384590.0,2260904.0,2425331.0
2391075.0,2260684.0,2423751.0
2368109.0,2260961.0,2424032.0
2373488.0,2259373.0,2422902.0
2361328.0,2259622.0,2422970.0
2378785.0,2297222.0,2444611.0
2362062.0,2347092.0,2429612.0
2367220.0,2260247.0,2424235.0
2377207.0,2259473.0,2425073.0
2367553.0,2348727.0,2423541.0
2355296.0,2259339.0,2423615.0
2367574.0,2246285.0,2440724.0
2363766.0,1672944.0,2426828.0
2354237.0,2350959.0,2424558.0
2415421.0,2357981.0,2424613.0
2413083.0,3249990.0,2429630.0
2352827.0,2246645.0,2437257.0
2318270.0,2246358.0,2423120.0
2408877.0,2348655.0,2435979.0
2406878.0,2339431.0,2423070.0
2404790.0,2348840.0,2423969.0
2407507.0,2271191.0,2425873.0
2405396.0,2279612.0,2457212.0
2407198.0,3251131.0,2425531.0
2407115.0,2245247.0,2429560.0
2409006.0,2347495.0,2421898.0
2413439.0,2349437.0,2426243.0
2412056.0,2246908.0,2422993.0
2406058.0,2249322.0,2428009.0
2410809.0,2293022.0,2423955.0
2415474.0,2275361.0,2426317.0
2410047.0,2348231.0,2422420.0
2405261.0,2352686.0,2424729.0
2420674.0,2257510.0,2424995.0
2412833.0,3253112.0,2423115.0
2408077.0,2348984.0,2428065.0
2410515.0,3253325.0,2426674.0
2414817.0,2245750.0,2430056.0
2412239.0,2259309.0,2425306.0
2409599.0,2254043.0,2424796.0
2409968.0,2351411.0,2421427.0
2417905.0,2522127.0,2423561.0
2315978.0,2273177.0,2424109.0
2408781.0,3251199.0,2424229.0
2416232.0,2245443.0,2424620.0
2411036.0,2244543.0,2422199.0
2418136.0,2350750.0,2424173.0
2412436.0,2350419.0,2422936.0
2407814.0,2246547.0,2425799.0
2404673.0,2359998.0,2423128.0
2406644.0,2246970.0,2423203.0
2426884.0,2359726.0,2423644.0
2411438.0,2347485.0,2423499.0
2410138.0,2276998.0,2423886.0
2405942.0,2263563.0,2421833.0
2408061.0,2246261.0,2425666.0
2323194.0,2217287.0,2441525.0
2409250.0,33727.0,2437295.0
2407925.0,2253208.0,2424696.0
2414334.0,2247699.0,2429515.0
2407549.0,3252662.0,2423417.0
2412898.0,2244860.0,2421759.0
2426654.0,2246415.0,2425031.0
2314166.0,3250186.0,2421790.0
2313294.0,2246861.0,2423082.0
2413479.0,2349904.0,2423892.0
2311842.0,2245747.0,2427138.0
2408870.0,2350001.0,2424263.0
2425159.0,3249327.0,2423716.0
2312803.0,3252257.0,2426232.0
2403801.0,3251125.0,2423712.0
2331330.0,2248392.0,2424931.0
2417822.0,2353880.0,2307131.0
2415984.0,2351478.0,2307691.0
2410290.0,2246881.0,2310955.0
2419395.0,2245915.0,2309816.0
2407383.0,2348420.0,2308495.0
2412376.0,2347116.0,2313771.0
2423733.0,2245263.0,2311518.0
2408494.0,2244283.0,2310207.0
2417804.0,204116.0,2322144.0
2427322.0,2349032.0,2311100.0
2406822.0,2359089.0,2307698.0
2408970.0,3250944.0,2307657.0
2407128.0,2348834.0,2305633.0
2412637.0,2246415.0,2307913.0
2406892.0,2245308.0,2308262.0
2410713.0,3249176.0,2310375.0
2412594.0,2243696.0,2307761.0
2314096.0,2349084.0,2308575.0
2407883.0,2277738.0,2310809.0
2405648.0,3251852.0,2307954.0
2414268.0,2350017.0,2311918.0
2311688.0,2246151.0,2305301.0
2407392.0,2346695.0,2307827.0
2409508.0,2346571.0,2307976.0
2420772.0,2347910.0,2310468.0
2414209.0,2242966.0,2311702.0
2412101.0,2246064.0,2308767.0
2405556.0,2245575.0,2312343.0
2406068.0,731.0,2310141.0
2416333.0,202845.0,2310263.0
2421908.0,4693.0,2312238.0
2408859.0,2062054.0,2313357.0
2414757.0,2248040.0,2308673.0
2311993.0,2346995.0,2308406.0
2411024.0,2346327.0,2308249.0
2422152.0,2360110.0,2308534.0
2357536.0,2347628.0,2311944.0
2421863.0,2248343.0,2312932.0
2420710.0,2348105.0,2307026.0
2408672.0,3251546.0,2320010.0
2409664.0,2347908.0,2306029.0
2412208.0,2243617.0,2309790.0
2407591.0,3253821.0,2313887.0
2417011.0,2243811.0,2317894.0
2409274.0,2358296.0,2310417.0
2413097.0,2247743.0,2309112.0
2420863.0,3254780.0,2312626.0
2423190.0,2348319.0,2309551.0
2318957.0,2244108.0,2307029.0
2316592.0,2245898.0,2309554.0
2409224.0,2350896.0,2310928.0
2408213.0,192098.0,2311053.0
2407918.0,2348655.0,2306993.0
2426889.0,204136.0,2309558.0
2409978.0,2347888.0,2308604.0
2406172.0,2246103.0,2309541.0
2319509.0,2346896.0,2308990.0
2405941.0,2358781.0,2307996.0
2318319.0,2245808.0,2308539.0
2413599.0,2246953.0,2323134.0
2410346.0,3251862.0,2312294.0
2319511.0,2350475.0,2307795.0
2405532.0,2348611.0,2318308.0
2415814.0,2349966.0,2310156.0
2424340.0,2259451.0,2309667.0
2416645.0,2350640.0,2308506.0
2409412.0,2251575.0,2307935.0
2425654.0,2245588.0,2307438.0
2315800.0,3253204.0,2310532.0
2416582.0,2246150.0,2309065.0
2406873.0,2244994.0,2308000.0
2408116.0,2361463.0,2311810.0
2377311.0,2345034.0,2308099.0
2365811.0,2346733.0,2307642.0
2407868.0,2246239.0,2308776.0
2412007.0,3252562.0,2310480.0
2413521.0,2244866.0,2305911.0
2409750.0,2347942.0,2306991.0
2423966.0,3251196.0,2314847.0
2404526.0,2356828.0,2309562.0
2313954.0,2352971.0,2310293.0
2413178.0,2350060.0,2307882.0
2321148.0,2245799.0,2309470.0
2408976.0,2245638.0,2307621.0
2412392.0,2395792.0,2310655.0
2406053.0,3249310.0,2310719.0
2412389.0,2350403.0,2307275.0
2410346.0,2247090.0,2309751.0
2352946.0,2354712.0,2315152.0
2407230.0,2244253.0,2310627.0
2368834.0,2348668.0,2306441.0
2405912.0,2246597.0,2310842.0
2411708.0,3252149.0,2309698.0
2407894.0,3304707.0,2307893.0
2333453.0,2245163.0,2319820.0
2316890.0,2359148.0,2314667.0
2417289.0,2245860.0,2307817.0
2416087.0,2242304.0,2312080.0
2407328.0,2246166.0,2317183.0
2413678.0,2246401.0,2310760.0
2410409.0,2245793.0,2307722.0
2329474.0,2346302.0,2309105.0
2411368.0,2266250.0,2316484.0
2315060.0,2247858.0,2307876.0
2318828.0,3249388.0,777.0
2402849.0,2345995.0,244853.0
2407758.0,3251319.0,2079225.0
2419540.0,2351273.0,2307999.0
2421360.0,2346717.0,2309647.0
2415703.0,2345169.0,2311930.0
2406706.0,2350088.0,2308493.0
2414040.0,2243822.0,2305682.0
2405244.0,2245984.0,2311966.0
2411921.0,2349745.0,2312750.0
2409649.0,2360456.0,2313803.0
2406391.0,3251006.0,2308997.0
2408618.0,2246323.0,2312522.0
2406589.0,2267282.0,2310818.0
2407136.0,2348236.0,2310298.0
2337315.0,2245187.0,2309931.0
2336065.0,3250740.0,2307658.0
2413045.0,2247248.0,2308780.0
2312268.0,2349815.0,2309562.0
2410154.0,3252809.0,2308072.0
2407637.0,2245908.0,2313292.0
2324952.0,2347977.0,2307982.0
2414056.0,204308.0,2309014.0
2413259.0,2346030.0,2309192.0
2314839.0,2349047.0,2308464.0
2414262.0,2346470.0,2311399.0
2413614.0,2243425.0,2311499.0
2422802.0,3255418.0,2308410.0
2409780.0,2247005.0,2311913.0
2417708.0,2348781.0,2311520.0
2409697.0,2280597.0,2305092.0
2405531.0,2246131.0,2306922.0
2409231.0,2245777.0,2309390.0
2404138.0,85056.0,2308948.0
2410040.0,204673.0,2306295.0
2317782.0,2242088.0,2309139.0
2407409.0,2244037.0,2311122.0
2415037.0,2250303.0,2309049.0
2317288.0,2245502.0,2309506.0
2412865.0,2246270.0,2309022.0
2351091.0,2349037.0,2307567.0
2425222.0,2246073.0,2308654.0
2410089.0,2359467.0,2314065.0
2405038.0,2347366.0,2310120.0
2411183.0,2345556.0,2307587.0
2406424.0,3251723.0,2321772.0
2327659.0,2249356.0,2310201.0
2314377.0,2245817.0,2309021.0
2406127.0,2247035.0,2311340.0
2406236.0,2246141.0,2309183.0
2317326.0,2376717.0,2308276.0
2411328.0,2347566.0,2311612.0
2408560.0,2356813.0,2309735.0
2418284.0,2350577.0,2307439.0
2411152.0,2352608.0,2308741.0
2315126.0,2348352.0,2310001.0
2410758.0,2244726.0,2302350.0
2314115.0,2349584.0,2310465.0
2412592.0,204404.0,2313596.0
2411931.0,2349484.0,2307904.0
2413314.0,2248452.0,2310450.0
2416109.0,2259447.0,2311319.0
2321272.0,2261809.0,2306400.0
2318550.0,2247575.0,2310395.0
2321693.0,2272903.0,2309693.0
2313932.0,2266410.0,2307642.0
2322505.0,2388929.0,2309508.0
2313837.0,2248152.0,2307813.0
2330337.0,2262996.0,2314973.0
2314586.0,2262745.0,2312191.0
2315719.0,2263930.0,2308491.0
2323154.0,2264695.0,2311857.0
2338340.0,2243660.0,2310075.0
2313544.0,2262068.0,2308622.0
2366148.0,2249842.0,2314495.0
2325742.0,2251110.0,2303903.0
2320826.0,2245058.0,2308296.0
2315151.0,2251024.0,2306691.0
2316730.0,2276899.0,2307773.0
2322313.0,2248782.0,2310257.0
2323326.0,2260537.0,2310595.0
2316896.0,2259591.0,2313673.0
2332488.0,2245761.0,2310544.0
2316995.0,2260726.0,2310456.0
2318917.0,2249470.0,2309204.0
2322337.0,2259471.0,2308087.0
2321743.0,2259409.0,2308030.0
2322511.0,2262228.0,2310080.0
2318135.0,2245752.0,2307028.0
2318702.0,2246085.0,2314724.0
2313831.0,2246020.0,2314390.0
2314102.0,2247672.0,2311302.0
2318590.0,2253656.0,2313641.0
2319154.0,2248899.0,2311043.0
2316002.0,2259837.0,2308921.0
2316024.0,2262605.0,2308766.0
2316937.0,2260585.0,2308677.0
2330462.0,2257560.0,2307905.0
2318548.0,2245958.0,2310098.0
2317219.0,2246010.0,2310904.0
2322568.0,2248135.0,2307667.0
2317301.0,2261983.0,2307655.0
2311962.0,2261293.0,2308536.0
2315780.0,2264358.0,2300886.0
2319805.0,2248512.0,2305676.0
2323081.0,2274166.0,2297458.0
2409893.0,2247255.0,2303307.0
2321481.0,2248885.0,2298237.0
2320552.0,2263704.0,2317798.0
2313188.0,2251018.0,2298463.0
2314708.0,2259698.0,2317482.0
2318426.0,2252475.0,2303592.0
2318986.0,2247722.0,2303278.0
2313612.0,2260999.0,2302672.0
2330202.0,3251230.0,2300343.0
2312981.0,3516624.0,2297388.0
2317720.0,2250375.0,2302561.0
2314301.0,2270338.0,2300177.0
2312200.0,2252659.0,2305528.0
2318306.0,2262730.0,2315918.0
2317469.0,2261753.0,2308512.0
2316412.0,2327335.0,2301581.0
2320675.0,685728.0,2303602.0
2320146.0,1574847.0,2302840.0
2324569.0,4705.0,2303638.0
2320907.0,34410.0,2306180.0
2314673.0,2259811.0,2302273.0
2316034.0,2263506.0,2301852.0
2322839.0,2271881.0,2292059.0
2323238.0,2262094.0,2302541.0
2417105.0,2250091.0,2303973.0
2316676.0,2262597.0,2305327.0
2317355.0,2249678.0,2308342.0
2315846.0,2262606.0,2296427.0
2323029.0,2251424.0,2300437.0
2318035.0,2260204.0,2316120.0
2315646.0,2273404.0,2312414.0
2316790.0,2248183.0,2302814.0
2312968.0,2255577.0,2302190.0
2313974.0,2244698.0,2295244.0
2314884.0,2250687.0,2298589.0
2320497.0,2264162.0,2303667.0
2317465.0,2250106.0,2295702.0
2323196.0,2271356.0,2303582.0
2317631.0,2247899.0,2303856.0
2312690.0,2246468.0,2302290.0
2315135.0,2257323.0,2305518.0
2324854.0,2246109.0,2303216.0
2315711.0,2265936.0,2311639.0
2315887.0,2260829.0,2297439.0
2316798.0,2264242.0,2301694.0
2320062.0,2263532.0,2298011.0
2316201.0,2272233.0,2306115.0
2415831.0,2277521.0,2303766.0
2320354.0,2247059.0,2310491.0
2314679.0,2262646.0,2307833.0
2314301.0,2261748.0,2303034.0
2318574.0,2263451.0,2300087.0
2318403.0,2248392.0,2302327.0
2319749.0,2249200.0,2307216.0
2313528.0,2263157.0,2310797.0
2313774.0,2247488.0,2295808.0
2410379.0,2259413.0,2300105.0
2322726.0,2248087.0,2299987.0
2327977.0,2246436.0,2299291.0
2330179.0,2264522.0,2304434.0
2317969.0,2254827.0,2310229.0
2319442.0,2248375.0,2300552.0
2320935.0,2271304.0,2307524.0
2317487.0,2248297.0,2309163.0
2318190.0,2247107.0,2298127.0
2318552.0,2285595.0,2300460.0
2321290.0,2245222.0,2302443.0
2315130.0,2266500.0,2311404.0
2313958.0,2245376.0,2293191.0
2315721.0,2246348.0,2305939.0
2313774.0,2261182.0,2299255.0
2334917.0,2262636.0,2309721.0
2320333.0,2261704.0,2299761.0
2418535.0,2265513.0,2301461.0
2312632.0,2247334.0,2307848.0
2318609.0,2258544.0,2307215.0
2320722.0,2247130.0,2325301.0
2315480.0,2262495.0,2321356.0
2318875.0,2261044.0,2297984.0
2312566.0,2269692.0,2304098.0
2317960.0,2263012.0,2303485.0
2310990.0,2261750.0,2307481.0
2329525.0,2246753.0,2301612.0
2321296.0,2259865.0,2319244.0
2313991.0,2248983.0,2304125.0
2315143.0,2250294.0,2301145.0
2413248.0,2250470.0,2305334.0
2331747.0,2260598.0,2313907.0
2315032.0,2280310.0,2309208.0
2325344.0,2262250.0,2292851.0
2323694.0,2259043.0,2303656.0
2321652.0,2242265.0,2292927.0
2316961.0,2244841.0,2301031.0
2322744.0,2254179.0,2299962.0
2311571.0,2279943.0,2308096.0
2319550.0,2257497.0,2314218.0
2329391.0,2274679.0,2303603.0
2317502.0,2250332.0,2303307.0
2316214.0,2245802.0,2304966.0
2319590.0,2259852.0,2303196.0
2325059.0,2248842.0,2301460.0
2319265.0,2250709.0,2304034.0
2317398.0,2260238.0,2302289.0
2324636.0,2266322.0,2318644.0
2315526.0,2246535.0,2304410.0
2316875.0,2264515.0,2308937.0
2314628.0,2266009.0,2302089.0
2321185.0,2262339.0,2298115.0
2319942.0,2260657.0,2314097.0
2324236.0,2259937.0,2301693.0
2312682.0,2246317.0,2296484.0
2322893.0,2261961.0,2300856.0
2318868.0,2249500.0,2298257.0
2320091.0,2262495.0,2301611.0
2322763.0,2264542.0,2309612.0
2318438.0,2244392.0,2304704.0
2315786.0,2255140.0,2301543.0
2318859.0,2259472.0,2302601.0
2320466.0,2262481.0,2305224.0
2318804.0,2275212.0,2300860.0
2318410.0,2260152.0,2296742.0
2314566.0,2246317.0,2296641.0
2318615.0,2261975.0,2296080.0
2319871.0,2249394.0,2334254.0
2327141.0,2258879.0,2301112.0
2317861.0,2272075.0,2304838.0
2328578.0,2261168.0,2303291.0
2319710.0,2261292.0,2305402.0
2317688.0,2274746.0,2303113.0
2322564.0,2246503.0,2297338.0
2316291.0,2247826.0,2295965.0
2311644.0,2250258.0,2300767.0
2322304.0,2263142.0,2303014.0
2316027.0,2248642.0,2305140.0
2316722.0,2250192.0,2301853.0
2320953.0,2257334.0,2300794.0
2313806.0,2245442.0,2304730.0
2320385.0,2250642.0,2317823.0
2322044.0,2262660.0,2300584.0
2323067.0,3249428.0,2298655.0
2318417.0,2259142.0,2307773.0
2319838.0,2262376.0,2312689.0
2312710.0,2274395.0,2301187.0
2316648.0,2245240.0,2302108.0
2315025.0,2260667.0,2306875.0
2317042.0,2265336.0,2305576.0
2317448.0,2262053.0,2296725.0
2329318.0,2261970.0,2305302.0
2320309.0,2250021.0,2306089.0
2321744.0,2252517.0,2302788.0
2319533.0,2246390.0,2300738.0
2327951.0,2261891.0,2305423.0
2319282.0,2262618.0,2302734.0
2408467.0,2247697.0,2301714.0
2323982.0,2246606.0,2310468.0
2318229.0,2246050.0,2311708.0
2320759.0,2248272.0,2318568.0
2318105.0,2245623.0,2305425.0
2317806.0,2261318.0,2292209.0
2316031.0,2249884.0,2302657.0
2322880.0,2264303.0,2297927.0
2321038.0,2247914.0,2308055.0
2319442.0,2245034.0,2303919.0
2320984.0,2258719.0,2306374.0
263008.0,2262654.0,2305151.0
262409.0,2245935.0,2307119.0
261929.0,2248970.0,2300065.0
262886.0,2248031.0,2302758.0
260352.0,2268053.0,2306014.0
261623.0,2249929.0,2301669.0
262961.0,2249320.0,2299972.0
258026.0,2245360.0,2310445.0
261802.0,2248848.0,2303040.0
262774.0,2256974.0,2295547.0
263186.0,2263266.0,2309377.0
263037.0,3115255.0,2301540.0
260508.0,2246562.0,2303873.0
257545.0,2246878.0,2304169.0
260392.0,2267665.0,2305143.0
263326.0,2261570.0,2301456.0
263131.0,2249009.0,2304181.0
262936.0,2252355.0,2301374.0
259138.0,2244427.0,2307189.0
261205.0,2245910.0,2297169.0
260350.0,2248347.0,2302190.0
259312.0,204154.0,2310694.0
263009.0,286499.0,2309142.0
260554.0,2245790.0,2296833.0
262156.0,204190.0,2303982.0
260306.0,2243647.0,2299602.0
259348.0,2258791.0,2298234.0
260552.0,2240976.0,2299995.0
256595.0,2220341.0,2295873.0
260619.0,2244374.0,2333616.0
262675.0,283462.0,2310104.0
256808.0,2245615.0,2308238.0
263138.0,2238809.0,2310848.0
263314.0,2247072.0,2301373.0
256609.0,2245731.0,2301640.0
256994.0,2242519.0,2337804.0
256776.0,2229283.0,2301468.0
258173.0,2247819.0,2299994.0
2294010.0,2243434.0,2302338.0
263070.0,2246325.0,2295085.0
258469.0,2244300.0,2307929.0
262881.0,2245819.0,2296308.0
259300.0,2241333.0,2304834.0
264399.0,2257935.0,2307078.0
260356.0,2244546.0,2305119.0
260275.0,2245223.0,2300092.0
260466.0,697420.0,2306047.0
256692.0,2243356.0,2300129.0
262367.0,2241699.0,2302379.0
260427.0,302858.0,2292895.0
257315.0,203936.0,2297816.0
261054.0,282956.0,2298344.0
260552.0,2262023.0,2296409.0
263173.0,2240370.0,242196.0
263208.0,2244756.0,253297.0
261576.0,2246802.0,242149.0
262739.0,286149.0,324164.0
258849.0,2245518.0,243539.0
263220.0,301939.0,252999.0
260306.0,204384.0,246157.0
262545.0,2241522.0,253450.0
262751.0,2245748.0,2279862.0
2297348.0,286256.0,361816.0
258736.0,2239639.0,244345.0
260404.0,2241862.0,363569.0
260498.0,282998.0,333564.0
258059.0,2244133.0,241684.0
256586.0,2243740.0,751359.0
256760.0,2246762.0,244391.0
260426.0,2248855.0,244548.0
261323.0,2254841.0,2308142.0
260182.0,292638.0,253335.0
256856.0,2248224.0,242252.0
260797.0,697593.0,244180.0
260862.0,204662.0,243701.0
263053.0,2247303.0,242217.0
257717.0,2245292.0,242078.0
262983.0,2242130.0,243869.0
263060.0,203870.0,740057.0
260375.0,2241417.0,2306312.0
256331.0,2243329.0,241923.0
256671.0,2249897.0,243961.0
260301.0,278086.0,253299.0
260303.0,2254752.0,246470.0
262441.0,2245966.0,343682.0
257810.0,283890.0,242052.0
263197.0,204026.0,244383.0
262559.0,203212.0,242850.0
256497.0,2243950.0,244421.0
262942.0,2246045.0,256021.0
258146.0,203894.0,777.0
260043.0,311997.0,243670.0
260524.0,204130.0,352236.0
258807.0,2241668.0,246152.0
262961.0,2252531.0,246702.0
257957.0,283344.0,246414.0
263026.0,283914.0,2306532.0
257916.0,302565.0,244285.0
261575.0,2248356.0,244513.0
260748.0,294729.0,242426.0
259641.0,2246366.0,243735.0
256821.0,202568.0,240934.0
261863.0,2240460.0,2317499.0
262978.0,202426.0,245647.0
263096.0,2246064.0,2281420.0
258007.0,275700.0,245025.0
340268.0,284058.0,242930.0
263186.0,304315.0,243330.0
260350.0,698471.0,344136.0
262041.0,2245129.0,244418.0
260336.0,2245753.0,255692.0
260363.0,2241317.0,242252.0
260570.0,2270723.0,243849.0
260316.0,2334986.0,254835.0
259135.0,2283023.0,244260.0
260941.0,2238805.0,255345.0
263125.0,2082093.0,240730.0
260841.0,204432.0,244654.0
259319.0,2349230.0,242252.0
260530.0,2248843.0,244918.0
260569.0,2241248.0,244157.0
260436.0,304460.0,240726.0
263307.0,2242759.0,338586.0
261053.0,312121.0,243392.0
263365.0,314904.0,244233.0
260404.0,2239768.0,351631.0
261906.0,276139.0,241990.0
261899.0,2244624.0,244032.0
259254.0,2241229.0,2311655.0
262694.0,2246850.0,245570.0
261729.0,2244686.0,255989.0
260489.0,2245361.0,353214.0
260487.0,202750.0,253401.0
262269.0,2246714.0,244095.0
262045.0,311758.0,245288.0
261625.0,203828.0,255922.0
257961.0,203468.0,245415.0
262346.0,203858.0,241885.0
260472.0,698400.0,246155.0
257097.0,312626.0,240668.0
258594.0,2245401.0,245707.0
260360.0,2243768.0,343324.0
260394.0,283884.0,244042.0
260318.0,2252212.0,743000.0
256606.0,696571.0,244895.0
262239.0,2295075.0,240728.0
261814.0,2242788.0,244355.0
259128.0,2253565.0,246216.0
263214.0,2244956.0,240828.0
263249.0,687852.0,243769.0
260475.0,697816.0,253298.0
259034.0,301693.0,244091.0
758264.0,312560.0,243869.0
260374.0,2275817.0,253300.0
256711.0,283952.0,243806.0
260263.0,2239667.0,2280250.0
260630.0,2348697.0,245449.0
257023.0,304660.0,2309896.0
262278.0,2061744.0,243256.0
260378.0,731.0,244322.0
260350.0,203282.0,244583.0
263229.0,689339.0,326682.0
260300.0,283030.0,243455.0
262021.0,689371.0,255956.0
260115.0,2454462.0,241991.0
260418.0,698140.0,243869.0
263000.0,2248132.0,242492.0
259324.0,2222634.0,255729.0
263238.0,2246829.0,2309294.0
263309.0,702553.0,244265.0
260727.0,2245335.0,244680.0
260704.0,303974.0,2310871.0
256484.0,795.0,253263.0
259220.0,202878.0,2291198.0
260576.0,4641.0,242014.0
263015.0,2061721.0,244316.0
259284.0,2245069.0,243729.0
262772.0,3258041.0,243599.0
258933.0,2245895.0,255086.0
263047.0,283536.0,255376.0
260261.0,301597.0,242022.0
263210.0,3159568.0,242253.0
258534.0,2246445.0,255949.0
257796.0,2269363.0,242090.0
260693.0,1768934.0,321725.0
259298.0,278038.0,242184.0
258503.0,2248399.0,255990.0
260412.0,2255317.0,243403.0
263269.0,689342.0,245772.0
262578.0,203510.0,739253.0
260608.0,283656.0,242043.0
259220.0,2245427.0,333072.0
260705.0,2230812.0,255109.0
258392.0,2231422.0,342196.0
262678.0,2245347.0,334730.0
262915.0,203500.0,323234.0
262667.0,2245538.0,255793.0
259115.0,2244556.0,255641.0
256520.0,2330578.0,354547.0
259218.0,301906.0,244278.0
2481731.0,302187.0,244842.0
2440405.0,203658.0,244393.0
2440376.0,2246201.0,361614.0
2424016.0,2294743.0,244136.0
2432390.0,276562.0,332758.0
2425107.0,307057.0,337802.0
2441781.0,311001.0,243839.0
2474785.0,2243917.0,255803.0
2431964.0,700384.0,242021.0
2429056.0,203340.0,242183.0
2423712.0,2243469.0,242531.0
2443243.0,2250462.0,244461.0
2338376.0,2247891.0,243872.0
2423086.0,2222134.0,244256.0
2482863.0,2242581.0,1310626.0
2428842.0,2244293.0,243562.0
2429446.0,698393.0,328379.0
2426779.0,2245805.0,244039.0
2424520.0,301921.0,353361.0
2427515.0,2261665.0,243198.0
2467219.0,283394.0,244236.0
2464453.0,204232.0,243797.0
2431263.0,2245623.0,252898.0
2465456.0,2239282.0,2293942.0
2425699.0,2257606.0,244328.0
2464518.0,203910.0,255725.0
2427481.0,2242161.0,243540.0
2460906.0,2244278.0,244225.0
2433703.0,284429.0,243402.0
2466545.0,2250261.0,242204.0
2447081.0,275462.0,255832.0
2470778.0,2245310.0,242942.0
2428507.0,2259400.0,2321961.0
2430541.0,302117.0,246161.0
2427460.0,697953.0,255401.0
2441618.0,2244859.0,729.0
2430445.0,2248288.0,246420.0
2467093.0,294144.0,255738.0
2444804.0,2249431.0,243958.0
2439809.0,2244581.0,241988.0
2431550.0,2247203.0,242920.0
2452090.0,2241155.0,352034.0
2423375.0,204868.0,253311.0
2433469.0,2251088.0,337760.0
2439440.0,2263213.0,342367.0
2423100.0,284382.0,245452.0
2429363.0,2257650.0,324394.0
2453144.0,3250923.0,245680.0
2462723.0,204154.0,332713.0
2435109.0,204796.0,323655.0
2438310.0,2252580.0,245586.0
2438859.0,2246071.0,350878.0
2429921.0,2249921.0,255209.0
2476532.0,2250215.0,244870.0
2444611.0,696717.0,332990.0
2485592.0,2245458.0,245713.0
2432378.0,2247143.0,353822.0
2443596.0,301964.0,326700.0
2430989.0,698512.0,244234.0
2432559.0,2255011.0,243677.0
2466966.0,203560.0,246291.0
2336202.0,2244332.0,240798.0
2433209.0,2248149.0,242078.0
2453901.0,2245168.0,243869.0
2473877.0,2246024.0,245965.0
2439458.0,278072.0,2316106.0
2432998.0,2247111.0,2300222.0
2421438.0,203660.0,2008982.0
2433581.0,204540.0,2319729.0
2439279.0,689074.0,2318902.0
2426094.0,2246857.0,2320621.0
2440591.0,203832.0,2320634.0
2444963.0,2246588.0,2319968.0
2427372.0,2245956.0,2318946.0
2402539.0,731.0,2320211.0
2448078.0,203105.0,2326286.0
2469805.0,2239709.0,2323172.0
2444089.0,2249812.0,2322352.0
2430213.0,2243722.0,2336092.0
2428836.0,2281541.0,2319142.0
2482991.0,2222309.0,2321984.0
2451024.0,2262143.0,750911.0
2468162.0,2262123.0,2321573.0
2426510.0,2262894.0,2316723.0
2465308.0,2265060.0,353720.0
2469000.0,2262161.0,2329614.0
2462992.0,2261304.0,2322959.0
2464343.0,2262031.0,2290695.0
2466869.0,2260307.0,2327930.0
2496490.0,2263193.0,2320284.0
2427087.0,2265326.0,2317917.0
2434842.0,2259996.0,753061.0
2422435.0,2262217.0,2318460.0
2425499.0,2262112.0,1067943.0
2426018.0,2261179.0,2324816.0
2472897.0,2263523.0,2318581.0
2445265.0,2261094.0,2299787.0
2428411.0,2262177.0,2318994.0
2489883.0,2265925.0,2318225.0
2465974.0,2263498.0,2319594.0
2423734.0,2262170.0,2319292.0
2449269.0,2261793.0,2318723.0
2443017.0,2261911.0,2333425.0
2457858.0,2262587.0,2321312.0
2441634.0,2263106.0,752033.0
2427002.0,2263023.0,2321110.0
2482117.0,2263743.0,2321171.0
2435892.0,2264171.0,2320159.0
2440494.0,2270468.0,2330692.0
2428148.0,2261760.0,2318604.0
2429363.0,2260801.0,2335875.0
2435879.0,2264273.0,2337523.0
2426703.0,2260403.0,2154506.0
2451419.0,2262680.0,1283956.0
2462950.0,2262331.0,2318443.0
2430608.0,2264126.0,2319930.0
2424192.0,2262049.0,2318251.0
2430270.0,2264455.0,2334239.0
2477873.0,2264146.0,2323081.0
2454675.0,2262775.0,2322191.0
2467130.0,2262457.0,1497630.0
2428931.0,2264010.0,2318626.0
2427347.0,2270945.0,325272.0
2432345.0,2257311.0,2331320.0
2428754.0,2262758.0,2318659.0
2426562.0,2260621.0,2317167.0
2428710.0,2261174.0,2317968.0
2429289.0,2263009.0,2317949.0
2433372.0,2262056.0,2319123.0
2427302.0,2263531.0,253893.0
2430602.0,2261476.0,2316365.0
2428755.0,2262758.0,2320107.0
2433534.0,2261797.0,2320925.0
2429680.0,2265360.0,2319939.0
2443805.0,2263729.0,2326449.0
2413073.0,2262468.0,1453908.0
2469289.0,2260715.0,1838302.0
2425971.0,2262782.0,2322590.0
2407573.0,2351257.0,2318842.0
2428379.0,2262902.0,2320812.0
2428835.0,2262495.0,2319988.0
2422701.0,2262499.0,2325211.0
2443437.0,2262466.0,2320629.0
2426611.0,2261089.0,2317000.0
2427011.0,2260295.0,2319764.0
2426653.0,2261717.0,2318530.0
2464386.0,2263479.0,2326136.0
2466827.0,2263385.0,2329163.0
2429523.0,2263876.0,2334193.0
2471372.0,2262472.0,2291387.0
2414917.0,2261669.0,2319678.0
2423197.0,2259693.0,2320535.0
2476389.0,2263791.0,2323459.0
2425744.0,2262987.0,2321235.0
2483267.0,2262931.0,2317105.0
2427402.0,2262276.0,2319650.0
2431317.0,2263357.0,2322236.0
2453782.0,2262901.0,2319882.0
2454320.0,2262160.0,2320143.0
2442587.0,2261871.0,255720.0
2422322.0,2265107.0,2333046.0
2439007.0,2261961.0,257150.0
2480246.0,2263011.0,2322960.0
2445257.0,2261701.0,2326694.0
2427817.0,2263174.0,2318712.0
2442866.0,2261431.0,2320834.0
2444000.0,2262940.0,2322435.0
2423845.0,2263327.0,2320136.0
2426522.0,2260965.0,2335749.0
2428371.0,2261201.0,2320436.0
2395556.0,2263113.0,2317020.0
2422220.0,2261601.0,2320017.0
2434305.0,2261701.0,2334723.0
2446131.0,2265932.0,2319226.0
2422841.0,2262074.0,2318109.0
2433343.0,2262596.0,353086.0
2452509.0,2263015.0,2319856.0
2427987.0,2263275.0,2331119.0
2434128.0,2264030.0,1199721.0
2440842.0,2262136.0,2316796.0
2476133.0,2260724.0,2322406.0
2437984.0,2263353.0,2321920.0
2424911.0,2263770.0,2317132.0
2343228.0,2261575.0,2336756.0
2456039.0,2263040.0,2322504.0
2421888.0,2263313.0,2319156.0
2432066.0,2265819.0,2319290.0
2430444.0,2260940.0,2319175.0
2427373.0,2263197.0,2317902.0
2426668.0,2263408.0,2317435.0
2423894.0,2262019.0,2310888.0
2424412.0,2262878.0,334438.0
2429567.0,2263257.0,2308596.0
2426036.0,2262175.0,2316227.0
2427956.0,2263553.0,2294687.0
2453344.0,2261684.0,2317633.0
2435730.0,2264166.0,2321284.0
2431775.0,2264116.0,255563.0
2472689.0,2261857.0,2319874.0
2429766.0,2262747.0,1318681.0
2428773.0,2263413.0,2318406.0
2438188.0,2262995.0,2317960.0
2285717.0,2266607.0,2321123.0
2294687.0,2261905.0,2322769.0
2293225.0,2262302.0,2318891.0
2295278.0,2262429.0,254929.0
2289028.0,2261418.0,2331628.0
2408059.0,2264928.0,2321995.0
2293827.0,2266091.0,2321244.0
2294963.0,2261891.0,2322436.0
2295012.0,2262699.0,2320920.0
2305218.0,2263384.0,2319588.0
2303636.0,2264550.0,2321176.0
2298742.0,2262800.0,2320220.0
2295378.0,2262586.0,2319498.0
2295113.0,2262514.0,2319855.0
2286908.0,2262573.0,2334256.0
2298641.0,2260094.0,2321518.0
2300384.0,2265643.0,2320407.0
2359797.0,2260486.0,2325643.0
2297899.0,2262528.0,252866.0
2288565.0,2259023.0,2292300.0
2295006.0,2261718.0,2322101.0
2294668.0,2263034.0,2321287.0
2292415.0,2262946.0,2317068.0
2293401.0,2263284.0,2319706.0
2293601.0,2267064.0,2318353.0
2287678.0,2261875.0,2320108.0
2288789.0,2262438.0,2319411.0
2294982.0,2260587.0,2318372.0
2294018.0,2263935.0,2331840.0
2296373.0,2264564.0,2322719.0
2294388.0,2261162.0,2305387.0
2291013.0,2265039.0,2317989.0
2287017.0,2262375.0,2319042.0
2294229.0,2265587.0,2333555.0
2385698.0,2262281.0,2316788.0
4759.0,2263580.0,2317122.0
4739.0,2261846.0,2325051.0
2301235.0,2263610.0,2318000.0
4735.0,206624.0,2325740.0
4799.0,2263076.0,2319420.0
4759.0,2264062.0,2318371.0
4759.0,2261998.0,2323104.0
4759.0,2262422.0,2318972.0
4759.0,2261425.0,2336721.0
4799.0,2262156.0,2318657.0
4739.0,2262554.0,2318125.0
4695.0,2261396.0,2321990.0
4739.0,2261952.0,2319256.0
4759.0,2265773.0,2322357.0
4799.0,2266455.0,2332257.0
4739.0,2264552.0,2335527.0
4739.0,2260969.0,2298274.0
4863.0,2263847.0,2325724.0
4735.0,2265724.0,2315802.0
4759.0,2263721.0,2317939.0
4759.0,2263064.0,2334188.0
2300930.0,2260921.0,2323015.0
2372758.0,2263470.0,2321703.0
2289855.0,2261955.0,2310142.0
2308844.0,2264582.0,2316048.0
2297174.0,2266996.0,1668249.0
2293928.0,2267118.0,2318025.0
1936844.0,2261862.0,2319631.0
2288603.0,2262955.0,2325714.0
2294470.0,2262029.0,2263105.0
2294680.0,2271139.0,2335382.0
2286928.0,2262640.0,2332921.0
2297139.0,2274001.0,2333085.0
2290446.0,2263096.0,2318727.0
2311689.0,2260131.0,2319632.0
2378281.0,2261469.0,2287832.0
2285692.0,2262852.0,2315966.0
2294079.0,2260844.0,2309816.0
2293449.0,2261579.0,2308752.0
2289724.0,2262722.0,2322041.0
2295966.0,2262307.0,2309486.0
2287020.0,2262008.0,2309784.0
2295335.0,2260177.0,2309430.0
2287483.0,2264351.0,2307380.0
2302038.0,2262314.0,2309095.0
2288211.0,2261431.0,2308679.0
2287261.0,2262219.0,2307447.0
2288253.0,2263828.0,2311882.0
2290026.0,2262841.0,2307976.0
2293597.0,2262547.0,2307983.0
2296967.0,2262492.0,2306193.0
2295037.0,2265849.0,2311501.0
2297145.0,2263269.0,2309225.0
2305167.0,2261201.0,2308334.0
2289924.0,2262419.0,2310070.0
2381966.0,2260599.0,2308401.0
2292231.0,2279223.0,2313816.0
2295031.0,2262352.0,2306234.0
2290275.0,2261085.0,2313094.0
2305073.0,2263096.0,2308154.0
2295437.0,2262051.0,2310655.0
2289333.0,2263384.0,2307649.0
2290751.0,2262167.0,2310596.0
2287881.0,2262752.0,2309805.0
2287221.0,2260761.0,2309337.0
2294044.0,2261370.0,2311103.0
2304056.0,2261571.0,2309709.0
2298278.0,2261943.0,2308516.0
2300095.0,2261734.0,2305151.0
2306961.0,2264646.0,2305228.0
2298459.0,2262558.0,2307640.0
2294111.0,2263331.0,2311962.0
2287895.0,2264099.0,2306627.0
2297043.0,2265274.0,2313921.0
2295814.0,2256194.0,2310238.0
2296353.0,2257440.0,2307643.0
2286886.0,2247115.0,2306704.0
2290053.0,2242151.0,2307635.0
2298907.0,2245226.0,2310090.0
2314453.0,3173074.0,2306907.0
2302971.0,2255645.0,2308348.0
2325480.0,3160953.0,2318993.0
2301879.0,2258246.0,2314229.0
2298388.0,2257739.0,2309503.0
2293247.0,3161734.0,2325498.0
2285432.0,2245695.0,2305661.0
2303211.0,191100.0,2309503.0
2293839.0,3165152.0,2308472.0
2295099.0,2243327.0,2307700.0
2292294.0,2265274.0,2310498.0
2294395.0,2258827.0,2308671.0
2295577.0,2255752.0,2310061.0
2299562.0,2256707.0,2310707.0
2292613.0,2246135.0,2310569.0
2299456.0,3163422.0,2310073.0
2293422.0,2257616.0,2312978.0
2295237.0,2258195.0,2310151.0
2285718.0,2258078.0,2309562.0
2300536.0,3161877.0,2308117.0
2346655.0,2244200.0,2319811.0
2293089.0,2246011.0,2307822.0
2295942.0,2267936.0,2309923.0
2285417.0,2246635.0,2310660.0
2293886.0,2243803.0,2309291.0
2292247.0,2256056.0,2313809.0
2302763.0,2257546.0,2308843.0
2287959.0,3161623.0,2310453.0
2297390.0,2245520.0,2311666.0
2295638.0,2244417.0,2304457.0
2298381.0,2256288.0,777.0
2294559.0,2257001.0,1987963.0
2292737.0,2258099.0,777.0
2291449.0,3161707.0,327152.0
2286386.0,2244895.0,777.0
2295757.0,2257774.0,2308371.0
2293110.0,2257069.0,2306892.0
2294901.0,2256599.0,2308787.0
2288202.0,2807636.0,2322393.0
2294447.0,3162082.0,2308522.0
2292545.0,2258748.0,2307866.0
2301972.0,2245732.0,2307405.0
2374974.0,2255884.0,2311906.0
2289661.0,2249152.0,2321314.0
2297824.0,2245428.0,2308760.0
4779.0,2245983.0,2309844.0
4799.0,2256980.0,2307941.0
4799.0,2247329.0,2307049.0
4739.0,2246589.0,2308510.0
4739.0,2243661.0,2312547.0
4739.0,2257237.0,2304584.0
4715.0,2255502.0,2310584.0
4739.0,2271080.0,2309917.0
4799.0,2258386.0,2319153.0
4683.0,2259339.0,2306029.0
4759.0,2335384.0,2308190.0
2299609.0,3162193.0,2310246.0
4739.0,2244663.0,2309865.0
4799.0,2245054.0,2307678.0
4799.0,2258699.0,2305584.0
2294603.0,3162209.0,2309181.0
2297675.0,2259039.0,2319040.0
2293758.0,2258204.0,2304766.0
2293793.0,2263679.0,2304144.0
2291007.0,2247053.0,2320635.0
2285636.0,2242433.0,2305923.0
2300732.0,2246909.0,2312520.0
2310485.0,2251010.0,2304890.0
2299227.0,2244907.0,2304717.0
2383756.0,2256341.0,2308909.0
2295269.0,2256668.0,2312614.0
2288006.0,2256456.0,2308491.0
2306880.0,2259378.0,2313520.0
2300541.0,2256097.0,2318543.0
2296123.0,2256867.0,2310795.0
2288930.0,2257571.0,2322651.0
2289314.0,2357705.0,2313060.0
2295447.0,2272173.0,2307793.0
2291014.0,2255764.0,2304898.0
2291629.0,2255957.0,2313773.0
2289667.0,2257041.0,2309095.0
2317577.0,3208182.0,2309693.0
2286049.0,2257435.0,2306732.0
2304903.0,2256333.0,2312042.0
2304463.0,2256393.0,2320086.0
2298023.0,3180703.0,2310048.0
2294172.0,3162312.0,2312591.0
2300560.0,2258239.0,2308399.0
2299258.0,2245841.0,2314210.0
2294144.0,2244603.0,2312222.0
2292945.0,3162954.0,2309630.0
2298352.0,3162079.0,2309845.0
2291775.0,2257871.0,2310015.0
2289576.0,2245048.0,2314153.0
2386502.0,3162363.0,2308800.0
4735.0,2261685.0,2307218.0
2295855.0,2257535.0,2308366.0
4759.0,2256657.0,2307709.0
4867.0,2259774.0,2306217.0
4695.0,3175397.0,2303941.0
4739.0,3162568.0,2305196.0
4735.0,2257444.0,2313057.0
4683.0,2256053.0,2309526.0
4759.0,2257601.0,2310906.0
4799.0,2257731.0,2308308.0
4759.0,2256119.0,2309572.0
4759.0,2257194.0,2305528.0
4663.0,2258131.0,2313360.0
4759.0,3172980.0,2309708.0
4799.0,2260459.0,2307683.0
2345655.0,2245436.0,2311534.0
2289008.0,2257744.0,2322362.0
2297490.0,2245166.0,2311173.0
2292391.0,2258246.0,2303095.0
2291408.0,2258814.0,2314437.0
2290483.0,2285766.0,2306170.0
2297965.0,2242951.0,2313723.0
2288348.0,3161979.0,2311107.0
2292221.0,2257385.0,2309000.0
2297213.0,2245886.0,2310195.0
2295031.0,2244703.0,2311921.0
2309109.0,2257603.0,2309471.0
2294952.0,2268993.0,2308351.0
2294656.0,2243799.0,2311481.0
2295920.0,2245048.0,2311149.0
2288149.0,2257660.0,2309136.0
2298359.0,2246692.0,2313473.0
2288857.0,2268084.0,2311823.0
2294370.0,3162767.0,2306108.0
2299354.0,2257831.0,2306868.0
2367506.0,2257965.0,2319225.0
2292382.0,2257701.0,2311336.0
2301937.0,2267948.0,2307933.0
2291837.0,2339405.0,2310084.0
2285235.0,2246496.0,2308250.0
2311013.0,2257659.0,2307217.0
2287390.0,2258900.0,2308709.0
2297708.0,2246170.0,2307555.0
2288683.0,2242232.0,2304454.0
2286354.0,2245759.0,2305910.0
2294109.0,2256462.0,2307841.0
2320249.0,3162333.0,2305317.0
2314703.0,2271186.0,2305687.0
2324732.0,2257223.0,2309575.0
2304158.0,3162746.0,2314820.0
2306242.0,2261567.0,2308730.0
2315641.0,2245025.0,2309222.0
2305132.0,2256867.0,2311582.0
2315564.0,2253758.0,2306976.0
2304117.0,2245559.0,2309514.0
2322413.0,2247894.0,2305749.0
2304351.0,2258109.0,2308907.0
2311730.0,2257319.0,2307948.0
2322105.0,2258569.0,2310091.0
2320969.0,2260131.0,2321478.0
2317124.0,2245026.0,2307256.0
2304382.0,2252968.0,2307197.0
2307951.0,2258804.0,2312994.0
2302198.0,3160691.0,2309622.0
2300477.0,2258016.0,2307232.0
2314633.0,2258689.0,2314423.0
2320100.0,2246132.0,2311226.0
2334186.0,2245580.0,2313396.0
2314969.0,2257859.0,2309519.0
2318931.0,2257815.0,2306985.0
2313297.0,2243424.0,2319419.0
2306299.0,2284587.0,2306228.0
2304369.0,2256263.0,2320522.0
2306697.0,2257229.0,253378.0
2305648.0,2259706.0,2318723.0
2314833.0,2257687.0,2319199.0
2320295.0,2245254.0,2326708.0
2318057.0,2258507.0,2292632.0
2315225.0,3161253.0,2308709.0
2314106.0,2257385.0,2327302.0
2313272.0,3182715.0,253643.0
2305281.0,2244899.0,2316774.0
2318309.0,2258082.0,2322562.0
2304318.0,2245023.0,2300718.0
2332596.0,2259871.0,2295967.0
26329.0,2248771.0,256119.0
2307714.0,2257734.0,2322058.0
2314953.0,2255067.0,2292892.0
2310259.0,2244552.0,2305082.0
2307125.0,2257721.0,364304.0
2315324.0,2257196.0,2316639.0
2312652.0,2257569.0,2316038.0
2307612.0,2256309.0,336771.0
2317970.0,2245559.0,2321053.0
2317007.0,2256385.0,2317662.0
2307390.0,3167436.0,2294856.0
2317557.0,2256161.0,2331952.0
2316659.0,2246129.0,2298740.0
2303604.0,2257167.0,2335726.0
2321420.0,2244782.0,2317735.0
2304955.0,2244462.0,2319988.0
2304030.0,2280874.0,2324581.0
2307704.0,2426989.0,2315058.0
2327003.0,2243395.0,253450.0
2304367.0,2246023.0,2321090.0
2313039.0,2260082.0,2297839.0
2302570.0,2260289.0,2321951.0
2315835.0,2246673.0,2299622.0
2323053.0,2244294.0,2318332.0
2310381.0,2245139.0,253416.0
2306371.0,2257437.0,2318573.0
2321468.0,3162961.0,2293364.0
2301053.0,2257527.0,2316730.0
2319611.0,2271857.0,2320960.0
2321836.0,2261422.0,254780.0
465623.0,2245072.0,2331025.0
2305911.0,2245960.0,2323541.0
2332394.0,2256843.0,2319358.0
2308811.0,2346997.0,2320526.0
2307726.0,2256489.0,2335984.0
2306267.0,3179610.0,2332453.0
2325147.0,2244666.0,2316666.0
2353837.0,2247570.0,2322030.0
2305314.0,2257255.0,2321360.0
2314881.0,2243356.0,2321217.0
2309408.0,2243145.0,2291077.0
2306003.0,2274434.0,2318843.0
2307705.0,2245698.0,2319776.0
2319713.0,196434.0,1916754.0
2312484.0,2278961.0,2331188.0
2315382.0,283252.0,2319909.0
2313066.0,204442.0,2319336.0
2317887.0,2257819.0,750249.0
2300222.0,2257583.0,2325738.0
2319182.0,2259881.0,2319661.0
2315799.0,196533.0,2320656.0
2304842.0,2260050.0,2318840.0
2311582.0,204198.0,253761.0
2329118.0,2258527.0,2318774.0
2306075.0,2258372.0,2317246.0
2321818.0,203976.0,2334764.0
2318732.0,2258582.0,2319784.0
2322363.0,1833378.0,1184290.0
2302607.0,2245322.0,2320601.0
2305210.0,195974.0,777.0
2313697.0,203860.0,254135.0
2312687.0,2260115.0,2318972.0
2313687.0,203436.0,2300063.0
2306134.0,194734.0,2317832.0
2308276.0,203596.0,2334230.0
2328847.0,204040.0,254584.0
2311224.0,203184.0,2323086.0
2315899.0,203878.0,2330153.0
2309619.0,2260986.0,2315030.0
2325887.0,203922.0,2316048.0
2303779.0,203984.0,364332.0
2326156.0,2258006.0,2293528.0
2309871.0,2258623.0,254105.0
2316896.0,203294.0,2333882.0
2306935.0,2258246.0,2318278.0
2304318.0,301738.0,2318286.0
2301040.0,203736.0,2331724.0
2315700.0,2259119.0,777.0
2320869.0,275691.0,254170.0
2315448.0,203628.0,2319767.0
2304309.0,202564.0,2319481.0
2313881.0,2063346.0,2320945.0
2305389.0,203354.0,2318988.0
2322119.0,2261312.0,2320320.0
2316136.0,2260028.0,2319605.0
2306424.0,2258815.0,2322908.0
2307312.0,203912.0,2318455.0
2319909.0,203852.0,2332091.0
2312721.0,273904.0,2319640.0
2308952.0,312383.0,2325744.0
2300993.0,204070.0,2332017.0
2314684.0,2259883.0,256104.0
2314110.0,203974.0,2317413.0
2305413.0,203970.0,2318402.0
2317681.0,2239563.0,2320521.0
2322606.0,2258185.0,2317186.0
2303544.0,2258975.0,2319358.0
2310402.0,2259487.0,2300731.0
2325429.0,203700.0,2308611.0
2303359.0,196339.0,2319827.0
2317365.0,204104.0,2321679.0
2301524.0,2259743.0,252510.0
2306203.0,286099.0,351628.0
2313214.0,2259037.0,2320864.0
2315552.0,202470.0,2318904.0
2315950.0,2244789.0,2320096.0
2308620.0,2259982.0,752334.0
2308330.0,2260157.0,2332573.0
2316819.0,203638.0,2317449.0
2306229.0,2258954.0,2319411.0
2319923.0,196380.0,2328120.0
2314099.0,202490.0,2319187.0
2320707.0,202340.0,2324088.0
2302167.0,204218.0,2322355.0
2322138.0,203540.0,2319385.0
2319875.0,278066.0,2316538.0
2303681.0,2256420.0,2340463.0
2304404.0,203824.0,2333287.0
2312964.0,203684.0,2324415.0
2313940.0,2258808.0,2318635.0
2311572.0,202404.0,254577.0
2305957.0,2248253.0,2322448.0
2308287.0,203540.0,2318039.0
2314039.0,698412.0,2320926.0
2317311.0,2259468.0,2321874.0
2324290.0,204044.0,2321460.0
2313395.0,2259542.0,2317836.0
2307930.0,2257995.0,2329525.0
2317400.0,203926.0,752486.0
2303307.0,2260828.0,93182.0
2315235.0,203656.0,2319866.0
2310075.0,2259610.0,2319312.0
2299398.0,2258428.0,556716.0
2330725.0,203792.0,2338347.0
2304970.0,2259945.0,2320858.0
2305060.0,196206.0,2320433.0
2301248.0,2260026.0,2319914.0
2318962.0,2258623.0,2315651.0
2303323.0,2259882.0,2324539.0
2302790.0,203952.0,2315824.0
2317084.0,2259758.0,751326.0
2315083.0,301221.0,255628.0
2314662.0,194574.0,444752.0
2315193.0,204528.0,2321589.0
2302531.0,204258.0,2318866.0
2307756.0,196572.0,2318343.0
2327576.0,203994.0,2330001.0
2314714.0,2258593.0,2323035.0
2323975.0,731.0,2333556.0
2329318.0,204182.0,2335582.0
2315843.0,2260393.0,387284.0
2302511.0,203908.0,2318674.0
2308496.0,2262764.0,2319657.0
2302375.0,2259543.0,2318380.0
2319202.0,2259040.0,253418.0
2307323.0,202358.0,254304.0
2321460.0,275809.0,2318876.0
2319306.0,195748.0,2319116.0
2303628.0,203930.0,2317400.0
2313380.0,2231243.0,256063.0
2306079.0,204094.0,2322622.0
2306282.0,2258820.0,2318344.0
2316660.0,203898.0,751137.0
2322021.0,2260637.0,429222.0
2321790.0,195918.0,751181.0
2318159.0,2257675.0,2318717.0
2300797.0,2258284.0,2334299.0
2316184.0,203690.0,2317422.0
2318836.0,203968.0,2030354.0
2312302.0,2258542.0,337396.0
2335882.0,2259400.0,2317589.0
2315558.0,2260365.0,2322506.0
2321809.0,2259367.0,2319401.0
2322278.0,204248.0,2318901.0
2329928.0,203474.0,2332043.0
2329458.0,2259067.0,2316610.0
2324908.0,2257595.0,2321766.0
2319235.0,2262480.0,2321657.0
2319174.0,2259351.0,2332985.0
2337000.0,203796.0,2316564.0
2317051.0,2258638.0,2317681.0
2316905.0,203934.0,2320546.0
264063.0,2259639.0,337766.0
2325634.0,204084.0,2318432.0
2318908.0,202376.0,2325896.0
2313754.0,2259315.0,2297496.0
2315572.0,194792.0,2335392.0
2329519.0,2257787.0,2333832.0
2335536.0,2259319.0,2322497.0
2315008.0,286177.0,254268.0
2315586.0,2259447.0,254394.0
2318368.0,203886.0,2317225.0
2313927.0,2259045.0,2319569.0
2337726.0,2260465.0,2334761.0
2325306.0,203910.0,586159.0
2326517.0,2259691.0,2306475.0
2328768.0,275275.0,2328979.0
2319628.0,2261259.0,252586.0
2312920.0,2260049.0,253472.0
2322591.0,2257975.0,254234.0
2320107.0,202530.0,254281.0
261445.0,2259751.0,750996.0
2319181.0,204086.0,253853.0
2315909.0,203468.0,2406834.0
2316815.0,2257795.0,254055.0
2313116.0,2258204.0,254508.0
262343.0,2261022.0,364486.0
2312631.0,2258705.0,254139.0
262213.0,2260327.0,254205.0
2311869.0,2243636.0,254003.0
2330632.0,2258136.0,253789.0
2326142.0,203362.0,253723.0
2322708.0,203618.0,254574.0
2316703.0,698160.0,254151.0
2317090.0,285841.0,252958.0
2324510.0,204264.0,254254.0
2327900.0,203222.0,253733.0
2317361.0,203922.0,252702.0
2321990.0,2259711.0,252640.0
2322959.0,311420.0,251736.0
2309613.0,203894.0,251781.0
2316598.0,195876.0,253945.0
2318695.0,2259284.0,253741.0
2314941.0,2259819.0,253948.0
2320421.0,2258189.0,254174.0
2318547.0,2259130.0,251877.0
2314789.0,202494.0,1431102.0
261891.0,2259053.0,253088.0
2314590.0,2261044.0,253030.0
2315687.0,276696.0,255728.0
2323224.0,2250168.0,253903.0
261731.0,2239077.0,253838.0
2320196.0,2261214.0,254205.0
2314768.0,196054.0,254550.0
2318468.0,2259920.0,254805.0
2316389.0,2258105.0,253955.0
2327590.0,2259402.0,251174.0
2319187.0,2260925.0,254323.0
2312694.0,2258197.0,251740.0
2315218.0,2259811.0,251940.0
2317909.0,203788.0,251508.0
2322381.0,2259325.0,252021.0
2316894.0,203566.0,253875.0
2322428.0,196416.0,253900.0
2330736.0,2260705.0,254664.0
2313917.0,2260219.0,2304435.0
2323462.0,2259547.0,253059.0
2313240.0,203810.0,252232.0
2325936.0,204562.0,252763.0
2319896.0,283234.0,254564.0
2315486.0,2259703.0,2371585.0
2328690.0,196092.0,254596.0
2318568.0,204322.0,253158.0
2322769.0,274005.0,253539.0
2313643.0,2259328.0,251834.0
2315262.0,204154.0,254668.0
2329846.0,2258513.0,253073.0
2320099.0,2263774.0,253242.0
2316969.0,2259769.0,2318014.0
2323465.0,618094.0,254123.0
2313543.0,2249306.0,253704.0
2321963.0,203816.0,252464.0
2314586.0,2261318.0,253906.0
2316906.0,2258642.0,250597.0
2316871.0,276606.0,254022.0
2312302.0,275258.0,254286.0
2312442.0,2348989.0,253578.0
2317798.0,2259605.0,333921.0
2318527.0,2263595.0,253946.0
2312062.0,2262917.0,1967627.0
2320625.0,2260910.0,253505.0
2328918.0,2262398.0,749842.0
2327795.0,2262773.0,254379.0
2320773.0,2262847.0,253731.0
2320732.0,2261126.0,2385196.0
2330480.0,2263070.0,251447.0
2313950.0,2260496.0,252163.0
2323103.0,2260969.0,253562.0
2317776.0,2262175.0,2294207.0
2314456.0,2262083.0,253445.0
2323522.0,2262806.0,254234.0
2328975.0,2259993.0,250602.0
2318238.0,2262002.0,254228.0
2319966.0,2261504.0,252104.0
2315747.0,2262292.0,254252.0
2323261.0,2265270.0,253424.0
2315692.0,2262757.0,253005.0
2320943.0,2265646.0,251987.0
2318006.0,2261806.0,254136.0
2314197.0,2278279.0,253856.0
2316328.0,2260871.0,254151.0
2322487.0,2262675.0,254356.0
2314595.0,2263701.0,254356.0
2315308.0,2261417.0,250602.0
2318596.0,2262280.0,251844.0
2321484.0,2262868.0,251711.0
2314944.0,2263146.0,251694.0
2323280.0,2262626.0,250525.0
2319846.0,2260461.0,253964.0
2320994.0,2261810.0,231636.0
2325439.0,2262856.0,254360.0
2324739.0,2262516.0,252254.0
2320221.0,2267545.0,253884.0
2320307.0,2262310.0,254201.0
2317997.0,2262052.0,253486.0
2315359.0,2262875.0,254975.0
2318856.0,2262299.0,251800.0
2318107.0,2279605.0,253914.0
2319044.0,2263727.0,421109.0
2316445.0,2261843.0,251862.0
2318344.0,2262194.0,252994.0
2315875.0,2261241.0,253881.0
2323429.0,2262928.0,251870.0
2317458.0,2265116.0,2422345.0
2316824.0,2262549.0,337886.0
2323544.0,2262844.0,252100.0
2314962.0,2262244.0,253858.0
2321001.0,2261653.0,254162.0
2317737.0,2264731.0,2321977.0
2319755.0,2264345.0,253276.0
2332005.0,2262733.0,295212.0
2322419.0,2261780.0,251958.0
2318874.0,2261766.0,253149.0
2318464.0,2260816.0,254209.0
2320139.0,2262972.0,252258.0
2310682.0,2263241.0,251888.0
2329477.0,2260464.0,254162.0
2318636.0,2262888.0,336275.0
2313881.0,2265573.0,2321146.0
2314816.0,2261126.0,253848.0
2322000.0,2262994.0,253427.0
2318146.0,2261412.0,253624.0
2315178.0,2262725.0,254257.0
2313680.0,2262242.0,253889.0
2317666.0,2261673.0,253851.0
2322348.0,2263936.0,254075.0
2312446.0,2262913.0,252006.0
2315623.0,2262317.0,254206.0
2319237.0,2263265.0,255325.0
2315320.0,2264032.0,250798.0
2312887.0,2261306.0,253926.0
2316073.0,2263270.0,254388.0
2321764.0,2262584.0,252095.0
2312722.0,2261476.0,254306.0
2324616.0,2261652.0,251606.0
2315053.0,2262341.0,251567.0
2316876.0,2262654.0,253627.0
2320243.0,2264509.0,251846.0
2316016.0,2261360.0,1125120.0
2319622.0,2261985.0,2331989.0
2318803.0,2267179.0,253642.0
2327737.0,2262508.0,253690.0
2317243.0,2263948.0,253944.0
2325774.0,2261700.0,2429365.0
2321207.0,2265528.0,254238.0
2330785.0,2261936.0,251910.0
2328464.0,2262168.0,250597.0
2319607.0,2260869.0,254646.0
2319796.0,2262837.0,2303916.0
2324401.0,2265196.0,2320954.0
2316644.0,2260968.0,251957.0
2314448.0,2260841.0,254402.0
2313942.0,2262842.0,254408.0
2314481.0,2263530.0,254186.0
2321672.0,2262025.0,1067147.0
2316263.0,2262222.0,254924.0
2319060.0,2263693.0,252700.0
2322682.0,2262184.0,253787.0
2315671.0,2264040.0,254007.0
2315825.0,2261135.0,254437.0
2324737.0,2262299.0,251842.0
2318258.0,2263497.0,2415858.0
2316813.0,2262552.0,251705.0
2318028.0,2260867.0,253199.0
2313174.0,2260386.0,252634.0
2315489.0,2260942.0,250564.0
2314920.0,2263192.0,253061.0
2372380.0,2262091.0,254085.0
2401593.0,2262198.0,251814.0
2392151.0,2264054.0,250850.0
2386922.0,2266087.0,253656.0
2371556.0,2263309.0,2329857.0
2405710.0,2265628.0,251879.0
2369745.0,2264419.0,253600.0
2372441.0,2261651.0,253823.0
2367924.0,2262582.0,254022.0
2456852.0,2261097.0,251882.0
2382714.0,2262876.0,252807.0
2371385.0,2262711.0,254442.0
2440927.0,2262297.0,251731.0
2367389.0,2262112.0,253617.0
2388052.0,2262375.0,254286.0
2376733.0,2263251.0,253830.0
2381471.0,2263738.0,254589.0
2371798.0,2260233.0,250627.0
2412292.0,2262716.0,751200.0
2379912.0,2262306.0,252639.0
2421609.0,2264178.0,254140.0
2439248.0,2260757.0,1128585.0
2365999.0,2259900.0,253093.0
2456594.0,2263227.0,2299702.0
2412757.0,2262300.0,254242.0
2371777.0,2263179.0,254416.0
2370703.0,2260972.0,254159.0
2388641.0,2263018.0,253617.0
2378099.0,2262439.0,250501.0
2366444.0,2262245.0,253954.0
2375946.0,2262467.0,251675.0
2374461.0,2267955.0,2306742.0
2374749.0,2261379.0,2298314.0
2372048.0,2262393.0,2315828.0
2461121.0,2266632.0,2299835.0
2464933.0,2260466.0,2307077.0
2382955.0,2263460.0,2312394.0
2481917.0,2265811.0,2298983.0
2375131.0,2261177.0,2303249.0
2445702.0,2263306.0,2324669.0
2455427.0,2261818.0,2313632.0
2375608.0,2261659.0,2298603.0
2373483.0,2262892.0,2299212.0
6758.0,2262913.0,2301726.0
2379279.0,2260830.0,2312130.0
2367088.0,2262250.0,2301803.0
2379622.0,2262488.0,2306895.0
2449689.0,2262489.0,2306779.0
2385363.0,2263016.0,2310370.0
2368330.0,2262557.0,2302845.0
2364353.0,2263161.0,2305690.0
2378997.0,2262169.0,2309134.0
2357071.0,2261826.0,2298891.0
2379798.0,2262573.0,2306979.0
2362148.0,2262209.0,2306675.0
2363225.0,2262963.0,2305804.0
2375971.0,2262076.0,2302977.0
2373229.0,2262406.0,2305138.0
2370035.0,2261835.0,2309268.0
2359991.0,2266860.0,2297822.0
2382720.0,2259653.0,2302973.0
2377974.0,2261396.0,2305477.0
2368738.0,2262226.0,2306417.0
2384930.0,2263898.0,2302900.0
2412971.0,2264246.0,2311413.0
2365129.0,2265320.0,2303797.0
2367697.0,2262142.0,2303162.0
2373116.0,2262895.0,2304968.0
2362310.0,2262143.0,2310193.0
2382284.0,2261650.0,2302258.0
2372234.0,2264384.0,2304330.0
2373264.0,2262246.0,2310504.0
2364664.0,2262520.0,2304781.0
2392117.0,2261785.0,2301791.0
2455984.0,2260584.0,2310007.0
2402671.0,2261714.0,2305726.0
2364978.0,2262205.0,2304887.0
2371221.0,2260967.0,2305690.0
2419165.0,2261799.0,2309656.0
2392017.0,2263104.0,2321347.0
2384307.0,2265052.0,2302218.0
2373950.0,2266132.0,2302636.0
2363505.0,2262157.0,2307698.0
2364475.0,2261249.0,2300861.0
2416389.0,2263915.0,2302818.0
2387188.0,2262764.0,2309936.0
2367926.0,2263310.0,2306891.0
2375841.0,2261259.0,2300084.0
2375726.0,2267151.0,2309161.0
2365677.0,2262551.0,2300777.0
2395404.0,2263229.0,2304846.0
2377834.0,2265498.0,2306177.0
2375364.0,2262776.0,2303944.0
2462262.0,2261813.0,2308367.0
2370906.0,2267148.0,2310282.0
2357402.0,2263199.0,2308804.0
2402857.0,2263591.0,2311035.0
2365227.0,2263393.0,2306942.0
2398075.0,2263360.0,2299037.0
2363011.0,2261777.0,2305532.0
2380729.0,2264332.0,2302871.0
2475599.0,2262596.0,2303313.0
2382378.0,2263202.0,2307737.0
2411633.0,2261608.0,2306197.0
2370513.0,2261167.0,2307351.0
2376984.0,2262617.0,2404301.0
2358668.0,2262966.0,2301408.0
2440258.0,2262404.0,2301134.0
2375843.0,2260787.0,2309806.0
6630.0,2260967.0,2314272.0
2444086.0,2262533.0,2331738.0
2457913.0,2262768.0,2338013.0
2377660.0,2261516.0,2299912.0
2465869.0,2260870.0,2313932.0
2366567.0,2263926.0,2304431.0
2407574.0,2262085.0,2311695.0
2368424.0,2263325.0,2301460.0
2374501.0,2263874.0,2313479.0
2386620.0,2262422.0,2302224.0
2365878.0,2257681.0,2310854.0
2384231.0,2245539.0,2302472.0
2383944.0,2259033.0,2305098.0
2367577.0,2517337.0,2307102.0
2365042.0,2246032.0,2311134.0
2390701.0,2251342.0,2306041.0
2368781.0,2256276.0,2306574.0
2373181.0,2256924.0,2306174.0
2369967.0,2256930.0,2301680.0
2371872.0,2247868.0,2313711.0
2359266.0,2249294.0,2311036.0
2380695.0,2246382.0,2318625.0
2374592.0,2246868.0,2312742.0
2369696.0,2257351.0,2301240.0
2389388.0,2246131.0,2299808.0
2455956.0,2256729.0,2308525.0
2394386.0,2278802.0,2308507.0
2368849.0,2257375.0,2301051.0
2370034.0,2247142.0,2306950.0
6694.0,2256803.0,2308382.0
2371081.0,2249611.0,2315222.0
2369751.0,2264523.0,2310704.0
2372955.0,2245250.0,2315293.0
2386221.0,2256686.0,2310586.0
2368960.0,2248516.0,2304172.0
2377922.0,2257677.0,2311730.0
2403732.0,2246290.0,2300564.0
2363578.0,2250979.0,2310791.0
6694.0,2258214.0,2299096.0
2372929.0,2250068.0,2312570.0
2361140.0,2257693.0,2302329.0
2369297.0,2288180.0,2303215.0
2365273.0,2257533.0,2313749.0
2365472.0,2249263.0,2305760.0
2376593.0,2247408.0,2304294.0
2398702.0,2257359.0,2315433.0
2390691.0,2245563.0,2303750.0
2383099.0,2257625.0,2309103.0
2372876.0,2245579.0,2305188.0
2382164.0,2245163.0,2305333.0
2373545.0,2243380.0,2309646.0
2379239.0,2257420.0,2301716.0
2382826.0,2246203.0,2307527.0
2355381.0,2256133.0,2297775.0
2376310.0,2256795.0,2303349.0
2388741.0,2258135.0,2313272.0
2364968.0,2256623.0,2308641.0
2372680.0,2251095.0,2311044.0
2401757.0,2257488.0,2297687.0
2372217.0,2256547.0,2305349.0
2381433.0,2245277.0,2300855.0
6758.0,2257996.0,2302685.0
2367597.0,2245227.0,2317655.0
2381989.0,2251667.0,2303113.0
2363655.0,2257266.0,2303177.0
2361982.0,2257349.0,2296387.0
2378486.0,2257474.0,2301661.0
2381573.0,2247780.0,2315434.0
2379524.0,2249101.0,2309755.0
2373558.0,2249751.0,2304029.0
2362581.0,2245842.0,2307769.0
2405414.0,2245604.0,2308034.0
2379440.0,2261495.0,2311146.0
2380688.0,2246995.0,2311373.0
2371340.0,2250563.0,2311422.0
2364329.0,2244258.0,2299119.0
2358757.0,2257859.0,2302394.0
2383508.0,2258261.0,2304868.0
2370561.0,2257719.0,2306837.0
2432411.0,2244635.0,2309522.0
2376011.0,2249846.0,2311142.0
2393959.0,2245474.0,2391270.0
2370105.0,2249369.0,2306155.0
2362125.0,2244890.0,2305241.0
2371212.0,2257127.0,2314705.0
2412245.0,2258068.0,2302501.0
2365119.0,2257616.0,2306478.0
2371343.0,2244250.0,2318894.0
2381580.0,2906761.0,2309595.0
2370367.0,2246243.0,2406104.0
2365898.0,2245645.0,2293610.0
2363685.0,2257150.0,2313759.0
2360575.0,2257637.0,2302116.0
2367515.0,2344770.0,2310324.0
2366174.0,2248835.0,2302127.0
2427047.0,2250850.0,2303675.0
2366108.0,2244862.0,2314333.0
2376295.0,2255481.0,2315834.0
2373497.0,2244359.0,2307065.0
2383699.0,2256501.0,2305443.0
2383917.0,2244293.0,2314737.0
2466625.0,2244659.0,2309122.0
2359463.0,2257561.0,2304216.0
2378367.0,2257577.0,2304849.0
2375619.0,2265061.0,2307949.0
2404095.0,2250458.0,2317839.0
2376025.0,2250634.0,2303484.0
2364631.0,2258005.0,2311366.0
2286415.0,2258180.0,2307560.0
2289329.0,2257443.0,2298899.0
2297695.0,2258767.0,2311537.0
2295687.0,2291939.0,2298592.0
2383910.0,2258264.0,2312626.0
2294023.0,2244802.0,2324557.0
2284129.0,2245573.0,2302574.0
2294132.0,2260779.0,2316225.0
2303712.0,2243602.0,2305129.0
2352295.0,2278645.0,2303548.0
2294668.0,2257147.0,2296550.0
2294356.0,2257997.0,2304356.0
2294031.0,2251029.0,2305329.0
2385484.0,2258167.0,2307981.0
2296569.0,2244946.0,2307128.0
2295841.0,2257018.0,2311295.0
2348027.0,2256817.0,2299889.0
2374307.0,2246118.0,2298795.0
2294088.0,2257192.0,2300922.0
2292273.0,2258127.0,2304756.0
2296177.0,2248786.0,2296473.0
2294118.0,2250218.0,2310098.0
2291667.0,2248339.0,2305464.0
2347482.0,2244312.0,2299609.0
2299196.0,2252565.0,2314462.0
2293105.0,2249998.0,2305738.0
2321172.0,2245265.0,2313525.0
2293784.0,2245244.0,2356654.0
2288854.0,2244272.0,2312586.0
2293224.0,2247901.0,2299929.0
2285913.0,2255391.0,2295656.0
2298988.0,2271887.0,2304197.0
2294767.0,2249211.0,2304994.0
2385030.0,2257645.0,2300849.0
4739.0,2273051.0,2317403.0
4759.0,2260688.0,354187.0
28413.0,2259966.0,2333388.0
4759.0,2257053.0,1486667.0
2270241.0,2245613.0,250628.0
4661.0,2249055.0,334691.0
4681.0,2245676.0,2295876.0
4601.0,2635293.0,2299154.0
2294675.0,2250656.0,333143.0
2295074.0,2247975.0,2318353.0
2298567.0,2245218.0,2290927.0
2383085.0,2256746.0,1196366.0
2298491.0,2259646.0,254762.0
2286954.0,2255717.0,752741.0
2297058.0,2258669.0,752785.0
2289268.0,2256276.0,2311245.0
2293552.0,2246095.0,2301667.0
2303325.0,2257926.0,2302964.0
2292013.0,2256022.0,335341.0
2302215.0,2245054.0,2321775.0
2285859.0,2247048.0,2297279.0
2307132.0,2256641.0,2319832.0
2305697.0,2256755.0,2315619.0
2299491.0,2258174.0,1120729.0
2364034.0,2250056.0,2305560.0
2315038.0,2245371.0,2290295.0
2295980.0,2249853.0,2319605.0
2288850.0,2256400.0,253022.0
2297941.0,2257501.0,334856.0
2351017.0,2256542.0,2302318.0
2298516.0,2257012.0,333349.0
2288283.0,2250619.0,254085.0
2287684.0,2258545.0,2319384.0
2296429.0,2257998.0,353863.0
2294552.0,2257185.0,2304961.0
2297109.0,2259598.0,630871.0
2299069.0,2246179.0,2330402.0
2296018.0,2284365.0,749161.0
2293075.0,2245593.0,2317642.0
2284458.0,2257947.0,333517.0
2290562.0,2257581.0,2319940.0
2352006.0,2257343.0,2291367.0
4651.0,2243269.0,2292325.0
2387527.0,2398239.0,363315.0
2293821.0,2245766.0,333546.0
2292690.0,2245112.0,2319427.0
2293880.0,2258174.0,1710020.0
2388150.0,2244735.0,2298647.0
4791.0,2245274.0,254917.0
4661.0,2244550.0,354262.0
65465.0,2256112.0,2298210.0
11191.0,2256288.0,1604614.0
2293551.0,2273356.0,2334517.0
2295016.0,2257832.0,2292919.0
2297949.0,2257660.0,2322932.0
2307958.0,2250400.0,2321039.0
2297599.0,2259275.0,2290738.0
2288300.0,2245105.0,2324668.0
2298632.0,2318695.0,2318843.0
2382724.0,2250091.0,2314307.0
2294766.0,2257408.0,2292268.0
2389192.0,2256110.0,255510.0
2384630.0,2243943.0,2332861.0
2290213.0,2257723.0,2335664.0
2295782.0,2258425.0,253199.0
2381683.0,2257659.0,254966.0
2300090.0,2244904.0,2321476.0
2302020.0,2269441.0,2321799.0
2294502.0,2257813.0,2298534.0
2301305.0,2257451.0,753978.0
2294740.0,2256413.0,2295870.0
2286341.0,2256927.0,2302185.0
2387169.0,2257523.0,2313590.0
2295016.0,2244798.0,2319772.0
2295693.0,2245779.0,335578.0
2292469.0,2251565.0,2302269.0
2291953.0,2255808.0,252534.0
2287801.0,2260379.0,750932.0
2296698.0,2258310.0,253760.0
2297870.0,2249831.0,253690.0
2288205.0,2257933.0,2299479.0
4763.0,2264004.0,2310377.0
2314153.0,2257514.0,2302950.0
4739.0,2256827.0,2321422.0
4739.0,2244504.0,750527.0
4695.0,2264489.0,2334648.0
4715.0,2245179.0,253577.0
4707.0,3162899.0,2303949.0
4771.0,2244396.0,2319782.0
4799.0,2264529.0,2319204.0
4739.0,2258827.0,2295634.0
4739.0,2263033.0,352825.0
4707.0,2271066.0,2323672.0
4799.0,2256616.0,750981.0
4727.0,2259340.0,2302363.0
4747.0,2258835.0,2328107.0
4739.0,3160474.0,2318183.0
4970.0,2257807.0,254497.0
2287030.0,2263452.0,750258.0
2297309.0,2264478.0,352199.0
2286188.0,2262427.0,2321331.0
2306310.0,2264253.0,254482.0
2292266.0,2262613.0,255073.0
2310959.0,2265442.0,2319900.0
2286206.0,2261666.0,1152951.0
2286836.0,2260726.0,2297683.0
2299190.0,2261823.0,2316406.0
2289316.0,2263465.0,2301166.0
2298253.0,2262104.0,2287586.0
2297188.0,2263949.0,2293417.0
2294870.0,2263222.0,363163.0
2293407.0,2263282.0,2332766.0
2296296.0,2263171.0,2321921.0
2298102.0,2264078.0,2299989.0
2287445.0,2263260.0,256393.0
2294816.0,2263773.0,2318665.0
2301912.0,2260839.0,2320634.0
2291852.0,2263520.0,2321048.0
2298587.0,2263905.0,2298289.0
2300818.0,2263926.0,2325230.0
2364530.0,2262429.0,254092.0
2289321.0,2263342.0,751502.0
2296693.0,2267038.0,2320515.0
2333757.0,2262754.0,2302338.0
2339684.0,2260875.0,253280.0
2349072.0,2262553.0,2318069.0
2303325.0,2262930.0,2297852.0
2295891.0,2263065.0,2334707.0
2301675.0,2262709.0,2310745.0
2295470.0,2261515.0,2322943.0
2293047.0,2264207.0,2299096.0
2307422.0,2262205.0,2310293.0
2291290.0,2264663.0,255378.0
2295871.0,2262894.0,253765.0
2296432.0,2262466.0,2309502.0
2289196.0,2261272.0,750407.0
4739.0,2263831.0,256879.0
4735.0,2264093.0,2321231.0
4759.0,2263861.0,2336177.0
4739.0,2264398.0,2321336.0
4727.0,2262000.0,1802399.0
4759.0,2261599.0,749842.0
4695.0,2263163.0,2321553.0
2280875.0,2260476.0,2328563.0
5102.0,2264505.0,2302013.0
4739.0,2260855.0,2340903.0
5058.0,2263162.0,2324147.0
4695.0,2263203.0,2315022.0
4739.0,2262537.0,2288415.0
4739.0,2265451.0,253369.0
4759.0,2264164.0,2290991.0
2294206.0,2262542.0,2295334.0
2292950.0,2263665.0,254891.0
2289162.0,2268235.0,255535.0
2375465.0,2263565.0,2320353.0
2292075.0,2261341.0,2321379.0
2294995.0,2262497.0,2315749.0
2291528.0,2262253.0,251836.0
2298903.0,2259163.0,352437.0
2315492.0,2261426.0,253374.0
2296750.0,2262801.0,2319435.0
2382740.0,2265666.0,336867.0
2315971.0,2263308.0,2319391.0
2381837.0,2262729.0,2320545.0
2295852.0,2264296.0,2319242.0
4619.0,2262441.0,2320686.0
4727.0,2261788.0,315777.0
4739.0,2261836.0,2323141.0
4739.0,2263750.0,2304793.0
4739.0,2263106.0,2311839.0
4803.0,2263777.0,2296811.0
2299195.0,2262315.0,751580.0
4799.0,2262780.0,254522.0
4759.0,2262814.0,2318162.0
4779.0,2262759.0,2332295.0
4799.0,2262063.0,254142.0
4739.0,2264507.0,337039.0
4775.0,2262957.0,2319996.0
4695.0,2262545.0,2313148.0
4735.0,2263397.0,2294558.0
4735.0,2271334.0,2299861.0
4799.0,2261574.0,2333290.0
4739.0,2264439.0,2317991.0
4799.0,2262343.0,2319152.0
4739.0,2262386.0,2317896.0
4759.0,2263671.0,2290094.0
4739.0,2265091.0,254861.0
4739.0,2264123.0,2325431.0
4759.0,2262179.0,2296490.0
4735.0,2260763.0,253560.0
4759.0,2261985.0,2319798.0
4739.0,2262307.0,2308867.0
4799.0,2260773.0,253636.0
4759.0,2262877.0,253584.0
4759.0,2262980.0,253536.0
4759.0,2263762.0,2334496.0
4759.0,2262206.0,2301299.0
4683.0,2258564.0,2334259.0
4759.0,2262369.0,1597665.0
2332048.0,2262644.0,2323434.0
4739.0,2259466.0,252192.0
4739.0,2264261.0,255555.0
4759.0,2263322.0,2319639.0
4739.0,2264326.0,2320430.0
4739.0,2261662.0,255512.0
4739.0,2260554.0,2322276.0
4739.0,2264399.0,254276.0
4759.0,2267664.0,2321254.0
4739.0,2262903.0,1933665.0
4739.0,2263267.0,2308128.0
4707.0,2265226.0,2404724.0
4799.0,2264593.0,2308010.0
4799.0,2262282.0,2310801.0
4759.0,2261130.0,2404835.0
2374880.0,2262688.0,2310297.0
2294854.0,2262812.0,2309500.0
2295263.0,2262041.0,2305616.0
2300101.0,2260826.0,2310175.0
2377265.0,2263645.0,2319962.0
2287980.0,2262068.0,2310298.0
2296833.0,2261888.0,2403502.0
2295648.0,2261042.0,2312152.0
2286297.0,2263513.0,2308179.0
2303035.0,2263806.0,2311564.0
2295095.0,2262133.0,2308199.0
2295402.0,2264989.0,2306901.0
2287319.0,2264098.0,2310041.0
2383441.0,2263351.0,2310375.0
2294510.0,2266179.0,2308304.0
2305076.0,2266058.0,2308325.0
2307304.0,2261868.0,2313042.0
4651.0,2262475.0,2311233.0
2293172.0,2262283.0,2309127.0
2286814.0,2264249.0,2405591.0
2300369.0,2262078.0,2311994.0
2291001.0,2262971.0,2308602.0
2288653.0,2261588.0,2309297.0
2302005.0,2262547.0,2309675.0
2285798.0,2263541.0,2311220.0
2286200.0,2260446.0,2309279.0
2287206.0,2263528.0,2401260.0
2380813.0,2263339.0,2305889.0
2383434.0,2262227.0,2306497.0
2285778.0,2267104.0,2308453.0
2294239.0,2262803.0,2313653.0
2320127.0,2262598.0,2321053.0
2298188.0,2263373.0,2410284.0
2390456.0,2262335.0,2309741.0
2285521.0,2262302.0,2309362.0
2291041.0,2262403.0,2314914.0
2293853.0,2262111.0,2310037.0
2287102.0,2263880.0,2407503.0
2293643.0,2263800.0,2310502.0
2289727.0,2260433.0,2308701.0
2383437.0,2264625.0,2312761.0
2303933.0,2263059.0,2306991.0
2295300.0,2262820.0,2310407.0
2288237.0,2262354.0,2394446.0
2304049.0,2263254.0,2308939.0
2287733.0,2265801.0,2408189.0
2284571.0,2262306.0,2309956.0
2289436.0,2260510.0,777.0
2390601.0,2264234.0,244917.0
2301890.0,2263619.0,2073135.0
2359967.0,2262848.0,2312570.0
2359420.0,2266408.0,2308298.0
2372641.0,2263931.0,2311046.0
2362540.0,2262270.0,2310253.0
2365567.0,2262845.0,2406492.0
2367665.0,2267030.0,2408188.0
2358546.0,2265285.0,2311556.0
2373532.0,2262382.0,2311861.0
2361671.0,2267158.0,2307975.0
2363042.0,2260110.0,2310644.0
2363563.0,2263151.0,2311579.0
2362765.0,2262378.0,2377671.0
2358542.0,2262398.0,2407115.0
2369237.0,2262393.0,2308886.0
2365708.0,2261595.0,2311329.0
2355492.0,2262236.0,2370092.0
2369210.0,2265473.0,2309694.0
2366710.0,2259573.0,2402677.0
2363956.0,2262943.0,2308913.0
2364251.0,2264167.0,2307432.0
2355893.0,2265303.0,2310766.0
2361077.0,2261648.0,2320578.0
2364176.0,2262502.0,2310032.0
2363719.0,2261647.0,2310361.0
2359531.0,2260617.0,2307806.0
2378578.0,2262136.0,2311801.0
2369450.0,2261458.0,2307263.0
2362881.0,2261540.0,2312655.0
2362882.0,2260769.0,249119.0
2360575.0,2263788.0,2070345.0
2361331.0,2265498.0,2309557.0
2363161.0,2259790.0,2404431.0
2362544.0,2265359.0,2311468.0
2359487.0,2262905.0,2306648.0
2359237.0,2264329.0,2311113.0
2373481.0,2262750.0,2308257.0
2361167.0,2261316.0,2342948.0
2358117.0,2262150.0,2309868.0
2364020.0,2265216.0,2309546.0
2360463.0,2266159.0,2310550.0
2356929.0,2263797.0,2309873.0
2358008.0,2267509.0,2312506.0
2361753.0,2262248.0,2315472.0
2364982.0,2262612.0,2331888.0
2364164.0,2263569.0,2311105.0
2354503.0,2261749.0,2312445.0
2359143.0,2262803.0,2309803.0
2359655.0,2262338.0,2306614.0
2363986.0,2263131.0,2309673.0
2368389.0,2262821.0,2309487.0
2369628.0,2264084.0,2310231.0
2377399.0,2259087.0,2314854.0
2358440.0,2262568.0,2310713.0
2358087.0,2260580.0,2309220.0
2367456.0,2266430.0,2309967.0
2360047.0,2261855.0,2321461.0
2370464.0,2261753.0,2314557.0
2358967.0,2264261.0,2321279.0
2364878.0,2262626.0,2309264.0
2363289.0,2262271.0,2408969.0
2364225.0,2262180.0,2406746.0
2355740.0,2261464.0,2310571.0
2371240.0,2263520.0,2312301.0
2363518.0,2265264.0,2305013.0
2359025.0,2267745.0,2318454.0
2369063.0,2248496.0,2310061.0
2364204.0,2259347.0,2308174.0
2364687.0,2246755.0,2310015.0
2366185.0,2245375.0,2406962.0
2361865.0,2272239.0,2355249.0
2367448.0,2259399.0,2312842.0
2358854.0,2260041.0,2327674.0
2361099.0,2245201.0,2308969.0
2359306.0,2260188.0,2312259.0
2399282.0,2243233.0,2309739.0
2367477.0,2259619.0,2320897.0
2354372.0,2459742.0,2405967.0
2366150.0,2259851.0,2310908.0
2366155.0,2258962.0,2309306.0
2360735.0,2258971.0,2308539.0
2363292.0,2257115.0,2309230.0
2364346.0,2257554.0,2311852.0
2368591.0,2246744.0,2308921.0
2377022.0,2259423.0,2321403.0
2363413.0,2245849.0,2309167.0
2366204.0,2245568.0,2406390.0
2382399.0,194766.0,2308147.0
2362802.0,2258971.0,2309780.0
2360611.0,2247630.0,2306086.0
2369766.0,2257643.0,2332357.0
2356775.0,2261752.0,2309541.0
2352472.0,194784.0,2309845.0
2360087.0,2259654.0,2310605.0
2358640.0,194719.0,2310357.0
2371756.0,2245737.0,2407359.0
2359415.0,2259006.0,2311436.0
2361014.0,2262413.0,2310541.0
2360860.0,2258570.0,2405831.0
2366093.0,195960.0,2406880.0
2367790.0,2259243.0,2308174.0
2359562.0,2261769.0,2309614.0
2362363.0,2245883.0,2305954.0
2371017.0,2258995.0,2311313.0
2370398.0,2245849.0,2319676.0
2359014.0,2257695.0,2309737.0
2369914.0,2261268.0,2406450.0
2364965.0,2259405.0,2309440.0
2365064.0,196668.0,2308588.0
2363409.0,2260203.0,2372399.0
2361007.0,2245293.0,2418752.0
2367950.0,2258858.0,2310158.0
2361682.0,2259950.0,2310581.0
2371954.0,2259066.0,2309572.0
2364890.0,2244879.0,2403923.0
2360214.0,2260212.0,2309513.0
2358476.0,2244723.0,2310935.0
2359607.0,2261762.0,2307045.0
2364276.0,2264728.0,2311211.0
2356528.0,2259542.0,2309184.0
2369104.0,2245984.0,2309747.0
2363556.0,2256994.0,2319151.0
2362512.0,2259971.0,2314282.0
2360006.0,2284419.0,777.0
2368667.0,2257991.0,2306421.0
2360614.0,2244128.0,2310896.0
2360614.0,688801.0,2310616.0
2356932.0,2259583.0,2311192.0
2359608.0,2258036.0,2312104.0
2362928.0,2258981.0,2320827.0
2364344.0,2258797.0,2406526.0
2373691.0,2243669.0,2406265.0
2362145.0,2249075.0,2315817.0
2363031.0,2261246.0,2310248.0
2366802.0,2259352.0,2311256.0
2363427.0,2243982.0,2310702.0
2359698.0,2258851.0,2308598.0
2371295.0,2257958.0,2403893.0
2363566.0,2294077.0,2308336.0
2361994.0,2255588.0,2309719.0
2361077.0,2257795.0,2314182.0
2355774.0,195562.0,2308180.0
2377855.0,2245313.0,2307776.0
2370537.0,2259800.0,2308956.0
2359073.0,2244760.0,2302258.0
2367399.0,2262671.0,2307857.0
2371278.0,194720.0,2408467.0
2362510.0,2261497.0,2306592.0
2357500.0,2243401.0,2309508.0
2358615.0,2243846.0,2309989.0
2364204.0,195916.0,2304687.0
2358361.0,2257310.0,2409187.0
2364398.0,2244927.0,2309019.0
2357341.0,2259416.0,2306507.0
2367123.0,2256194.0,2311318.0
2361469.0,2245197.0,2403742.0
2361312.0,2258975.0,2310679.0
2362417.0,2246235.0,2402957.0
2358417.0,194868.0,2297322.0
2368366.0,2260959.0,2301591.0
2362672.0,2269629.0,2305023.0
2357909.0,2245463.0,2306060.0
2357360.0,2258226.0,2293685.0
2366587.0,2243260.0,2308561.0
2420935.0,2244949.0,2298855.0
2354602.0,2261010.0,2303694.0
2358985.0,2259001.0,2301821.0
2364371.0,2245688.0,2300303.0
2359256.0,2256490.0,2298311.0
2371037.0,2256523.0,2307134.0
2358696.0,2253747.0,2303596.0
2364046.0,2260309.0,2303538.0
2365915.0,2293242.0,2301846.0
2361606.0,194752.0,2301094.0
2358718.0,2260815.0,2310367.0
2373775.0,2244979.0,2305729.0
2379843.0,196082.0,2301286.0
2364389.0,2248403.0,2303528.0
2375184.0,2242917.0,2314962.0
2357692.0,2292575.0,2302770.0
2358528.0,2257490.0,2298432.0
2363655.0,2245723.0,2298672.0
2364552.0,2245350.0,2300444.0
2420777.0,2265854.0,2305102.0
2383674.0,2244118.0,2300714.0
2366078.0,196360.0,2304749.0
2370876.0,2245974.0,2304413.0
2372516.0,275180.0,2302688.0
2357135.0,195826.0,2410832.0
2371404.0,2263691.0,2303059.0
2366968.0,2257821.0,2305290.0
2367984.0,2260676.0,2298938.0
2365523.0,2259162.0,2303653.0
2363965.0,2268664.0,2339671.0
2360037.0,2261123.0,2308435.0
2358794.0,2245592.0,2299709.0
2366209.0,196540.0,2301093.0
2354723.0,2259013.0,2298981.0
2361050.0,2260245.0,2300320.0
2359535.0,2243854.0,2303152.0
2369536.0,2259455.0,2302638.0
2361761.0,2367566.0,2298289.0
2358371.0,2259858.0,2300781.0
2361795.0,2247647.0,2303256.0
2365743.0,194706.0,2299670.0
2364430.0,2245561.0,2305016.0
2363490.0,2243489.0,2297572.0
2371136.0,2257274.0,2305535.0
2358856.0,2258944.0,2307880.0
2353707.0,2257881.0,2300495.0
2360600.0,2253741.0,2296198.0
2359525.0,194706.0,2300860.0
6695.0,196233.0,2387520.0
6695.0,196268.0,2304084.0
256686.0,2244826.0,2307194.0
2321492.0,2260285.0,2306546.0
2402995.0,2261473.0,2303502.0
2314932.0,2259363.0,2302738.0
2306468.0,2262211.0,2300829.0
2315167.0,2261384.0,2299185.0
2324720.0,2245270.0,2304238.0
2311286.0,2270674.0,2302676.0
2317712.0,196074.0,2301647.0
2315417.0,2246308.0,2303886.0
2352697.0,2274988.0,2323024.0
2316815.0,2320106.0,2339031.0
2344794.0,2244190.0,2298763.0
2306368.0,2258994.0,2304577.0
2308157.0,196010.0,2303589.0
2309809.0,2245247.0,2304343.0
2349174.0,2244519.0,2295642.0
2305723.0,2267216.0,2299804.0
2307246.0,2245581.0,2299143.0
2349980.0,2261963.0,2302797.0
2394710.0,2261938.0,2305070.0
2315378.0,2274014.0,2326380.0
2309876.0,195958.0,2305906.0
2314207.0,196446.0,2319764.0
2304528.0,2243420.0,2305293.0
2398005.0,2258956.0,2303163.0
2410451.0,195744.0,2294208.0
2344717.0,2263257.0,2297987.0
2309156.0,2262883.0,2302355.0
2306228.0,2260327.0,2300990.0
2318562.0,2243689.0,2306508.0
2323047.0,2258779.0,2305170.0
2327810.0,2247640.0,2299316.0
2319593.0,2260974.0,2325307.0
2326560.0,2244824.0,2316038.0
2317195.0,292436.0,2298198.0
2317750.0,2258879.0,2300536.0
2395663.0,196018.0,2304753.0
2385841.0,2260380.0,2312849.0
2352809.0,194720.0,2305363.0
2306272.0,2245677.0,2306657.0
2363484.0,2259425.0,2302220.0
2321012.0,2245643.0,2306549.0
2317462.0,2243789.0,2412595.0
2362501.0,2244757.0,2300480.0
2316293.0,2244963.0,2304867.0
2317066.0,2246972.0,2299469.0
2324457.0,2245374.0,2311301.0
2336234.0,2245927.0,2305817.0
2305303.0,2260076.0,2305390.0
2317006.0,2270996.0,2305463.0
2311955.0,2259814.0,2300927.0
2342444.0,2247191.0,2299452.0
2359308.0,2245967.0,2300048.0
2331560.0,195962.0,2299224.0
2320400.0,2259722.0,2299001.0
2322353.0,2258466.0,2307387.0
2316423.0,2271757.0,2305825.0
2301792.0,2247885.0,2301821.0
2311893.0,2264526.0,2309422.0
2302537.0,2245499.0,2306376.0
2335032.0,2259368.0,2304945.0
2321503.0,2261896.0,2301725.0
2343698.0,2259979.0,2303395.0
2319426.0,2243929.0,2305967.0
2362142.0,2245197.0,2317268.0
2344952.0,2245292.0,2297867.0
2399576.0,2245607.0,2300228.0
2315535.0,2273931.0,2301139.0
2321525.0,2246688.0,2298413.0
2305951.0,2258506.0,2300941.0
2304335.0,2258919.0,2311825.0
2325937.0,2244061.0,2304108.0
2308127.0,2509877.0,2303091.0
2306275.0,2261376.0,2304550.0
2370931.0,2241729.0,2298771.0
2321632.0,2260044.0,2303968.0
2327980.0,2245405.0,2301323.0
2319312.0,2259509.0,2302861.0
2304978.0,2256384.0,2299402.0
2320917.0,2264119.0,2300092.0
2315347.0,2265353.0,2303099.0
2320254.0,2261925.0,2312391.0
2320779.0,2263778.0,2309182.0
2312213.0,2264629.0,2294464.0
2313095.0,2352879.0,2296264.0
2354195.0,2265170.0,2308035.0
2302077.0,2259983.0,2302538.0
2358112.0,2267320.0,2331425.0
2323923.0,2266006.0,2401904.0
2325458.0,2266223.0,2304366.0
2307829.0,2264966.0,2299285.0
8102.0,2266296.0,2310519.0
2348311.0,2262469.0,2304704.0
2318634.0,2261676.0,2302402.0
2321058.0,2265867.0,2299659.0
2331944.0,2262089.0,2302237.0
2322642.0,2271015.0,2298460.0
2331554.0,2262961.0,2300330.0
2330054.0,2262381.0,2409820.0
9513.0,2353207.0,2294725.0
2309171.0,2355307.0,2303783.0
2317006.0,2265155.0,2303696.0
2304954.0,2263434.0,2303277.0
2309958.0,2263734.0,2300378.0
2303376.0,2262251.0,2312389.0
2399391.0,2264378.0,2302452.0
2331721.0,2262082.0,2298802.0
2337207.0,2353955.0,2303945.0
2383925.0,2263716.0,2303775.0
2303263.0,2266126.0,2299377.0
2322656.0,2276616.0,2310862.0
2331223.0,2268436.0,2306708.0
2397189.0,2262689.0,2300081.0
2332930.0,2266106.0,2301639.0
2397610.0,2266161.0,2316706.0
2305550.0,2275277.0,2296783.0
2317297.0,2325340.0,2301358.0
2316397.0,2264488.0,2296513.0
2302262.0,2266696.0,2301999.0
2322392.0,2264180.0,2333853.0
2310644.0,2261693.0,2305680.0
9305.0,2260965.0,2303543.0
2306116.0,2262953.0,2300097.0
2334092.0,2261859.0,2304093.0
2320123.0,2261684.0,2295457.0
2325899.0,11468.0,2303009.0
2322794.0,4621.0,2305842.0
2322988.0,115751.0,2298954.0
2313690.0,2236909.0,2303783.0
2310729.0,2350886.0,2298034.0
2352428.0,2297305.0,2304549.0
2318863.0,2266230.0,2301054.0
2304509.0,2310829.0,2306852.0
2318045.0,2266084.0,2303501.0
2384300.0,2263453.0,2302741.0
2330522.0,2263483.0,2300904.0
2420325.0,2355361.0,2310765.0
2352008.0,2264101.0,2296293.0
2349624.0,2264351.0,2300429.0
2344645.0,2265088.0,2307710.0
2318038.0,2262217.0,2305194.0
2316412.0,2353789.0,2309939.0
2316649.0,2263051.0,2307501.0
2338993.0,2325243.0,2305314.0
2303574.0,2263980.0,2311739.0
2316914.0,2247912.0,2396520.0
2300911.0,2265808.0,2308814.0
2302589.0,2261437.0,2301662.0
2362382.0,2352818.0,2300988.0
2319564.0,2352226.0,2300659.0
2307853.0,2263766.0,2313753.0
2313843.0,2272483.0,2300901.0
2327397.0,2264205.0,2304772.0
2420662.0,2264545.0,2304353.0
2328504.0,2273135.0,2299893.0
2317112.0,2264921.0,2324089.0
2338371.0,2353800.0,2306828.0
2311553.0,2266657.0,2301845.0
2401754.0,2263044.0,2300480.0
2315650.0,2284687.0,2300379.0
2323824.0,2268350.0,2305357.0
2308174.0,2265627.0,2300478.0
2419009.0,2262009.0,2305770.0
2320199.0,2264354.0,2293608.0
2312532.0,2262125.0,1667376.0
2328324.0,2264424.0,2297870.0
2306140.0,2267895.0,2322015.0
2334559.0,2262256.0,334035.0
2308195.0,2261806.0,2320446.0
2309238.0,2264694.0,748288.0
2304509.0,2266636.0,2319250.0
2331547.0,2263181.0,2295402.0
2303331.0,2264296.0,2318293.0
2320599.0,2261062.0,2324723.0
2313924.0,2264112.0,2299217.0
2303581.0,2263175.0,2310745.0
2307949.0,2264170.0,253352.0
2318736.0,2265257.0,2325196.0
2309061.0,2353936.0,314990.0
2311389.0,2266107.0,2302578.0
2308675.0,2264535.0,2301301.0
2407227.0,2264042.0,2318999.0
2308470.0,2264582.0,332985.0
2317086.0,2261770.0,750038.0
2301696.0,2266010.0,2300264.0
2315411.0,2265449.0,2302561.0
2313419.0,2264838.0,337894.0
2308479.0,2266505.0,2331477.0
2317059.0,2262437.0,2317386.0
2316877.0,2262172.0,2318851.0
2325243.0,2264304.0,2295722.0
2318799.0,2269374.0,2293743.0
2308226.0,2265443.0,2298472.0
2324290.0,2262720.0,2297199.0
2310864.0,2263850.0,2311213.0
2326228.0,2265872.0,2322166.0
2307868.0,2352737.0,2326233.0
2311291.0,2263944.0,754128.0
2316169.0,2266366.0,2308323.0
2333845.0,2264933.0,2305093.0
2313963.0,2273028.0,2319482.0
2312750.0,2267588.0,363597.0
2317996.0,2353831.0,2334820.0
2310446.0,2264137.0,257717.0
2320961.0,2264945.0,750170.0
2303107.0,2354250.0,2324318.0
2313259.0,2261953.0,2332319.0
2416156.0,2260993.0,2308012.0
2304727.0,2264889.0,2321378.0
2370256.0,2264921.0,2295712.0
2379292.0,2266847.0,2317836.0
2360508.0,2351591.0,2321460.0
2374545.0,2353701.0,751315.0
2366726.0,2261254.0,750205.0
2452278.0,2264951.0,750773.0
2366066.0,2262752.0,2287774.0
2380568.0,2261363.0,2298509.0
11300.0,2262903.0,2335807.0
2428296.0,2265046.0,506436.0
2455240.0,2263971.0,2299879.0
2448859.0,2493522.0,1143427.0
2370116.0,2262607.0,1745165.0
2419061.0,2267253.0,2320537.0
12780.0,2264251.0,254068.0
2370610.0,2265044.0,2302147.0
2446228.0,2262930.0,2299296.0
2372609.0,2263011.0,337101.0
2370187.0,2263629.0,2292726.0
2370386.0,2267033.0,2290256.0
2377579.0,2263585.0,2319532.0
2449981.0,2262814.0,777.0
2377421.0,2265354.0,254424.0
2362557.0,2262851.0,362055.0
2364545.0,2265338.0,2290964.0
2419460.0,2356273.0,2285903.0
2385425.0,2352003.0,2316535.0
2362481.0,2264339.0,2319363.0
2365552.0,2263896.0,351147.0
2362350.0,2266686.0,2314225.0
2452651.0,2266398.0,2289507.0
2359182.0,2271482.0,2318217.0
2455607.0,2264017.0,2319116.0
2364288.0,2264970.0,253786.0
2451526.0,2270492.0,2291586.0
2367911.0,2264819.0,2318734.0
2430591.0,2266742.0,2321223.0
2362393.0,2265775.0,2320882.0
2456041.0,2261806.0,255365.0
2364679.0,2261850.0,2335341.0
2358267.0,2266044.0,2300113.0
2456110.0,86573.0,2320025.0
2425932.0,4601.0,251469.0
2370072.0,2069483.0,253184.0
2375486.0,205788.0,2320361.0
2371829.0,2267899.0,253838.0
2360874.0,2265850.0,2342439.0
2389468.0,2262636.0,255193.0
2462690.0,2266006.0,2319174.0
2368291.0,2264606.0,555123.0
2368809.0,2262516.0,2324550.0
2369129.0,2265293.0,2317005.0
2365974.0,2276232.0,2329805.0
2452735.0,2261811.0,333024.0
2363341.0,2351491.0,2321439.0
2356181.0,2264164.0,333344.0
2465353.0,2264006.0,251844.0
2395140.0,2263602.0,2296235.0
2359175.0,2265336.0,2316666.0
2379864.0,2276008.0,2299672.0
2376839.0,2352705.0,2297881.0
2359715.0,2271258.0,2319564.0
2370750.0,2261433.0,2316057.0
2366855.0,2264313.0,2318017.0
2434426.0,2262915.0,2320132.0
2360030.0,2262641.0,2331108.0
2388454.0,2352288.0,2311523.0
2377326.0,2262125.0,750342.0
2403350.0,2269948.0,750052.0
2360943.0,2264932.0,751556.0
2371321.0,2265245.0,2290186.0
2416559.0,2262656.0,335701.0
2456559.0,2351027.0,2291013.0
2364581.0,2264042.0,2295446.0
2408281.0,2264056.0,2323534.0
2408090.0,2267145.0,2299296.0
2400258.0,2269150.0,1210241.0
2447902.0,2264768.0,2294803.0
2478324.0,2262363.0,752227.0
2454440.0,2263285.0,2291839.0
2375592.0,2265075.0,362761.0
2357786.0,2352144.0,2306222.0
2377497.0,2261080.0,508175.0
2360159.0,2265472.0,2317992.0
2361723.0,2266442.0,2320430.0
13184.0,2351529.0,2320947.0
2362254.0,2261471.0,2323257.0
2365188.0,2265251.0,2301682.0
2360848.0,2264210.0,2321352.0
2365367.0,2354536.0,2310464.0
2367268.0,2264136.0,2320878.0
2365139.0,2260796.0,755410.0
2364323.0,704408.0,2290877.0
2362853.0,2262271.0,2174059.0
2365658.0,2262750.0,2319325.0
2410298.0,2265678.0,2314441.0
2382553.0,2264146.0,2322196.0
2360403.0,2270141.0,2319726.0
2359043.0,2264192.0,2292207.0
2365280.0,2263664.0,2291960.0
2453452.0,2267051.0,2289488.0
2464740.0,2267462.0,751794.0
2360350.0,2353312.0,2317991.0
2370713.0,207171.0,2329214.0
2363553.0,2350597.0,2304212.0
2395180.0,2266816.0,333431.0
306009.0,2264872.0,2304160.0
2410116.0,2265592.0,2336162.0
2366101.0,2265468.0,352206.0
2361043.0,2264033.0,750482.0
2360435.0,2265918.0,255821.0
2433264.0,2266123.0,2316545.0
2383805.0,2268103.0,335376.0
2392523.0,2266090.0,362648.0
2365454.0,2264714.0,2296482.0
2375944.0,2265629.0,2328740.0
2365331.0,2263869.0,2319158.0
2365116.0,2266345.0,2336202.0
2372056.0,2249983.0,2304283.0
2368693.0,2266617.0,2309361.0
2364233.0,2265565.0,749426.0
2373439.0,2263990.0,2318710.0
2449266.0,2265233.0,2320410.0
2418201.0,2268514.0,2319874.0
2393539.0,2265941.0,2290081.0
2374348.0,2268425.0,753289.0
2382910.0,2250905.0,335407.0
2377321.0,2266010.0,253793.0
2421360.0,2266786.0,2301684.0
2372833.0,2263936.0,750762.0
2404804.0,2256784.0,337184.0
2450625.0,2266960.0,2300666.0
2453769.0,2272658.0,2319733.0
2364276.0,2266744.0,253987.0
2364864.0,2265934.0,2320121.0
2393530.0,2249479.0,2321140.0
2378767.0,2264959.0,2295256.0
2366389.0,2269546.0,2297129.0
2378175.0,2267816.0,2295102.0
2363581.0,2262967.0,751331.0
2396278.0,2265491.0,350226.0
13348.0,2264258.0,331734.0
2364772.0,2265294.0,2293638.0
2360691.0,2265824.0,2320352.0
2385311.0,2253272.0,431400.0
2374049.0,2265528.0,2297759.0
2441205.0,2264365.0,2302776.0
2452929.0,2266970.0,2320795.0
2464854.0,2270436.0,2297324.0
2365863.0,2267544.0,254903.0
2388007.0,2267568.0,2294732.0
2427119.0,2265868.0,750027.0
2364321.0,2261602.0,2317205.0
2356898.0,2266236.0,255963.0
2381117.0,2265459.0,2308655.0
2454645.0,2265590.0,747672.0
2458087.0,2267757.0,2331778.0
2364966.0,2266103.0,251922.0
2376769.0,2263479.0,2297616.0
2359484.0,2248579.0,2300050.0
2429033.0,2266277.0,2298226.0
2365180.0,2250954.0,931316.0
2349194.0,2265907.0,2320137.0
2411219.0,2266238.0,254281.0
2370321.0,2265175.0,2303288.0
10147.0,2262406.0,2285615.0
2361866.0,2265554.0,2313849.0
2458490.0,2265908.0,2310984.0
2365647.0,2265903.0,2309389.0
2359029.0,2265275.0,2305470.0
2409098.0,2265723.0,2312115.0
2473272.0,2266936.0,2277536.0
2364961.0,2264187.0,2315487.0
2368330.0,2264630.0,2289741.0
2454064.0,2264623.0,2309249.0
2370865.0,2266895.0,2283703.0
2378835.0,2268527.0,2308942.0
2365252.0,2248631.0,2308712.0
2411309.0,2249963.0,2309995.0
2379881.0,2266488.0,2297425.0
2361928.0,2267757.0,2324125.0
2360180.0,2266890.0,2322061.0
2458377.0,2250365.0,2283366.0
2371140.0,2265800.0,2307578.0
2386482.0,2266284.0,2306109.0
2397926.0,2264851.0,2292418.0
2422527.0,2266507.0,777.0
2360482.0,2263562.0,243793.0
2379863.0,2266155.0,2087141.0
2365203.0,2266146.0,2297121.0
2477469.0,2262796.0,2279152.0
2462270.0,2264464.0,2310795.0
2449374.0,2265154.0,2313444.0
2466550.0,2264966.0,2310705.0
2370702.0,2265816.0,2310918.0
2412025.0,2265733.0,2309890.0
2452702.0,2268674.0,2313642.0
2363994.0,2268156.0,247557.0
2365013.0,2264048.0,2308852.0
2357389.0,2266212.0,2277881.0
2366932.0,2265879.0,247357.0
2464471.0,2264598.0,2311848.0
2360633.0,2263690.0,2287955.0
2376674.0,2265905.0,345081.0
2370432.0,2266508.0,2308240.0
2454231.0,2271074.0,2297603.0
2364250.0,2264272.0,2311562.0
2379388.0,2263235.0,2278378.0
2430526.0,2265415.0,2285746.0
2413099.0,2267949.0,2311092.0
2442694.0,2265601.0,2307218.0
2466618.0,2269943.0,2300443.0
2383639.0,2261722.0,2309172.0
2385267.0,2248944.0,2311818.0
2385040.0,2264565.0,2317735.0
2373638.0,2264349.0,2289695.0
2388980.0,2267794.0,2304824.0
2386744.0,2268428.0,2286607.0
2389090.0,2265040.0,2309313.0
2385805.0,2264844.0,2304644.0
2385350.0,2266388.0,2284665.0
2373855.0,2264633.0,2310431.0
2386440.0,2264155.0,2305565.0
2309789.0,2267992.0,2291663.0
2386516.0,2274575.0,642276.0
2384903.0,2264759.0,2314736.0
2405723.0,2266564.0,1539024.0
2385013.0,2268462.0,2311078.0
2376134.0,2265430.0,2287446.0
2375911.0,2266448.0,2303516.0
2383318.0,2266610.0,2311077.0
2386398.0,2249571.0,2286875.0
2373631.0,2264150.0,743780.0
2382796.0,2266050.0,2302784.0
2372613.0,2266180.0,2285952.0
2388811.0,2265488.0,2288923.0
2384499.0,2267587.0,2306101.0
2376945.0,2266482.0,2306906.0
2377614.0,2265570.0,2303393.0
2391094.0,2266254.0,2311492.0
2373031.0,2265832.0,2310697.0
2391479.0,2250764.0,702250.0
2379856.0,2265311.0,2311742.0
2388606.0,2253365.0,243792.0
2383498.0,2263654.0,243717.0
2386050.0,2266619.0,2284458.0
2392321.0,2250386.0,245581.0
2380157.0,2265567.0,2282594.0
2378419.0,2264469.0,2295423.0
2373707.0,2265194.0,4777.0
2389624.0,2268398.0,2295998.0
2384406.0,2264352.0,2286719.0
2380420.0,2268583.0,2310504.0
2378314.0,2270019.0,2290526.0
2388698.0,2257348.0,1772422.0
2382615.0,2267361.0,2279150.0
2388007.0,2265716.0,1424806.0
2386545.0,2265660.0,2310851.0
2378110.0,2264674.0,2307812.0
2395665.0,2268354.0,2317393.0
2380024.0,2249933.0,739617.0
2386199.0,2265518.0,2308002.0
2389493.0,2266225.0,349991.0
2386519.0,2265319.0,247895.0
2388207.0,3160522.0,2283353.0
2383477.0,2265791.0,2291620.0
2388719.0,2268635.0,2312807.0
2376134.0,2265176.0,2307871.0
2385914.0,2263019.0,2305719.0
2386727.0,2269353.0,2286367.0
2378987.0,2268660.0,2287840.0
86283.0,2266338.0,618578.0
4621.0,2267441.0,2286506.0
2068490.0,2265676.0,1111043.0
241369.0,2266370.0,682015.0
2377903.0,2264234.0,2279284.0
2376582.0,2249477.0,2310427.0
2386039.0,2265774.0,2309516.0
2390666.0,2265761.0,2309184.0
2385928.0,2264446.0,2308429.0
2389640.0,2250008.0,2309045.0
2393554.0,2270019.0,352605.0
2386822.0,2263985.0,2304839.0
2382519.0,2264582.0,2308513.0
2382023.0,2266056.0,2278389.0
2399378.0,2265811.0,2285635.0
2384723.0,2268903.0,2297565.0
2390679.0,2266670.0,2308972.0
2375950.0,2264177.0,2298351.0
2378720.0,2265889.0,2289398.0
2385596.0,2263998.0,2306776.0
2378868.0,2249288.0,2307192.0
2383754.0,2264117.0,2308943.0
2390668.0,2265078.0,2307903.0
2377355.0,2265052.0,2302660.0
2383118.0,2265604.0,2285612.0
2398925.0,2264456.0,2308358.0
2382825.0,2251080.0,2310133.0
2384612.0,2265562.0,2297363.0
2376696.0,2265782.0,2305960.0
2391030.0,2272756.0,248377.0
2383094.0,2265359.0,2313197.0
2443109.0,2266570.0,2310063.0
4739.0,2268275.0,2292260.0
4739.0,2265277.0,352662.0
4767.0,2249274.0,2313944.0
4779.0,2266271.0,2290768.0
4759.0,2264878.0,2308879.0
4759.0,2265989.0,2311173.0
4739.0,2267577.0,2312219.0
4739.0,2264687.0,743882.0
4966.0,2266348.0,2287571.0
5289.0,2263660.0,2293044.0
4695.0,2251289.0,744970.0
4803.0,2265837.0,2146926.0
5516.0,2266895.0,2289444.0
4759.0,2268923.0,2308579.0
4739.0,2264929.0,2309410.0
4759.0,2265339.0,2306071.0
4695.0,2267302.0,737820.0
4759.0,2249123.0,2309998.0
4735.0,2263585.0,2275897.0
4739.0,2266340.0,2289638.0
4739.0,2267844.0,2309220.0
4739.0,2265069.0,2312388.0
4759.0,2250260.0,2294059.0
4759.0,2263945.0,2308570.0
4695.0,2266433.0,2329494.0
4799.0,2266007.0,2304420.0
4759.0,2266473.0,2285449.0
4739.0,2264407.0,2291046.0
4739.0,2264939.0,2306057.0
4735.0,2251426.0,2305547.0
4739.0,2267427.0,2285149.0
4759.0,2268957.0,745187.0
4695.0,2267301.0,2214257.0
4759.0,2250082.0,2311553.0
4675.0,2265177.0,2288736.0
4735.0,2254242.0,2281384.0
4739.0,2270276.0,2307350.0
4739.0,2266082.0,2279583.0
4739.0,2267124.0,2307685.0
4739.0,2265679.0,2307223.0
4759.0,2266580.0,2309499.0
4727.0,2346502.0,2283989.0
4799.0,2260079.0,243364.0
4739.0,2258945.0,2290501.0
4695.0,2345883.0,2289020.0
4735.0,3209893.0,2306611.0
4653.0,2259723.0,2314846.0
2397995.0,2259197.0,2052074.0
5798.0,2258718.0,739447.0
4739.0,2258889.0,2307147.0
4759.0,3190056.0,2306023.0
4799.0,2326079.0,2303894.0
4675.0,2258778.0,2296495.0
4759.0,2345314.0,2315668.0
4759.0,2255497.0,973142.0
4739.0,2260265.0,2306093.0
4759.0,2346423.0,2307613.0
4759.0,2260219.0,2327573.0
4739.0,2258508.0,2305701.0
4695.0,2259101.0,699888.0
2383453.0,2346849.0,2310091.0
2404373.0,2347645.0,2308916.0
2386177.0,3252347.0,2287638.0
2392874.0,2258547.0,2305721.0
2359949.0,2347428.0,343582.0
2389395.0,2255745.0,2302762.0
2401726.0,2346779.0,2290119.0
2380835.0,2263183.0,2291029.0
2381879.0,2267662.0,2305761.0
2384136.0,2258616.0,2307041.0
2382098.0,2263449.0,2288429.0
2393814.0,2255720.0,2307818.0
2383336.0,3251703.0,2055472.0
2384910.0,2266621.0,2309130.0
2400650.0,2250403.0,2403128.0
2385795.0,2256963.0,2317044.0
2398516.0,2269375.0,2307192.0
2384834.0,2349734.0,2308631.0
2384886.0,2267942.0,2310261.0
2381036.0,3177203.0,740828.0
2388697.0,2259088.0,2307083.0
2382186.0,2259464.0,2290270.0
2385319.0,3169349.0,2299864.0
2390822.0,2260115.0,2308591.0
2379104.0,2257784.0,355314.0
2385069.0,2257582.0,2416333.0
2392190.0,2263004.0,2321858.0
2377935.0,2265067.0,2320301.0
2389769.0,2247573.0,2315727.0
2377475.0,2346078.0,2411043.0
2377499.0,2257105.0,2314302.0
2382057.0,2254916.0,2312899.0
2384882.0,2345965.0,2314552.0
2387077.0,2346934.0,2311604.0
2379253.0,2255519.0,2322067.0
2383229.0,2346687.0,2313513.0
2379262.0,2344893.0,2317280.0
2299179.0,2343986.0,2319573.0
2414097.0,2257902.0,2425094.0
2370839.0,2248905.0,2315147.0
2389896.0,2258356.0,2321380.0
2382359.0,3252536.0,2321868.0
2371862.0,3250804.0,2364660.0
2391706.0,2259725.0,777.0
2383530.0,2259042.0,2314201.0
2385474.0,2261623.0,247470.0
2396124.0,2346003.0,253740.0
2385123.0,3252325.0,2314299.0
2374330.0,923799.0,2314003.0
2384279.0,2259525.0,2316247.0
2385546.0,3250612.0,1731615.0
2387336.0,2259406.0,2311659.0
2384081.0,2257654.0,2319938.0
2393581.0,3255914.0,2313930.0
2415735.0,3248440.0,2329167.0
2385852.0,2259498.0,2325453.0
2380028.0,3254350.0,2322552.0
2385517.0,2264832.0,2318605.0
2382179.0,2247746.0,2318187.0
2395105.0,2259153.0,2300879.0
2386129.0,2258182.0,2326506.0
2382811.0,2257248.0,2325100.0
2288514.0,2258153.0,2322920.0
2382998.0,3251481.0,2317007.0
2383411.0,2259230.0,2415277.0
2377321.0,2357904.0,2314506.0
2388752.0,2256203.0,2296810.0
2401158.0,3258066.0,2368297.0
2380836.0,2347306.0,2369539.0
2395992.0,2260951.0,2316117.0
2402131.0,2257448.0,2343286.0
2383086.0,2272448.0,2312339.0
2386076.0,3257806.0,2320323.0
2296116.0,2257880.0,2314502.0
2383464.0,2257735.0,2414800.0
2382624.0,3251779.0,2313227.0
2383462.0,2258287.0,2338215.0
2390325.0,3256975.0,2314191.0
2376631.0,2271583.0,2411660.0
2382759.0,2259159.0,2315898.0
2376632.0,2250952.0,2312952.0
2375421.0,2250693.0,2324579.0
2387466.0,2345267.0,2429716.0
2382140.0,2349311.0,2321935.0
2386243.0,2254896.0,2321653.0
2383633.0,2280603.0,2317989.0
2385735.0,3250920.0,959667.0
2377176.0,2345171.0,2357325.0
2378949.0,2250288.0,2322723.0
2387743.0,2323934.0,2318103.0
2379506.0,2346419.0,2420606.0
2412080.0,2258791.0,2328742.0
2293083.0,2259092.0,2317758.0
2394890.0,3260701.0,2313307.0
2384134.0,3170296.0,1291814.0
2384589.0,3258210.0,2312937.0
2385439.0,2347757.0,2410349.0
2381376.0,3255519.0,2315918.0
2388713.0,2258698.0,2320019.0
2377545.0,3257610.0,2363080.0
2387566.0,2258128.0,2330061.0
2387143.0,2249988.0,2328392.0
2386501.0,2259027.0,2405565.0
2390467.0,2346861.0,2333546.0
2379462.0,2255701.0,2317997.0
2382294.0,3253694.0,2383199.0
2385028.0,3252464.0,2319322.0
2384151.0,2266894.0,2315764.0
2398174.0,2255218.0,2299009.0
2387453.0,2256873.0,2328203.0
4819.0,2250163.0,2315130.0
4799.0,2259737.0,2332799.0
4759.0,2259640.0,1719043.0
4739.0,2258579.0,2314483.0
4759.0,3171102.0,2321903.0
4799.0,2258169.0,2309085.0
4727.0,2256724.0,2317431.0
4759.0,2346552.0,2312687.0
4759.0,2258262.0,2313462.0
4799.0,2250764.0,2346257.0
4739.0,2258811.0,2319849.0
4671.0,2258561.0,2315580.0
4799.0,2257354.0,2314096.0
4831.0,2258763.0,2326112.0
4739.0,2258706.0,2323297.0
4799.0,2259184.0,2313043.0
4799.0,2343682.0,2419064.0
4799.0,2346163.0,2320799.0
4759.0,2258393.0,7279.0
4695.0,2258525.0,98443.0
4799.0,2257405.0,2316876.0
4799.0,2351928.0,2321721.0
4759.0,2348830.0,2312828.0
5087.0,2256548.0,2329698.0
4799.0,2346262.0,2325053.0
4799.0,2267455.0,2312699.0
4735.0,2345823.0,2330293.0
4651.0,2256669.0,2415930.0
4879.0,2268635.0,2323484.0
4739.0,2348026.0,2424577.0
4783.0,2256712.0,246308.0
4759.0,2257115.0,2316642.0
4811.0,2247985.0,2316512.0
4759.0,2345279.0,2350069.0
4739.0,2345336.0,2152534.0
4799.0,2257535.0,1350748.0
4799.0,3258205.0,2319741.0
4779.0,2257485.0,2316680.0
4799.0,2337585.0,2315992.0
4739.0,2251107.0,2321934.0
4799.0,3195397.0,2318482.0
4739.0,2258092.0,2407757.0
4759.0,2349256.0,2313871.0
4799.0,2272266.0,2317364.0
4739.0,3257221.0,2315742.0
4739.0,2258081.0,2313331.0
4799.0,2257552.0,2316462.0
4739.0,2258120.0,2316593.0
4799.0,2258342.0,2412726.0
4799.0,2346352.0,2320649.0
4811.0,2261009.0,2327310.0
4563.0,2345312.0,2320481.0
2403735.0,2257949.0,2315565.0
5087.0,2262446.0,2411728.0
4779.0,2280169.0,2413899.0
5079.0,2345274.0,2313329.0
4715.0,2258357.0,2317710.0
4779.0,2259290.0,2418652.0
4799.0,2348482.0,2318956.0
4695.0,2249769.0,2322431.0
4799.0,3267618.0,2321297.0
2388247.0,2266605.0,2415886.0
2324939.0,3264187.0,2313709.0
2306173.0,2261786.0,2321177.0
2301428.0,2267589.0,2403300.0
2397013.0,2349223.0,2313801.0
2404877.0,2347421.0,2312083.0
2299026.0,2258760.0,2297518.0
2392803.0,2261476.0,2414412.0
2395834.0,2260010.0,2319425.0
2302977.0,2247927.0,2319375.0
2306025.0,2345229.0,2325349.0
2331596.0,3261019.0,2330190.0
2322247.0,2258088.0,2329827.0
2303376.0,2347456.0,2323688.0
2307680.0,2255889.0,2314802.0
2391067.0,2258783.0,2335205.0
2313701.0,2262621.0,2332835.0
2315513.0,2257294.0,2376782.0
2409089.0,2293980.0,2310293.0
2330282.0,3251693.0,2314129.0
2307270.0,2347116.0,2322429.0
2303011.0,2260029.0,2317030.0
2309120.0,3266033.0,2329260.0
2307487.0,2311678.0,2316127.0
2301100.0,2253108.0,2344960.0
2304350.0,3257625.0,2407757.0
2313966.0,2258054.0,2318906.0
2306120.0,2258052.0,2314317.0
2309243.0,2346047.0,2312459.0
2307414.0,2258363.0,2302654.0
2320614.0,2259426.0,2314226.0
2306738.0,3252181.0,2316107.0
2303027.0,2256037.0,2313371.0
2311714.0,2260588.0,2410383.0
2307749.0,3258799.0,2327851.0
2410957.0,2260580.0,254638.0
2412180.0,2257326.0,2316837.0
2391293.0,2266722.0,2340019.0
2322029.0,2258054.0,2422951.0
2301092.0,2259584.0,2318932.0
2319781.0,2269039.0,2430512.0
2402059.0,2258315.0,2314662.0
2308352.0,2262618.0,2314798.0
2315256.0,2249073.0,2318502.0
2317695.0,2276735.0,2312993.0
2314988.0,2263292.0,2316766.0
2307537.0,2249154.0,777.0
2318908.0,2250330.0,2388954.0
2308756.0,2265861.0,336887.0
2309827.0,2348395.0,2316588.0
2415325.0,2258554.0,2294475.0
2410424.0,2258218.0,2315433.0
2314032.0,2249298.0,2385898.0
2307501.0,2259309.0,2316462.0
2318356.0,2258497.0,338501.0
2306789.0,3257946.0,2321053.0
2303868.0,2258656.0,2320583.0
2316074.0,2266182.0,2312072.0
2319258.0,689500.0,2338643.0
2315874.0,2249318.0,2410705.0
2305346.0,2249159.0,2322221.0
2301433.0,2249833.0,2310985.0
2317657.0,2265315.0,2327381.0
2309676.0,2260085.0,2330406.0
2304021.0,3259184.0,2320354.0
2324210.0,3259144.0,2308376.0
2312073.0,2231227.0,2410945.0
2314346.0,2260961.0,2434557.0
2313497.0,2279145.0,2318172.0
2316869.0,2256806.0,2325420.0
2395746.0,2260397.0,2320610.0
2307598.0,2264650.0,2324661.0
2400882.0,2259245.0,2418731.0
2297485.0,2267936.0,2321428.0
2312312.0,2227937.0,2318784.0
2308093.0,2255530.0,1878801.0
2306557.0,2258734.0,2324104.0
2409468.0,2256010.0,2319585.0
2397448.0,2258297.0,2325180.0
2315857.0,2259993.0,2413620.0
2404592.0,2249801.0,2392020.0
2411659.0,3254732.0,2322539.0
2304636.0,2263297.0,2316742.0
2318347.0,2258128.0,2380350.0
2320831.0,2249203.0,2323874.0
2306728.0,2266141.0,2312489.0
2408136.0,2259747.0,2336760.0
2321170.0,2268912.0,2317549.0
2411467.0,2274185.0,2334597.0
2315907.0,2259163.0,2318193.0
2305732.0,2248376.0,2422537.0
2336971.0,2258123.0,2322229.0
2309552.0,57886.0,2324361.0
2301017.0,2269896.0,2317974.0
2410373.0,2258130.0,2416989.0
2395905.0,2261669.0,2399501.0
2395329.0,2266154.0,2411999.0
2374643.0,2233020.0,2370783.0
2326855.0,2258254.0,2346298.0
2305281.0,2258011.0,2318312.0
2312651.0,3710.0,2380336.0
2314010.0,2259818.0,2320403.0
2307153.0,4370.0,2319642.0
2401293.0,2271377.0,2320679.0
2400442.0,2347567.0,2331814.0
2300582.0,2252372.0,2319208.0
2301677.0,2249703.0,2413175.0
2315838.0,2259953.0,2321789.0
2321839.0,2257745.0,2335628.0
2402841.0,2276015.0,2320460.0
2307724.0,3251611.0,2318813.0
2302035.0,2257855.0,2332502.0
2302866.0,2258096.0,2317354.0
2411071.0,2267220.0,2325460.0
2306910.0,2261651.0,2323013.0
2317362.0,2259742.0,2379123.0
2409076.0,2255954.0,2323233.0
2304821.0,2254868.0,2340198.0
2370105.0,2278606.0,2319875.0
9536.0,2257903.0,2320599.0
2310901.0,2246563.0,2318456.0
2300833.0,2258800.0,2318034.0
2303461.0,2261400.0,2322548.0
2316724.0,2258367.0,2367623.0
2329238.0,2260326.0,2320952.0
2300537.0,2249721.0,2324812.0
2395769.0,2250968.0,2317196.0
2401543.0,2249692.0,2377069.0
2303999.0,2258182.0,2320243.0
2411359.0,3257115.0,2320155.0
2303978.0,2255411.0,2415359.0
2320844.0,2266636.0,2318909.0
2316410.0,2248296.0,2321192.0
2303361.0,2258606.0,2322230.0
2315992.0,2231580.0,2327316.0
2302134.0,2250047.0,2324698.0
2410037.0,2248077.0,2320254.0
2410322.0,2258885.0,2319993.0
2303487.0,2249939.0,2322191.0
2424385.0,2259234.0,2316794.0
2303235.0,2261191.0,2321910.0
2311395.0,2233538.0,2356711.0
2304731.0,2259744.0,2418252.0
2411884.0,2258594.0,2319100.0
2400712.0,2259388.0,2322134.0
2307877.0,2268696.0,2335927.0
2324619.0,2256671.0,2319957.0
2362877.0,2223658.0,2321323.0
2314653.0,2258305.0,2329605.0
2416253.0,2269388.0,2321647.0
2304916.0,4642.0,2323291.0
2320320.0,200466.0,2318615.0
2408625.0,2258824.0,2317558.0
2398678.0,2259251.0,2319706.0
2322836.0,2249932.0,2416695.0
2309541.0,2269959.0,2370015.0
2322872.0,2259355.0,2322693.0
2314301.0,2248717.0,2317570.0
2410412.0,2259320.0,2417574.0
2306970.0,2250129.0,2321129.0
2314777.0,2258881.0,2324509.0
2405992.0,3171749.0,2322484.0
2394811.0,2259502.0,2316582.0
2398331.0,2259858.0,2416513.0
2319704.0,2259521.0,2324452.0
2331372.0,2260723.0,2320898.0
2304258.0,2258082.0,2367316.0
2343703.0,2254989.0,2316549.0
2314345.0,2252104.0,2323559.0
2306777.0,2239134.0,2330203.0
2325752.0,2256264.0,2321860.0
2412137.0,2287610.0,2411803.0
2325158.0,2256983.0,2321027.0
2306658.0,2258779.0,2319681.0
2323172.0,2257934.0,2336167.0
2316968.0,3258970.0,2319964.0
2320894.0,2261044.0,2331623.0
2313063.0,2259440.0,2322301.0
2306037.0,2257543.0,2322165.0
2304122.0,2259709.0,2355077.0
2318444.0,2261743.0,2318162.0
2308176.0,2346519.0,2319250.0
2309164.0,2267606.0,2317634.0
2365294.0,2258740.0,2319727.0
10189.0,2258199.0,2415914.0
2312120.0,2251097.0,2373793.0
2409081.0,2281606.0,2323114.0
2313589.0,2274881.0,2423934.0
2313110.0,2260029.0,2319666.0
2315816.0,2260546.0,2321251.0
2325058.0,2258226.0,2317287.0
2309879.0,3257029.0,2317644.0
2323005.0,2257755.0,2334472.0
2322739.0,2260420.0,2316785.0
2304217.0,3258512.0,2319313.0
2308384.0,2255164.0,2319146.0
2309832.0,2259163.0,2400932.0
2309303.0,2258889.0,2320401.0
2301498.0,2260530.0,2323758.0
2316854.0,2271520.0,2321217.0
2318835.0,2258894.0,2319184.0
2309109.0,2258759.0,2415456.0
2398695.0,2266470.0,2313621.0
2394442.0,2220246.0,2335526.0
2305426.0,2248002.0,2320266.0
2320256.0,2345447.0,2321212.0
2304261.0,2249744.0,2334969.0
2408592.0,2258949.0,2320262.0
2307357.0,2343411.0,2317251.0
2303382.0,2259163.0,2385251.0
2309158.0,2258689.0,2413769.0
2364355.0,2258305.0,2318739.0
2359031.0,2259092.0,2319704.0
2362703.0,2250808.0,2373522.0
2422018.0,2268423.0,2417301.0
2411581.0,2255120.0,2383287.0
2370445.0,2258551.0,2321667.0
2450058.0,2268228.0,2417497.0
2363674.0,2265315.0,2338695.0
2403338.0,2258578.0,2321120.0
2377242.0,2260261.0,2324355.0
2364179.0,2232522.0,2318872.0
2364005.0,2248478.0,2318498.0
2376880.0,2272738.0,2341510.0
2404042.0,2250391.0,2319370.0
2361984.0,2262656.0,2331468.0
2364045.0,2258634.0,2334602.0
2472054.0,2282481.0,2319261.0
2401393.0,2232293.0,2318885.0
2366588.0,2259422.0,2323194.0
2362866.0,2257707.0,2325474.0
2481836.0,2258400.0,2329217.0
2462109.0,2258069.0,2334444.0
2366924.0,2258124.0,2317343.0
2400054.0,2249212.0,2320169.0
2383217.0,2260208.0,2319430.0
2363109.0,2259873.0,2429434.0
2364402.0,2270179.0,2319311.0
2454994.0,3255951.0,2341416.0
2393939.0,2259038.0,2262069.0
2370867.0,2275485.0,2316692.0
2358704.0,2261157.0,2324664.0
2371179.0,2255714.0,2320090.0
2362092.0,2261691.0,2321345.0
2391283.0,2251771.0,2334015.0
2422691.0,2248082.0,2319948.0
2392146.0,2255444.0,2321596.0
2395647.0,2258592.0,2414602.0
2457805.0,2250873.0,2317919.0
2358193.0,2259601.0,2321744.0
2363681.0,2245126.0,2352915.0
2411396.0,2267697.0,2316538.0
2394962.0,2265529.0,2321891.0
2374031.0,2247598.0,2333962.0
2363107.0,2268761.0,2334102.0
2365552.0,2243721.0,2320818.0
2357999.0,2244720.0,2324309.0
2367622.0,2251639.0,2337775.0
2384605.0,2251200.0,2314244.0
2353058.0,2268603.0,2323446.0
2355682.0,2265491.0,2320551.0
2381039.0,2244210.0,2432522.0
2457982.0,2246118.0,2320430.0
2451729.0,2245785.0,2320709.0
2384110.0,2267741.0,2319705.0
2404347.0,2272690.0,2331274.0
6694.0,2272914.0,2330033.0
2453836.0,2247145.0,2320412.0
2361670.0,2265044.0,2322054.0
2365643.0,2245075.0,2320690.0
2358634.0,2250274.0,2320934.0
2391709.0,2246962.0,2337108.0
2365492.0,2251654.0,750127.0
2458449.0,2248719.0,2403746.0
2366351.0,2263260.0,2324516.0
2370009.0,2264647.0,2325347.0
2380782.0,2244782.0,2308905.0
2380723.0,2242628.0,2318025.0
2405650.0,2265060.0,2319943.0
2358208.0,2257274.0,2309220.0
2358709.0,2245049.0,2310981.0
2454234.0,2264901.0,2309125.0
2402273.0,2246743.0,2308129.0
2361012.0,2282174.0,2312189.0
2389531.0,2247062.0,2308068.0
2377546.0,2262968.0,2305616.0
2365034.0,2264708.0,2310004.0
2373888.0,2265761.0,2421651.0
2418578.0,2264239.0,2320799.0
2365265.0,2243953.0,2309005.0
2364135.0,2264742.0,2311192.0
2399270.0,2375238.0,2325251.0
2371051.0,2263743.0,2310204.0
2379975.0,2306033.0,2307234.0
2367004.0,2249588.0,2308926.0
2360575.0,2264194.0,2311314.0
2400950.0,2267405.0,2307690.0
2372375.0,2265268.0,2310114.0
2363421.0,2232139.0,2309608.0
2395448.0,2266178.0,2311401.0
6662.0,2265762.0,2309520.0
2364489.0,2243434.0,2307429.0
2359310.0,2266477.0,2308339.0
2381147.0,2267934.0,2306842.0
2370779.0,2265567.0,2308494.0
2418429.0,2265625.0,2320684.0
2364351.0,2265936.0,2310371.0
2411202.0,2243258.0,2309854.0
2360161.0,2265976.0,2311919.0
2368292.0,2265179.0,2310956.0
2386733.0,2245056.0,2311603.0
2456397.0,2265717.0,2309609.0
2384502.0,2260219.0,2311060.0
2388366.0,2248533.0,2312312.0
2361056.0,2263461.0,2310810.0
2390622.0,2223105.0,2308742.0
2373087.0,2266801.0,2309930.0
2403805.0,2245673.0,2312093.0
2364039.0,2258905.0,2312505.0
2364707.0,2266223.0,2309228.0
2370269.0,2252201.0,2310536.0
2365764.0,2263228.0,2307317.0
2359239.0,2226237.0,777.0
2359728.0,2231438.0,324762.0
2465823.0,2241941.0,4299.0
2354589.0,2264258.0,1997640.0
2366036.0,2263981.0,2316105.0
2367331.0,2265433.0,2308307.0
2367652.0,2250827.0,2313575.0
2386278.0,2265321.0,2309604.0
2370355.0,2263938.0,2310378.0
2401865.0,2264624.0,2309625.0
2360293.0,2267069.0,2311388.0
2453274.0,2244192.0,2313220.0
2471104.0,2246132.0,2309508.0
2361822.0,2264514.0,2314122.0
2417946.0,2245438.0,2310111.0
2430264.0,2244025.0,2309213.0
2367470.0,2246561.0,2310346.0
2417013.0,2264003.0,2309755.0
2360909.0,2245221.0,2310449.0
2379354.0,2243347.0,2309612.0
2362344.0,2246166.0,2310482.0
2369604.0,2246158.0,2309486.0
2392515.0,2246741.0,2311422.0
2392697.0,2265623.0,2306629.0
2361361.0,2245658.0,2310012.0
2447922.0,2246174.0,2313586.0
2457012.0,2245879.0,2312165.0
2363304.0,2267648.0,2312226.0
2356097.0,2222575.0,2307904.0
2366946.0,2263841.0,2312200.0
2417541.0,2227679.0,2306426.0
2403844.0,2243758.0,2306948.0
2362143.0,2264301.0,2309688.0
2363779.0,2250167.0,2319923.0
2397940.0,2247712.0,2308057.0
2364541.0,2265035.0,2308149.0
2365174.0,196091.0,2321439.0
2364576.0,787.0,2309309.0
2359004.0,2249415.0,2310843.0
2362077.0,2266057.0,2308218.0
2364093.0,2265724.0,2309658.0
2377528.0,2246669.0,2313901.0
2357074.0,2252993.0,2311948.0
2376457.0,2224369.0,2312603.0
2360570.0,2244183.0,2305864.0
2369557.0,2245975.0,2306939.0
2353433.0,2245996.0,2308826.0
2360345.0,2244661.0,2308737.0
2453802.0,2265546.0,2312935.0
2404308.0,2226278.0,2310013.0
2372738.0,2265526.0,2309707.0
2421763.0,2246067.0,2307856.0
2404046.0,2265807.0,2309726.0
2398715.0,2265234.0,2306822.0
2367070.0,2265748.0,2304744.0
2462646.0,2243559.0,2311083.0
2470038.0,2266638.0,2311440.0
2367865.0,2245593.0,2311315.0
2467649.0,2264170.0,2307337.0
2383646.0,2265340.0,2314125.0
2371145.0,2266026.0,2308702.0
2361883.0,2250550.0,2309506.0
2367782.0,2266432.0,2308324.0
2363977.0,2255587.0,2311061.0
2412100.0,2246111.0,2320887.0
2371900.0,2266646.0,2308606.0
2385028.0,2269304.0,2314059.0
2393669.0,2247032.0,2307526.0
2374021.0,2245217.0,2307005.0
2443652.0,2241695.0,2313659.0
2437808.0,2249703.0,2308090.0
2454327.0,2259660.0,2310464.0
2374963.0,2267615.0,2308392.0
2368638.0,2249889.0,2307690.0
2453521.0,2229328.0,2312178.0
2416852.0,2246573.0,2315388.0
2379787.0,2264590.0,2310791.0
2363080.0,2266995.0,2311822.0
2388310.0,2258648.0,2279648.0
2455496.0,2265474.0,34973.0
2358864.0,2265881.0,2322393.0
2369753.0,2263969.0,2307299.0
2368607.0,2265803.0,2313031.0
2364540.0,2228846.0,2311720.0
2373172.0,2244235.0,2311979.0
2390994.0,2246171.0,2311197.0
2381487.0,2267789.0,2306988.0
6758.0,2245988.0,2308961.0
2388805.0,2283989.0,2311030.0
2373367.0,2245277.0,2309113.0
2372298.0,2248755.0,2310106.0
2400232.0,2245442.0,2307694.0
2384769.0,2264371.0,2310990.0
2421797.0,2266032.0,2307947.0
2393624.0,2264334.0,2306972.0
2422819.0,2266991.0,2309113.0
2364820.0,2266336.0,2308080.0
2365643.0,2268383.0,2313122.0
2363503.0,2243976.0,2311107.0
2456761.0,2272531.0,2311217.0
2279290.0,2265091.0,2309729.0
2289112.0,2264938.0,2314833.0
2291677.0,2264812.0,2302190.0
2278701.0,2248563.0,2311321.0
2288609.0,2261166.0,2307210.0
2287016.0,2266990.0,2308341.0
2278394.0,2264483.0,2310810.0
2291506.0,2247054.0,2308874.0
2277237.0,2245631.0,2307986.0
2287730.0,2266070.0,2311517.0
2269863.0,2262512.0,2308010.0
2287536.0,2245008.0,2308778.0
2281784.0,2245618.0,2310995.0
2278894.0,2267461.0,2311621.0
2278745.0,2267322.0,2308080.0
2289571.0,2279698.0,2310173.0
2293243.0,2261295.0,2314370.0
2295551.0,2246421.0,2313787.0
2289084.0,2244422.0,2311127.0
2278796.0,2266614.0,2306449.0
2290752.0,2252322.0,2303399.0
2289251.0,2248051.0,2306648.0
2291524.0,2266195.0,2310583.0
2279234.0,2244664.0,2324072.0
2275156.0,2259329.0,2320243.0
2280011.0,2265581.0,2310808.0
2288383.0,2244915.0,2309743.0
2279260.0,2265423.0,2309461.0
4663.0,2261490.0,2309863.0
316841.0,2264071.0,2316169.0
4799.0,2264604.0,2311017.0
4707.0,2267350.0,2306586.0
2293743.0,2222623.0,2316945.0
2282893.0,2266481.0,2309674.0
2285048.0,2253287.0,2304786.0
2282194.0,2265243.0,2311894.0
2287381.0,2266745.0,2308702.0
2281935.0,2264861.0,2308618.0
2290033.0,2244138.0,2307944.0
2300043.0,2244070.0,2309381.0
2284808.0,2243240.0,2307359.0
2284809.0,2225260.0,2309178.0
2281543.0,2364078.0,2310234.0
2296698.0,2223163.0,2308888.0
2287273.0,2272387.0,2311063.0
2277805.0,2264560.0,2315293.0
2289064.0,2245552.0,2308618.0
2275733.0,2221942.0,2307588.0
2291766.0,2244189.0,2309630.0
2280290.0,2231415.0,2308465.0
2281931.0,2265287.0,2309686.0
2284791.0,2245382.0,2311584.0
2277549.0,2245233.0,2310021.0
2292305.0,2262792.0,2308167.0
2384583.0,2242321.0,2309782.0
2282219.0,2243657.0,2310437.0
2290899.0,2244552.0,2312049.0
225644.0,2265366.0,2313309.0
2286592.0,2249896.0,2311387.0
2279112.0,2261764.0,2314691.0
2281394.0,2254067.0,2307862.0
2285275.0,2262337.0,2310420.0
2286865.0,2249204.0,2308044.0
2285353.0,2246332.0,2308695.0
2280901.0,2251106.0,2308467.0
2287455.0,2245280.0,2316044.0
2288838.0,2256725.0,2321467.0
2291764.0,2250844.0,2322550.0
224346.0,2254196.0,2321691.0
2280477.0,2255727.0,2331987.0
2285088.0,2240719.0,254001.0
2279148.0,2262991.0,2114964.0
2277954.0,2245644.0,2332972.0
2294402.0,2257016.0,2333749.0
2294539.0,2256209.0,2327000.0
4759.0,2245534.0,2364776.0
2289578.0,2249850.0,2323810.0
4569.0,2249071.0,2316186.0
5027.0,2245291.0,2417121.0
4759.0,2246465.0,2319003.0
4739.0,2259625.0,2320849.0
4759.0,2249498.0,2335562.0
4739.0,2245781.0,2327498.0
4739.0,2254972.0,2320805.0
4715.0,2254141.0,2320169.0
4759.0,2245570.0,2416173.0
4735.0,2243482.0,2313778.0
4759.0,2246531.0,2317468.0
4739.0,2246685.0,2320632.0
4791.0,2256407.0,2322389.0
4695.0,2245667.0,2318346.0
2287286.0,2246955.0,2321253.0
2280069.0,2248209.0,2326994.0
2288813.0,2255669.0,2330615.0
2279099.0,2245762.0,2405483.0
2280106.0,2244008.0,2327861.0
2290149.0,2361894.0,2320958.0
2278326.0,2250940.0,2319112.0
2258426.0,2259531.0,2327119.0
4799.0,2254520.0,2319249.0
2280923.0,2248869.0,2319925.0
4735.0,2297134.0,2322151.0
4759.0,2245401.0,2319183.0
4799.0,2253282.0,2320803.0
4759.0,2264366.0,2430462.0
4739.0,2249900.0,2319018.0
4759.0,2256344.0,2318293.0
4739.0,2256209.0,2325522.0
4739.0,2248605.0,2319093.0
4759.0,2491114.0,2320020.0
4739.0,2249631.0,2423883.0
4739.0,605071.0,2329494.0
4771.0,2247100.0,2319484.0
4707.0,2248261.0,2411282.0
2279377.0,2245928.0,2320714.0
2280067.0,2249941.0,2428914.0
2290518.0,2254399.0,2320129.0
2282573.0,2246378.0,2316795.0
2292200.0,2255006.0,2435154.0
2289042.0,2257546.0,2333900.0
2281372.0,2256776.0,2386897.0
2290678.0,2246866.0,2322677.0
2277879.0,2246426.0,2325691.0
2286956.0,2255027.0,2316990.0
2299254.0,2250833.0,2318112.0
2286927.0,2247487.0,2334045.0
2344348.0,2249336.0,2316687.0
2287442.0,2250358.0,2321269.0
2278193.0,2250799.0,2321884.0
2285560.0,2254475.0,2322793.0
2287147.0,2248453.0,2348076.0
2283703.0,2263681.0,2332101.0
2279159.0,2249765.0,2331052.0
2286653.0,2246133.0,2318378.0
2286322.0,2256569.0,2334877.0
2280913.0,2254903.0,2430720.0
2288458.0,2245069.0,2322513.0
2290530.0,2256646.0,2315140.0
4695.0,2243949.0,2318824.0
2273923.0,2249943.0,2317927.0
4739.0,2253824.0,2319326.0
4695.0,2254452.0,2319019.0
4735.0,2250534.0,2320020.0
4675.0,2246472.0,2320071.0
4695.0,2250136.0,2413639.0
4695.0,2248419.0,2353895.0
4671.0,2249383.0,2318017.0
4759.0,2288237.0,752567.0
4759.0,2255676.0,1583673.0
4759.0,2267068.0,2318119.0
4739.0,2256854.0,2363602.0
4759.0,2244860.0,2320887.0
4799.0,2500551.0,2319177.0
2280075.0,2256814.0,2319980.0
2282566.0,2267115.0,2319733.0
2278299.0,2250693.0,2324702.0
2289945.0,2258606.0,2321611.0
2277041.0,2250728.0,2320526.0
2289310.0,2256281.0,2318086.0
2278492.0,2254569.0,2324057.0
2285605.0,2245147.0,2316880.0
2284901.0,2244459.0,2331113.0
2277146.0,2245201.0,2323580.0
2291661.0,2244723.0,2321571.0
2286672.0,2250206.0,2390691.0
2280350.0,2248596.0,2325520.0
2291654.0,2245135.0,2320864.0
2288996.0,2248596.0,2320945.0
2287949.0,2255664.0,2321113.0
2280323.0,689494.0,2323185.0
2287029.0,2245594.0,2319340.0
2296155.0,2245892.0,2318393.0
2277909.0,2254021.0,2331564.0
2280402.0,2249815.0,2326077.0
2288743.0,2249751.0,2370469.0
2289145.0,2669495.0,2318972.0
2278565.0,2244170.0,2322245.0
2277966.0,2250674.0,2418580.0
2279057.0,2256371.0,2322918.0
2287203.0,2249836.0,2320411.0
2282044.0,2254402.0,2319236.0
2287614.0,2255955.0,2317458.0
2277842.0,2244231.0,2319723.0
2287768.0,2249029.0,2419465.0
2281812.0,2249543.0,2318075.0
2281515.0,2259587.0,2317128.0
2278964.0,2250222.0,255020.0
2277966.0,2256135.0,2122427.0
2291389.0,2341854.0,2317784.0
2282505.0,2246376.0,2318751.0
2287001.0,2243387.0,2325832.0
4739.0,2250642.0,2320807.0
2283746.0,2312100.0,2416024.0
4675.0,2246206.0,2319414.0
4811.0,2247532.0,2319019.0
4739.0,2271167.0,2317996.0
4779.0,2243850.0,2321056.0
4727.0,2247914.0,2330659.0
4739.0,2288835.0,336831.0
4739.0,2255723.0,2328332.0
4759.0,2429709.0,2322198.0
4799.0,2246158.0,2319758.0
4739.0,2255817.0,2320199.0
4831.0,2245089.0,2316738.0
4727.0,2256650.0,2329104.0
4759.0,2255050.0,2319364.0
230516.0,2251933.0,2318973.0
2278689.0,2252192.0,2388665.0
2289902.0,202183.0,2317113.0
2282853.0,2246059.0,2422652.0
2292131.0,2246707.0,2408439.0
2284471.0,2245414.0,2320659.0
2288829.0,2249870.0,2321998.0
2283308.0,2260462.0,2321194.0
2285169.0,2251598.0,2322479.0
2287558.0,2256770.0,2317749.0
2288200.0,2243935.0,2426434.0
2279658.0,2256242.0,2318202.0
2281338.0,2245971.0,2317421.0
2292840.0,2245481.0,2413851.0
2282800.0,2258218.0,2326624.0
2285527.0,2256756.0,2325538.0
2293358.0,2248982.0,2320891.0
2291491.0,2245640.0,2414873.0
2358365.0,2246852.0,2320993.0
2279779.0,2250499.0,2425905.0
2284983.0,2248033.0,2321246.0
2285631.0,2246701.0,2319348.0
2283487.0,2255950.0,2326852.0
2289365.0,2250939.0,2318478.0
2277964.0,2258837.0,2319529.0
2295622.0,2246646.0,2319879.0
2289087.0,2267875.0,2317681.0
2279380.0,2251266.0,2332429.0
2287878.0,2248077.0,2318128.0
2278008.0,2252721.0,2321364.0
2286081.0,2248552.0,2325402.0
2286184.0,2257885.0,2317292.0
2291095.0,2256219.0,2317940.0
2278458.0,2243702.0,2332725.0
2288337.0,2262864.0,2317082.0
2276044.0,2248078.0,2324754.0
2287315.0,2244701.0,2316579.0
2281751.0,2254493.0,2321215.0
2280408.0,2248966.0,2319878.0
2277814.0,2259766.0,2320123.0
2290061.0,2250648.0,2318018.0
2284378.0,2254219.0,2325367.0
2286152.0,2257341.0,2209375.0
2280916.0,2256054.0,2318974.0
2367491.0,2257146.0,2321555.0
2293629.0,2255120.0,2318457.0
2280015.0,2262750.0,2315120.0
2280595.0,2249548.0,2317024.0
2278677.0,2253979.0,2322864.0
2286587.0,2244862.0,2435296.0
2278476.0,2250390.0,2318992.0
2288302.0,2256373.0,2416536.0
2283576.0,2245940.0,2318462.0
2285831.0,2255889.0,2322857.0
2286458.0,2255902.0,2325408.0
2287590.0,2246908.0,2320224.0
2294043.0,2255233.0,2323030.0
2280293.0,2246924.0,2316193.0
2293043.0,2261064.0,2324743.0
2288608.0,2256557.0,2319898.0
2286738.0,2249398.0,2318422.0
2251302.0,2252297.0,2324719.0
2269365.0,2250114.0,2320754.0
2288032.0,2334202.0,2306842.0
2274036.0,2250000.0,2318552.0
2275918.0,2256318.0,749857.0
2359032.0,2244466.0,1466459.0
2278056.0,2255587.0,2315401.0
2358813.0,2248180.0,250537.0
2285019.0,2253720.0,753476.0
2354998.0,2245963.0,254321.0
2276457.0,2257730.0,353368.0
2271881.0,2256443.0,252062.0
2273234.0,2245794.0,254130.0
2270120.0,2250153.0,254692.0
2273630.0,2254338.0,338362.0
2271059.0,2246000.0,254536.0
2274844.0,2255583.0,2320096.0
2356645.0,2257215.0,751046.0
2269075.0,2248472.0,2307763.0
2269660.0,2248274.0,334709.0
2356265.0,2256167.0,253155.0
2269415.0,2262990.0,2319934.0
2274502.0,2265158.0,332076.0
2273848.0,2261451.0,251947.0
2275982.0,2263452.0,252044.0
2270634.0,2262923.0,251538.0
2338953.0,2262150.0,253127.0
2274634.0,2264181.0,252886.0
2298431.0,2264859.0,2334813.0
2273693.0,2262511.0,253455.0
2295831.0,2261971.0,254694.0
2273504.0,2262685.0,250662.0
2271317.0,2261692.0,361856.0
2269663.0,2264103.0,254389.0
2274125.0,2262248.0,2299846.0
2339300.0,2262421.0,2010424.0
2272488.0,2261415.0,2327140.0
2269348.0,2264808.0,509542.0
2274440.0,2264455.0,2319781.0
2274991.0,2264393.0,252951.0
2271110.0,2264027.0,254190.0
2277187.0,2262223.0,330348.0
2270756.0,2260604.0,2292876.0
2355949.0,2262993.0,2426336.0
2270988.0,2266623.0,250470.0
2267167.0,2261151.0,2313320.0
2363052.0,2261045.0,254554.0
2284570.0,2262031.0,2312380.0
2271710.0,2260783.0,253630.0
2271167.0,2261919.0,2296639.0
2272084.0,2262649.0,2316365.0
2269384.0,2262658.0,254310.0
2352632.0,2263651.0,253491.0
2354169.0,2261067.0,2306801.0
2274912.0,2262664.0,252098.0
2269855.0,2262769.0,251811.0
2279596.0,2262074.0,2290040.0
2295107.0,2262263.0,252418.0
2268042.0,2265383.0,254250.0
2269680.0,2264057.0,2301000.0
2269222.0,2264141.0,2339283.0
2269307.0,2261996.0,333352.0
2271422.0,2262220.0,2296653.0
2269577.0,2262958.0,2298751.0
2275886.0,2265052.0,2296370.0
2363219.0,2263057.0,250511.0
2267388.0,2264260.0,750273.0
2273010.0,2265143.0,2440258.0
2270703.0,2266350.0,2318346.0
2360222.0,2352732.0,253733.0
2285688.0,2264227.0,2416663.0
2272793.0,2262496.0,352968.0
2294734.0,2262651.0,2296164.0
2356629.0,2264148.0,251910.0
2354779.0,2263369.0,332916.0
94936.0,2263165.0,255638.0
2271861.0,2264786.0,2299123.0
2373960.0,2261493.0,254278.0
2364517.0,2264750.0,253494.0
2271653.0,2263788.0,253637.0
2277204.0,2263057.0,254689.0
2293205.0,2261506.0,2312801.0
2269313.0,2262528.0,756991.0
2267687.0,2263202.0,254986.0
2268105.0,2350986.0,2328486.0
2375019.0,2262793.0,254016.0
2271251.0,2261839.0,254698.0
2282381.0,2265890.0,332520.0
2271008.0,2264803.0,2296924.0
2268989.0,2261730.0,253915.0
2271287.0,2262608.0,2333880.0
2269971.0,2263781.0,251604.0
2277782.0,2262858.0,251965.0
2272716.0,2262661.0,254079.0
2354563.0,2267934.0,2319170.0
2267095.0,2263365.0,629803.0
2270686.0,2265437.0,252926.0
2269549.0,2262083.0,256060.0
2314816.0,2263165.0,2320126.0
2363782.0,2353894.0,2318088.0
2268579.0,2262798.0,747548.0
9175.0,2262628.0,253111.0
2272134.0,2265726.0,753591.0
2282800.0,2265853.0,254117.0
2275927.0,2263379.0,334134.0
2265789.0,2263860.0,254011.0
2273651.0,2350860.0,256036.0
2280082.0,2262908.0,255947.0
2276600.0,2264980.0,254337.0
2287433.0,2260569.0,2431068.0
2270613.0,2261441.0,352621.0
2354639.0,2261663.0,251638.0
2360887.0,2261679.0,251914.0
2270164.0,2263452.0,250666.0
2270662.0,2261872.0,253027.0
2352747.0,2260868.0,252334.0
2279312.0,2264497.0,251609.0
2273925.0,2262406.0,2295380.0
2270345.0,2263310.0,2301274.0
2272874.0,2262703.0,253686.0
2287314.0,2356830.0,254017.0
2275744.0,2263552.0,252310.0
2362438.0,2261641.0,252106.0
4791.0,2269193.0,252078.0
4831.0,2261852.0,2320201.0
4759.0,2261949.0,253738.0
4771.0,2262777.0,251810.0
4771.0,2262444.0,251639.0
4739.0,2261268.0,333059.0
4799.0,2263572.0,2320640.0
4779.0,2263115.0,253568.0
4799.0,2264871.0,350340.0
4799.0,2262560.0,333841.0
4739.0,2263068.0,251777.0
4799.0,2269105.0,254370.0
4831.0,2263958.0,334418.0
4863.0,2262664.0,253855.0
2265907.0,2265361.0,254047.0
2276848.0,2262753.0,754294.0
2267135.0,2263607.0,2315618.0
2276015.0,2264257.0,2308540.0
2272898.0,2265706.0,251815.0
2353756.0,2264681.0,253822.0
2273853.0,2262210.0,2290345.0
2270203.0,2263170.0,333483.0
2272414.0,2262440.0,252102.0
2270509.0,2262613.0,2319693.0
2270870.0,2264287.0,2299377.0
2268271.0,2264285.0,333725.0
2266956.0,2261893.0,2324350.0
2272074.0,2262306.0,253371.0
2267029.0,2265279.0,1534105.0
2366562.0,2262046.0,330286.0
2278584.0,2263142.0,351448.0
2295478.0,2267886.0,253876.0
2283302.0,2263350.0,360098.0
2368618.0,2261328.0,2416107.0
2273709.0,2262829.0,254142.0
2274914.0,2264500.0,253089.0
2352413.0,2263038.0,2294230.0
2268831.0,2262061.0,351644.0
2275140.0,2262059.0,2321538.0
2308886.0,2260277.0,586742.0
2274950.0,2265854.0,254581.0
2362049.0,2284504.0,748472.0
2273611.0,2353136.0,2291104.0
2356276.0,2264032.0,705877.0
2356665.0,2267872.0,254149.0
2285892.0,2262272.0,2293228.0
2269240.0,2263296.0,2291387.0
2357426.0,2261136.0,2290031.0
2276404.0,2263891.0,333445.0
2343289.0,2265191.0,332764.0
2270579.0,2265261.0,2302046.0
2358988.0,2263598.0,251947.0
2281847.0,2352862.0,253330.0
2341542.0,2263459.0,254601.0
2268568.0,2263255.0,2322441.0
2269369.0,2260796.0,350706.0
2276180.0,2265969.0,1084230.0
2267186.0,2263508.0,2323821.0
2362551.0,2258820.0,251877.0
2357171.0,2263946.0,253665.0
2303791.0,2262307.0,255431.0
2273440.0,2262400.0,2321118.0
2269184.0,2263122.0,251536.0
2270548.0,2261039.0,2334671.0
2358476.0,2260343.0,2324034.0
2275555.0,2265235.0,334087.0
2275125.0,2263097.0,331547.0
2268392.0,2261241.0,752218.0
2270786.0,2264828.0,2331242.0
2269780.0,2267402.0,251965.0
2286812.0,2260568.0,2305725.0
2283976.0,2261695.0,2299152.0
2265346.0,2263071.0,333988.0
2270019.0,2262950.0,352421.0
2278200.0,2262281.0,2319733.0
2276210.0,2262678.0,2320086.0
2278704.0,2262853.0,254190.0
11699.0,2262133.0,255330.0
2274924.0,2262640.0,251801.0
2270331.0,2263327.0,252090.0
2267349.0,2335972.0,2322972.0
2271362.0,2261099.0,251912.0
2281544.0,2263747.0,251773.0
2270925.0,2260871.0,334457.0
2270398.0,2262850.0,2086927.0
2356371.0,2262990.0,251675.0
2277783.0,2262848.0,333842.0
2269817.0,2260825.0,252265.0
2354553.0,2262793.0,2450383.0
2271687.0,2263969.0,251943.0
2269943.0,2263170.0,255126.0
2270671.0,2266210.0,2317477.0
2268462.0,2264133.0,2320741.0
2264430.0,2418051.0,253436.0
2270909.0,2264260.0,2320869.0
2273903.0,2311316.0,752676.0
2402800.0,2264117.0,2317666.0
2271366.0,2331986.0,2423300.0
2269702.0,2264413.0,2321647.0
2272781.0,2264749.0,2323044.0
2271165.0,2263330.0,2318566.0
2267541.0,2264563.0,2291307.0
2285731.0,2262540.0,2299397.0
2290431.0,2263089.0,2317464.0
2369366.0,2263032.0,254176.0
2277868.0,2261425.0,2318924.0
2272677.0,2266484.0,2318808.0
2303547.0,2263246.0,2102990.0
2375443.0,2263186.0,2318819.0
2356492.0,2264128.0,2298398.0
2343596.0,2264324.0,2321285.0
2278776.0,2261145.0,2321206.0
2268409.0,2263290.0,255379.0
2268963.0,2353931.0,753795.0
2273307.0,2263246.0,2319328.0
2274497.0,2259392.0,2318515.0
2359724.0,2259361.0,2334137.0
2340791.0,3179526.0,2328840.0
2269800.0,2259135.0,2318284.0
261652.0,3171023.0,1732250.0
262188.0,2350137.0,2319311.0
259550.0,2259008.0,2322696.0
36144.0,2263711.0,351924.0
261703.0,2259829.0,2316118.0
261854.0,2347266.0,254811.0
2320554.0,2260718.0,2335423.0
2337191.0,2348829.0,2331934.0
2334861.0,2263148.0,2324137.0
261492.0,2263101.0,2317537.0
262208.0,2259081.0,2297191.0
6630.0,2262331.0,2319781.0
262066.0,2282319.0,2303648.0
259453.0,2249920.0,2318259.0
261324.0,3256146.0,2320357.0
10552.0,2267147.0,2296353.0
261600.0,2349985.0,2312885.0
262260.0,2350052.0,2327970.0
2322628.0,2260575.0,2325843.0
261309.0,2250858.0,336059.0
261815.0,3174409.0,2320192.0
2313149.0,731.0,2280836.0
261270.0,2260460.0,2328275.0
261150.0,2349075.0,2297843.0
261950.0,2258935.0,1694152.0
261410.0,2264170.0,2328694.0
261845.0,2260952.0,2321599.0
261182.0,2258871.0,2318156.0
2335632.0,2259460.0,1777447.0
342718.0,2258546.0,2290327.0
259582.0,3252089.0,2321422.0
6630.0,2321695.0,715270.0
262362.0,2340692.0,2318831.0
10552.0,2259946.0,2316844.0
261803.0,2250652.0,2318980.0
261974.0,2358305.0,363847.0
2326474.0,2259556.0,2317901.0
261582.0,2261161.0,2323448.0
2297307.0,2249174.0,2315837.0
261750.0,2266455.0,2323805.0
6630.0,2257497.0,2320303.0
2300056.0,2258368.0,2319307.0
261108.0,2259332.0,2335696.0
263198.0,2347097.0,2319996.0
261784.0,2338613.0,255743.0
82088.0,3168709.0,2319056.0
2299570.0,2248689.0,748509.0
10648.0,3174537.0,777.0
261971.0,2258990.0,252771.0
261054.0,2263889.0,2320255.0
262121.0,2259730.0,2334949.0
261574.0,2264077.0,2321243.0
6630.0,2315730.0,2334511.0
10638.0,3252367.0,2330302.0
10648.0,3170870.0,751269.0
10628.0,2258360.0,2314870.0
34670.0,3272351.0,2333515.0
11526.0,2350000.0,2316673.0
10648.0,2260113.0,2319985.0
2332178.0,2331454.0,254622.0
259870.0,2262082.0,2320815.0
6630.0,2257392.0,2318783.0
262002.0,2338897.0,2299197.0
261524.0,2265285.0,2416268.0
262152.0,2262835.0,2317533.0
2324995.0,3264537.0,2335222.0
2331822.0,2348699.0,2321568.0
6758.0,2259678.0,2320979.0
262402.0,2351038.0,2318726.0
10564.0,2327942.0,2318808.0
262148.0,3170491.0,2319268.0
2322624.0,2258588.0,2319979.0
2326878.0,2262932.0,2315596.0
10648.0,2258548.0,2325978.0
261640.0,2348903.0,2291919.0
10648.0,3257191.0,2332115.0
261367.0,2259088.0,2298632.0
6694.0,2348354.0,2333677.0
261890.0,2259853.0,2319056.0
2326788.0,2258463.0,2320478.0
261842.0,2259195.0,2295931.0
261898.0,2349799.0,2319990.0
261576.0,2259270.0,2325649.0
6694.0,2260015.0,2319532.0
2306986.0,2348418.0,2320165.0
261943.0,2351787.0,540781.0
261246.0,2349834.0,2316317.0
2324768.0,2340694.0,2316940.0
261548.0,2258516.0,2322123.0
10638.0,2351147.0,2334105.0
2329500.0,2348383.0,684774.0
2330519.0,3250924.0,2321076.0
262653.0,2273019.0,2316367.0
2322848.0,2258253.0,333483.0
10584.0,2269108.0,2258666.0
261827.0,2259011.0,545163.0
259358.0,3251269.0,2322938.0
6694.0,2260231.0,2319421.0
262004.0,2315288.0,2324910.0
261977.0,2258902.0,2321595.0
259486.0,2264845.0,2313904.0
6694.0,2259309.0,2326203.0
95850.0,3251037.0,2320179.0
2323084.0,2347679.0,2331866.0
2330528.0,2354130.0,2316427.0
261967.0,2258883.0,2325870.0
2315896.0,2349741.0,2319803.0
260744.0,3163742.0,2320735.0
261930.0,2347881.0,2332199.0
262154.0,2283261.0,2299038.0
2337794.0,2348741.0,2318523.0
261320.0,2258728.0,254446.0
261878.0,2258885.0,2318247.0
261438.0,2260732.0,2032081.0
263211.0,2259637.0,2332068.0
2340477.0,3191016.0,2319749.0
10638.0,3252546.0,2330818.0
262280.0,2349523.0,2322931.0
261438.0,2347311.0,349835.0
261300.0,3182359.0,2320083.0
261342.0,2258877.0,2325232.0
10648.0,2259255.0,2291714.0
10638.0,2258669.0,2322611.0
6694.0,2286961.0,1791966.0
261984.0,3251192.0,2325478.0
261406.0,2247811.0,2315407.0
261235.0,3168261.0,1355815.0
11516.0,2251250.0,2325003.0
261561.0,2306501.0,2318614.0
10584.0,2264409.0,2317640.0
262016.0,2259425.0,2318084.0
10584.0,2259871.0,2316055.0
2337598.0,3177170.0,2299394.0
21055.0,2259867.0,2321066.0
261608.0,2258775.0,2321474.0
261930.0,2266586.0,2324026.0
18062.0,2350557.0,2326118.0
2323501.0,3168426.0,2317532.0
341301.0,2258516.0,2316529.0
261394.0,2348890.0,2317824.0
262946.0,2250683.0,2318650.0
262016.0,2289272.0,253981.0
261485.0,2248955.0,2320794.0
6694.0,2261128.0,2318958.0
6694.0,3258945.0,336325.0
261525.0,2261821.0,753689.0
261321.0,2310902.0,2419023.0
261499.0,2259096.0,2324780.0
262546.0,2260849.0,2316728.0
10648.0,2255525.0,2316436.0
2333846.0,2347275.0,2334678.0
261691.0,2350171.0,2336575.0
260552.0,2258674.0,2320333.0
261576.0,3198549.0,255005.0
260917.0,2259103.0,2328222.0
261485.0,2269839.0,2319920.0
6758.0,2278870.0,363397.0
261534.0,2257870.0,2333516.0
261482.0,2259724.0,334098.0
261362.0,2310757.0,2413735.0
261539.0,2257036.0,2320785.0
10648.0,2349849.0,2317104.0
2327940.0,2262175.0,2287901.0
1825650.0,2260653.0,2319286.0
261832.0,2259139.0,2300661.0
10584.0,2258381.0,2333757.0
261804.0,2259392.0,2318759.0
261035.0,2256567.0,2317652.0
262472.0,2285452.0,336544.0
6630.0,2250407.0,2319915.0
260460.0,2249123.0,253677.0
2344065.0,2350969.0,256591.0
261418.0,2266059.0,2320413.0
2320732.0,2262927.0,2335776.0
262671.0,2260107.0,2319238.0
261453.0,2350162.0,2299255.0
2319194.0,2258237.0,2299422.0
6758.0,3185247.0,2316211.0
10584.0,2259974.0,2327475.0
261482.0,2259820.0,2319492.0
262524.0,2347743.0,254408.0
6630.0,2259487.0,2316723.0
262102.0,2259609.0,2420457.0
261730.0,2348755.0,2411302.0
10702.0,2260554.0,2412964.0
10648.0,2258141.0,2417060.0
261942.0,2346451.0,2416272.0
2336388.0,2272671.0,2396293.0
10648.0,2258936.0,2403820.0
2354458.0,2267629.0,2396396.0
261900.0,3252895.0,2401077.0
2327839.0,3207872.0,2407536.0
10648.0,2259531.0,2400916.0
261482.0,2259650.0,2407310.0
10638.0,2279199.0,2415894.0
261184.0,2356449.0,2405143.0
2328519.0,2260685.0,2400758.0
6694.0,2259356.0,2401047.0
24046.0,2351235.0,2412512.0
261130.0,2350364.0,2417102.0
261718.0,2268607.0,2409336.0
261739.0,3248171.0,2406557.0
261834.0,2350142.0,2408214.0
2330311.0,2258675.0,2418030.0
2319051.0,2348149.0,2402265.0
262058.0,2271588.0,2405033.0
262060.0,2261403.0,2422054.0
11366.0,2257596.0,2403528.0
259432.0,2260816.0,2415750.0
341718.0,2349055.0,2405130.0
10584.0,2263174.0,2417166.0
10606.0,2258665.0,2414483.0
11366.0,2245819.0,2405359.0
10648.0,2246140.0,2405215.0
261406.0,2259345.0,2398773.0
261642.0,2246123.0,2416214.0
262272.0,2257616.0,2416182.0
259681.0,2245406.0,2411182.0
2332291.0,2228851.0,2416563.0
314738.0,2256540.0,2413088.0
2278695.0,2257273.0,2405081.0
2289849.0,2244295.0,2404476.0
2284845.0,2260178.0,2406270.0
2309546.0,2257266.0,2406968.0
2301459.0,2258496.0,2415877.0
2282963.0,2248677.0,2402613.0
2291862.0,2261406.0,2402533.0
2280576.0,2248484.0,2399504.0
2289018.0,2228994.0,2404357.0
2316133.0,2257997.0,2405091.0
2279196.0,2246110.0,2404229.0
2277626.0,2249132.0,2406185.0
2281680.0,2248577.0,2403990.0
2278654.0,2257771.0,2404847.0
2295116.0,2245095.0,2396480.0
2280705.0,2247357.0,2404253.0
2289083.0,2260141.0,2404386.0
2294032.0,2257413.0,2417797.0
2279046.0,2246033.0,2403237.0
2365205.0,2246223.0,2408671.0
2279893.0,2258865.0,2405931.0
2281975.0,2255240.0,2406933.0
2330098.0,2257357.0,2404865.0
2286813.0,2247266.0,2483628.0
2376494.0,2244905.0,2419525.0
2289611.0,2249216.0,2408781.0
2288189.0,2258004.0,2399184.0
2285325.0,2257959.0,2398033.0
2290007.0,2249321.0,2403986.0
2300323.0,3175569.0,2407406.0
2248700.0,2256586.0,2405858.0
2282405.0,2257973.0,2399743.0
2290348.0,2257535.0,2401680.0
2284724.0,2309699.0,2405115.0
2282676.0,2257426.0,2396250.0
2280758.0,2259615.0,2414209.0
2336750.0,2257522.0,2399348.0
2282703.0,2277208.0,2403833.0
2342519.0,2245665.0,2416243.0
2290695.0,2221536.0,2416206.0
2287619.0,2246507.0,2403169.0
2359534.0,2259693.0,2415792.0
2294252.0,2225501.0,2402417.0
2286970.0,2261866.0,2402132.0
2284725.0,2256963.0,2403946.0
2298741.0,2245681.0,2416588.0
2282640.0,2246636.0,2417698.0
2289287.0,2247230.0,2411174.0
2278945.0,2258423.0,2401716.0
2283032.0,3247138.0,2402715.0
2283152.0,2258992.0,2410902.0
2299244.0,2257054.0,2415411.0
2302217.0,2245596.0,2399636.0
2280599.0,2282038.0,2403833.0
2292497.0,2245851.0,2405465.0
2285543.0,2245963.0,2406383.0
2283785.0,2264237.0,2418837.0
2292401.0,2244833.0,2411952.0
2277414.0,2256708.0,2409741.0
2286189.0,2250515.0,2401301.0
2376312.0,2257819.0,2415714.0
2299479.0,2260983.0,2406036.0
2283390.0,2259725.0,2304753.0
2282700.0,2257028.0,2402173.0
2301615.0,2303323.0,2424060.0
2301339.0,2258544.0,2405339.0
2288097.0,2247333.0,2405681.0
2279090.0,2256605.0,2405071.0
2290513.0,2246711.0,2407561.0
2278202.0,2247218.0,2403701.0
2289433.0,2258765.0,2403595.0
2282725.0,2257913.0,2414517.0
2282802.0,2250063.0,2401494.0
2300088.0,2284084.0,2404845.0
2285704.0,2250314.0,2415179.0
2280014.0,2255136.0,2418005.0
2329743.0,2246863.0,2402768.0
2284282.0,2245650.0,2404529.0
2301485.0,2250905.0,2413723.0
2279434.0,2256908.0,2403021.0
2287411.0,2251737.0,2414406.0
2288043.0,2245785.0,2404491.0
2288367.0,2256336.0,2405127.0
2281559.0,2245395.0,2404785.0
2286484.0,2256655.0,2416224.0
2288061.0,2245511.0,2409640.0
2280942.0,2245695.0,2410296.0
2298238.0,2247323.0,2398506.0
2276617.0,2244992.0,2407328.0
2352079.0,2257400.0,2410184.0
2287173.0,2252994.0,2404463.0
2290826.0,2257713.0,2399206.0
2279936.0,2258259.0,2407472.0
2302715.0,2345794.0,2406542.0
2277450.0,2257182.0,2408014.0
2283711.0,2257998.0,2401757.0
2301031.0,2245077.0,2402477.0
2285945.0,2257762.0,2404537.0
2281482.0,2258048.0,2414246.0
2290154.0,2250743.0,2407178.0
2287768.0,2245103.0,2407964.0
2374740.0,2232026.0,2415403.0
2315057.0,2257253.0,2406403.0
2278512.0,2245575.0,2418211.0
2285183.0,2240740.0,2408638.0
2279763.0,2260212.0,2407005.0
2303981.0,2249750.0,2403857.0
4759.0,2290147.0,2406308.0
2272078.0,2244698.0,2401360.0
4799.0,2245731.0,2414897.0
4759.0,2256202.0,2419568.0
4651.0,2246596.0,2404325.0
4663.0,2256969.0,2429707.0
4675.0,2259074.0,2404795.0
4739.0,2255551.0,2411886.0
4759.0,2257890.0,2403446.0
4799.0,2260469.0,2404002.0
5222.0,2230853.0,2402560.0
4695.0,2254440.0,2405993.0
4695.0,2259175.0,2405987.0
4803.0,2248029.0,2415068.0
4739.0,2248143.0,2414966.0
4695.0,2258747.0,2408046.0
2286111.0,2260437.0,2403557.0
2277476.0,2254763.0,2417600.0
2378374.0,2261914.0,2405483.0
2281677.0,2246160.0,2406614.0
2365915.0,2255655.0,2415284.0
2287085.0,2255927.0,2407299.0
2369594.0,2247791.0,2416422.0
2302174.0,2245122.0,2413650.0
2285576.0,2245222.0,2423952.0
2288756.0,2257652.0,2414478.0
2276870.0,2257533.0,2415015.0
2302392.0,2256088.0,2398880.0
2299121.0,2259582.0,2416447.0
2298129.0,2256307.0,2399853.0
2374461.0,2785852.0,2407610.0
2280858.0,2246904.0,2412087.0
2278617.0,2257769.0,2406076.0
2288697.0,2394470.0,2408917.0
2319167.0,2260846.0,2404530.0
2307926.0,2248885.0,2413965.0
2280056.0,2250045.0,2409998.0
2288054.0,2678751.0,2408647.0
2283445.0,2267281.0,2426363.0
2318114.0,2249719.0,2424707.0
2363156.0,2261425.0,2405558.0
2286550.0,2226938.0,2417246.0
2281446.0,2257547.0,2407842.0
2288129.0,2258457.0,2415962.0
2283722.0,2256087.0,2403525.0
2286675.0,2248578.0,2408374.0
2285534.0,2245494.0,2408327.0
2299318.0,2257661.0,2404029.0
2278007.0,2259037.0,2400131.0
2279354.0,2257901.0,2414337.0
2290756.0,2245165.0,2402837.0
2283589.0,2246425.0,2403219.0
2281404.0,2246663.0,2404856.0
2285301.0,2245400.0,2406771.0
2283708.0,2248392.0,2417064.0
2280938.0,2256891.0,2406120.0
2278178.0,2255915.0,2407216.0
2280082.0,2240892.0,2415725.0
2282524.0,2258526.0,2417088.0
2280778.0,2246133.0,2417561.0
4715.0,2257648.0,2403227.0
4739.0,2245571.0,2416698.0
5129.0,2258741.0,2404629.0
4673.0,2247113.0,2402773.0
2288474.0,2330753.0,2414710.0
5027.0,2256569.0,2319846.0
4739.0,2257898.0,2323246.0
4727.0,2231344.0,2334700.0
4739.0,2257806.0,2413938.0
4739.0,2248560.0,1304556.0
4739.0,2246728.0,2323531.0
4811.0,2259273.0,2324508.0
4759.0,2244538.0,2322617.0
4759.0,2259317.0,2318547.0
4695.0,2245898.0,2321776.0
4683.0,2260245.0,2320143.0
2301323.0,2257439.0,2323701.0
2285534.0,2259040.0,2318631.0
2286212.0,2259301.0,2319101.0
2288559.0,2257585.0,2324719.0
2281510.0,2250422.0,2319325.0
2285649.0,2257243.0,2401055.0
2302841.0,2257239.0,2329575.0
2378010.0,2259887.0,2321039.0
4759.0,2258063.0,2321669.0
2282972.0,2256377.0,2325117.0
4739.0,2258256.0,2323516.0
4759.0,2224615.0,2321059.0
4799.0,2258163.0,2319729.0
4739.0,2258525.0,2322505.0
4739.0,2257385.0,2320996.0
4759.0,2257368.0,2325492.0
4759.0,2259841.0,2317222.0
4759.0,2259016.0,2325283.0
4759.0,2248779.0,2321569.0
4759.0,2244957.0,2320401.0
4759.0,2245573.0,2318669.0
4759.0,2240478.0,2320723.0
4739.0,2256869.0,2326508.0
2285356.0,2257429.0,2415689.0
2281394.0,2258020.0,2320258.0
2279396.0,2249955.0,2396361.0
2304205.0,2247393.0,2317865.0
2281213.0,2260183.0,2379300.0
2277982.0,2257534.0,2320447.0
2280916.0,2250756.0,2317553.0
2287371.0,2229127.0,2319038.0
2279529.0,2261184.0,2318412.0
2285211.0,2249077.0,2332619.0
2279346.0,2224990.0,2326083.0
2284755.0,2248697.0,2311312.0
2386969.0,2260447.0,2336448.0
2282805.0,2258212.0,2333075.0
2290798.0,2266088.0,2319051.0
2277127.0,2258475.0,2319336.0
2376071.0,2265741.0,2329557.0
2323753.0,2306866.0,2319953.0
2283372.0,3170509.0,2317143.0
2279739.0,2258449.0,2318301.0
2287092.0,2249897.0,2332094.0
2282147.0,2355809.0,678756.0
2283032.0,2260114.0,2317439.0
2301202.0,2259412.0,2330910.0
2292626.0,2268427.0,2317800.0
2278549.0,2259021.0,2321954.0
2296807.0,2264166.0,2320686.0
2285961.0,2266601.0,2319802.0
4759.0,2251163.0,2322327.0
4739.0,2260338.0,2327551.0
4759.0,2353130.0,2314520.0
4739.0,2281241.0,2322736.0
4739.0,2260435.0,2318784.0
4739.0,2258570.0,2330689.0
4803.0,2258287.0,2319252.0
4823.0,2258784.0,2321442.0
2273304.0,2354799.0,2320251.0
4739.0,2265615.0,2322011.0
4739.0,3170212.0,2318642.0
4675.0,2270155.0,2319026.0
4799.0,3208415.0,2414841.0
4759.0,2258772.0,2318897.0
4695.0,3262703.0,2319270.0
2324760.0,2316285.0,2318066.0
2281614.0,2355330.0,2321904.0
2302127.0,2352407.0,2320403.0
2274630.0,2264385.0,2319060.0
2304050.0,2354491.0,2321831.0
2286642.0,2330474.0,2346084.0
2280314.0,2265477.0,2323633.0
2279231.0,2264171.0,2323050.0
2292229.0,2259949.0,2320584.0
2277607.0,2259298.0,2319582.0
2277297.0,2266571.0,2331984.0
2279153.0,2353972.0,2321510.0
2277672.0,2267937.0,2316480.0
2280786.0,2266364.0,2394412.0
2343371.0,94712.0,2323376.0
2368202.0,2355928.0,2420487.0
2294606.0,2249724.0,2430541.0
2308412.0,2258506.0,2330236.0
2304454.0,2259546.0,2318694.0
2277732.0,2260641.0,2320904.0
2288345.0,2341568.0,657909.0
2287796.0,2259504.0,2329815.0
2282367.0,3249813.0,2320441.0
2285541.0,2266468.0,2325613.0
2278322.0,2249339.0,2319729.0
262567.0,2264763.0,2320993.0
264002.0,2260123.0,2319477.0
262838.0,2314965.0,2318364.0
6695.0,2259263.0,2318730.0
262406.0,2250203.0,2325005.0
10585.0,2268348.0,2318890.0
257179.0,2355132.0,2432954.0
2322278.0,2266123.0,2320313.0
260504.0,2264715.0,2322369.0
2305659.0,2352724.0,2326507.0
6630.0,2259584.0,2320895.0
260681.0,2266294.0,2317920.0
2319778.0,3251749.0,2317494.0
263276.0,2259458.0,2324962.0
256596.0,2250157.0,2319564.0
10003.0,2250015.0,2318458.0
259305.0,2268912.0,2317414.0
258541.0,2258561.0,2415762.0
260193.0,3171034.0,1048203.0
10584.0,2269942.0,2345526.0
258751.0,2354502.0,2321727.0
262942.0,2262958.0,2317628.0
260510.0,2264520.0,2331158.0
258610.0,2266146.0,2334128.0
11366.0,2351775.0,2337847.0
263036.0,2259299.0,2326595.0
10639.0,2259307.0,2322262.0
260649.0,2258982.0,2341327.0
260308.0,2284746.0,777.0
6695.0,2266211.0,2334848.0
263025.0,2259221.0,2328415.0
11420.0,2275000.0,2325606.0
10638.0,2259869.0,2325003.0
10585.0,3171565.0,2324326.0
260794.0,2268749.0,2319628.0
1407425.0,2259588.0,2316530.0
10638.0,2353258.0,2326639.0
262958.0,2267006.0,2320087.0
259062.0,2262186.0,2319373.0
365062.0,2353222.0,2322337.0
259192.0,2266454.0,2331610.0
259031.0,2272398.0,2354108.0
262732.0,2259513.0,2334362.0
510814.0,2354803.0,2320519.0
262697.0,2353724.0,2319712.0
6695.0,2352746.0,2321475.0
262926.0,2258951.0,2318667.0
6759.0,2259491.0,2317859.0
260523.0,2353007.0,2330615.0
260363.0,2248026.0,2331484.0
263114.0,3169703.0,2323347.0
260536.0,2258742.0,2318263.0
262393.0,2260968.0,2321481.0
260375.0,2259649.0,2331370.0
260433.0,2363656.0,2326295.0
6739.0,2354106.0,2319528.0
263126.0,2259033.0,2316722.0
10584.0,2251429.0,2320053.0
6630.0,2248968.0,2318422.0
260555.0,2259768.0,2335477.0
263187.0,2268969.0,757931.0
258593.0,2356142.0,2318935.0
264444.0,2283039.0,2327085.0
260305.0,2263995.0,2322190.0
260361.0,2259572.0,2317033.0
263204.0,2268438.0,2320718.0
6695.0,2257516.0,2345423.0
261993.0,2258150.0,2343532.0
10584.0,2258789.0,2330996.0
263030.0,2305796.0,2326321.0
259256.0,2280417.0,2318874.0
263413.0,2249820.0,2318981.0
262704.0,2258645.0,2318902.0
260427.0,2264815.0,2321487.0
262793.0,2266113.0,2350977.0
260403.0,2353677.0,2333259.0
262833.0,3251732.0,2321379.0
263389.0,2259370.0,2322258.0
256652.0,2258584.0,2321496.0
262718.0,2258617.0,2320723.0
10639.0,2250463.0,2352385.0
6758.0,2351607.0,2350984.0
371083.0,2360516.0,2322056.0
260346.0,3169566.0,2330517.0
11357.0,3169997.0,2318803.0
2296045.0,2268716.0,2321133.0
6695.0,3256019.0,2328831.0
256522.0,2269521.0,2319240.0
2323434.0,2354616.0,2328715.0
263867.0,2267087.0,2317470.0
263943.0,2356453.0,2320200.0
260443.0,2269186.0,2333649.0
6695.0,2354477.0,2322764.0
260477.0,2267282.0,2334011.0
6695.0,9951.0,2320313.0
259372.0,2263751.0,2320591.0
259192.0,2259633.0,2420229.0
263423.0,2260043.0,2320655.0
261682.0,2356061.0,2325596.0
1342685.0,2263361.0,2320052.0
259362.0,2342300.0,2431448.0
259274.0,2250370.0,2336019.0
262625.0,3162660.0,2319494.0
262371.0,2353148.0,2361759.0
260455.0,2265983.0,2323792.0
10585.0,2258374.0,2366268.0
262311.0,2284814.0,2320959.0
262834.0,2260705.0,2381260.0
263096.0,3259370.0,2319523.0
260475.0,2259151.0,2319153.0
256714.0,2315774.0,2318514.0
263428.0,2272647.0,2320995.0
10648.0,2248492.0,2335768.0
263188.0,2261406.0,2359445.0
2305088.0,3171846.0,2322600.0
256766.0,2259853.0,2419872.0
257046.0,2266183.0,2382650.0
6695.0,2267263.0,2320865.0
259116.0,2280263.0,2317575.0
261075.0,3198719.0,2317486.0
260147.0,2266518.0,2326397.0
257602.0,3174021.0,2415417.0
2081224.0,2250083.0,2320872.0
10702.0,2260491.0,2340145.0
263209.0,2260221.0,2323440.0
6695.0,2249139.0,2320644.0
263783.0,2258693.0,2321961.0
6759.0,2354720.0,2323844.0
10639.0,2355477.0,2319791.0
262613.0,2260261.0,2319471.0
259934.0,3172097.0,2332284.0
260510.0,2353688.0,2317173.0
260624.0,2265568.0,2320637.0
10584.0,2354843.0,2318243.0
256774.0,2255820.0,2323037.0
260402.0,2259758.0,2320064.0
263217.0,2354526.0,2321680.0
263339.0,2259895.0,2314423.0
261575.0,2258058.0,2324017.0
260378.0,2275720.0,2320643.0
261971.0,2264068.0,2321521.0
2320738.0,2273536.0,2416987.0
2326473.0,2250280.0,2322529.0
258936.0,2285716.0,2319493.0
262551.0,2268516.0,2338425.0
261294.0,2291819.0,2322781.0
2307211.0,2258943.0,2307383.0
260502.0,2258636.0,2322003.0
2302156.0,2274944.0,2327721.0
259561.0,3175513.0,2322621.0
261893.0,3171521.0,2318531.0
262077.0,2249776.0,2315994.0
6695.0,2352683.0,2320554.0
263383.0,2273059.0,2425726.0
260413.0,731.0,2426025.0
260333.0,2277776.0,2318858.0
11081.0,3177017.0,2415203.0
6759.0,3181156.0,2321449.0
261737.0,2266389.0,2374147.0
256778.0,2315768.0,2319237.0
262815.0,2266554.0,2321028.0
257354.0,2268435.0,2414877.0
2326977.0,2262561.0,2319466.0
260274.0,2355470.0,2335384.0
2325263.0,2304817.0,2326565.0
10584.0,2264137.0,2319771.0
264317.0,2265779.0,2310003.0
260552.0,2276401.0,2323238.0
10649.0,2248183.0,2320987.0
10648.0,2268443.0,2316414.0
256646.0,2266314.0,2413274.0
262929.0,2265255.0,2324287.0
261917.0,2246038.0,2381412.0
6759.0,2222518.0,2332470.0
99690.0,2266391.0,2332254.0
7098.0,2249900.0,2333300.0
6695.0,2245858.0,2319133.0
6695.0,2249847.0,2356638.0
10759.0,2271739.0,2395541.0
10183.0,2225873.0,2319625.0
10703.0,2245167.0,2317458.0
10703.0,2246364.0,2331031.0
2419524.0,2246391.0,2415815.0
2375285.0,2266145.0,1418997.0
2360221.0,2246680.0,2321866.0
2364002.0,2246554.0,2320706.0
2364788.0,2265521.0,2319201.0
2381458.0,2266823.0,2323914.0
2370759.0,2267178.0,2322286.0
2357067.0,2221648.0,2341886.0
2362817.0,2247042.0,2323179.0
2359865.0,2266738.0,2333927.0
2359896.0,2283715.0,2321370.0
2366654.0,2266812.0,2326809.0
2368934.0,2245494.0,2317877.0
2353015.0,2252890.0,2319995.0
2361085.0,2245664.0,2430297.0
2364791.0,2265885.0,2320479.0
2370918.0,2267283.0,2321978.0
2366839.0,2265345.0,2322851.0
2360115.0,2246010.0,2406554.0
2359538.0,2266820.0,2378217.0
2376670.0,2268967.0,2324331.0
2359551.0,2245709.0,2390068.0
2369266.0,2245017.0,2328304.0
2369311.0,2248968.0,2320899.0
2367313.0,2245436.0,2318932.0
2360774.0,2268404.0,2374605.0
2370415.0,2247889.0,486282.0
2370167.0,2247029.0,2319057.0
2365184.0,2267705.0,2335883.0
2364151.0,2245753.0,2335991.0
2369404.0,2266731.0,2318505.0
2357575.0,2244685.0,2320923.0
2361560.0,2245364.0,2327830.0
2366384.0,2244734.0,2319183.0
2367745.0,2245268.0,2319656.0
2363574.0,2267549.0,2318308.0
2369114.0,2269826.0,2322032.0
2374360.0,2256778.0,754801.0
2358530.0,2245596.0,2337837.0
2372653.0,2255630.0,2319732.0
2359102.0,2260191.0,2318792.0
2364493.0,2407310.0,2420141.0
2359239.0,2249200.0,2413065.0
2360970.0,2250447.0,2320447.0
2357708.0,2265796.0,2318743.0
2369207.0,2245016.0,257312.0
2362438.0,2245920.0,2415770.0
2364964.0,2266538.0,2321148.0
2375860.0,2246094.0,2327468.0
2354660.0,2264842.0,2414311.0
2364856.0,2267771.0,2334346.0
2437201.0,2265398.0,2356506.0
2458406.0,2246628.0,2318052.0
2370888.0,2230009.0,2336411.0
2369355.0,2244637.0,2319383.0
2364166.0,2248694.0,2318491.0
2356442.0,2269448.0,2319388.0
2365720.0,2245119.0,2321187.0
2358268.0,2267868.0,2320351.0
2364777.0,2226136.0,2335636.0
2362504.0,2246348.0,2330896.0
2362853.0,2225285.0,2321634.0
2367254.0,689403.0,2321526.0
2359807.0,2247799.0,2419751.0
2364390.0,2244970.0,2321260.0
2364372.0,2245601.0,2322046.0
2365133.0,2266754.0,2322135.0
2366802.0,2248705.0,2320684.0
2369578.0,2265339.0,2319194.0
2357504.0,2245367.0,2428201.0
2365903.0,2244628.0,2419847.0
2358827.0,2283096.0,2324059.0
2358591.0,2245541.0,2334999.0
306897.0,2265834.0,2429247.0
2359845.0,2246169.0,2321202.0
2360929.0,2254304.0,2322948.0
2363300.0,2224965.0,2317131.0
2358094.0,2246603.0,2319174.0
2357431.0,2272361.0,2322252.0
2437644.0,2247195.0,2320321.0
2364936.0,2275819.0,2318860.0
2364214.0,2265936.0,2325150.0
2363672.0,2244549.0,2334244.0
2373837.0,2265962.0,2321290.0
2363098.0,2260331.0,2323216.0
2363067.0,2268299.0,2322941.0
2364391.0,3158284.0,2317278.0
2398730.0,2271997.0,2321544.0
2366058.0,2244706.0,2324681.0
2354648.0,2246932.0,2318869.0
2356667.0,2245470.0,2322162.0
2367795.0,2267265.0,2418783.0
2375523.0,2247456.0,2320212.0
2361859.0,2270867.0,2336930.0
2359555.0,2269823.0,2322350.0
2365793.0,2266903.0,2319505.0
2452691.0,2264308.0,2336783.0
2463061.0,2245952.0,2322254.0
2449258.0,2245307.0,2421259.0
2357732.0,2272576.0,2317625.0
2361778.0,2269623.0,2324947.0
2388993.0,2271939.0,2318720.0
2358357.0,2259854.0,2321147.0
2358114.0,2249240.0,2329972.0
2369494.0,2247618.0,2318482.0
2382260.0,2268257.0,2318582.0
2353200.0,2244206.0,2317693.0
2374480.0,2247533.0,2316140.0
2373435.0,2282894.0,2310374.0
2361695.0,2268440.0,2340145.0
2373125.0,2274528.0,2316850.0
2367053.0,2243710.0,2322824.0
2367816.0,2225251.0,2320450.0
2368661.0,2223625.0,2320282.0
2363524.0,2248230.0,2321189.0
2360595.0,2245208.0,2320737.0
2372627.0,2266484.0,2378413.0
2359799.0,2265305.0,2324770.0
2366235.0,2247027.0,2324412.0
2359192.0,2277891.0,2317723.0
2360719.0,2268252.0,2322999.0
2359708.0,2269706.0,2335007.0
2366620.0,2248131.0,2320953.0
2361044.0,2297434.0,2346775.0
2368868.0,2221957.0,2318912.0
2376161.0,2247095.0,2318570.0
2453462.0,2265372.0,2332524.0
2356990.0,2266108.0,2321594.0
2361329.0,2250461.0,2316949.0
2360297.0,2266240.0,2323629.0
2366920.0,2267174.0,2321807.0
2363878.0,2266364.0,2322694.0
2370041.0,2265371.0,2321362.0
2366757.0,2269895.0,2319115.0
2360306.0,2245827.0,2321009.0
2359778.0,2270683.0,2414125.0
2366888.0,2268436.0,2416378.0
2376430.0,2244653.0,2315010.0
2358202.0,2244669.0,2329968.0
2366873.0,2258222.0,2424744.0
2369342.0,2227196.0,2316165.0
2367174.0,2259218.0,2420852.0
2373399.0,2226742.0,2412905.0
2374041.0,2264137.0,2330383.0
2365036.0,2225448.0,2323895.0
2363808.0,2269116.0,2320825.0
2353701.0,2265795.0,2318102.0
2358651.0,2266322.0,2346437.0
2362664.0,2247971.0,2429828.0
2362563.0,2229441.0,2328280.0
2365442.0,2221582.0,2323199.0
2361245.0,2244675.0,2409319.0
2357240.0,2265922.0,2321134.0
2376423.0,2303132.0,2426919.0
2445523.0,2271204.0,2350981.0
2453350.0,2267985.0,2325703.0
2367612.0,2222735.0,2326753.0
2434242.0,2266558.0,2413095.0
2364059.0,2267941.0,2415604.0
2391010.0,2223311.0,2336248.0
2375195.0,2223330.0,2373932.0
2364768.0,2266985.0,2322135.0
2360577.0,2269742.0,2316872.0
2360025.0,2267391.0,2286213.0
2362371.0,2268724.0,2317817.0
2361758.0,2259770.0,2415495.0
2365322.0,2271368.0,2412387.0
2458714.0,2267684.0,2320701.0
2367075.0,2266574.0,2415869.0
2361388.0,2250495.0,2415014.0
2370762.0,2256011.0,2330366.0
2354913.0,2270295.0,2321040.0
2367175.0,2314309.0,2322667.0
2364174.0,2267655.0,2426447.0
2368283.0,2253620.0,2427476.0
2358853.0,2268749.0,2314509.0
2370259.0,2259908.0,2420772.0
2365838.0,2268198.0,2378302.0
2362313.0,2327639.0,2317481.0
2383585.0,2266594.0,2319222.0
2370962.0,2245298.0,2387283.0
2373641.0,2267744.0,2318248.0
2389916.0,2267660.0,2319483.0
2364694.0,2266268.0,2374620.0
2373918.0,2245184.0,2334660.0
2363581.0,2247303.0,2327631.0
2363138.0,2266864.0,2330507.0
2363230.0,3166609.0,2385561.0
2365641.0,2265850.0,2317013.0
2369392.0,2266451.0,2347377.0
2374007.0,2271203.0,2319807.0
2354335.0,2266915.0,2320814.0
2366818.0,2266454.0,2317358.0
2359909.0,2267386.0,2338306.0
2360201.0,691458.0,2320645.0
2355135.0,2267993.0,2321173.0
2437532.0,2264685.0,2315215.0
2406432.0,2244404.0,2414827.0
2358668.0,2268945.0,2413504.0
2363837.0,2290179.0,2398033.0
2357034.0,2265177.0,2323433.0
2365135.0,2250739.0,2329714.0
2353798.0,2228012.0,2389563.0
2358104.0,2265581.0,2323872.0
2357283.0,2222609.0,2390328.0
2358375.0,2264682.0,2334769.0
2320934.0,2266712.0,2320535.0
2383977.0,2248728.0,2320535.0
2314534.0,2265957.0,2416391.0
2314794.0,2243656.0,2414845.0
2314321.0,2221466.0,2387711.0
2316590.0,2269314.0,2344157.0
2311929.0,2267344.0,2320498.0
2347146.0,2255110.0,2331230.0
2318938.0,2259310.0,2417884.0
2319666.0,2250472.0,2326931.0
2311072.0,2273433.0,2395793.0
2321237.0,2259254.0,2414051.0
2326084.0,2250276.0,2417391.0
2420865.0,2249458.0,2328006.0
2312534.0,2258953.0,2384163.0
2316809.0,2259787.0,2323037.0
2313698.0,2258879.0,2323748.0
2318986.0,2259390.0,2349339.0
2315764.0,2259794.0,2321546.0
2317467.0,2263527.0,2426614.0
2318892.0,2261868.0,2318499.0
2316171.0,2258176.0,2321949.0
2314746.0,2259215.0,2340887.0
2318035.0,2249348.0,2334296.0
2318575.0,2260524.0,2319343.0
2321830.0,2259866.0,2416245.0
2328666.0,2258501.0,2320595.0
2319906.0,2259477.0,2318021.0
11253.0,2258876.0,2414544.0
2314491.0,2257046.0,2318432.0
2322394.0,2259745.0,2364099.0
2313982.0,2260654.0,2341129.0
2319519.0,2262360.0,2320077.0
2320231.0,2250178.0,2322210.0
4703.0,2265401.0,2342417.0
2315735.0,2250065.0,2321671.0
2323613.0,2259460.0,2321696.0
2312964.0,2259368.0,2320054.0
2323683.0,2259214.0,2318747.0
2319962.0,2247722.0,2349056.0
2328312.0,2252821.0,2323320.0
2319401.0,2259686.0,2318986.0
2321560.0,2259126.0,2329679.0
2322560.0,2261028.0,2317643.0
2313398.0,2259136.0,2388360.0
2320069.0,2261556.0,2313218.0
2322908.0,2250456.0,2363755.0
2322589.0,2258575.0,2319975.0
2312710.0,2248795.0,2314955.0
2324170.0,2258294.0,2413320.0
2314189.0,2259583.0,2319451.0
2322901.0,2260430.0,2421658.0
2319459.0,2259217.0,2318877.0
2316562.0,2259144.0,2372041.0
2316911.0,2259386.0,2411382.0
2315621.0,2260043.0,2319696.0
2330008.0,2260342.0,2355984.0
2321241.0,2257276.0,2323339.0
2421717.0,2259793.0,2317269.0
2413421.0,2262652.0,2322239.0
2313815.0,2250293.0,2317861.0
2315058.0,3249792.0,2320131.0
2315406.0,2257725.0,2414051.0
2316318.0,2258838.0,2342323.0
2312081.0,2259638.0,2343002.0
2314153.0,2259997.0,2351643.0
2311576.0,2258553.0,2326200.0
2315435.0,2256126.0,2318979.0
2370537.0,2259419.0,2359667.0
2323067.0,2250076.0,2417587.0
2317520.0,2259549.0,2323302.0
2316052.0,2258169.0,2334427.0
2321071.0,2261416.0,2318210.0
2319250.0,2260016.0,2312757.0
2323744.0,2258621.0,2320563.0
2324139.0,2266188.0,2327917.0
2313730.0,2272929.0,2313689.0
2322080.0,2262388.0,2417553.0
2317362.0,2258127.0,2327853.0
2318177.0,2260471.0,2319579.0
2313444.0,2251692.0,2331940.0
2326970.0,2259123.0,2416103.0
2312586.0,2259112.0,2321573.0
2365833.0,2259243.0,2345090.0
2314925.0,2258497.0,2334829.0
2321447.0,2259220.0,2319499.0
2323564.0,2259955.0,2417119.0
2319798.0,2253620.0,2330904.0
2319290.0,2259575.0,2316835.0
2322228.0,2261161.0,2328034.0
2312181.0,2249853.0,2318373.0
2316842.0,2261972.0,2317033.0
2360615.0,2260468.0,2410029.0
2327826.0,2252288.0,2413278.0
2322052.0,2259977.0,2320496.0
2416617.0,2259677.0,2366413.0
2402701.0,2259160.0,2356895.0
2317201.0,2260643.0,2416526.0
2318056.0,2261251.0,2464834.0
2318051.0,2259005.0,2323352.0
2319427.0,2258674.0,2317017.0
2317372.0,2259959.0,1889795.0
2316126.0,2259203.0,2386282.0
2320384.0,2249279.0,2332173.0
2328772.0,2259274.0,2321503.0
2314322.0,2260880.0,2413480.0
2315815.0,2257140.0,2316617.0
2317417.0,2258024.0,2339674.0
2326974.0,2259548.0,2321631.0
2317115.0,2259210.0,2321117.0
2317247.0,2259087.0,2328262.0
2312460.0,2260688.0,2328517.0
2321664.0,2272221.0,2322833.0
2315388.0,2258797.0,2313580.0
2313090.0,2260040.0,2343875.0
2316756.0,2272132.0,2325711.0
2318287.0,2260065.0,2317871.0
2320622.0,2259904.0,2344592.0
2315674.0,2260290.0,2322108.0
2314114.0,2258776.0,2316190.0
2324120.0,2269965.0,2319407.0
2411950.0,2261320.0,2322731.0
2320334.0,2259148.0,2317943.0
2319857.0,2258882.0,2321893.0
2325402.0,2259432.0,2319426.0
2316212.0,2259018.0,2319752.0
2317466.0,2257124.0,2367049.0
2314941.0,2261558.0,2412826.0
2319114.0,2250579.0,2417520.0
2320341.0,2240291.0,2300030.0
2315533.0,26866.0,2314917.0
2317349.0,2259336.0,2316505.0
2316224.0,2270014.0,2315511.0
2316290.0,2258787.0,2306170.0
2316359.0,2257637.0,251631.0
2314141.0,2259563.0,744364.0
2340431.0,2259026.0,2321592.0
2317298.0,2259733.0,2385764.0
2318340.0,2257132.0,2315924.0
2315429.0,2259909.0,2322501.0
2323542.0,2261179.0,2318275.0
2318502.0,2257188.0,2324058.0
2312521.0,2258458.0,2321855.0
2312925.0,2257465.0,2331654.0
2410000.0,2259049.0,2314473.0
2313343.0,2285810.0,2319943.0
2315016.0,2258176.0,2315689.0
2426663.0,2248518.0,253964.0
2313799.0,2259873.0,254297.0
2320481.0,2258526.0,2316790.0
2349007.0,2263925.0,2314625.0
2336396.0,2259775.0,2311667.0
2315030.0,2253538.0,251385.0
2313862.0,2257516.0,2314442.0
2317964.0,2263322.0,252909.0
2315826.0,2259185.0,2313345.0
2321445.0,2264324.0,2320650.0
2324213.0,2259704.0,2314621.0
2310816.0,2259440.0,252619.0
2321790.0,2259825.0,448336.0
2315004.0,2261600.0,2315366.0
2316528.0,2249123.0,2327022.0
2319465.0,2258453.0,2350236.0
2321767.0,2257800.0,2321013.0
2316829.0,2266151.0,253418.0
2318013.0,2261437.0,2322063.0
2318835.0,2249865.0,2322113.0
2324372.0,2257620.0,254547.0
2322091.0,2261392.0,2314508.0
2323454.0,2262054.0,2315587.0
2317964.0,2250716.0,2395131.0
2330069.0,2259913.0,251755.0
2320160.0,2259523.0,750890.0
2310937.0,2261061.0,2309089.0
2326742.0,2257508.0,2323495.0
2317800.0,2259260.0,2316659.0
2317941.0,2259313.0,255740.0
2313267.0,2258986.0,2314983.0
2323477.0,2259374.0,2316188.0
2313672.0,2258191.0,253197.0
2313458.0,2259124.0,248414.0
2319380.0,2260472.0,2313640.0
2314251.0,2262653.0,253062.0
2319847.0,2258995.0,2315473.0
2313394.0,2259514.0,2317620.0
2312086.0,731.0,2310585.0
2324980.0,202190.0,2317857.0
2324105.0,2059886.0,2319264.0
9395.0,2262774.0,2294762.0
2330722.0,2270464.0,254036.0
2339155.0,2249721.0,2317610.0
2314269.0,2260136.0,2313787.0
2310047.0,2260487.0,2321529.0
2321041.0,2261635.0,2315224.0
2317270.0,2259930.0,2315758.0
2318376.0,2259430.0,2315359.0
2321667.0,2261742.0,2322046.0
2326284.0,2248116.0,2327252.0
2411813.0,2258012.0,254008.0
2321804.0,2265613.0,2310461.0
2327963.0,2260602.0,255453.0
2316550.0,2258333.0,2313929.0
2313883.0,2259279.0,254315.0
2324526.0,2259079.0,2316053.0
2316231.0,2264397.0,2306560.0
2331695.0,2258520.0,253357.0
2316248.0,2259681.0,351317.0
2316011.0,2259383.0,2314661.0
2319914.0,2227782.0,2315916.0
2312558.0,2259180.0,251421.0
2317767.0,2268803.0,253423.0
2320597.0,2258503.0,253194.0
2462925.0,2258300.0,2309323.0
2359632.0,2261035.0,253610.0
2363637.0,2259295.0,246926.0
2364170.0,2249932.0,1145175.0
2410280.0,2258964.0,2332242.0
2380758.0,2251051.0,2314748.0
2364300.0,2260329.0,2316310.0
13346.0,2260489.0,2325276.0
2358154.0,2259095.0,2314529.0
2388616.0,2256966.0,2313636.0
2446616.0,2259433.0,2314773.0
11386.0,2259381.0,2316657.0
2365308.0,2254588.0,2333087.0
2487310.0,2261991.0,251210.0
2368738.0,2259145.0,2312891.0
2378274.0,2260616.0,253911.0
10200.0,2258861.0,253627.0
2418816.0,2259494.0,253471.0
2366448.0,2258445.0,2316742.0
2364695.0,2262180.0,2317139.0
12603.0,2259885.0,2305346.0
2368555.0,2258205.0,2336750.0
2413839.0,2257478.0,2316621.0
2362672.0,2259222.0,2319139.0
2449321.0,2259031.0,2313295.0
10328.0,2273522.0,2321404.0
2382352.0,2263940.0,253038.0
14563.0,2259449.0,247254.0
2462458.0,3253304.0,254025.0
2426138.0,2358567.0,2310471.0
2462557.0,3251030.0,2313223.0
2360759.0,2350813.0,2321613.0
2365944.0,2349872.0,2321197.0
2370949.0,2347872.0,2318454.0
2363914.0,2247515.0,1091654.0
2404444.0,2247415.0,2319763.0
10545.0,2253249.0,2324029.0
2385034.0,2245634.0,253558.0
13764.0,2250606.0,2321987.0
2378654.0,3164800.0,253354.0
11450.0,3249862.0,2313366.0
2363910.0,2348731.0,2319033.0
2356936.0,2245777.0,2315358.0
2389752.0,3250112.0,2312062.0
11450.0,2261130.0,2314115.0
2358614.0,2352888.0,248707.0
2371172.0,3249424.0,2313354.0
11504.0,2245891.0,1662328.0
2374249.0,3187058.0,2314665.0
2359333.0,2347787.0,2316497.0
2465151.0,3163410.0,253977.0
2366430.0,2335810.0,253806.0
2379795.0,2349136.0,2312931.0
2360017.0,2349219.0,253469.0
2363919.0,3158637.0,2328149.0
2414584.0,2346874.0,2316341.0
2361448.0,2349357.0,252947.0
2375286.0,2351198.0,252910.0
2474887.0,2346807.0,2313777.0
2391601.0,2248141.0,2313923.0
2357919.0,2251174.0,2316804.0
2459736.0,2247764.0,2312571.0
2394827.0,2349067.0,2310372.0
2398737.0,3251575.0,2312698.0
13083.0,2259339.0,2315123.0
2376508.0,2357704.0,253661.0
2377722.0,2349366.0,253530.0
2368037.0,2244350.0,2314228.0
2396030.0,6553.0,2324149.0
11417.0,3184148.0,2312786.0
2376133.0,2347976.0,2314852.0
2371220.0,2346016.0,2311551.0
2384760.0,3252641.0,2313917.0
2378018.0,2248090.0,2324499.0
2403515.0,2259131.0,2317352.0
2358261.0,2347523.0,2321389.0
2377430.0,2351822.0,2307929.0
2442938.0,3184644.0,253784.0
2367885.0,2348009.0,2324554.0
10147.0,3157649.0,2311867.0
2420414.0,2265680.0,2313075.0
2357742.0,2347744.0,253926.0
2360041.0,3252991.0,2313379.0
2367327.0,3163250.0,2320110.0
2366604.0,2245760.0,253645.0
2465787.0,3252925.0,253873.0
2370315.0,2348370.0,2314481.0
2450644.0,2246982.0,253450.0
2386331.0,2245077.0,247627.0
2375222.0,2265500.0,253994.0
2396239.0,2247810.0,253787.0
2362908.0,2246457.0,247750.0
2359435.0,2347895.0,253589.0
2427067.0,3252130.0,253494.0
14174.0,2272450.0,2312657.0
2419018.0,2246141.0,253486.0
11503.0,3177812.0,2313801.0
2406852.0,2347860.0,2323167.0
14888.0,2279751.0,2321050.0
2359288.0,2245873.0,252181.0
2462412.0,2258431.0,254028.0
2453028.0,3159340.0,253680.0
2366729.0,3162572.0,2319980.0
2380646.0,2244819.0,2318007.0
13095.0,2346850.0,252686.0
2453190.0,3251863.0,1309118.0
6758.0,2245522.0,253781.0
2436554.0,2246663.0,2363457.0
2413022.0,2350284.0,253686.0
2360163.0,2298683.0,253545.0
2398785.0,2347466.0,4843.0
2368556.0,2347636.0,252973.0
2407026.0,2244009.0,252910.0
2374967.0,2247169.0,247144.0
2458254.0,3178729.0,750311.0
2396230.0,2347717.0,2327192.0
2378736.0,2346517.0,252845.0
2362658.0,3251451.0,2311897.0
2369923.0,2249935.0,2312368.0
2360229.0,2245785.0,2323014.0
2482390.0,2245184.0,2313366.0
2368001.0,2245315.0,251311.0
2395061.0,2350821.0,2311793.0
2366841.0,2243736.0,2323211.0
2384995.0,2245047.0,2319574.0
2465651.0,2244793.0,2317520.0
2360503.0,2348470.0,2321506.0
2387739.0,2348066.0,2302522.0
2375171.0,2355552.0,2316473.0
2424547.0,2248283.0,2320444.0
2369884.0,3234169.0,2321386.0
2458804.0,2349128.0,2331096.0
2411624.0,2350682.0,2336024.0
13417.0,2347392.0,2316686.0
2378598.0,2247613.0,2323027.0
2376290.0,2255277.0,2318258.0
2381225.0,3251420.0,2322457.0
2366135.0,2262120.0,2321027.0
2373139.0,3159001.0,2330915.0
12888.0,2315719.0,256497.0
2360985.0,2258989.0,2323766.0
2429300.0,2248523.0,2338794.0
2451909.0,2350143.0,2320100.0
2404516.0,3251469.0,2336086.0
2382933.0,2346786.0,2319186.0
2455072.0,2244677.0,2322562.0
2424379.0,2356845.0,2319306.0
2359707.0,2247706.0,2293565.0
2363470.0,2349318.0,2319152.0
2433933.0,2355600.0,2298305.0
2360902.0,2246558.0,2320629.0
2359197.0,2253874.0,2318183.0
2354160.0,2350802.0,2319315.0
2371114.0,2245935.0,2318598.0
2395742.0,3251807.0,2335182.0
13449.0,2349187.0,2319682.0
2427518.0,2347929.0,2319838.0
2376987.0,2244843.0,2321637.0
2362967.0,3249491.0,2317568.0
11355.0,2345602.0,338387.0
2367742.0,3247826.0,2323878.0
6694.0,3250919.0,2317608.0
2427052.0,2353345.0,2324208.0
2378096.0,2261384.0,2326780.0
2404067.0,2244976.0,2316752.0
2424999.0,3251925.0,2322734.0
2364657.0,2248329.0,2333098.0
2376829.0,2248027.0,2321445.0
2364069.0,2358406.0,2318809.0
2370336.0,3251803.0,2320159.0
2370807.0,2248810.0,2321445.0
2374937.0,2354504.0,2319303.0
2360620.0,2348677.0,1649261.0
2388386.0,2244736.0,2334814.0
2452934.0,2351935.0,2319995.0
2358658.0,2247514.0,2326977.0
2370660.0,2363315.0,2319882.0
2386447.0,3251582.0,256111.0
2454467.0,3250735.0,2321109.0
2403937.0,2347230.0,255690.0
12475.0,3264897.0,2319697.0
2372428.0,2251836.0,2318926.0
13117.0,2353880.0,2337426.0
2369115.0,3252961.0,2322748.0
10200.0,2347100.0,2331966.0
2359494.0,3231287.0,2321414.0
2399364.0,2348956.0,2340493.0
2369123.0,2246224.0,2306055.0
2454572.0,2359903.0,2324860.0
2402372.0,2245232.0,2317664.0
2450813.0,2276706.0,2319027.0
2369136.0,2243993.0,2319209.0
2361048.0,2362537.0,2320892.0
2392723.0,2348603.0,355217.0
2375372.0,2350761.0,2318840.0
2471892.0,2246160.0,2321721.0
2466893.0,2247714.0,2322698.0
2381536.0,2352669.0,356365.0
2390848.0,204569.0,2320601.0
11418.0,84872.0,2318952.0
2376001.0,3253740.0,2334217.0
2431948.0,2351918.0,2325054.0
2451686.0,3250311.0,2321358.0
2358601.0,2348937.0,2322253.0
2369602.0,2353368.0,2310091.0
2402074.0,2365772.0,2319513.0
10609.0,2250001.0,2332336.0
2378160.0,2348765.0,2323839.0
2364910.0,2349764.0,1792946.0
2360272.0,2359484.0,2317220.0
2446888.0,2249178.0,2318930.0
12497.0,2347431.0,2319185.0
2363754.0,2244927.0,2319659.0
2453607.0,2246538.0,2319393.0
2390241.0,3157582.0,2328306.0
2375465.0,2347435.0,2325121.0
2362228.0,2346784.0,2321036.0
2372836.0,2245877.0,2323837.0
11386.0,2352149.0,2328864.0
2445514.0,3250991.0,2319148.0
2390073.0,2246780.0,2319721.0
2363021.0,3251842.0,2330493.0
2375267.0,2351082.0,2326226.0
2365413.0,2347475.0,2318059.0
2476477.0,2347696.0,2334678.0
2417306.0,2248989.0,2324756.0
2390651.0,2347243.0,256591.0
2360491.0,3250509.0,2321327.0
2366018.0,2248057.0,2319876.0
2436354.0,2490579.0,2321389.0
2360273.0,2254047.0,2320800.0
2432944.0,2244845.0,2320997.0
2362565.0,2347780.0,2322865.0
2418912.0,2353861.0,2337755.0
2374041.0,2245567.0,2319798.0
2395471.0,3174029.0,618583.0
2363733.0,2250701.0,2318600.0
2451922.0,3251258.0,2327888.0
2376860.0,3249850.0,2320963.0
10619.0,2347909.0,2330248.0
2361909.0,2242714.0,2322319.0
2442541.0,2347263.0,2324473.0
2436160.0,2349297.0,2322225.0
2449155.0,2347656.0,2320752.0
2437104.0,2347477.0,2321756.0
2432856.0,2259061.0,2323331.0
2436375.0,3251664.0,2320474.0
2440353.0,2348903.0,2328811.0
2432195.0,2257929.0,2322032.0
2439690.0,2349287.0,2322229.0
2474215.0,2269510.0,2332873.0
2432069.0,2266841.0,2321602.0
2436544.0,2272456.0,2335221.0
2431265.0,2268372.0,2321074.0
2455072.0,2270928.0,2320236.0
2343117.0,2268498.0,2321544.0
2438449.0,2268584.0,2319148.0
2442214.0,2250926.0,2324264.0
2444755.0,2266667.0,257877.0
2441583.0,2273177.0,2316606.0
2445248.0,2273309.0,2317718.0
2435516.0,2270561.0,337196.0
2370108.0,2265805.0,2323819.0
2452537.0,2252030.0,2334510.0
2452183.0,2264830.0,2364887.0
2441795.0,2266815.0,2328362.0
2471303.0,2266779.0,2321911.0
2438074.0,2273554.0,2329970.0
2454803.0,2268213.0,2319552.0
2436177.0,2268620.0,2322162.0
2443146.0,2266621.0,258289.0
2431922.0,2266551.0,2320238.0
2440799.0,2249093.0,2334854.0
6762.0,2266305.0,2319261.0
6726.0,2266655.0,2319746.0
6726.0,2266278.0,2320987.0
6866.0,2250579.0,2320825.0
6726.0,2272389.0,2321250.0
6790.0,2265714.0,2308396.0
6726.0,2248975.0,2319347.0
8310.0,2276913.0,2319456.0
6726.0,2276120.0,2323716.0
6846.0,2268877.0,1266782.0
6726.0,2267304.0,2334694.0
6790.0,2267959.0,2320537.0
6706.0,2248745.0,2320604.0
6718.0,2266543.0,2324298.0
6846.0,2268302.0,2322988.0
2338165.0,2266685.0,2319256.0
6750.0,2267166.0,2317258.0
6742.0,2267668.0,2317453.0
6790.0,2263851.0,464093.0
7049.0,2266691.0,2326404.0
6890.0,2266941.0,2322193.0
2443095.0,2250775.0,2320781.0
2439450.0,2270622.0,2318712.0
2439659.0,2266057.0,2321893.0
2446632.0,2280298.0,2322535.0
2436096.0,2269478.0,2320586.0
2452242.0,2266827.0,2322969.0
2442694.0,2294149.0,2322393.0
2439772.0,2266749.0,2319469.0
2440987.0,2250356.0,2322510.0
2446883.0,2268622.0,2318211.0
2439333.0,2266204.0,2322241.0
2442709.0,2279265.0,2318407.0
2445518.0,2266099.0,2334893.0
2442091.0,2269247.0,2319063.0
2445085.0,2266311.0,2316461.0
2456316.0,2270662.0,2327292.0
2454911.0,2268481.0,2323951.0
2434407.0,2266530.0,2302000.0
2429837.0,2269117.0,2323110.0
2462399.0,2266752.0,2330629.0
280619.0,2264276.0,256631.0
2436960.0,2271679.0,2323992.0
2432094.0,2265289.0,2320735.0
2447982.0,2268014.0,258246.0
2448984.0,2266613.0,2321054.0
2447093.0,2268918.0,2319921.0
2440107.0,2270661.0,2319494.0
2477228.0,2268389.0,2321119.0
2443958.0,2264426.0,2330432.0
2429220.0,2279320.0,2324812.0
2431802.0,2270005.0,2321291.0
2441069.0,2268977.0,2320186.0
2434658.0,2270974.0,2322103.0
2466298.0,2264651.0,255082.0
281613.0,2247455.0,2322266.0
2442907.0,2250204.0,2318841.0
2437301.0,2266210.0,2320514.0
2445228.0,2270894.0,2326736.0
7097.0,2270394.0,257871.0
273714.0,2268770.0,2320281.0
2343795.0,2271414.0,2407125.0
2437041.0,2265024.0,2425562.0
2436239.0,2266165.0,2430707.0
2439957.0,2274064.0,2428505.0
2434227.0,2265743.0,2431823.0
2434539.0,2266680.0,2431143.0
2437713.0,2265897.0,2359684.0
2439534.0,2270311.0,2433131.0
2428846.0,2267705.0,2426231.0
2445873.0,2265787.0,2353984.0
2437514.0,2249101.0,2431104.0
2439033.0,2266839.0,2365973.0
2438500.0,2247528.0,2437898.0
2369523.0,2264521.0,2434601.0
2431928.0,2267143.0,2430324.0
6762.0,2269710.0,2433288.0
6922.0,2268396.0,2427810.0
6838.0,2269607.0,2048947.0
6750.0,2266972.0,2431217.0
6730.0,2266439.0,2432610.0
6762.0,2265968.0,2456224.0
6730.0,2248797.0,2407082.0
2339384.0,2268309.0,2433672.0
6718.0,2268440.0,2402375.0
6750.0,2265454.0,2431768.0
6726.0,2265791.0,2428942.0
6718.0,2266358.0,1300726.0
6802.0,2266962.0,2424331.0
6738.0,2269961.0,765051.0
7073.0,2266965.0,2405371.0
8310.0,2264615.0,2431879.0
6858.0,2268556.0,2431521.0
6738.0,2268512.0,2428193.0
6878.0,2270692.0,2429883.0
6762.0,2266771.0,2393768.0
6846.0,2269131.0,2365952.0
6850.0,2250364.0,2408664.0
8386.0,2264602.0,2432763.0
2430721.0,2266063.0,2386218.0
2443420.0,2271863.0,2436773.0
2442760.0,2280062.0,2411445.0
2430822.0,2250520.0,2429470.0
6814.0,2267714.0,2448065.0
273770.0,2265283.0,1471413.0
2445041.0,2268501.0,2431511.0
2437767.0,2266955.0,2431655.0
2454036.0,2266934.0,2431150.0
2344216.0,2284291.0,2448502.0
2449506.0,2266749.0,2369881.0
2441706.0,2266754.0,2446349.0
2427035.0,2249933.0,2431018.0
2439994.0,2267033.0,2433456.0
2430409.0,2267574.0,2406886.0
6826.0,2275745.0,2444041.0
273758.0,2266678.0,2434961.0
2441197.0,2266444.0,2459504.0
2436389.0,2271580.0,2416423.0
2522198.0,2283981.0,2361667.0
2451363.0,2267132.0,2431802.0
2435169.0,2266984.0,2433805.0
2441919.0,2250305.0,2429574.0
2437792.0,2268100.0,2431519.0
2443516.0,2267579.0,2446236.0
2447542.0,2266862.0,2343094.0
2353577.0,2267450.0,2431404.0
2441528.0,2267803.0,2390230.0
2443158.0,2266458.0,2361998.0
2451819.0,2266510.0,2379911.0
2429097.0,2270304.0,2351311.0
2433397.0,2269460.0,2434696.0
2444286.0,2266447.0,2438792.0
2434384.0,2285538.0,2357944.0
8310.0,2250394.0,2429881.0
273582.0,2268151.0,2430434.0
2452271.0,2270618.0,2447867.0
2472742.0,2266121.0,2428846.0
2434610.0,2266567.0,2431746.0
2422119.0,2267734.0,2405253.0
2563811.0,2266777.0,2403258.0
8354.0,2265463.0,2432504.0
6977.0,2250723.0,2430434.0
9642.0,2266025.0,2425322.0
6838.0,2266977.0,2432140.0
6790.0,2249967.0,2447069.0
2336501.0,2249670.0,2438425.0
6750.0,2270905.0,2433220.0
6726.0,2265846.0,2448634.0
6790.0,2269212.0,2411921.0
6782.0,2266459.0,2429211.0
8310.0,2280334.0,2378794.0
2454563.0,2250892.0,2432870.0
2441761.0,2263795.0,2429714.0
2484427.0,2259273.0,2431196.0
2432612.0,2270375.0,2406925.0
2448626.0,2267999.0,1126706.0
2446021.0,2269867.0,2431517.0
2450951.0,2264987.0,2395342.0
2443317.0,2266381.0,2364360.0
2441178.0,2268417.0,2429333.0
2446951.0,2265553.0,2424060.0
2450202.0,2265443.0,2432960.0
2463771.0,2266928.0,2434625.0
2428958.0,2265752.0,2373460.0
2442010.0,2267886.0,2452203.0
2440091.0,2267646.0,2438838.0
2425897.0,2265321.0,2433498.0
2443219.0,2271397.0,2361022.0
2425085.0,2267716.0,2432336.0
2459840.0,2250262.0,2430770.0
2428618.0,2266845.0,2437583.0
2440320.0,2268368.0,2452972.0
2449187.0,2267593.0,2352869.0
2435359.0,2268170.0,2450867.0
2465380.0,2266152.0,2385234.0
2457714.0,2265485.0,2437293.0
2442976.0,2266724.0,2450468.0
2435348.0,2267078.0,2431508.0
6834.0,2268333.0,2436620.0
6790.0,2268693.0,2389240.0
8438.0,2268066.0,2431303.0
6993.0,2249941.0,2432207.0
6806.0,2268064.0,2433314.0
8354.0,2267174.0,2428636.0
6726.0,2271489.0,2437964.0
6738.0,2265809.0,2433767.0
6694.0,2265197.0,2450868.0
6674.0,2269070.0,2435525.0
6826.0,2269045.0,2336857.0
2336113.0,2267254.0,2425196.0
8310.0,2267359.0,2414633.0
6782.0,2268407.0,2398648.0
6738.0,2272469.0,2432027.0
8322.0,2265344.0,2432612.0
6802.0,2269094.0,2430816.0
6750.0,2250442.0,2356312.0
6802.0,2270232.0,2384960.0
6726.0,2266883.0,2394703.0
6726.0,2267338.0,2343797.0
6834.0,2264938.0,2430901.0
2434580.0,2269347.0,2433099.0
2465447.0,2247754.0,2454605.0
2444176.0,2268562.0,1547538.0
2440306.0,2264946.0,2390306.0
2439302.0,2267310.0,2430406.0
2432223.0,2268967.0,2434349.0
2438327.0,2263532.0,2450976.0
2443123.0,2271204.0,2439953.0
2453091.0,2267193.0,2456745.0
2444093.0,2250399.0,2431519.0
2437650.0,2264998.0,2430585.0
2435389.0,2266717.0,2359200.0
2446942.0,2248204.0,2405562.0
2445079.0,2276891.0,2430735.0
2442429.0,2268009.0,2427849.0
284179.0,2268104.0,2431056.0
2455986.0,2294178.0,2373022.0
2436194.0,2275555.0,2430519.0
2367554.0,2258729.0,2437819.0
2437552.0,2258944.0,2365391.0
2453167.0,2347403.0,2048253.0
2431936.0,2267818.0,2431229.0
2425620.0,2262143.0,2178481.0
2440056.0,2259939.0,2426469.0
6738.0,2259852.0,2446028.0
2318970.0,2264251.0,609227.0
8310.0,2263748.0,2430386.0
6782.0,2258537.0,2433053.0
6802.0,2248116.0,2382857.0
7233.0,3191036.0,2431197.0
6830.0,2346952.0,2431850.0
6802.0,2259014.0,2417217.0
6750.0,2263443.0,2429231.0
6814.0,3164483.0,2432098.0
6770.0,2272243.0,2430466.0
6893.0,2258488.0,2432285.0
6750.0,2260122.0,2429958.0
2438234.0,2255638.0,2331462.0
2443595.0,2259434.0,2374572.0
2435209.0,3169733.0,2431858.0
2444487.0,2259141.0,2431434.0
2441265.0,2285280.0,2394119.0
2434678.0,2281394.0,2434117.0
2469591.0,3263279.0,2435524.0
2429641.0,2257314.0,2444661.0
2443281.0,2258843.0,2447404.0
2451982.0,2261425.0,2431698.0
2439815.0,2348027.0,2388141.0
2436649.0,2347622.0,2342368.0
2435488.0,2261514.0,2393875.0
2432341.0,2360730.0,2337161.0
2437705.0,2259157.0,2373700.0
6762.0,2259407.0,2431713.0
273794.0,2258495.0,2381436.0
2460299.0,2288687.0,915007.0
2437454.0,2258845.0,2421137.0
2478063.0,2250165.0,2436388.0
2437918.0,2258800.0,2433699.0
2435954.0,2273324.0,2431411.0
2439197.0,2261199.0,2431201.0
2339452.0,2264244.0,2436991.0
2437671.0,2324518.0,2432693.0
2272743.0,2259117.0,2400188.0
2271342.0,2257945.0,2355920.0
2268733.0,2258892.0,939176.0
2268922.0,2265311.0,2433677.0
2270817.0,2267952.0,647712.0
2318575.0,2280983.0,2429701.0
2278882.0,2249252.0,2431786.0
2355575.0,2258868.0,2435505.0
2270672.0,2258258.0,2443401.0
2278570.0,2262809.0,2359136.0
2266652.0,2259493.0,2304609.0
2270812.0,2251837.0,2307003.0
2269818.0,2257837.0,2301871.0
2268543.0,2260122.0,2396678.0
2269503.0,2249714.0,2401660.0
2270357.0,2270280.0,2301180.0
2270311.0,2258912.0,2314178.0
2271086.0,2249594.0,2302145.0
2341986.0,2255904.0,2305948.0
2349149.0,2258942.0,2308560.0
2357248.0,3249574.0,2347186.0
2356605.0,2258848.0,2296187.0
2359961.0,15921.0,2390483.0
2269354.0,2301360.0,2304638.0
2356003.0,2348581.0,2311201.0
2267888.0,2294796.0,2305305.0
2369311.0,2350224.0,2346419.0
2270370.0,2261994.0,2338361.0
2270502.0,3254121.0,2397289.0
2306548.0,2259161.0,2341856.0
2357000.0,2349605.0,2305547.0
2357304.0,2259137.0,2300072.0
2358823.0,2261231.0,2402536.0
2356836.0,2250486.0,2303063.0
2358894.0,2270554.0,2299294.0
2354604.0,2350992.0,2343097.0
2355703.0,2259513.0,2313316.0
2272141.0,2259357.0,2310284.0
2357700.0,2257597.0,2303839.0
2358147.0,2348819.0,2301546.0
2271820.0,3176102.0,2401135.0
2266769.0,3171092.0,2304585.0
2366323.0,2259650.0,2303567.0
2360445.0,2346554.0,2299149.0
2271697.0,2352122.0,2334377.0
2356398.0,2290978.0,2300071.0
2271368.0,2260061.0,2316358.0
2361353.0,2261100.0,2301068.0
2362515.0,2320237.0,2389330.0
2266859.0,2249892.0,2307662.0
2271926.0,2261901.0,2302575.0
2359986.0,2249264.0,2310186.0
2273581.0,2347180.0,2293792.0
2272828.0,2348110.0,2076355.0
2357208.0,2350637.0,777.0
2356924.0,2271830.0,235430.0
2353731.0,2258015.0,2314462.0
2358127.0,2348173.0,2305291.0
2271528.0,2260191.0,2297851.0
2267513.0,2262095.0,2313327.0
2359293.0,2259283.0,2399346.0
2319295.0,2258302.0,2345496.0
2355319.0,2259531.0,2392015.0
2346420.0,2269695.0,2301941.0
2269902.0,2251364.0,2298621.0
2365356.0,2262452.0,2368827.0
2281785.0,2348290.0,2301448.0
2313844.0,2259065.0,2292140.0
2276220.0,2347075.0,2336231.0
2332812.0,2257562.0,2301809.0
2271716.0,2249920.0,2301377.0
2271821.0,3168742.0,2306049.0
2279109.0,2259221.0,2324161.0
2270211.0,2259486.0,2347054.0
2274521.0,2259119.0,2400252.0
2321578.0,2260317.0,2310697.0
2355553.0,2259513.0,2303152.0
2356043.0,2269448.0,2306372.0
2269276.0,2349756.0,2304969.0
2357555.0,2259479.0,2307581.0
2270707.0,2250107.0,2312816.0
2316433.0,2261672.0,2318118.0
2278239.0,2347626.0,2349134.0
2268003.0,2247975.0,2298692.0
2359427.0,2259522.0,2304500.0
2271024.0,2348152.0,2336574.0
2293202.0,2259971.0,2300094.0
2283783.0,2270030.0,2300820.0
2352400.0,2258489.0,2402966.0
2357393.0,2346798.0,2306756.0
2269812.0,2347709.0,2302600.0
2357879.0,2258213.0,2303294.0
2360233.0,2258227.0,2333104.0
2269269.0,23716.0,2303507.0
2359910.0,2346137.0,2297287.0
2356645.0,2346970.0,2301807.0
2356235.0,2260772.0,2395131.0
2271653.0,3251174.0,2306614.0
2360111.0,2259346.0,2303895.0
2360283.0,2258739.0,2399608.0
2271743.0,2349861.0,2308254.0
2274100.0,2259747.0,2308976.0
2358061.0,2259068.0,2298993.0
2359389.0,2258902.0,2309097.0
2373294.0,2258492.0,2300053.0
2266000.0,3174495.0,2299424.0
2359093.0,2348958.0,2307181.0
2275784.0,2348657.0,2328748.0
2273709.0,2258845.0,2404640.0
2271542.0,2257712.0,2312269.0
2360903.0,2257777.0,2297903.0
2355385.0,2260876.0,2302304.0
2373217.0,2348466.0,2301320.0
2361538.0,2261858.0,2310373.0
2271374.0,2349341.0,2307154.0
2366962.0,2313635.0,2335121.0
2352925.0,2348709.0,2304742.0
2270630.0,3263504.0,2347447.0
2354300.0,3179853.0,2400380.0
2360605.0,2349577.0,2320781.0
4675.0,2260094.0,2302151.0
4799.0,2347006.0,2297534.0
4735.0,2268803.0,2296446.0
4675.0,2266985.0,2295223.0
4739.0,2259183.0,2300696.0
4831.0,2330563.0,2294959.0
4739.0,2266753.0,2302975.0
4739.0,2347904.0,2306008.0
4739.0,2258292.0,2302885.0
4759.0,2258981.0,2343355.0
4799.0,2348427.0,2398930.0
4799.0,2265577.0,2303306.0
4631.0,2258004.0,2359098.0
4799.0,2258598.0,2318669.0
5154.0,2271898.0,2391173.0
4799.0,2258128.0,2300432.0
4675.0,3251415.0,2399381.0
4695.0,2259288.0,2317506.0
4683.0,2259051.0,2393070.0
4799.0,3177455.0,2396690.0
4803.0,3212696.0,2306300.0
4791.0,2258900.0,2302484.0
4779.0,2348902.0,2310645.0
5424.0,2260981.0,2301537.0
5157.0,2259898.0,2309240.0
4899.0,2258385.0,2395876.0
4739.0,2251797.0,777.0
4779.0,2259962.0,2313380.0
4799.0,2355664.0,2303664.0
4799.0,2258708.0,2303368.0
4735.0,2259460.0,2311682.0
4695.0,2263266.0,2300170.0
4767.0,2258919.0,2302903.0
5548.0,2259097.0,2344762.0
4735.0,2258628.0,2397052.0
4715.0,2278812.0,2299913.0
4739.0,3251380.0,2304942.0
4779.0,2262118.0,2299902.0
4739.0,2258434.0,2402809.0
4799.0,2260614.0,2311103.0
4739.0,3169578.0,2305403.0
4779.0,2262212.0,2306981.0
4771.0,2346037.0,2399160.0
4683.0,2259709.0,2304525.0
4831.0,2250194.0,2299722.0
2351547.0,2334806.0,2303096.0
4739.0,2259242.0,2297717.0
4739.0,2258855.0,2399057.0
4799.0,3250634.0,2295229.0
4799.0,2348083.0,2300685.0
4799.0,2315829.0,2303354.0
4695.0,3169835.0,2307000.0
4671.0,2258120.0,2399857.0
4727.0,2273312.0,2380086.0
4799.0,2284163.0,2302771.0
4675.0,2349906.0,2302434.0
4695.0,2263132.0,2298227.0
4831.0,2261787.0,2306207.0
4739.0,2262920.0,2396572.0
2353270.0,2262141.0,2405892.0
2355655.0,2263564.0,2406261.0
2357609.0,2262395.0,2396865.0
2268932.0,2262937.0,2400915.0
2355857.0,2262790.0,2296509.0
2363050.0,2262470.0,2313769.0
2267573.0,2357121.0,2354942.0
2273506.0,2270908.0,2297489.0
2272491.0,2261982.0,2304264.0
2269489.0,2261853.0,2314312.0
2272477.0,2260320.0,2293129.0
2268218.0,2263634.0,2298739.0
2040938.0,2260429.0,2308748.0
2273444.0,2266830.0,2297177.0
2270940.0,2262348.0,2402041.0
2360340.0,2259774.0,2304040.0
2359484.0,2257902.0,2364442.0
2273900.0,2262375.0,2406876.0
2271841.0,2265068.0,2324738.0
2270497.0,2265374.0,2301513.0
2358459.0,2262532.0,2299474.0
2358907.0,2349809.0,2305084.0
2297575.0,2262422.0,2303514.0
2273348.0,2263007.0,2309522.0
2270654.0,2264589.0,2396225.0
2268056.0,2263967.0,2302554.0
2268752.0,2261053.0,2406732.0
2355800.0,2266230.0,2314712.0
2300252.0,2264716.0,2303904.0
2273128.0,2264977.0,2394177.0
2275928.0,2262605.0,2308941.0
2362473.0,2264181.0,2300972.0
2359950.0,2261828.0,2392517.0
2270517.0,2263384.0,777.0
2371012.0,2267115.0,2302268.0
2271120.0,2262990.0,2306707.0
2268281.0,2262264.0,2300883.0
2269987.0,2260935.0,2314594.0
2356282.0,2264341.0,2300027.0
2270768.0,2261934.0,2304102.0
2271441.0,2352213.0,2316935.0
2360071.0,2262788.0,2413030.0
2348850.0,2263624.0,2301705.0
2267144.0,2262727.0,2319381.0
2354722.0,2261134.0,2316277.0
2269278.0,2262661.0,2304486.0
2265832.0,2262689.0,2309424.0
2358696.0,2262928.0,2306097.0
25268.0,2263983.0,2296976.0
4633.0,2262884.0,2304356.0
2268610.0,2263254.0,2405343.0
2357494.0,2261974.0,2308254.0
2277322.0,2260819.0,4299.0
2357181.0,2262732.0,245110.0
2290138.0,2263512.0,2153265.0
2304863.0,2265505.0,2310701.0
2392102.0,2262157.0,2310935.0
2271980.0,2263025.0,2310951.0
2269532.0,2261960.0,2311398.0
2271148.0,2262469.0,2351774.0
2357235.0,2352299.0,2404845.0
2358378.0,2263787.0,2306232.0
2272639.0,2352623.0,2309048.0
2268333.0,2260616.0,2413761.0
2268264.0,2261760.0,2307454.0
2274407.0,2265806.0,2308018.0
2357465.0,2263556.0,2344454.0
2321351.0,2263225.0,2308803.0
2358290.0,2260829.0,2308700.0
2269580.0,2350037.0,2311459.0
2353416.0,2262754.0,2307719.0
2373587.0,2262957.0,2308119.0
2355636.0,2263261.0,2415455.0
2271023.0,2261655.0,2307720.0
2356972.0,2261991.0,2409832.0
2269480.0,2260946.0,2311273.0
2358712.0,2265165.0,2311499.0
2275653.0,2262919.0,2311833.0
2319082.0,2261111.0,2404685.0
2355033.0,2262747.0,2405901.0
2273741.0,2263583.0,2312181.0
8606.0,2264334.0,2310894.0
209178.0,2262493.0,2410989.0
4705.0,2263413.0,2370247.0
2151174.0,2261835.0,2309653.0
2356723.0,2262737.0,2310991.0
2270776.0,2261741.0,777.0
2270410.0,2262771.0,2344695.0
2358353.0,2262532.0,2410217.0
2328703.0,2262937.0,2407102.0
2358136.0,2262325.0,2308491.0
2366091.0,2261656.0,2308608.0
2322448.0,2263002.0,2307239.0
2396877.0,2262357.0,2403729.0
2359959.0,2262366.0,2314331.0
2269669.0,2263415.0,2409603.0
2364702.0,2263248.0,2311798.0
2272512.0,2351984.0,2310667.0
2271524.0,2259977.0,2313551.0
2269595.0,2262294.0,2306757.0
214569.0,2260930.0,2309257.0
2269643.0,2265502.0,2314006.0
2358044.0,2266216.0,2312831.0
2267556.0,2262751.0,2344174.0
2324254.0,2265364.0,2405806.0
2359685.0,2262700.0,2407522.0
2270834.0,2263870.0,2322923.0
2278224.0,2262785.0,2309315.0
2359360.0,2262292.0,2310816.0
2354445.0,2259315.0,2311509.0
2358322.0,2262151.0,2413503.0
2270790.0,2263026.0,2429127.0
2267813.0,2264194.0,2308551.0
2267904.0,2264930.0,2310544.0
2270314.0,2263670.0,2393679.0
2274539.0,2261306.0,2310508.0
2269003.0,2264486.0,2310804.0
2273390.0,2260663.0,2343888.0
2273570.0,2261796.0,2312226.0
2267785.0,2263123.0,2312450.0
2269216.0,2264643.0,2310594.0
2270955.0,2261779.0,2406694.0
2267652.0,2260646.0,2308851.0
2278881.0,2262625.0,2310565.0
2282778.0,2263435.0,2309971.0
2269827.0,2262633.0,2309102.0
2282091.0,2263278.0,2348378.0
2271527.0,2262649.0,2345600.0
2277893.0,2260909.0,2309278.0
2274152.0,2266786.0,2342433.0
2269230.0,2273625.0,2348613.0
2273531.0,2265661.0,2414369.0
2272433.0,2262326.0,2309994.0
2266633.0,2262285.0,2384782.0
2271141.0,2262428.0,2313640.0
2271465.0,2263546.0,2307950.0
2268611.0,2262668.0,2312079.0
2271912.0,2260713.0,2310612.0
2271789.0,2263593.0,2312526.0
2272410.0,2263196.0,2308396.0
2270026.0,2261886.0,2372417.0
2267523.0,2261821.0,2418395.0
2272559.0,206460.0,2311287.0
2267136.0,84750.0,2353927.0
213145.0,1984241.0,2407708.0
2270499.0,2264808.0,2410916.0
2270237.0,2264547.0,2310929.0
2268622.0,2260763.0,2310788.0
2266571.0,2262174.0,2308702.0
2280665.0,2263446.0,2310547.0
2266423.0,2260440.0,2362226.0
2268488.0,2263034.0,2406930.0
2271582.0,2262266.0,2363750.0
2268542.0,2353500.0,2409418.0
2268898.0,2261038.0,2309656.0
2268332.0,2263292.0,2310785.0
2277955.0,2261215.0,2313364.0
2272609.0,2262657.0,2371328.0
2269493.0,2262997.0,2407404.0
2268192.0,2261929.0,2310434.0
2281808.0,94690.0,2308706.0
17883.0,2262612.0,2312131.0
2267773.0,2262511.0,2326201.0
2267605.0,2262180.0,2319052.0
2268082.0,2260911.0,2314560.0
2271821.0,2261160.0,2308445.0
2272906.0,2261428.0,2310434.0
2267299.0,2262529.0,2310723.0
2270070.0,2264077.0,2311990.0
2271278.0,2261000.0,2404359.0
2270035.0,2262438.0,2309539.0
2271238.0,2263255.0,2309785.0
2266702.0,2261435.0,2308570.0
2270965.0,2261763.0,777.0
2275926.0,2263833.0,2386388.0
2271956.0,2264441.0,2406885.0
2267901.0,2342374.0,2328105.0
2275741.0,2263832.0,2397419.0
2266667.0,2265755.0,2312225.0
2278502.0,2262375.0,2330767.0
2271868.0,2260145.0,2306900.0
2267622.0,2261710.0,2310970.0
2269965.0,2264027.0,2312495.0
2272756.0,2262559.0,2392488.0
2268646.0,2262743.0,2307019.0
2267812.0,2262871.0,2366367.0
2267585.0,2263703.0,2310416.0
2274746.0,2262646.0,2309772.0
2270506.0,2262609.0,2311197.0
2268393.0,2261436.0,2311404.0
2269250.0,2261565.0,2309347.0
214005.0,2262319.0,2313216.0
2270551.0,2264089.0,2314884.0
2272696.0,2262259.0,2405090.0
2269402.0,2263612.0,2312298.0
2270948.0,2261708.0,2409907.0
2270351.0,2262643.0,2312799.0
2269153.0,2262560.0,2309387.0
2270301.0,2263682.0,2310121.0
2276061.0,2262563.0,2370815.0
2268860.0,2261167.0,2313153.0
2273269.0,2264221.0,2412989.0
2272219.0,2262988.0,2416048.0
2269398.0,2263316.0,2311236.0
2275341.0,2262122.0,2307969.0
2272293.0,2354089.0,2309270.0
2267896.0,2262848.0,2307389.0
2279320.0,2261776.0,2309665.0
2274966.0,2260314.0,2403608.0
2271318.0,2262721.0,2314043.0
2273920.0,2262996.0,2310193.0
2267971.0,2264399.0,2311423.0
2267185.0,2261225.0,2307709.0
2273402.0,2263507.0,2310480.0
2271755.0,2263220.0,2313832.0
2270298.0,2263192.0,2308075.0
2268452.0,202317.0,2324012.0
2266386.0,196517.0,2310374.0
2271050.0,2244477.0,2406737.0
2275561.0,2245668.0,2317645.0
2268050.0,196252.0,2326133.0
2267706.0,2246112.0,2315979.0
2289675.0,2245349.0,2321800.0
2267806.0,281911.0,2308852.0
2272963.0,2244854.0,2308634.0
2291349.0,194720.0,2304582.0
2268723.0,275166.0,2317549.0
2269715.0,695453.0,2311218.0
2270309.0,2245265.0,2309104.0
2270266.0,284613.0,2314254.0
2273909.0,196482.0,2307975.0
2271412.0,298899.0,777.0
2275398.0,194706.0,2315233.0
2269673.0,2246994.0,2335298.0
2272366.0,300671.0,2339901.0
2267499.0,2245115.0,2310903.0
2274137.0,2248754.0,2345517.0
2267469.0,196174.0,2308010.0
2267790.0,2245299.0,2310648.0
2267475.0,196361.0,2309185.0
2262983.0,202923.0,2310569.0
2267654.0,2248586.0,2304618.0
2270039.0,194784.0,2310471.0
2269432.0,2249202.0,2312423.0
2268070.0,284616.0,2403815.0
2267921.0,2254721.0,2311755.0
2268861.0,201006.0,2313144.0
2270596.0,2244372.0,2313422.0
2268824.0,202802.0,2414336.0
2270654.0,2244691.0,2307947.0
2271528.0,275988.0,2312224.0
2288889.0,695329.0,2310344.0
2268479.0,310622.0,2312335.0
2268864.0,2397805.0,2312961.0
2269257.0,2244713.0,2309708.0
2269655.0,689296.0,2310260.0
2271025.0,275552.0,2311348.0
2266051.0,2389652.0,2311535.0
4675.0,300297.0,2313501.0
2262981.0,304181.0,2308525.0
4739.0,281956.0,2312008.0
4771.0,2257952.0,6821.0
4799.0,2246000.0,2345101.0
4675.0,2244921.0,2302755.0
4799.0,275303.0,2306399.0
4779.0,273951.0,2311187.0
4739.0,2246735.0,2311594.0
4771.0,275517.0,2311007.0
4735.0,302773.0,2307562.0
4767.0,280290.0,2307812.0
4803.0,2248314.0,2312185.0
4831.0,276143.0,2308898.0
4739.0,300462.0,2303369.0
2268678.0,2245576.0,2309937.0
1790817.0,2245202.0,2308089.0
2272763.0,275755.0,2309055.0
2271554.0,275394.0,2305761.0
2275253.0,196100.0,244310.0
2270749.0,274018.0,2050372.0
2269902.0,2252006.0,27464.0
2271237.0,2239871.0,2306512.0
2268107.0,2245666.0,2309357.0
2271505.0,202155.0,2313382.0
2268913.0,687851.0,2310977.0
2266953.0,2245644.0,2311205.0
2273178.0,2337761.0,2309520.0
2277957.0,194780.0,2307532.0
2265929.0,304091.0,2306115.0
2269438.0,303787.0,2311993.0
2273721.0,2245474.0,2309492.0
2270564.0,281633.0,2312582.0
2269916.0,2247051.0,2316949.0
2265396.0,196482.0,2311725.0
2267938.0,292473.0,2312040.0
2272041.0,2247448.0,2313589.0
2276819.0,310579.0,2307865.0
2269111.0,2247723.0,2309785.0
214641.0,275508.0,2309977.0
2278146.0,694908.0,2309243.0
2270552.0,2302641.0,2310897.0
2270637.0,2243982.0,2306229.0
2271742.0,196293.0,2309921.0
2271168.0,275352.0,2308640.0
2272061.0,2245301.0,2308197.0
2272840.0,2245806.0,2312739.0
2275329.0,2244659.0,2304511.0
2273334.0,195981.0,2309035.0
2270552.0,2244820.0,2311585.0
2270021.0,281596.0,2310684.0
2267149.0,695562.0,2307877.0
2267050.0,2245300.0,2307929.0
2272748.0,2244138.0,2310791.0
2272776.0,310354.0,2309191.0
2271041.0,2253513.0,2308250.0
2268243.0,310269.0,2309248.0
2268489.0,274155.0,2310759.0
2266857.0,275884.0,2310846.0
2270168.0,275642.0,2310559.0
2248899.0,275809.0,2309765.0
2267565.0,202050.0,2312225.0
2273163.0,2245930.0,2311180.0
2271563.0,2245761.0,2311790.0
2275423.0,2266408.0,2309638.0
2269392.0,2258304.0,2308076.0
217097.0,300540.0,2309864.0
2268820.0,2250068.0,2306574.0
2271919.0,309141.0,2305804.0
2267585.0,202547.0,2320567.0
2272278.0,2254528.0,2307418.0
2270700.0,280192.0,2310227.0
2266589.0,310554.0,2306438.0
2272464.0,282285.0,2304394.0
2267777.0,310712.0,2310208.0
2270667.0,275336.0,2310941.0
2268447.0,284789.0,2310170.0
2270512.0,2261434.0,2317298.0
2278778.0,284027.0,2311245.0
2280152.0,2242983.0,2319208.0
2267123.0,202477.0,2321615.0
2268188.0,2766835.0,2311009.0
2270521.0,282975.0,2311895.0
2284841.0,194752.0,2310153.0
2270379.0,275573.0,2310204.0
2267574.0,275134.0,2320250.0
2267766.0,280279.0,2312614.0
2269291.0,300229.0,2305731.0
2271208.0,2245234.0,2311017.0
2357189.0,2245647.0,2310774.0
2357468.0,275976.0,2309359.0
2366769.0,2245370.0,2313028.0
2364530.0,276598.0,2317581.0
2359357.0,2247413.0,2310152.0
2366206.0,282210.0,2310691.0
2365006.0,2245789.0,2311279.0
2371512.0,2229405.0,2310545.0
2359196.0,280188.0,2307020.0
2369288.0,695406.0,2318531.0
2364877.0,273999.0,2308545.0
2360725.0,281779.0,2311647.0
2368994.0,196604.0,2311119.0
2385399.0,2221981.0,2306584.0
2356409.0,2246283.0,2309167.0
2374060.0,2243961.0,2309724.0
2364743.0,2246897.0,2307471.0
2367421.0,282265.0,2308028.0
2361592.0,2272954.0,2310430.0
2357699.0,2247272.0,2311758.0
2365638.0,195805.0,2308990.0
2366373.0,2247194.0,2308530.0
2354865.0,2346013.0,2306853.0
2368588.0,2245168.0,2308850.0
2363061.0,2242407.0,2310184.0
2364457.0,2248700.0,2309602.0
2366827.0,2243321.0,2306474.0
2357505.0,695247.0,2307906.0
2361599.0,5118.0,2310267.0
2372528.0,193036.0,2310168.0
2361403.0,197536.0,2309303.0
2359092.0,695285.0,2314728.0
2357519.0,275176.0,2309010.0
2366960.0,2246132.0,2311699.0
2356208.0,2249522.0,2312185.0
2358190.0,2249365.0,2321980.0
2361249.0,2245470.0,2312134.0
2397791.0,300414.0,2312556.0
2363197.0,695036.0,2307422.0
2367338.0,274023.0,2310331.0
2368253.0,202222.0,2313248.0
2358366.0,284076.0,2311395.0
2359338.0,196092.0,2310360.0
2369462.0,196073.0,2321968.0
2373698.0,276247.0,2304522.0
2364115.0,310348.0,2314028.0
2367581.0,695204.0,2307844.0
2379840.0,277994.0,2311610.0
2358256.0,2245723.0,2306696.0
2364084.0,2246524.0,2309332.0
2364210.0,304014.0,2311514.0
2363898.0,276741.0,2312980.0
2374804.0,2244221.0,2305711.0
2383388.0,294048.0,2323045.0
2357335.0,2387684.0,2308884.0
2380756.0,2245061.0,2309345.0
2357308.0,2246535.0,2310719.0
2355532.0,274132.0,2314618.0
2360691.0,2245843.0,2311933.0
2360909.0,310888.0,2313075.0
2394075.0,2242295.0,2309235.0
2360710.0,2245767.0,2309512.0
2364152.0,282075.0,2312349.0
2362612.0,2250534.0,2308093.0
2377169.0,2246112.0,2309856.0
2359675.0,281548.0,2305160.0
2352007.0,2243914.0,2320332.0
2362292.0,2245084.0,2311655.0
2356346.0,284383.0,2310499.0
2366537.0,299155.0,2308703.0
2363286.0,281301.0,2314313.0
2374253.0,2245831.0,2304215.0
2364595.0,2244779.0,2307735.0
2379716.0,2252892.0,2312349.0
2360508.0,2245803.0,2307857.0
2364928.0,310304.0,2311430.0
2360553.0,2245424.0,2313928.0
2365137.0,2245004.0,2311111.0
2381767.0,2244921.0,2310813.0
2383833.0,2253676.0,2307030.0
2361983.0,309033.0,2312194.0
2364941.0,2259036.0,2312603.0
2353826.0,2244774.0,2305012.0
2367681.0,282865.0,2309814.0
2422990.0,2244278.0,2411690.0
2364617.0,298750.0,2309028.0
2367477.0,2245536.0,2309521.0
2356199.0,202448.0,2307280.0
2363091.0,281350.0,2309008.0
2357487.0,2244533.0,2310168.0
2364706.0,282885.0,2312456.0
2367928.0,310321.0,2306795.0
2374402.0,2277016.0,2308386.0
2366905.0,309026.0,2311637.0
2357072.0,2244699.0,2308291.0
2368695.0,2244421.0,2312182.0
2358014.0,275379.0,2307106.0
2359663.0,2245686.0,2309232.0
2363643.0,275868.0,2311718.0
2376099.0,284394.0,2310209.0
2363398.0,2260289.0,2308697.0
2374751.0,2258837.0,2306440.0
2365722.0,2285439.0,2310940.0
2364779.0,2245362.0,2309862.0
2353819.0,2253426.0,2310185.0
2374573.0,2259092.0,2309967.0
2363041.0,2244440.0,2312358.0
2368758.0,2287313.0,2318488.0
2373279.0,2243804.0,2309739.0
2356843.0,2260146.0,2307689.0
2457392.0,2245398.0,2309325.0
2367890.0,2260984.0,2309237.0
2359731.0,2261340.0,2304319.0
2361395.0,2243683.0,2310608.0
2359729.0,2261339.0,2311557.0
2355410.0,2262807.0,2317939.0
2367770.0,2258932.0,2313245.0
2362942.0,2248325.0,2308462.0
2368839.0,2262779.0,2310703.0
2360550.0,2245421.0,2310095.0
2365718.0,2245968.0,2306307.0
2369414.0,2260114.0,2314278.0
2358507.0,2260722.0,2306624.0
2363927.0,2242683.0,2311986.0
2361741.0,2258458.0,2312446.0
2366032.0,2244416.0,2310463.0
2359094.0,2257462.0,2310496.0
2366037.0,2314454.0,2327497.0
2354140.0,2259665.0,2310595.0
2365695.0,2247865.0,2319469.0
2367510.0,2265016.0,252970.0
2356622.0,2257226.0,2321667.0
2365748.0,2249854.0,2316507.0
2364204.0,2258624.0,2316021.0
2364310.0,2257592.0,2318822.0
2361095.0,2248285.0,2308823.0
2359002.0,2259004.0,2313520.0
2367899.0,2245410.0,2330044.0
2355173.0,2258652.0,2327923.0
2362315.0,2248178.0,2391880.0
2363721.0,2245321.0,2361768.0
2363620.0,2258653.0,2320338.0
2365222.0,2248127.0,1180701.0
2370060.0,2246263.0,2378177.0
2368313.0,2262533.0,2314771.0
2362213.0,2249184.0,245678.0
2369021.0,2258919.0,2317741.0
2371930.0,2243949.0,2308306.0
2358937.0,2258666.0,2317590.0
2357735.0,2249712.0,2415805.0
2360812.0,2244506.0,2314494.0
2358850.0,2261238.0,2389694.0
2370456.0,2244531.0,2310269.0
2363822.0,2245994.0,1582836.0
2365541.0,2247636.0,2315916.0
2360810.0,2259655.0,2316335.0
2358623.0,2259269.0,2316355.0
2359525.0,2246288.0,2408446.0
2359974.0,2257953.0,2326926.0
2375040.0,2255508.0,2388639.0
2360699.0,2261268.0,2306361.0
2362276.0,2260808.0,2387855.0
2365287.0,2246280.0,2304951.0
2362624.0,2260355.0,2321635.0
2363185.0,2249617.0,2310875.0
2355213.0,2245133.0,1942756.0
2359271.0,2261065.0,2368970.0
2379480.0,2245669.0,2367513.0
2369108.0,2245577.0,2315567.0
2363863.0,2261328.0,2322348.0
2360261.0,2258889.0,2320227.0
2357380.0,2258452.0,2312933.0
2367612.0,2264181.0,2319669.0
2357382.0,2258624.0,2403407.0
2367836.0,2246772.0,2320335.0
2376935.0,2247602.0,2419545.0
2367935.0,2261011.0,2317240.0
2359083.0,2243832.0,2317997.0
2367286.0,2519396.0,2367892.0
2362746.0,2249580.0,2320637.0
2363457.0,2244810.0,2313457.0
2358879.0,2258683.0,2320226.0
2375782.0,2245215.0,2415480.0
2361889.0,2256997.0,2316641.0
2358875.0,2257962.0,2311845.0
2360918.0,2257872.0,2310191.0
2365655.0,2249521.0,2360887.0
2362886.0,2256980.0,2312143.0
2375272.0,2261657.0,2400734.0
2366379.0,2257040.0,2313325.0
2362368.0,2260836.0,2316127.0
2363661.0,2259216.0,2321900.0
2370512.0,2248965.0,2409650.0
2378004.0,2259444.0,2363094.0
2366980.0,2244649.0,2357498.0
2364846.0,2258754.0,2387330.0
2361024.0,2244053.0,2387360.0
2367352.0,2247991.0,2418875.0
2358630.0,2258561.0,841.0
2365803.0,2248105.0,2328138.0
2366753.0,2269924.0,2394953.0
2365859.0,2488630.0,2412327.0
2367072.0,2264513.0,2426366.0
2368661.0,2260660.0,2329419.0
2373602.0,2259884.0,2335790.0
2360107.0,2245927.0,2320654.0
2376406.0,2256969.0,2311687.0
2359826.0,2260011.0,2294569.0
2370039.0,2257973.0,2316857.0
2433059.0,2339734.0,2412323.0
2430644.0,2253282.0,2396345.0
2437749.0,2243183.0,2355818.0
2447273.0,2260195.0,2316947.0
2436756.0,2258284.0,2333745.0
2436994.0,2245269.0,2317335.0
2434310.0,2259534.0,2405649.0
2438922.0,2246845.0,2321004.0
2439117.0,2250250.0,2400379.0
2438933.0,2245392.0,2407650.0
2431524.0,2249517.0,2394801.0
2434645.0,2249703.0,2320745.0
2437372.0,2249451.0,2391756.0
2442961.0,2258550.0,2327539.0
2437757.0,2246556.0,2317087.0
2433514.0,2272749.0,381227.0
2445355.0,2245205.0,2384071.0
2450870.0,2249972.0,2310216.0
2423692.0,2245220.0,2329464.0
2446207.0,2261196.0,2319681.0
2433569.0,2244986.0,2326422.0
2428411.0,2258949.0,2318375.0
2441560.0,2245448.0,2321957.0
2433651.0,2247456.0,2317384.0
2444522.0,2248942.0,2311279.0
2441443.0,2261732.0,2397710.0
2443304.0,2257376.0,777.0
2436211.0,2244501.0,777.0
2450099.0,2260462.0,247859.0
2438885.0,2250325.0,2403348.0
2444858.0,2245265.0,2322990.0
2437410.0,2258929.0,2316294.0
2436259.0,2259319.0,2324016.0
2428136.0,2270885.0,2322416.0
2449612.0,2243565.0,2329018.0
2425110.0,2260792.0,2314903.0
2426814.0,2264951.0,2315270.0
2441963.0,2259271.0,2387789.0
2424386.0,2262323.0,2320496.0
2435206.0,2247517.0,2315004.0
2436283.0,2260993.0,2324065.0
2428702.0,2244072.0,2357233.0
2434551.0,2248060.0,2317249.0
2440495.0,2259667.0,2320425.0
2434674.0,2261129.0,2316921.0
2438426.0,2260514.0,2417762.0
2439111.0,2255834.0,2316574.0
2423399.0,2251843.0,2397176.0
2435935.0,2248523.0,2329885.0
2436671.0,2272712.0,2317052.0
2454347.0,2249471.0,2317206.0
2435180.0,2260047.0,777.0
2432412.0,2258772.0,2307263.0
2338939.0,2250191.0,2383655.0
2437591.0,2255079.0,2389778.0
2440466.0,2252770.0,2400660.0
2437421.0,2258889.0,2373084.0
2449132.0,2244260.0,2324234.0
2434588.0,2251768.0,2319914.0
2440064.0,2258487.0,2391424.0
2437209.0,2259450.0,2313800.0
2457415.0,2258466.0,2369808.0
2435907.0,2258838.0,2319731.0
2436399.0,2254659.0,2314302.0
2446756.0,2257968.0,2313011.0
2434830.0,2260983.0,2329773.0
2454468.0,2260230.0,2394733.0
2426465.0,2258396.0,2387458.0
2437691.0,2245320.0,1513499.0
2437659.0,2259001.0,2314967.0
2432738.0,2257822.0,2384696.0
2435766.0,2244181.0,2388820.0
2439446.0,2271355.0,2316417.0
2439830.0,2244584.0,2416687.0
2429809.0,2270901.0,2322744.0
2437934.0,2259852.0,245800.0
2439707.0,2258531.0,2314493.0
2437486.0,2246755.0,2324513.0
2426612.0,2260206.0,2320876.0
2424556.0,2253811.0,2311117.0
2433633.0,2246235.0,2316308.0
2447602.0,2244741.0,2310934.0
2430303.0,2249807.0,2330263.0
2435348.0,2245293.0,2410188.0
2444529.0,2259953.0,2359115.0
2439852.0,2249277.0,2408568.0
2431434.0,2244667.0,2308299.0
2449839.0,2260159.0,2329135.0
2443540.0,2247844.0,2357139.0
2416998.0,2258828.0,2429576.0
2444217.0,2258945.0,2328414.0
2452935.0,2249643.0,2420384.0
2430295.0,2270349.0,2330583.0
2421372.0,2245096.0,2321217.0
2433601.0,2246041.0,2330090.0
2430189.0,2243942.0,2315933.0
2433053.0,2250299.0,2323917.0
2434730.0,2246509.0,2314281.0
2439749.0,2249280.0,2397056.0
2432784.0,2258850.0,2317355.0
2448717.0,2394842.0,2357184.0
2450559.0,2244148.0,2315641.0
2441107.0,2245590.0,2409000.0
2430249.0,2258218.0,2315533.0
2451862.0,2269876.0,2315684.0
2440864.0,2253124.0,2323237.0
2436964.0,2245246.0,2313156.0
2451571.0,2263626.0,2395080.0
2434211.0,2244364.0,2314571.0
2434028.0,2258844.0,2396649.0
2434044.0,2250570.0,2351093.0
2431406.0,2255663.0,2313502.0
2431207.0,2276356.0,2408971.0
2449042.0,2250460.0,2340028.0
2433866.0,2250690.0,2324714.0
2423062.0,2248125.0,2318061.0
2433647.0,2245728.0,2314884.0
2437243.0,2257371.0,2324671.0
2431755.0,2244124.0,2317602.0
2429632.0,2424089.0,2404343.0
2437237.0,2424982.0,2315373.0
2446559.0,2420753.0,2313581.0
279543.0,2420145.0,2317740.0
2439754.0,2423359.0,2356471.0
2436024.0,2425258.0,2392761.0
2439413.0,2422623.0,2313574.0
2443756.0,2420606.0,2314357.0
2440579.0,2445681.0,2312560.0
2439958.0,2427907.0,2314007.0
2435667.0,2440337.0,2314021.0
2431007.0,2426835.0,2334618.0
2428620.0,2420940.0,2413966.0
2438156.0,2421676.0,2417426.0
2431869.0,2421937.0,2417187.0
2435624.0,2427311.0,2413910.0
2426634.0,2463032.0,1742394.0
2430264.0,2416105.0,2335262.0
2424827.0,2419576.0,2412379.0
2446181.0,2423655.0,2420413.0
2440147.0,2421183.0,2418827.0
2436153.0,2410242.0,2415208.0
2440636.0,2447971.0,2414484.0
2442909.0,2414003.0,2414169.0
2432391.0,2423330.0,2413475.0
2438884.0,2425354.0,2416348.0
2436740.0,2424177.0,2416721.0
2439218.0,2422271.0,2329109.0
2436748.0,2426322.0,2420500.0
2434230.0,2428697.0,2415903.0
2440361.0,2423529.0,2428847.0
2438217.0,2421865.0,2416451.0
2431245.0,2423479.0,2417081.0
2447249.0,2412102.0,2414835.0
2431485.0,2435132.0,2417297.0
2436499.0,2410441.0,2416156.0
2441123.0,2422818.0,2350658.0
2439723.0,2422920.0,2432682.0
2431867.0,2411541.0,2416664.0
2446476.0,2425333.0,2416247.0
2433258.0,2423441.0,2416871.0
2427384.0,2423786.0,2429850.0
2434232.0,2420776.0,2427911.0
2432338.0,2425259.0,2414378.0
2438213.0,2415187.0,2413018.0
2440560.0,2426619.0,2415366.0
2451703.0,2422977.0,2426122.0
2438373.0,2400415.0,2412064.0
2433591.0,2423177.0,2417417.0
2433166.0,2425926.0,2430003.0
2409524.0,2419595.0,2418008.0
2450540.0,2439741.0,2431761.0
2435786.0,2426268.0,2415594.0
2438644.0,2436687.0,2414094.0
2445937.0,2420980.0,2416702.0
2437119.0,2424087.0,2416073.0
2439872.0,2400325.0,2428651.0
2428248.0,2424420.0,2415963.0
2445417.0,2421694.0,2402500.0
2433465.0,2423649.0,2414950.0
2431914.0,2423162.0,2425003.0
2447292.0,2425200.0,2428753.0
2445284.0,2440373.0,2415667.0
2459089.0,2424581.0,2417037.0
2443198.0,2439691.0,2416927.0
2433564.0,2424431.0,2416850.0
2454116.0,2428150.0,2416320.0
2448083.0,2425817.0,2416952.0
2440182.0,2440019.0,2435173.0
2433031.0,2421370.0,2416337.0
2427852.0,2426812.0,2415437.0
2431501.0,2421015.0,2420526.0
2445094.0,2421893.0,2360373.0
2433811.0,2393905.0,2414647.0
2437027.0,2440325.0,2418064.0
2440157.0,2423705.0,2365580.0
2441174.0,2427419.0,2410317.0
2429769.0,2425306.0,2376956.0
2432708.0,2400013.0,2384329.0
2448528.0,2426512.0,2413677.0
2432935.0,2426218.0,2412496.0
2437903.0,2438339.0,2413742.0
2448223.0,2420035.0,2414805.0
2455549.0,2441371.0,2428523.0
2436615.0,2437545.0,2429733.0
2438623.0,2421235.0,2412979.0
2433028.0,2423160.0,2417185.0
2444203.0,2426832.0,2428843.0
2429780.0,2438191.0,2168683.0
2440936.0,2422197.0,777.0
2451211.0,2421119.0,254646.0
2404381.0,2416897.0,2394052.0
2396994.0,2418869.0,2412922.0
2403565.0,2400942.0,2416265.0
2418151.0,2425810.0,2432350.0
2397700.0,2425255.0,2418631.0
2414053.0,2423597.0,2435447.0
2392462.0,2426407.0,2317902.0
2410797.0,2423382.0,2415483.0
2412524.0,2446846.0,2432759.0
2400240.0,2420822.0,2411951.0
2406644.0,2437774.0,2416730.0
2418668.0,2420423.0,2326627.0
2408040.0,2438327.0,2413164.0
2409308.0,2409909.0,2416883.0
2394649.0,2423417.0,2375072.0
2408941.0,274764.0,2431932.0
2400235.0,2423351.0,2434532.0
2305448.0,2419973.0,2432340.0
2334685.0,2422168.0,2414870.0
2400226.0,2381349.0,2417154.0
2299887.0,2426724.0,2427875.0
2399946.0,2429120.0,2429091.0
2418424.0,2435614.0,2415295.0
2317653.0,2420228.0,2419074.0
7326.0,2424011.0,2415994.0
98836.0,2426218.0,2432687.0
2399424.0,2443610.0,2419390.0
2404690.0,2418695.0,2415585.0
2397450.0,2422749.0,2426470.0
2395974.0,2404710.0,2414509.0
2304738.0,2438180.0,2325404.0
2400072.0,2439926.0,2436410.0
2301449.0,2423803.0,2414408.0
2312706.0,2435605.0,2415408.0
2300225.0,2422949.0,2417561.0
2394365.0,2426193.0,2406164.0
2401610.0,2419131.0,2418229.0
2411676.0,2415463.0,2420643.0
2422934.0,2423821.0,2412377.0
2365289.0,2401797.0,2417847.0
2412839.0,2436309.0,2414467.0
2413743.0,2420834.0,2415975.0
2305667.0,2421159.0,2418681.0
2414480.0,2425080.0,2418185.0
2400646.0,2423389.0,2431156.0
2416951.0,2422878.0,2414723.0
2405457.0,2424094.0,2414245.0
2398735.0,2424225.0,2417781.0
4651.0,2424450.0,2417238.0
2329729.0,2408238.0,2412454.0
2408080.0,2426229.0,2415307.0
2413613.0,2425831.0,2416417.0
2417159.0,2421185.0,2436587.0
2406192.0,2424043.0,2420474.0
2404796.0,2429568.0,2416609.0
2406062.0,2424569.0,2416450.0
2411902.0,2424290.0,2416174.0
2403596.0,2419254.0,2414859.0
2409351.0,2421382.0,2415802.0
2413952.0,2423259.0,2419185.0
2408229.0,2424974.0,2429636.0
2410667.0,2391589.0,2366177.0
2305017.0,2420593.0,2417217.0
2323326.0,2441239.0,2415979.0
2311282.0,2419274.0,2415606.0
4651.0,2427211.0,2417594.0
2397238.0,2422762.0,2417455.0
2408727.0,2447233.0,2429129.0
2394772.0,2423811.0,2413336.0
2407068.0,2425102.0,2412850.0
2411298.0,2403763.0,2418049.0
2395376.0,2445508.0,2411555.0
2394341.0,2421173.0,2419339.0
2405211.0,2420196.0,2379821.0
2415213.0,2380059.0,2412926.0
2415026.0,2435456.0,2416939.0
2398977.0,2425966.0,2417530.0
2407673.0,2426247.0,2377349.0
2416666.0,2422761.0,2416130.0
2406097.0,2421803.0,2412538.0
2410661.0,2423189.0,2418498.0
2306379.0,2438999.0,2368362.0
2338515.0,2423828.0,2411589.0
2401470.0,2436877.0,2414504.0
2409855.0,2435698.0,2410775.0
2399380.0,2430727.0,2413816.0
2416928.0,2426400.0,2417940.0
2405160.0,2428919.0,2412060.0
2423357.0,2424910.0,2412962.0
2411407.0,2418118.0,2415473.0
2399121.0,2423020.0,2424483.0
2411127.0,2432357.0,2414374.0
2403846.0,2426105.0,2415433.0
2394592.0,2422911.0,2415850.0
2416776.0,2422250.0,2414821.0
2306362.0,2429901.0,2391854.0
2302667.0,2422452.0,2418505.0
2406417.0,2415140.0,2409210.0
2410327.0,2425477.0,2426099.0
2412974.0,2423866.0,2425818.0
2307198.0,2421883.0,2413353.0
2395856.0,2448830.0,2415472.0
2411031.0,2423740.0,2393643.0
2403119.0,2434014.0,2417628.0
2357250.0,2427225.0,2414238.0
2415547.0,2405712.0,2413693.0
2350441.0,2420561.0,2414233.0
2424711.0,2427219.0,2419129.0
2411811.0,2440456.0,2430376.0
2304971.0,2421431.0,2413327.0
2404809.0,2426500.0,2413907.0
2409028.0,2425247.0,2414427.0
2396138.0,2428706.0,2416305.0
2415311.0,2422415.0,2416453.0
2410270.0,2376469.0,2428651.0
2309737.0,2444805.0,2419544.0
2304498.0,2421811.0,2374646.0
2404324.0,2421637.0,2412488.0
2302271.0,2424156.0,2415872.0
2415023.0,2421626.0,2424410.0
2404488.0,2259660.0,2414795.0
2415442.0,2258510.0,2420264.0
2405795.0,2347838.0,2417597.0
2303003.0,2273161.0,2415778.0
2426363.0,2250054.0,2420728.0
2398962.0,2259359.0,2429265.0
2408192.0,2296970.0,2411358.0
2405981.0,2259679.0,2417318.0
2411010.0,2258743.0,2415996.0
2408135.0,3258857.0,2415588.0
2409538.0,3161719.0,2413945.0
2321918.0,2248738.0,2412436.0
2394058.0,2256123.0,2414378.0
2356852.0,2257350.0,2314051.0
2339555.0,2262731.0,2313718.0
2412931.0,2259568.0,2311357.0
2418464.0,3259191.0,2401474.0
2335011.0,2348920.0,2309283.0
2399563.0,3171087.0,2313347.0
2401986.0,2258029.0,2316989.0
2405134.0,3250547.0,777.0
2398988.0,2249133.0,2311104.0
2419884.0,3251762.0,2321944.0
2338397.0,2257897.0,2412782.0
2340938.0,2262777.0,2309048.0
2405332.0,2287159.0,2312376.0
2399945.0,2259652.0,2312457.0
2403878.0,2258101.0,2309809.0
2412810.0,2256812.0,2316665.0
2408461.0,2256790.0,2308383.0
2402988.0,2259885.0,2405748.0
2412404.0,2258786.0,2306410.0
2413312.0,2256162.0,2329339.0
2411095.0,2264953.0,101133.0
2414383.0,2258488.0,2314002.0
2412799.0,2249387.0,2377619.0
2319682.0,2257552.0,2409616.0
2398179.0,2257044.0,2333142.0
2404335.0,2257550.0,2311925.0
2408433.0,2256595.0,2307777.0
2415493.0,2274121.0,2367555.0
2399207.0,2258827.0,2307036.0
2402147.0,2259486.0,2315551.0
2352386.0,3258569.0,2310865.0
2396788.0,2257752.0,2311153.0
2361511.0,2260900.0,2308512.0
2402857.0,2348668.0,2341192.0
2400431.0,2259689.0,713.0
2409845.0,3255457.0,245014.0
2302967.0,2266163.0,2163209.0
2309014.0,3257929.0,2314230.0
2315683.0,2258601.0,2305407.0
2398867.0,3167934.0,2309414.0
2310939.0,2273216.0,2306957.0
2404446.0,2257300.0,2309704.0
2301765.0,3262508.0,2309058.0
2415067.0,2250538.0,2311204.0
2407573.0,2347402.0,2406111.0
2331288.0,2259752.0,2311591.0
2417573.0,2259372.0,2401825.0
2415445.0,2251077.0,2344024.0
2406826.0,2259557.0,2309498.0
2321514.0,2260172.0,2310381.0
2316509.0,3182277.0,2308167.0
2392492.0,2347393.0,2308790.0
2302898.0,2259554.0,2308534.0
2397911.0,2258673.0,2334066.0
2413098.0,2345045.0,2309481.0
2365882.0,2259225.0,2313544.0
2331901.0,3161410.0,2309093.0
2410883.0,2309315.0,2311344.0
2411179.0,2261444.0,2407272.0
2326715.0,2261466.0,2382036.0
2407384.0,2256124.0,2307667.0
2408503.0,2276505.0,2309660.0
2395347.0,2258404.0,2313215.0
2398799.0,3164954.0,2309350.0
2407851.0,3258074.0,2313825.0
2407207.0,2346527.0,2305538.0
2402110.0,2256070.0,2328654.0
2410341.0,2255619.0,2307770.0
2342264.0,2250349.0,2304436.0
2403256.0,2259802.0,2320126.0
2303102.0,2303192.0,2381334.0
2402097.0,2261414.0,2370764.0
2423800.0,2261565.0,2310850.0
2395466.0,3181307.0,2310090.0
2381487.0,2259759.0,2307451.0
2386617.0,3249875.0,2309306.0
2376303.0,2269888.0,2305564.0
2386090.0,2248122.0,2322281.0
2390480.0,2262852.0,2311447.0
2393444.0,2257608.0,2386106.0
2389790.0,2258111.0,2313787.0
2384499.0,2268075.0,2315611.0
2383781.0,2349575.0,2366616.0
2383567.0,2258700.0,2379664.0
2377131.0,2255572.0,2308624.0
2392983.0,2258463.0,2339216.0
2296811.0,2277070.0,2309369.0
2386347.0,2346550.0,2310414.0
2398310.0,2281552.0,2310736.0
2386028.0,2259618.0,2307898.0
2383361.0,2262389.0,2406304.0
2396173.0,2248528.0,2310116.0
2392406.0,2348028.0,2309767.0
2384589.0,2272256.0,2306875.0
2386483.0,2249895.0,2347473.0
2395074.0,2260177.0,2330435.0
2391829.0,2259034.0,2308357.0
2388339.0,3257699.0,2309914.0
2379267.0,2347436.0,2310763.0
2392441.0,2259842.0,2311972.0
2386613.0,2280592.0,2387529.0
2385411.0,2256358.0,2311354.0
2393121.0,2257981.0,2363310.0
2386474.0,2258553.0,2413498.0
2383226.0,2347615.0,2321289.0
2384462.0,2258200.0,2089599.0
2376774.0,2346374.0,4275.0
2399817.0,3256938.0,244854.0
2385377.0,2254899.0,2312277.0
2393333.0,2332543.0,2320426.0
2382898.0,2257725.0,2309186.0
2382860.0,3259153.0,2350479.0
2400997.0,2257013.0,2335721.0
2379809.0,2258635.0,244757.0
2385409.0,2257610.0,2164930.0
2384703.0,2257132.0,777.0
2385906.0,2257300.0,2309890.0
2378267.0,2258923.0,2355881.0
2393059.0,2258426.0,2316592.0
2397970.0,2346745.0,2359250.0
2374393.0,2258055.0,2403259.0
2389675.0,2272561.0,2311590.0
2417579.0,3169067.0,2304887.0
2389410.0,3257910.0,2414239.0
2399957.0,2258265.0,2309617.0
2388041.0,2251723.0,2310180.0
2374667.0,731.0,2308557.0
2381860.0,2276687.0,2310102.0
2379504.0,3160212.0,2305648.0
2387829.0,2258915.0,2306009.0
2384713.0,2259309.0,2403590.0
2385855.0,2257884.0,2318732.0
2358847.0,2346641.0,2404579.0
4831.0,2250108.0,2342330.0
4779.0,2259091.0,2408704.0
4927.0,2259039.0,2344764.0
4779.0,2257367.0,2310505.0
4779.0,2347344.0,2308585.0
4811.0,2259082.0,2315372.0
4739.0,2256961.0,2310394.0
4739.0,2258320.0,2405222.0
4759.0,2261058.0,2311758.0
4771.0,2258405.0,2359370.0
4799.0,2259469.0,2304548.0
4759.0,2259069.0,2309927.0
4771.0,3254586.0,2309766.0
4799.0,2344815.0,2380123.0
4739.0,2258649.0,2350638.0
4739.0,2258056.0,777.0
4799.0,2346565.0,2391385.0
4799.0,2344987.0,2407301.0
4739.0,2346910.0,2310802.0
4759.0,2259926.0,2309524.0
4799.0,3257449.0,2305072.0
4799.0,2346420.0,2315401.0
4823.0,2256610.0,2310468.0
4739.0,2258137.0,2309381.0
4759.0,2345781.0,2312801.0
4739.0,2347970.0,2308039.0
4799.0,2257323.0,2332912.0
4739.0,2346616.0,2309669.0
4799.0,3254084.0,2322386.0
4739.0,2275838.0,2312733.0
4739.0,2258696.0,2342601.0
4799.0,3176501.0,2306439.0
4683.0,2259375.0,2312658.0
4799.0,3256250.0,2307646.0
4739.0,2261062.0,2310241.0
4739.0,3263162.0,2323299.0
4799.0,2356229.0,2312331.0
4759.0,2346818.0,2310921.0
4739.0,3257797.0,2310986.0
4739.0,3263637.0,2409859.0
4683.0,3251190.0,2309428.0
4779.0,2347023.0,2312748.0
4739.0,2258316.0,2320420.0
4799.0,2347331.0,2309719.0
4799.0,2348870.0,2310642.0
4779.0,3255500.0,2397896.0
4739.0,2256606.0,2304177.0
4739.0,3257351.0,2403658.0
4799.0,2345222.0,2405159.0
4707.0,2351465.0,2308066.0
2388528.0,2269622.0,2308443.0
4799.0,2255893.0,2305930.0
4739.0,2344832.0,2313775.0
4799.0,3261099.0,2312479.0
4739.0,3249478.0,2307809.0
4735.0,2258233.0,2375421.0
4739.0,2249678.0,2312079.0
4759.0,2257853.0,2313438.0
4799.0,2264672.0,2310368.0
4799.0,2258325.0,2309451.0
2392818.0,2347073.0,2313665.0
2375427.0,2347320.0,2308677.0
2384328.0,2259395.0,2311218.0
2386049.0,2265837.0,2310048.0
2394467.0,2348713.0,2312030.0
2386955.0,2260231.0,2311583.0
2385564.0,2258164.0,2320095.0
2387162.0,2259330.0,2311138.0
2387007.0,3260418.0,2307194.0
2389419.0,2262418.0,2356935.0
2398241.0,2262824.0,2309393.0
2380598.0,2272967.0,2325346.0
2398551.0,2263519.0,2308301.0
2373938.0,2267327.0,2310963.0
2397232.0,2265069.0,2313370.0
2383203.0,2262522.0,2313650.0
2391383.0,2261845.0,2367111.0
2374842.0,2279382.0,777.0
2390688.0,2265749.0,2304753.0
2403199.0,2262492.0,2340391.0
2323842.0,2263640.0,2310363.0
2382364.0,2265084.0,2311401.0
2387933.0,2264152.0,2309220.0
2406339.0,2263894.0,2373326.0
2387149.0,2263707.0,2343652.0
2375677.0,2262935.0,2318751.0
2374696.0,2263432.0,2318786.0
2387547.0,2306311.0,2318717.0
2384283.0,2261424.0,2427265.0
2396867.0,2266626.0,2323301.0
2288948.0,2262984.0,2316127.0
2394047.0,2262708.0,2316836.0
2381906.0,2262526.0,2317484.0
2395465.0,2260453.0,2322775.0
2386508.0,2262831.0,2319463.0
2387095.0,2261204.0,2316717.0
2381960.0,2262754.0,2319843.0
2395316.0,2262811.0,2417393.0
2381889.0,2265557.0,2318666.0
2388710.0,2262317.0,2318852.0
2385176.0,2260339.0,2423480.0
2391663.0,2352867.0,2370008.0
2380391.0,2263773.0,2315864.0
2384668.0,2262303.0,2332305.0
2396488.0,2263708.0,2319937.0
2378665.0,2261802.0,2348156.0
4759.0,2270190.0,2318694.0
4779.0,2262545.0,2316666.0
4695.0,2265185.0,2321460.0
4759.0,2263086.0,2414250.0
4739.0,2263547.0,2363634.0
4683.0,2266013.0,2317927.0
4739.0,2262591.0,2331319.0
4739.0,2261800.0,2330082.0
4759.0,2263761.0,2319984.0
4759.0,2266040.0,2322042.0
4739.0,2262421.0,2317430.0
4695.0,2264192.0,2323214.0
4759.0,2262148.0,2431921.0
4715.0,2264030.0,2322413.0
4739.0,2266011.0,2318597.0
4715.0,2265154.0,2320781.0
4799.0,2263236.0,2333490.0
4739.0,2262679.0,1917541.0
4759.0,2261210.0,2417968.0
4791.0,2280925.0,2414395.0
4759.0,2262048.0,2319813.0
4739.0,2262506.0,2405563.0
4735.0,2261533.0,2326638.0
4759.0,2264444.0,2323199.0
4823.0,2264192.0,2318933.0
4823.0,2262711.0,2323415.0
4739.0,2264567.0,2304797.0
4823.0,2264568.0,2316542.0
4683.0,2263572.0,2333634.0
4863.0,2260897.0,2319456.0
4715.0,2262312.0,363134.0
4759.0,2264844.0,2328062.0
4739.0,2269662.0,2319209.0
4759.0,2262870.0,2327103.0
4759.0,2261548.0,2330438.0
4739.0,2265221.0,2322359.0
4715.0,2264333.0,2317588.0
4799.0,2263322.0,2321687.0
4695.0,2263131.0,2331508.0
4663.0,2263097.0,2319670.0
4779.0,2263938.0,2425290.0
4759.0,2262568.0,2418179.0
2358721.0,2262760.0,2320780.0
4739.0,2262407.0,2319554.0
4663.0,2262699.0,2318661.0
4715.0,2264072.0,2318781.0
4779.0,2264724.0,2320360.0
4759.0,2349209.0,2318940.0
4759.0,2263075.0,2316648.0
4739.0,2265027.0,2414954.0
2390487.0,2262842.0,2406892.0
2375262.0,2263972.0,2319805.0
2383273.0,2316350.0,2324956.0
2375940.0,2261246.0,2319250.0
2394356.0,2260030.0,2319784.0
2388228.0,2352675.0,2423112.0
2377507.0,2263580.0,2314642.0
2383901.0,2261770.0,2321730.0
2393620.0,2266401.0,2318328.0
2374868.0,2264146.0,2318331.0
2384323.0,2262687.0,2336359.0
2384092.0,2264528.0,2320778.0
2382804.0,2262890.0,2325636.0
2387623.0,2263450.0,2347407.0
2377440.0,2262860.0,2332046.0
2376244.0,2259948.0,2057702.0
2381769.0,2264178.0,2315981.0
2381577.0,2262331.0,2420613.0
2391439.0,2357845.0,2318865.0
2389383.0,2263382.0,574409.0
2384938.0,2262207.0,2376652.0
2386620.0,2262246.0,2318537.0
2385839.0,2262288.0,2320369.0
2379968.0,2263768.0,2315528.0
2336049.0,2266950.0,2317609.0
2371177.0,2263889.0,2320861.0
2384630.0,2264879.0,2321849.0
2394587.0,2264376.0,2333172.0
2376294.0,2263070.0,2326537.0
2373085.0,2262663.0,2322843.0
2382854.0,2263719.0,2326484.0
2389335.0,2262179.0,2316565.0
2387473.0,2261791.0,2324989.0
2388866.0,2265397.0,2424181.0
2385386.0,2266915.0,2318885.0
2386406.0,2263691.0,2320857.0
2377084.0,2266598.0,2319589.0
2378622.0,2263885.0,2439663.0
2386203.0,2263802.0,2318723.0
2388614.0,2262288.0,2319894.0
2389987.0,2262397.0,2319628.0
2379265.0,2265442.0,2318421.0
2395202.0,2268684.0,2324198.0
2384102.0,2265243.0,2320321.0
2385985.0,2263214.0,2318281.0
2389336.0,2262711.0,2417807.0
2385444.0,2286349.0,2319669.0
2384684.0,2262925.0,2427300.0
2385180.0,2263818.0,2320789.0
2323249.0,2356051.0,2429594.0
2385182.0,2264658.0,2321211.0
2396720.0,2266296.0,2316865.0
2382971.0,2266934.0,2318361.0
2385051.0,2262281.0,2317124.0
2382905.0,2261798.0,2396887.0
2383010.0,2261204.0,2384414.0
2391062.0,2278369.0,2319331.0
2381684.0,2267531.0,2415899.0
2378334.0,2264539.0,2317385.0
2376537.0,2260153.0,2319216.0
2388852.0,2267647.0,2319329.0
2392898.0,2262949.0,2316562.0
2376835.0,2263104.0,2325872.0
2388007.0,2261297.0,2320168.0
2386348.0,2266294.0,2331801.0
2381985.0,2261743.0,2317191.0
2376572.0,2262803.0,2324222.0
2381620.0,2263009.0,2324293.0
2294032.0,2262181.0,2320544.0
2382691.0,2262811.0,2299080.0
2383371.0,2264655.0,2317985.0
2379525.0,2263517.0,2319666.0
2393226.0,2263205.0,255143.0
2387670.0,2260631.0,2380112.0
2384934.0,2262678.0,2319612.0
2379778.0,2263586.0,2327728.0
2384359.0,2264888.0,2320438.0
2395475.0,2262670.0,2324351.0
2381231.0,2269374.0,2326748.0
2295084.0,2354576.0,2413732.0
2383889.0,2260554.0,2323163.0
2386299.0,2264765.0,2320683.0
2285829.0,2266781.0,2346553.0
2382667.0,2262779.0,1375790.0
2381125.0,2260928.0,2317787.0
2390655.0,2265805.0,2417403.0
2382056.0,2267219.0,2316536.0
2388393.0,2261763.0,2318723.0
2388550.0,2265515.0,2339821.0
2379420.0,2262313.0,2321228.0
2383872.0,2263806.0,2324294.0
2376536.0,2263950.0,2421076.0
2375922.0,2262086.0,2321449.0
2386765.0,2261881.0,2417220.0
2375803.0,2270806.0,2316092.0
2388752.0,2264084.0,2321297.0
2376198.0,2263173.0,2319271.0
2409298.0,2266420.0,2386479.0
2385999.0,2261955.0,253256.0
2375591.0,2261953.0,2318891.0
2392163.0,2264930.0,1298854.0
2372994.0,2261401.0,2335704.0
2396727.0,2265974.0,2334383.0
2376843.0,2268015.0,2317705.0
2315538.0,2263266.0,2317433.0
2294183.0,2264719.0,2343872.0
2298799.0,2264317.0,2337629.0
2287424.0,2264214.0,2319489.0
2300762.0,2263874.0,2318929.0
2313791.0,2261596.0,2317765.0
2293256.0,2263285.0,2323170.0
2294810.0,2264752.0,2414171.0
2303247.0,2267336.0,2325491.0
2296566.0,2262687.0,2327298.0
2295781.0,2263934.0,2333898.0
2295911.0,2262679.0,2316845.0
2287644.0,2263010.0,1308253.0
2294806.0,2262742.0,2319713.0
2289638.0,2262860.0,254204.0
2299159.0,2263700.0,2328716.0
2287173.0,2263775.0,2320540.0
2298520.0,2262432.0,2331047.0
2323601.0,2263561.0,561547.0
2293491.0,2263091.0,2334244.0
2303246.0,2261891.0,254530.0
2288090.0,2264725.0,2321196.0
2298863.0,2263772.0,2321511.0
2293295.0,2263007.0,2318332.0
2298905.0,2264001.0,2321181.0
2299216.0,2263129.0,2322205.0
2297272.0,2262256.0,2320936.0
2290958.0,2264628.0,2023432.0
2293012.0,2263778.0,2322498.0
2300720.0,2264709.0,2321052.0
2307771.0,2265507.0,255964.0
2288950.0,2262565.0,2327435.0
2295995.0,2264292.0,2431360.0
2284626.0,2269181.0,2319466.0
2288919.0,2262982.0,2350784.0
2284389.0,2358960.0,2320023.0
2294813.0,2260504.0,2385916.0
2314936.0,2245125.0,2387268.0
2296362.0,2243174.0,251577.0
2295513.0,2263444.0,2428379.0
2288642.0,2257662.0,2324014.0
2298009.0,2246256.0,2320527.0
2288454.0,2229593.0,2321648.0
2294469.0,303574.0,2409476.0
2299616.0,2466282.0,2408019.0
4799.0,2256976.0,2317586.0
2290136.0,2245898.0,2381042.0
4693.0,2256578.0,2320412.0
5027.0,2257278.0,2385501.0
4671.0,2256606.0,2386012.0
4739.0,2257626.0,2414970.0
5289.0,2260135.0,2316112.0
4683.0,2222541.0,1117282.0
4695.0,2258849.0,2334046.0
4771.0,2245750.0,2331864.0
4715.0,2258384.0,2323072.0
4799.0,2258175.0,2320468.0
4799.0,2255478.0,2387276.0
4759.0,2223267.0,2416074.0
4759.0,2246136.0,2413215.0
4771.0,2257170.0,2321595.0
2294373.0,2249381.0,2318724.0
2287394.0,2258644.0,2377483.0
2293249.0,2245474.0,2318365.0
2292476.0,2223138.0,2324774.0
2294082.0,2260411.0,2321744.0
2297668.0,2246392.0,2309459.0
2293804.0,2245202.0,2317937.0
2289044.0,2244400.0,2321896.0
2311072.0,2260257.0,2322920.0
2307407.0,2222501.0,2398489.0
2294432.0,2257508.0,2321367.0
2286031.0,2255957.0,2323388.0
2291263.0,2248301.0,2322354.0
2292405.0,2245254.0,2400721.0
2295881.0,2252099.0,2319541.0
2310916.0,2259265.0,2434472.0
2305765.0,2528099.0,2316998.0
2295336.0,2257067.0,2386910.0
2288056.0,2223288.0,2319054.0
2291170.0,2247206.0,509031.0
2306913.0,2246160.0,2320272.0
2288977.0,2248487.0,2415993.0
2302185.0,2247224.0,2336558.0
2293125.0,2259856.0,2321937.0
2289044.0,2246281.0,2320409.0
2300999.0,2257017.0,2329986.0
2314680.0,2651393.0,2331589.0
2325912.0,2226510.0,2318703.0
239648.0,2258964.0,2419444.0
2289711.0,2257269.0,2322732.0
2291831.0,2257505.0,2324527.0
2290195.0,2257449.0,258022.0
2293898.0,2222560.0,2321340.0
2290329.0,2222411.0,2320637.0
2287395.0,2280668.0,2395881.0
2293096.0,2247504.0,685746.0
2296119.0,2245856.0,2325418.0
2297456.0,2226829.0,2323812.0
2295448.0,2247722.0,2320643.0
2296357.0,2256147.0,2304254.0
2309929.0,2246010.0,2318578.0
2288717.0,2246530.0,2317405.0
2295460.0,2261576.0,2320200.0
2291655.0,2245310.0,2357561.0
2289676.0,2258206.0,2292548.0
2292505.0,2259111.0,2334024.0
2293628.0,2261095.0,2362155.0
2287264.0,2255937.0,2428981.0
2288963.0,2256977.0,2416328.0
2285835.0,2219999.0,2327919.0
2294800.0,2262327.0,2414116.0
2287734.0,2258189.0,2321873.0
2297502.0,2244533.0,2417755.0
1080788.0,2259289.0,2415974.0
2297076.0,2245365.0,255941.0
2295451.0,2256723.0,2358479.0
2296008.0,2255169.0,2397014.0
2286300.0,2245548.0,2319581.0
2290064.0,2244978.0,2366662.0
2289136.0,2244207.0,2371254.0
2288615.0,2244259.0,2395936.0
2293225.0,2245241.0,2423788.0
2295364.0,2259610.0,255565.0
2290318.0,2251648.0,2323048.0
2294820.0,2250376.0,2301295.0
2316804.0,2258010.0,2318674.0
2293482.0,2553271.0,2316193.0
2297783.0,2258959.0,2322651.0
2298748.0,2257435.0,2366726.0
2288190.0,2259655.0,2414918.0
2286111.0,2245597.0,2370667.0
2289698.0,2258266.0,2414719.0
2296376.0,2247080.0,2338111.0
2300890.0,2321621.0,2333079.0
2297723.0,2220930.0,2332949.0
2295591.0,2259693.0,2321381.0
2290543.0,2245003.0,2321777.0
2286559.0,2227822.0,2364441.0
2295880.0,2258654.0,2321021.0
2304998.0,2257959.0,2343503.0
4683.0,2256181.0,2339698.0
2135677.0,2256823.0,2320147.0
4739.0,2256637.0,2326727.0
4803.0,2247092.0,2320074.0
4799.0,2244828.0,2320992.0
5031.0,2256582.0,2412807.0
4759.0,2257722.0,2416062.0
4695.0,2245805.0,2318504.0
2287335.0,2257156.0,2334447.0
2295186.0,2258465.0,2415198.0
2297318.0,2245093.0,2335884.0
2307444.0,2244581.0,2365306.0
2292291.0,2226273.0,2320223.0
2286284.0,2257094.0,2322273.0
2294594.0,2246895.0,2322647.0
2294326.0,2244603.0,2321825.0
2295339.0,2262476.0,2326237.0
2302796.0,2244766.0,2402088.0
2288720.0,2245933.0,2317837.0
2289497.0,2258324.0,2321697.0
2292958.0,2256664.0,1641975.0
2297517.0,2225238.0,2330343.0
2295647.0,2247579.0,2377462.0
2297477.0,2248079.0,2424812.0
2287283.0,2257433.0,2319935.0
2288223.0,2247983.0,2382137.0
2297191.0,2245133.0,2319904.0
2293726.0,2247565.0,2322450.0
2294605.0,2224802.0,2376849.0
2290417.0,2444697.0,2374969.0
2299205.0,2243806.0,2374374.0
2301663.0,2274268.0,2337249.0
2296661.0,2256576.0,2379008.0
2289518.0,2256413.0,2418057.0
2301208.0,2255151.0,336182.0
2296676.0,2245061.0,2327784.0
2297293.0,2261268.0,2393121.0
2301419.0,2256231.0,2419638.0
2305765.0,2257527.0,2295631.0
2296949.0,2245616.0,2316713.0
2296396.0,2244289.0,2348713.0
2296806.0,2256946.0,2319341.0
2293443.0,731.0,2319935.0
2295274.0,2258666.0,2359374.0
2295286.0,2255983.0,2371170.0
2295339.0,2219672.0,2324023.0
2300335.0,2220822.0,2319524.0
2298759.0,2245692.0,2319021.0
232283.0,2257311.0,2319630.0
2295609.0,2258089.0,2401004.0
2288815.0,2258312.0,2320418.0
2305258.0,2261303.0,2322751.0
2304080.0,2245233.0,2317078.0
2294705.0,2258101.0,2319702.0
2294658.0,2257457.0,2321585.0
2290496.0,2245241.0,2373938.0
2322193.0,2257976.0,2321388.0
2297062.0,2260360.0,2412231.0
2295377.0,2250464.0,2316369.0
2290568.0,2250367.0,2319488.0
2303541.0,2252813.0,753686.0
2294951.0,2245226.0,2319863.0
2297555.0,2258774.0,2317865.0
2291980.0,2256190.0,2322262.0
2301540.0,2290318.0,2323788.0
2294617.0,2247005.0,2324833.0
2295291.0,2246244.0,2318756.0
2294401.0,2257337.0,2320934.0
2289689.0,2244596.0,2321267.0
2286570.0,2246479.0,2321573.0
2290868.0,2221244.0,2412155.0
2294027.0,2257822.0,2358088.0
2300763.0,2257846.0,2317615.0
2287760.0,2257270.0,2319778.0
2285201.0,2243349.0,2323014.0
2405684.0,2247394.0,2322000.0
2297099.0,2246438.0,2364737.0
2287777.0,2245388.0,2323380.0
2294661.0,2257980.0,2374879.0
2291241.0,2218343.0,2415613.0
4799.0,2257710.0,2319583.0
2301314.0,2256168.0,2400705.0
4673.0,2257996.0,2366212.0
5023.0,2223632.0,2323682.0
4759.0,2249250.0,2330825.0
4799.0,2261131.0,2317877.0
4739.0,2257014.0,2323181.0
4759.0,2248098.0,2321638.0
4675.0,2257656.0,2319623.0
4759.0,2256313.0,2396129.0
4831.0,2262975.0,2333833.0
4739.0,2260516.0,257829.0
4739.0,2253954.0,2370593.0
4727.0,2259747.0,2321503.0
5149.0,2257664.0,2363085.0
4663.0,2258720.0,2324462.0
2304417.0,2257907.0,2319695.0
2291131.0,2260511.0,2304740.0
2290505.0,2219317.0,244007.0
2308845.0,2221332.0,2326037.0
2306481.0,2255962.0,2312642.0
2299170.0,2257443.0,2321902.0
2295360.0,2256059.0,2306786.0
2295363.0,2245381.0,2312143.0
2361162.0,2258920.0,2306018.0
2273366.0,2245504.0,2319007.0
2272985.0,2258768.0,2310056.0
2270862.0,2222055.0,2314383.0
2270745.0,2222077.0,816482.0
2278943.0,2258402.0,2322966.0
2268648.0,2261649.0,2320069.0
2272755.0,2256162.0,2308499.0
2274210.0,2258423.0,2322180.0
2368452.0,2243710.0,2305346.0
2271123.0,2284900.0,2309529.0
2268796.0,2255337.0,2319520.0
2274164.0,2222098.0,2317664.0
216073.0,2230742.0,2311262.0
2270863.0,2256884.0,2475584.0
2271175.0,2244029.0,2303186.0
2281067.0,2222915.0,2311886.0
2269262.0,2317737.0,2316868.0
2280747.0,2258738.0,2318194.0
2271652.0,2258642.0,2311562.0
2286641.0,2245262.0,2308136.0
2275797.0,2246283.0,2318535.0
2270045.0,3159835.0,2305601.0
2271089.0,2247859.0,2319784.0
2283449.0,2245035.0,2308519.0
2270567.0,2247807.0,2310457.0
2274609.0,3160829.0,2305300.0
2271430.0,3168987.0,2308898.0
8462.0,3162911.0,2318531.0
2269525.0,3169313.0,2308007.0
2275406.0,2248888.0,2303509.0
2284425.0,2251512.0,2320810.0
2343197.0,3168640.0,2322035.0
2358617.0,2245370.0,2313500.0
2276642.0,2251237.0,2311063.0
2272235.0,2255468.0,2321379.0
2359155.0,2257386.0,2314234.0
2271495.0,2246471.0,2321705.0
2269628.0,3167727.0,2317526.0
2282256.0,3162666.0,2308942.0
5504.0,3170133.0,2310133.0
4739.0,3165504.0,2308812.0
4799.0,3173184.0,2321074.0
4799.0,3258451.0,2316279.0
4759.0,2251730.0,2307888.0
4831.0,3168835.0,2322117.0
4767.0,3168520.0,2324186.0
4831.0,2249897.0,2308006.0
4739.0,3168621.0,2310515.0
4799.0,3165777.0,2318852.0
4735.0,2245227.0,2319899.0
4739.0,3163226.0,2310003.0
4675.0,2248124.0,2321081.0
4799.0,2248393.0,2322004.0
4735.0,2248066.0,2315369.0
4799.0,2248532.0,2308638.0
4695.0,2245804.0,2318426.0
4779.0,3168878.0,2308329.0
4747.0,2246077.0,2309091.0
4735.0,2247203.0,2315853.0
4739.0,3162488.0,2308057.0
4675.0,3167760.0,2307116.0
4619.0,3169465.0,2316498.0
4799.0,2248862.0,588331.0
4675.0,3163107.0,2311610.0
4779.0,2254006.0,2305929.0
4759.0,3257328.0,2309118.0
4675.0,2249524.0,2319239.0
4703.0,2247085.0,2325110.0
4695.0,2250129.0,2318296.0
2327621.0,3162415.0,2305989.0
4799.0,3167361.0,2320331.0
4675.0,2261620.0,2307608.0
4695.0,3163640.0,2306274.0
5181.0,2245365.0,2308297.0
4799.0,3168183.0,2307460.0
4779.0,3169251.0,2311688.0
4727.0,2246657.0,2316384.0
4831.0,3161768.0,2313439.0
4675.0,3166564.0,2315034.0
4739.0,2340060.0,2320466.0
4735.0,3169100.0,2306625.0
4735.0,3168809.0,2290925.0
4739.0,3162533.0,2307445.0
4799.0,2249999.0,2314637.0
4759.0,3180517.0,2309284.0
4799.0,2245452.0,2307701.0
4979.0,3162025.0,2310983.0
5181.0,2247578.0,2311666.0
2271185.0,3169322.0,743540.0
2276508.0,2436403.0,2310631.0
2272849.0,2266372.0,2317642.0
2357559.0,3152358.0,2318745.0
2268387.0,3169619.0,2320143.0
2268344.0,3168795.0,2307097.0
2270604.0,2253502.0,2310095.0
2267781.0,2246450.0,2309964.0
2269224.0,2728349.0,2319317.0
2271458.0,3172743.0,2323830.0
2268651.0,2248353.0,2310471.0
2269162.0,3179756.0,2305203.0
2358874.0,3163280.0,2317797.0
2270360.0,2246367.0,2309914.0
2273452.0,2248141.0,2314932.0
2271496.0,3169712.0,2304170.0
2269393.0,3166792.0,2309045.0
2270948.0,2254826.0,2305789.0
2270084.0,2247851.0,2305678.0
2273085.0,2250364.0,2305614.0
2276252.0,3169593.0,2309191.0
2272181.0,3168867.0,2310293.0
2275814.0,2256065.0,2320030.0
2272199.0,3162827.0,2308075.0
2337634.0,2244811.0,2394376.0
2268909.0,2250830.0,2318136.0
2323620.0,2244568.0,2312228.0
2306740.0,3168389.0,2320944.0
2294547.0,3162838.0,2310815.0
2269594.0,2274701.0,2309717.0
2276285.0,2246232.0,2310325.0
2275528.0,2249829.0,2312328.0
2269546.0,3163355.0,2309671.0
20329.0,3242730.0,2308216.0
2273595.0,3185506.0,2318951.0
2275815.0,2258984.0,2308641.0
2272066.0,2255844.0,2317897.0
2270997.0,3242532.0,2314544.0
2269826.0,3166495.0,2310343.0
2281788.0,3162079.0,1095706.0
2272845.0,3168097.0,2322888.0
2276485.0,2247155.0,2310802.0
2275279.0,3169412.0,2318879.0
2289294.0,3169183.0,2320257.0
2277738.0,2254557.0,2317905.0
2266825.0,3167698.0,2312455.0
2271746.0,3169150.0,2307941.0
2270659.0,3162183.0,2309818.0
2293190.0,3168600.0,2308611.0
2272493.0,3169765.0,2310609.0
2272991.0,2247572.0,2305859.0
2272325.0,2245778.0,2315937.0
2359640.0,3161293.0,2308175.0
2269080.0,2246788.0,2313064.0
2266891.0,3163078.0,2318417.0
2355354.0,2245318.0,2328194.0
2272507.0,3162890.0,2311092.0
2274476.0,3170313.0,2312734.0
2270055.0,2262684.0,2312906.0
2270018.0,2248859.0,2308489.0
2272489.0,3168981.0,2309917.0
2320823.0,2424552.0,2310276.0
2359819.0,3168386.0,2415039.0
2267251.0,2259217.0,2315184.0
2269805.0,3252638.0,2305625.0
2355241.0,3162764.0,2304172.0
2269078.0,2248992.0,2311865.0
2268669.0,3168981.0,2307783.0
2283317.0,3160828.0,2311404.0
2267627.0,2250113.0,2320061.0
2265328.0,2250280.0,2329030.0
2269090.0,3162590.0,2322967.0
2272753.0,2260667.0,2307797.0
2358332.0,2245674.0,2309647.0
2276190.0,3161031.0,2310180.0
2270159.0,3171988.0,2310943.0
2291635.0,3166860.0,2319142.0
2274200.0,3162497.0,2309105.0
213551.0,2266171.0,2310681.0
2271043.0,2244321.0,2320440.0
2268284.0,2245248.0,2308126.0
2269947.0,2480080.0,2321380.0
2271432.0,2250916.0,2321550.0
2280530.0,2265824.0,2312067.0
2270843.0,2249956.0,2301246.0
2277541.0,2642573.0,2320107.0
2271534.0,3168530.0,2318664.0
2270358.0,3166362.0,2310541.0
2271205.0,3169968.0,2309666.0
2269964.0,3168298.0,2309064.0
2273460.0,3167504.0,2415313.0
2276422.0,2246167.0,2313205.0
2276244.0,2282428.0,2315786.0
2271710.0,2247280.0,2308032.0
2274739.0,3258379.0,2303720.0
2268738.0,3165546.0,2311687.0
2272048.0,2248947.0,2307087.0
2285517.0,2252603.0,2300188.0
2268162.0,3159447.0,2319682.0
2275089.0,2262121.0,2322426.0
2272476.0,3168345.0,2307719.0
2362926.0,3168721.0,2306891.0
2271213.0,3180594.0,2405366.0
2269486.0,3162202.0,2416087.0
2274032.0,3168963.0,2342437.0
2268401.0,3172298.0,1434466.0
2289535.0,3162227.0,2320469.0
2269040.0,2244261.0,2311175.0
2267714.0,3168471.0,2310086.0
2273684.0,3157534.0,2305317.0
2274936.0,2248673.0,2308872.0
2270955.0,2257379.0,2321208.0
2269606.0,2258207.0,2309585.0
2271208.0,2248222.0,2308553.0
2268948.0,3168609.0,
2291006.0,2242517.0,
2270983.0,2249756.0,
2270097.0,3169207.0,
2266727.0,2246176.0,
2269914.0,2273467.0,
2275319.0,3168778.0,
2361319.0,3183028.0,
2267378.0,3178414.0,
2287577.0,2262243.0,
294253.0,2943853.0,
2278022.0,3161441.0,
2270766.0,2424791.0,
2268771.0,2246631.0,
2358578.0,2246719.0,
2249739.0,2248629.0,
2280310.0,2250450.0,
2356532.0,2249402.0,
2269271.0,3255004.0,
2276320.0,3163748.0,
2271490.0,3163224.0,
2270185.0,2246204.0,
2271913.0,2245347.0,
2285377.0,2248790.0,
213123.0,3163655.0,
2271461.0,2255663.0,
2271577.0,2254043.0,
2270370.0,3168573.0,
2354837.0,3162926.0,
2273390.0,3163478.0,
2267580.0,2261989.0,
2276735.0,2250829.0,
2274191.0,2260219.0,
2271419.0,2250157.0,
2357335.0,3166729.0,
2266953.0,2246224.0,
2276250.0,2258364.0,
2272203.0,2249461.0,
2354784.0,2246841.0,
2270970.0,3162673.0,
2271094.0,2247349.0,
95545.0,2249071.0,
2270405.0,3168477.0,
2272559.0,2248828.0,
2271094.0,3167135.0,
2271113.0,2252409.0,
2273445.0,3163022.0,
2275663.0,3162784.0,
2276065.0,2250027.0,
2366380.0,2259594.0,
2285517.0,2263630.0,
2285688.0,2251352.0,
2271862.0,2258806.0,
2268387.0,2258779.0,
2270150.0,2260224.0,
2274613.0,2247349.0,
2269021.0,2252601.0,
2270460.0,2258847.0,
2270456.0,2348053.0,
2271206.0,2259320.0,
2271228.0,2247069.0,
2270689.0,2259915.0,
2272862.0,2259123.0,
2267869.0,2258501.0,
2271805.0,2277799.0,
2282887.0,2439431.0,
2267222.0,2259292.0,
2271431.0,2261848.0,
2389880.0,2252463.0,
2455398.0,2260167.0,
2364459.0,2258779.0,
2358572.0,2265560.0,
2369449.0,2258966.0,
2379081.0,2246760.0,
2361249.0,2590821.0,
2380601.0,2245687.0,
2361211.0,2245270.0,
2384313.0,2260518.0,
2462439.0,2260325.0,
2359492.0,2251014.0,
2360320.0,2259709.0,
2364266.0,2255981.0,
2355157.0,2246265.0,
2458608.0,2249050.0,
2416139.0,2242414.0,
2363476.0,2349046.0,
2447866.0,2247008.0,
2392805.0,2253801.0,
2417452.0,2247412.0,
2363387.0,2245811.0,
2359563.0,2245589.0,
2460839.0,2259876.0,
2476156.0,2261949.0,
2361626.0,2260676.0,
2463636.0,2246663.0,
2386528.0,2259108.0,
2360772.0,2261036.0,
2386678.0,2245959.0,
2380042.0,2261182.0,
2457964.0,2249318.0,
2458511.0,2259248.0,
2371906.0,2258366.0,
2380527.0,2249987.0,
2364406.0,2246617.0,
2362251.0,2260033.0,
2366421.0,2265608.0,
2459133.0,2245552.0,
2455881.0,2270076.0,
2361435.0,2259489.0,
2380332.0,2250519.0,
2369574.0,2259462.0,
2387932.0,2253820.0,
2367875.0,2247892.0,
2389837.0,2264426.0,
2366269.0,2247997.0,
2360301.0,2250874.0,
2362824.0,2250524.0,
2358428.0,2268676.0,
2363696.0,2245763.0,
2373980.0,2261024.0,
2380892.0,2246895.0,
2458122.0,2301196.0,
2459580.0,2259969.0,
2372444.0,2259444.0,
2380440.0,2262042.0,
2370915.0,2261046.0,
2467850.0,2258616.0,
2459564.0,2272877.0,
2373543.0,2245486.0,
2457064.0,3246598.0,
2419737.0,2250006.0,
2373365.0,2251140.0,
2364335.0,2258036.0,
2380693.0,2260033.0,
2374695.0,2260777.0,
2367141.0,2260508.0,
2358141.0,2246315.0,
2455813.0,2258898.0,
2362283.0,2360726.0,
2358670.0,2257798.0,
2458152.0,2259941.0,
2363914.0,2264661.0,
2377556.0,2260119.0,
2359112.0,2260835.0,
2360278.0,2247979.0,
2365460.0,2259781.0,
2428681.0,2260940.0,
2363372.0,2249544.0,
2362554.0,2261105.0,
2395989.0,2260118.0,
2414807.0,2245824.0,
2357088.0,2251002.0,
2423291.0,2252057.0,
2357825.0,2258974.0,
2358559.0,2245644.0,
2361772.0,2258540.0,
2361215.0,2255619.0,
2368137.0,2261964.0,
2364126.0,2258706.0,
2364492.0,2258599.0,
2457493.0,2250186.0,
2360058.0,2258707.0,
2360818.0,2246234.0,
2358358.0,2243820.0,
2465169.0,2246971.0,
2362445.0,2585908.0,
2460259.0,2244851.0,
2364009.0,2260082.0,
2361208.0,2260779.0,
2408427.0,2245998.0,
2359811.0,2244720.0,
2358304.0,2394909.0,
2457070.0,2245619.0,
2404065.0,2257229.0,
2419940.0,2246205.0,
2361915.0,2254566.0,
2361203.0,2250629.0,
2456540.0,2249589.0,
2457430.0,2245752.0,
2374857.0,2245609.0,
2361236.0,2270806.0,
2460413.0,2256582.0,
2381584.0,2244307.0,
2461435.0,2253503.0,
2357907.0,2259626.0,
2360386.0,2243588.0,
2460271.0,2260036.0,
2455115.0,2259621.0,
2456681.0,2271415.0,
2385233.0,2246721.0,
2473753.0,2250430.0,
2380436.0,2260763.0,
2370706.0,2245624.0,
2455939.0,2246864.0,
2356868.0,2249817.0,
2461665.0,2270562.0,
2361010.0,2243639.0,
2367929.0,2246062.0,
2463296.0,2259604.0,
2381697.0,2259320.0,
2456666.0,2245059.0,
2364038.0,2250519.0,
2362975.0,2246384.0,
2458710.0,2244800.0,
2370282.0,2261992.0,
2363858.0,2260670.0,
2404134.0,2258553.0,
2362553.0,2261855.0,
2465758.0,2245382.0,
2460400.0,2248872.0,
2358911.0,2271965.0,
2358047.0,2245012.0,
6630.0,2252047.0,
2356134.0,2272688.0,
2395644.0,2252659.0,
2364327.0,3249402.0,
2406467.0,2251393.0,
2373964.0,2263915.0,
2359874.0,2262173.0,
2359077.0,2256975.0,
2365571.0,2253733.0,
2382272.0,2259022.0,
2364382.0,2247057.0,
2361974.0,2348098.0,
2458909.0,2262856.0,
2370297.0,2248442.0,
2381078.0,2260779.0,
2456448.0,2349186.0,
2376354.0,2259977.0,
2358100.0,2263856.0,
2459257.0,2248975.0,
2367701.0,2349303.0,
2363603.0,2246884.0,
2376689.0,3161942.0,
2464129.0,2245864.0,
2365438.0,2250742.0,
2457168.0,2256780.0,
2386432.0,2259537.0,
2358038.0,2254006.0,
2386727.0,2256761.0,
2369532.0,2245326.0,
2366067.0,2260021.0,
2367556.0,2246827.0,
2382187.0,2258520.0,
2404805.0,2260710.0,
2457980.0,2259222.0,
2467287.0,2245877.0,
2456813.0,2244707.0,
2355240.0,2265681.0,
2364154.0,2259782.0,
2379878.0,2260265.0,
2385108.0,2245528.0,
2458132.0,2260371.0,
2360556.0,2269967.0,
2362766.0,2244636.0,
2378579.0,2262683.0,
2455927.0,2245670.0,
2393940.0,2251362.0,
2364468.0,2246258.0,
2458189.0,2275243.0,
2449814.0,2241635.0,
2468477.0,2244978.0,
2456963.0,2252142.0,
2456728.0,2262021.0,
2459814.0,2250906.0,
2458579.0,2270249.0,
2370306.0,2259888.0,
2374008.0,2259009.0,
2365330.0,2243955.0,
2459274.0,2245674.0,
2379660.0,2246016.0,
2358077.0,2276318.0,
2445760.0,2248761.0,
2457143.0,2252913.0,
2382761.0,2262444.0,
2386135.0,2262940.0,
2362343.0,2261082.0,
2385509.0,2259737.0,
2301203.0,2261426.0,
2385705.0,2264052.0,
2383247.0,2264136.0,
2398168.0,2260005.0,
2291503.0,2260862.0,
2359775.0,2250141.0,
2293124.0,2264667.0,
2297463.0,2262324.0,
2384900.0,2262801.0,
2287001.0,2272308.0,
4727.0,2262177.0,
4799.0,2258514.0,
4683.0,3258412.0,
4799.0,2267746.0,
4779.0,2257854.0,
4759.0,2260851.0,
4739.0,2262590.0,
4759.0,2261492.0,
4759.0,2259675.0,
4759.0,3199970.0,
2290250.0,2258286.0,
4695.0,2259023.0,
4759.0,2267193.0,
4759.0,2262895.0,
4759.0,2260323.0,
2285868.0,2265655.0,
2384813.0,2250408.0,
2398320.0,2268187.0,
2287556.0,2264320.0,
2383129.0,2265287.0,
2387522.0,3250950.0,
2382414.0,2265393.0,
2380337.0,2260809.0,
2384741.0,2263750.0,
2381917.0,2262597.0,
2383805.0,3257683.0,
2386987.0,2262208.0,
2377360.0,2263864.0,
2380116.0,2310809.0,
2296252.0,2258061.0,
2301154.0,3168886.0,
2387169.0,2261149.0,
2291805.0,2259173.0,
2383968.0,2264930.0,
2291341.0,2262480.0,
2298513.0,2274923.0,
2387394.0,2262746.0,
2382812.0,2261467.0,
2312951.0,2263041.0,
2395004.0,2261900.0,
2286236.0,2261895.0,
2379514.0,2264239.0,
2288702.0,2269527.0,
2380466.0,2231051.0,
2304747.0,2316772.0,
2374935.0,2249836.0,
2292914.0,2264763.0,
2291873.0,2260576.0,
2294341.0,2260037.0,
2295981.0,2262762.0,
2376376.0,2348712.0,
2382615.0,2260778.0,
2381798.0,2257944.0,
2376103.0,2298587.0,
2385887.0,2266447.0,
2293922.0,2264923.0,
2295029.0,2249540.0,
2297711.0,2261434.0,
2374391.0,2250454.0,
2289452.0,2262777.0,
2296338.0,2248754.0,
2376445.0,2263013.0,
2294949.0,2349933.0,
2378235.0,2260708.0,
2384718.0,2259082.0,
2291291.0,2249942.0,
2294798.0,2262169.0,
2297313.0,2260931.0,
2373187.0,2250293.0,
2385628.0,2257892.0,
2384678.0,2265634.0,
2379491.0,2250310.0,
2293578.0,2249591.0,
2413545.0,2264730.0,
2296044.0,66863.0,
2403195.0,2262682.0,
2384411.0,2262875.0,
2384318.0,2284766.0,
2291545.0,2258796.0,
2295889.0,2265457.0,
2298007.0,2258302.0,
2297518.0,2249632.0,
2401502.0,2266245.0,
2376451.0,2258918.0,
2286500.0,2280632.0,
2325958.0,2265453.0,
2292675.0,2262742.0,
2286773.0,2260454.0,
2289083.0,2262137.0,
2409476.0,2263296.0,
2387558.0,2266818.0,
2290763.0,2262192.0,
2397517.0,2263360.0,
2386166.0,2260089.0,
2375879.0,2258719.0,
2382516.0,2263635.0,
2374739.0,2264054.0,
2374860.0,2250646.0,
2377273.0,2263237.0,
2285759.0,2263247.0,
2291664.0,2264402.0,
2285782.0,2262335.0,
2383489.0,2258115.0,
2384692.0,2279176.0,
2374282.0,2292435.0,
2295355.0,2262524.0,
2296561.0,2262511.0,
2379339.0,2355768.0,
2286024.0,2267754.0,
2292237.0,2349120.0,
2286920.0,2358051.0,
2291151.0,2262088.0,
2298952.0,2261254.0,
2287285.0,2257305.0,
2296561.0,2261116.0,
2379207.0,2271620.0,
2381093.0,2259699.0,
2392464.0,2252398.0,
2294144.0,2259615.0,
2400021.0,2259134.0,
2291228.0,2261125.0,
2287457.0,3253189.0,
2401254.0,2262456.0,
2382983.0,3169457.0,
2290867.0,2273890.0,
2295923.0,2262616.0,
2292607.0,2259804.0,
2388563.0,2263392.0,
2384755.0,2249934.0,
2383239.0,2264175.0,
2377466.0,2264467.0,
2377005.0,2257411.0,
2293019.0,2255410.0,
2298183.0,2267300.0,
2386041.0,2274157.0,
2287733.0,2262676.0,
2293157.0,2250364.0,
2382631.0,2263533.0,
2374940.0,3257742.0,
2391663.0,2259740.0,
2384838.0,2258822.0,
2296009.0,2258902.0,
243486.0,2257935.0,
2299106.0,2260968.0,
2292969.0,2249495.0,
2295457.0,2259003.0,
2294794.0,3256425.0,
2386635.0,2258142.0,
2388788.0,2259975.0,
2390847.0,2250761.0,
2299358.0,2262548.0,
2382823.0,2261018.0,
2286303.0,2260099.0,
2296620.0,2258885.0,
4771.0,2351332.0,
4739.0,2260323.0,
4739.0,3251081.0,
4759.0,3170753.0,
4739.0,2259811.0,
4739.0,2261597.0,
4739.0,2263596.0,
4759.0,2261802.0,
4811.0,2265681.0,
4799.0,2258555.0,
4739.0,2248818.0,
4739.0,3167530.0,
4739.0,2249777.0,
4739.0,3249385.0,
4739.0,2259868.0,
4739.0,2262514.0,
4799.0,2248180.0,
4739.0,2262063.0,
4803.0,2263866.0,
4739.0,2264196.0,
4739.0,2261828.0,
4739.0,2260540.0,
4779.0,2262053.0,
4767.0,2262499.0,
4739.0,2261338.0,
4799.0,2263323.0,
4739.0,2262587.0,
4759.0,2250842.0,
4759.0,2258854.0,
4651.0,2258869.0,
4759.0,3259824.0,
2321462.0,2258646.0,
2293752.0,2260751.0,
2398403.0,2262935.0,
2374860.0,2262605.0,
2287946.0,2262568.0,
2372631.0,3167102.0,
2380617.0,2351021.0,
2379798.0,2249741.0,
2382288.0,2264326.0,
2391015.0,2279339.0,
2284753.0,2263022.0,
2386123.0,2262020.0,
2294934.0,2263056.0,
2377400.0,2248303.0,
2377691.0,2263287.0,
2376725.0,2264270.0,
2382886.0,2263303.0,
2302935.0,2260356.0,
2384271.0,3252398.0,
2384808.0,2265288.0,
2387022.0,2263287.0,
2286428.0,2352169.0,
2285953.0,2280994.0,
2296611.0,2258451.0,
2384745.0,2260619.0,
2393715.0,2250023.0,
2292540.0,2295448.0,
2384894.0,2262730.0,
2398169.0,2263389.0,
2295272.0,2259072.0,
2295122.0,2263160.0,
2289023.0,2250392.0,
2311582.0,2259088.0,
2398140.0,2267456.0,
2306018.0,2262379.0,
2294342.0,2266453.0,
2293748.0,2262123.0,
2297593.0,2352247.0,
2383341.0,2259580.0,
2293241.0,2258948.0,
2383158.0,2259116.0,
2293934.0,2264446.0,
2382571.0,2263493.0,
2382206.0,2273772.0,
2378088.0,2264230.0,
2382712.0,3169555.0,
2385486.0,2263553.0,
2383657.0,2258427.0,
2295497.0,2258689.0,
2297236.0,2250583.0,
2286970.0,2264753.0,
2383136.0,2257708.0,
2380641.0,2261802.0,
2296355.0,2263970.0,
2293753.0,2262424.0,
2286191.0,2258158.0,
2378113.0,2264472.0,
262800.0,2365412.0,
260239.0,2264582.0,
10639.0,2262792.0,
262506.0,2251054.0,
2322606.0,2259333.0,
760621.0,795.0,
262300.0,2286826.0,
6695.0,2263902.0,
10585.0,2248427.0,
2336295.0,2259781.0,
258845.0,2263084.0,
2326255.0,2259316.0,
6695.0,2250031.0,
262743.0,2259250.0,
258189.0,2272472.0,
10607.0,2264610.0,
262375.0,2265350.0,
345253.0,2265656.0,
10585.0,2257519.0,
264890.0,3249538.0,
6695.0,2260623.0,
10553.0,2258574.0,
6695.0,2261109.0,
260411.0,2269096.0,
267642.0,2261298.0,
11357.0,2257621.0,
6695.0,2265112.0,
10639.0,2265166.0,
12666.0,2260639.0,
6695.0,2263404.0,
341430.0,2351776.0,
10649.0,2250364.0,
260413.0,2261644.0,
6695.0,2255748.0,
260125.0,2281136.0,
262509.0,2264414.0,
6695.0,2249105.0,
6695.0,2346490.0,
684196.0,2264564.0,
10639.0,2287062.0,
339999.0,2262177.0,
257249.0,3182082.0,
6631.0,2262776.0,
258165.0,2257912.0,
11421.0,2262278.0,
6695.0,2261201.0,
6759.0,2273402.0,
6751.0,2270631.0,
6695.0,2254507.0,
10585.0,2263354.0,
10236.0,2263118.0,
261950.0,2275087.0,
262578.0,2258463.0,
263360.0,2280894.0,
6695.0,2266096.0,
6759.0,2249776.0,
261982.0,2281845.0,
259105.0,2345595.0,
6695.0,2260997.0,
761647.0,3260170.0,
266126.0,2260280.0,
257086.0,2263087.0,
262984.0,2263223.0,
6695.0,731.0,
6631.0,95850.0,
6695.0,2249877.0,
260306.0,2262801.0,
6695.0,2263436.0,
6695.0,2263437.0,
6631.0,2250274.0,
262988.0,2269413.0,
6803.0,2263004.0,
10585.0,2259602.0,
6695.0,2232366.0,
10703.0,2263276.0,
6695.0,2265436.0,
260504.0,2263192.0,
260470.0,2263090.0,
265238.0,2263522.0,
263131.0,2352557.0,
263260.0,2284251.0,
6695.0,2262294.0,
263676.0,2261301.0,
261487.0,2257638.0,
2325076.0,2321578.0,
6695.0,2273772.0,
259163.0,2249619.0,
262051.0,2351827.0,
262610.0,2258604.0,
262472.0,2262619.0,
258955.0,2258755.0,
2272142.0,2262570.0,
262486.0,2353303.0,
256662.0,2249384.0,
258520.0,2282157.0,
6695.0,731.0,
263039.0,3164141.0,
262995.0,2264498.0,
263207.0,2263054.0,
10703.0,2263854.0,
258611.0,3171111.0,
263073.0,2261199.0,
264136.0,2259717.0,
256686.0,2263517.0,
6695.0,2260567.0,
6631.0,2262811.0,
263050.0,2257469.0,
10639.0,2271121.0,
263154.0,2264931.0,
756595.0,2263542.0,
262190.0,2249298.0,
6759.0,2264941.0,
263238.0,2281497.0,
6695.0,2259102.0,
6695.0,2259233.0,
1458990.0,2263277.0,
6695.0,2260208.0,
2292981.0,2260398.0,
6695.0,2259474.0,
262445.0,2284183.0,
258882.0,2333826.0,
2323457.0,2263675.0,
6695.0,2263952.0,
10639.0,3170610.0,
261562.0,2248094.0,
10607.0,2266068.0,
6695.0,2262827.0,
6739.0,2258982.0,
6695.0,2257722.0,
368702.0,2259267.0,
10585.0,2262613.0,
256585.0,3171831.0,
10585.0,2249364.0,
10649.0,2263360.0,
9976.0,2262911.0,
6695.0,2258415.0,
6695.0,2228967.0,
260104.0,2264121.0,
263801.0,2259461.0,
6695.0,2259630.0,
256630.0,2262257.0,
6631.0,2266950.0,
259202.0,2276629.0,
263122.0,2250295.0,
337893.0,2261941.0,
6695.0,2261908.0,
260759.0,2259334.0,
6695.0,2267731.0,
261354.0,2262426.0,
6631.0,2263314.0,
263058.0,2343225.0,
6695.0,2263287.0,
6695.0,2278450.0,
6695.0,2263024.0,
2305953.0,2257256.0,
6695.0,2262724.0,
264524.0,2259467.0,
260308.0,2261797.0,
11421.0,3196835.0,
2319328.0,3171643.0,
264199.0,3213855.0,
258067.0,2263453.0,
2302146.0,2366762.0,
2312696.0,2272173.0,
2301164.0,3172693.0,
368798.0,3173964.0,
360380.0,2344124.0,
2297644.0,2356596.0,
2304059.0,3266800.0,
256546.0,2345707.0,
336372.0,2251036.0,
261707.0,2266670.0,
2323789.0,2351464.0,
2304915.0,3251406.0,
368746.0,2359191.0,
755745.0,3260341.0,
2325755.0,2260898.0,
260597.0,3171156.0,
2324856.0,3169399.0,
259240.0,3171034.0,
761307.0,3160047.0,
2324717.0,3251446.0,
258776.0,3178712.0,
2299450.0,2268496.0,
260511.0,2250599.0,
259350.0,2326017.0,
2323754.0,3174897.0,
2325649.0,3175727.0,
1982831.0,2249945.0,
2302213.0,3179760.0,
2299393.0,3257106.0,
2295307.0,2359947.0,
758321.0,2346482.0,
2335855.0,2259906.0,
2327219.0,2342878.0,
2324276.0,3170315.0,
2322947.0,2259522.0,
260563.0,2268064.0,
2303899.0,3173729.0,
263113.0,2267397.0,
2299861.0,3182786.0,
256513.0,3247050.0,
2325818.0,2249316.0,
257981.0,2350739.0,
2314231.0,3169551.0,
756133.0,3260158.0,
338738.0,2321998.0,
256969.0,2373395.0,
258523.0,2364610.0,
2322942.0,2266145.0,
2301428.0,2358822.0,
259521.0,3172443.0,
2322907.0,2359658.0,
263180.0,2260013.0,
341260.0,3268495.0,
2324412.0,3173212.0,
256600.0,2359506.0,
258658.0,2345994.0,
757433.0,2350313.0,
2304536.0,3170632.0,
340209.0,2276057.0,
583519.0,2348033.0,
336110.0,2345903.0,
756245.0,2372158.0,
2312610.0,3174006.0,
2326021.0,3173012.0,
257718.0,2345178.0,
2295048.0,2248142.0,
258274.0,2346050.0,
340297.0,2363930.0,
259274.0,2345860.0,
2253820.0,2250020.0,
259088.0,2258198.0,
258782.0,2342400.0,
336851.0,2250641.0,
2321830.0,3171795.0,
2303669.0,2250905.0,
360477.0,2363891.0,
262930.0,3232374.0,
2302975.0,2260766.0,
263079.0,3186370.0,
456076.0,2258509.0,
2326496.0,3176169.0,
258007.0,3168973.0,
2302680.0,3162090.0,
257114.0,2280539.0,
2043250.0,2354595.0,
259198.0,2346313.0,
361080.0,3182067.0,
262903.0,2346236.0,
259557.0,3264299.0,
2298542.0,2347476.0,
2297956.0,3174920.0,
699037.0,3170290.0,
361434.0,3210923.0,
263275.0,3180993.0,
259494.0,2360373.0,
755369.0,3170178.0,
2317767.0,2270532.0,
2323209.0,2346507.0,
2310925.0,2347220.0,
2307835.0,2337013.0,
256545.0,2272397.0,
2313532.0,2360152.0,
2295178.0,2341558.0,
258059.0,3171346.0,
260157.0,2359789.0,
2301422.0,3167358.0,
258955.0,2258908.0,
684190.0,3251896.0,
2305506.0,2344954.0,
259150.0,2361169.0,
1632347.0,2262400.0,
758482.0,2259894.0,
2308455.0,2345893.0,
2308144.0,2344766.0,
340795.0,2251043.0,
259241.0,3171512.0,
2323908.0,3174133.0,
259224.0,2268370.0,
341615.0,2275674.0,
340465.0,2509990.0,
2321586.0,3186301.0,
754151.0,2382536.0,
259160.0,2298147.0,
2323243.0,2346729.0,
1117799.0,3169596.0,
256865.0,2346718.0,
2300325.0,3230542.0,
256698.0,3171785.0,
342192.0,2372677.0,
2319225.0,2361288.0,
2301202.0,3191235.0,
258422.0,2332621.0,
2295828.0,3250966.0,
2322083.0,2362849.0,
2302676.0,2272546.0,
1227718.0,2342889.0,
2323641.0,2251214.0,
1256142.0,3171754.0,
257152.0,2377913.0,
259823.0,2265840.0,
2293183.0,3168212.0,
364790.0,2259830.0,
2304473.0,3171184.0,
756217.0,3188403.0,
341481.0,2344954.0,
259178.0,3170567.0,
2293460.0,3179536.0,
2305198.0,2271223.0,
259713.0,3174568.0,
259402.0,3170443.0,
263057.0,2354789.0,
2292072.0,2345178.0,
1951398.0,2351326.0,
258197.0,2251044.0,
1797190.0,2374668.0,
2306387.0,2358324.0,
256779.0,3255832.0,
260521.0,2333439.0,
2314396.0,2259996.0,
256596.0,2345548.0,
262019.0,2278692.0,
116098.0,3177215.0,
2307736.0,3253287.0,
755827.0,2250124.0,
2296955.0,2346965.0,
2304562.0,3192521.0,
257865.0,2259026.0,
263395.0,2267943.0,
2295798.0,2343539.0,
2324246.0,3203392.0,
10585.0,3169465.0,
2308068.0,2345988.0,
2301387.0,2258359.0,
259440.0,2342201.0,
258110.0,2343682.0,
756791.0,2280405.0,
2309373.0,2250742.0,
2297658.0,2250594.0,
260541.0,2345977.0,
262165.0,2249337.0,
260532.0,3287940.0,
268052.0,2354997.0,
258609.0,3180800.0,
263282.0,3212452.0,
726858.0,2333494.0,
258268.0,2250481.0,
500793.0,2346813.0,
2311984.0,2359922.0,
257146.0,2269267.0,
2322279.0,2264442.0,
256534.0,3180006.0,
2310131.0,3179613.0,
2303493.0,3171017.0,
2313066.0,2272952.0,
341759.0,2275074.0,
2302306.0,2244479.0,
341616.0,2257806.0,
262967.0,2245313.0,
758166.0,2245992.0,
2193405.0,2244585.0,
2322830.0,2259271.0,
258978.0,2254704.0,
260880.0,2259399.0,
2324067.0,2257599.0,
2322364.0,2244689.0,
2387564.0,3176381.0,
2325340.0,2259371.0,
2313477.0,2259032.0,
2315997.0,2260154.0,
2318993.0,2244144.0,
2322250.0,3207618.0,
2321334.0,2252138.0,
2319787.0,2271220.0,
2331201.0,2261496.0,
2320403.0,2246275.0,
2316585.0,2260105.0,
2319487.0,2259377.0,
2319699.0,2243218.0,
2317749.0,3192825.0,
2314609.0,3370350.0,
2326919.0,2247489.0,
2335590.0,2259140.0,
2324938.0,2246670.0,
2330465.0,2260589.0,
2319655.0,2257027.0,
2317223.0,3214270.0,
2318956.0,2258926.0,
2326758.0,3195357.0,
2316488.0,2257213.0,
2315763.0,2259229.0,
2327443.0,2260282.0,
2325817.0,2261270.0,
2315768.0,3161745.0,
2321463.0,3193689.0,
2314509.0,2260530.0,
2376735.0,2397594.0,
2331277.0,2259333.0,
2323009.0,2318755.0,
2324559.0,2257559.0,
2318517.0,2248100.0,
2321404.0,2261558.0,
2324582.0,3198574.0,
2318353.0,2245131.0,
2319322.0,2245657.0,
2319676.0,2361302.0,
2320728.0,2245249.0,
2325872.0,2257872.0,
2324133.0,2244562.0,
2318040.0,2258462.0,
2322647.0,2246786.0,
2314362.0,2261717.0,
2316532.0,2247925.0,
2315804.0,2269855.0,
2314223.0,2258917.0,
2321444.0,2244063.0,
2318378.0,2245229.0,
2316682.0,2259721.0,
2314919.0,3251460.0,
2323088.0,2245866.0,
2317788.0,2258715.0,
2317562.0,2277449.0,
2321049.0,2259976.0,
2330853.0,3217147.0,
2314329.0,2262420.0,
2321409.0,2244735.0,
2320530.0,2255553.0,
2319752.0,3180396.0,
2316939.0,2245405.0,
2401039.0,2294439.0,
2326170.0,2244607.0,
2323431.0,2247437.0,
2327481.0,2262464.0,
2332915.0,2243197.0,
2320135.0,2245578.0,
2317893.0,2245999.0,
2314824.0,2259354.0,
2318558.0,2257845.0,
2320237.0,2258989.0,
2320646.0,2258779.0,
2317891.0,2259357.0,
2315066.0,2246412.0,
2329702.0,2244204.0,
2324172.0,3196149.0,
2312929.0,2247275.0,
2342899.0,3178374.0,
2325264.0,2243653.0,
2332712.0,3196066.0,
2329695.0,2245765.0,
2320164.0,2261170.0,
2317262.0,2306154.0,
2319725.0,2259440.0,
2321322.0,2251271.0,
2357882.0,3250349.0,
2319507.0,2259507.0,
2358146.0,2262309.0,
2328808.0,2244187.0,
2341738.0,2256722.0,
2430692.0,2298590.0,
2322716.0,2243891.0,
2326957.0,2244149.0,
2321450.0,2256640.0,
2323038.0,2258407.0,
2318345.0,2246109.0,
2327000.0,2258437.0,
4703.0,2291166.0,
2359758.0,2263526.0,
2317057.0,2268024.0,
2332007.0,2261806.0,
2326019.0,3197704.0,
2321002.0,2253973.0,
2311551.0,2259109.0,
2316301.0,2258550.0,
2318561.0,2254798.0,
2325674.0,2258218.0,
2315791.0,2259188.0,
2318211.0,2275185.0,
2315335.0,2258610.0,
2320319.0,2247195.0,
2314193.0,2261416.0,
2324250.0,2257275.0,
2319502.0,3191354.0,
2323676.0,2263624.0,
2316291.0,2249712.0,
2318903.0,2258665.0,
2316833.0,2251373.0,
2325600.0,3163142.0,
2316061.0,2253372.0,
2313658.0,2258735.0,
2318697.0,2263828.0,
2317575.0,2244758.0,
2317265.0,3203539.0,
2314000.0,2260381.0,
2316995.0,2258481.0,
2349164.0,2258722.0,
2340124.0,2262594.0,
2335865.0,2261895.0,
2320374.0,2247365.0,
2318231.0,2244473.0,
2323309.0,3198275.0,
2316091.0,2261471.0,
2316381.0,2245789.0,
2322395.0,2260166.0,
2311692.0,2243902.0,
2331705.0,2259867.0,
2321655.0,2259285.0,
2319820.0,2259542.0,
2317454.0,2261737.0,
2316091.0,2276959.0,
2315918.0,2251895.0,
2325105.0,2258386.0,
2336016.0,2291721.0,
2313122.0,2257569.0,
2316607.0,2258971.0,
2314376.0,2262921.0,
2323976.0,2245408.0,
2333082.0,2250033.0,
2319785.0,2257650.0,
2347973.0,2245928.0,
2321697.0,2259728.0,
2319771.0,2352749.0,
2314282.0,2273257.0,
2315221.0,2245702.0,
2334407.0,2261838.0,
2317810.0,2258302.0,
2314053.0,2259729.0,
2317620.0,2260669.0,
2318965.0,2250212.0,
2320242.0,3193114.0,
2314836.0,2247833.0,
2319458.0,2245822.0,
2323867.0,2272774.0,
2336111.0,2258943.0,
2365765.0,2244083.0,
2334935.0,2273914.0,
2316046.0,3205144.0,
2318515.0,3195992.0,
2313469.0,971944.0,
2321671.0,16181.0,
2316374.0,4687.0,
2368395.0,3208972.0,
2328748.0,2260754.0,
2319881.0,2259378.0,
2322373.0,2243842.0,
2424942.0,2262732.0,
2319847.0,2259947.0,
2317599.0,2259299.0,
2318839.0,2260979.0,
2320761.0,2259085.0,
2315684.0,3207403.0,
2322791.0,2245260.0,
2320556.0,2243839.0,
2323594.0,2246237.0,
2318589.0,2244941.0,
2319244.0,2246847.0,
2315275.0,2261513.0,
2337802.0,3251774.0,
2328496.0,2260945.0,
2314381.0,2946351.0,
2336545.0,2257763.0,
2320090.0,195975.0,
2326243.0,2259136.0,
2316213.0,2246310.0,
2318775.0,2245838.0,
2314788.0,2258060.0,
2314190.0,2260836.0,
2319412.0,2244553.0,
2321475.0,2258793.0,
2384971.0,2247029.0,
2317452.0,2246391.0,
2325503.0,2260317.0,
2324201.0,2246002.0,
2314528.0,2246042.0,
2330048.0,2257230.0,
,2258856.0,
,2247320.0,
,2259030.0,
,2244381.0,
,2246708.0,
,3174161.0,
,2246509.0,
,2258950.0,
,2242446.0,
,2268271.0,
,2245911.0,
,2258431.0,
,2274595.0,
,2262690.0,
,2278742.0,
,2260911.0,
,2261361.0,
,2337687.0,
,2298423.0,
,2264309.0,
,2263417.0,
,2246483.0,
,2270879.0,
,2260227.0,
,2264057.0,
,2262039.0,
,2261546.0,
,2250812.0,
,2273682.0,
,2275046.0,
,2270673.0,
,2265743.0,
,2264353.0,
,2259507.0,
,2249332.0,
,2270438.0,
,2311728.0,
,2271407.0,
,2260510.0,
,2296902.0,
,2277994.0,
,2262391.0,
,2348229.0,
,2259599.0,
,2264515.0,
,2259370.0,
,2259531.0,
,2258902.0,
,2259700.0,
,2270242.0,
,2250483.0,
,2312401.0,
,2262139.0,
,2268681.0,
,3252355.0,
,2261639.0,
,2265905.0,
,2260616.0,
,2263376.0,
,2270380.0,
,2264894.0,
,2259918.0,
,2262837.0,
,2312663.0,
,2261999.0,
,2263408.0,
,2249114.0,
,2266979.0,
,2273931.0,
,2259917.0,
,2268651.0,
,2274050.0,
,2259887.0,
,2262331.0,
,2262538.0,
,2264705.0,
,2264131.0,
,2260203.0,
,2259212.0,
,2263236.0,
,2263344.0,
,2259327.0,
,2257005.0,
,2265024.0,
,2263682.0,
,731.0,
,202478.0,
,2060767.0,
,2262245.0,
,2249073.0,
,2258422.0,
,2276851.0,
,2281207.0,
,2325421.0,
,2270436.0,
,2266050.0,
,2261117.0,
,2260979.0,
,2311965.0,
,2250945.0,
,2265571.0,
,2251247.0,
,2260436.0,
,2353602.0,
,2259976.0,
,2264718.0,
,2272871.0,
,2263619.0,
,2262696.0,
,2260681.0,
,731.0,
,203022.0,
,42646.0,
,84847.0,
,2264729.0,
,2246876.0,
,2288855.0,
,2259138.0,
,3251054.0,
,2261720.0,
,3197610.0,
,2265973.0,
,2266580.0,
,2290894.0,
,2283097.0,
,2274670.0,
,2260355.0,
,2262059.0,
,2248939.0,
,2262579.0,
,2251079.0,
,2262903.0,
,4176.0,
,194899.0,
,4609.0,
,2250548.0,
,2260348.0,
,2249151.0,
,2259139.0,
,2254313.0,
,2260598.0,
,2250601.0,
,2260955.0,
,2252747.0,
,2261294.0,
,2262624.0,
,2264856.0,
,2264491.0,
,2277553.0,
,2265198.0,
,2306796.0,
,2261859.0,
,2321114.0,
,2265433.0,
,2259527.0,
,2274158.0,
,2264033.0,
,2261551.0,
,2298751.0,
,2262272.0,
,2261966.0,
,2263224.0,
,2280734.0,
,2278290.0,
,2474011.0,
,2267449.0,
,2269388.0,
,2258343.0,
,2269054.0,
,2251139.0,
,2260790.0,
,2286967.0,
,2283353.0,
,2275378.0,
,2279835.0,
,2250462.0,
,2263984.0,
,2262492.0,
,2259384.0,
,2274136.0,
,2264773.0,
,2265056.0,
,2250395.0,
,2262493.0,
,2266085.0,
,2352294.0,
,2312676.0,
,2250250.0,
,2270236.0,
,2258248.0,
,2253108.0,
,2262558.0,
,2263956.0,
,2262893.0,
,2266413.0,
,2261998.0,
,2261753.0,
,2264476.0,
,2291503.0,
,2263513.0,
,2268321.0,
,2331010.0,
,2348158.0,
,2287874.0,
,2262060.0,
,2297462.0,
,2263351.0,
,2279578.0,
,2261167.0,
,2249788.0,
,2262001.0,
,2271637.0,
,203044.0,
,2248909.0,
,2260964.0,
,2271423.0,
,2288527.0,
,2261455.0,
,2251560.0,
,2258883.0,
,2255869.0,
,2275007.0,
,2262726.0,
,2260415.0,
,2261154.0,
,2258961.0,
,2262920.0,
,2258861.0,
,2273281.0,
,2277160.0,
,2263551.0,
,2262096.0,
,2260627.0,
,3162559.0,
,2265476.0,
,2272240.0,
,2265868.0,
,2259314.0,
